2025-10-21 10:16:20	INFO	AWT-EventQueue-0	Thread.getStackTrace(1559)	register slip progress, view id : 10948907
2025-10-21 10:16:20	INFO	SlipWinThread_com.huawei.u2000.pf.frame.ui.slipTable.SlipTableMsgService	Thread.getStackTrace(1559)	register slip , return result/ view id : 1 / 10948907
2025-10-21 10:16:21	INFO	SvTableMsgReceiver Thread-19368	Thread.getStackTrace(1559)	recieve message cmdcode:12639
2025-10-21 10:16:21	INFO	SvTableMsgReceiver Thread-41558	Thread.getStackTrace(1559)	recieve message cmdcode:12639
2025-10-21 10:16:26	INFO	pool-13-thread-12	Thread.getStackTrace(1559)	unregister slip, view id : 10948907
2025-10-21 10:16:26	INFO	pool-13-thread-12	Thread.getStackTrace(1559)	unregister slip progress, view id : 10948907
2025-10-21 10:16:27	INFO	AWT-EventQueue-0	Thread.getStackTrace(1559)	create new SvTablePanel instance, view id :33342195
2025-10-21 10:16:27	INFO	AWT-EventQueue-0	Thread.getStackTrace(1559)	register slip progress, view id : 33342195
2025-10-21 10:16:27	INFO	SlipWinThread_com.huawei.u2000.pf.frame.ui.slipTable.SlipTableMsgService	Thread.getStackTrace(1559)	register slip , return result/ view id : 1 / 33342195
2025-10-21 10:16:28	INFO	SvTableMsgReceiver Thread-19368	Thread.getStackTrace(1559)	recieve message cmdcode:12639
2025-10-21 10:16:28	INFO	SvTableMsgReceiver Thread-42375	Thread.getStackTrace(1559)	recieve message cmdcode:12639
2025-10-21 10:16:30	INFO	pool-13-thread-12	Thread.getStackTrace(1559)	unregister slip, view id : 33342195
2025-10-21 10:16:30	INFO	pool-13-thread-12	Thread.getStackTrace(1559)	unregister slip progress, view id : 33342195
2025-10-21 10:16:38	INFO	SvTableMsgReceiver Thread-19368	Thread.getStackTrace(1559)	recieve message cmdcode:12639
2025-10-21 10:16:38	INFO	SvTableMsgReceiver Thread-19368	Thread.getStackTrace(1559)	can not find SvTablePanel : 21692571
2025-10-21 10:16:40	INFO	SvTableMsgReceiver Thread-19368	Thread.getStackTrace(1559)	recieve message cmdcode:12639
2025-10-21 10:16:40	INFO	SvTableMsgReceiver Thread-19368	Thread.getStackTrace(1559)	can not find SvTablePanel : 14119404
2025-10-21 10:20:02	INFO	AWT-EventQueue-0	Thread.getStackTrace(1559)	create new SvTablePanel instance, view id :17765930
2025-10-21 10:20:02	INFO	AWT-EventQueue-0	Thread.getStackTrace(1559)	register slip progress, view id : 17765930
2025-10-21 10:20:02	INFO	SlipWinThread_com.huawei.u2000.ucbb.table.slip.SlipTableMsgService	Thread.getStackTrace(1559)	register slip , return result/ view id : 1 / 17765930
2025-10-21 10:20:17	INFO	SvTableMsgReceiver Thread-19368	Thread.getStackTrace(1559)	recieve message cmdcode:12639
2025-10-21 10:20:17	INFO	SvTableMsgReceiver Thread-48285	Thread.getStackTrace(1559)	recieve message cmdcode:12639
2025-10-21 10:20:19	INFO	SvTableMsgReceiver Thread-19368	Thread.getStackTrace(1559)	recieve message cmdcode:12639
2025-10-21 10:20:19	INFO	SvTableMsgReceiver Thread-48285	Thread.getStackTrace(1559)	recieve message cmdcode:12639
2025-10-21 10:20:26	INFO	SvTableMsgReceiver Thread-19368	Thread.getStackTrace(1559)	recieve message cmdcode:12639
2025-10-21 10:20:26	INFO	SvTableMsgReceiver Thread-48285	Thread.getStackTrace(1559)	recieve message cmdcode:12639
2025-10-21 10:21:16	INFO	SvTableMsgReceiver Thread-19368	Thread.getStackTrace(1559)	recieve message cmdcode:12639
2025-10-21 10:21:16	INFO	SvTableMsgReceiver Thread-48285	Thread.getStackTrace(1559)	recieve message cmdcode:12639
2025-10-21 10:21:25	INFO	SvTableMsgReceiver Thread-19368	Thread.getStackTrace(1559)	recieve message cmdcode:12639
2025-10-21 10:21:25	INFO	SvTableMsgReceiver Thread-48285	Thread.getStackTrace(1559)	recieve message cmdcode:12639
2025-10-21 10:21:53	INFO	SvTableMsgReceiver Thread-19368	Thread.getStackTrace(1559)	recieve message cmdcode:12639
2025-10-21 10:21:53	INFO	SvTableMsgReceiver Thread-48285	Thread.getStackTrace(1559)	recieve message cmdcode:12639
2025-10-21 10:23:19	INFO	AWT-EventQueue-0	Thread.getStackTrace(1559)	unregister slip, view id : 17765930
2025-10-21 10:23:19	INFO	AWT-EventQueue-0	Thread.getStackTrace(1559)	unregister slip progress, view id : 17765930
2025-10-21 10:23:20	INFO	SvTableMsgReceiver Thread-19368	Thread.getStackTrace(1559)	recieve message cmdcode:12639
2025-10-21 10:23:20	INFO	SvTableMsgReceiver Thread-19368	Thread.getStackTrace(1559)	can not find SvTablePanel : 17765930
2025-10-21 10:27:20	INFO	AWT-EventQueue-0	Thread.getStackTrace(1559)	create new SvTablePanel instance, view id :22513588
2025-10-21 10:27:20	INFO	AWT-EventQueue-0	Thread.getStackTrace(1559)	register slip progress, view id : 22513588
2025-10-21 10:27:20	INFO	SlipWinThread_com.huawei.u2000.ucbb.table.slip.SlipTableMsgService	Thread.getStackTrace(1559)	register slip , return result/ view id : 1 / 22513588
2025-10-21 10:27:21	INFO	SvTableMsgReceiver Thread-19368	Thread.getStackTrace(1559)	recieve message cmdcode:12639
2025-10-21 10:27:21	INFO	SvTableMsgReceiver Thread-58803	Thread.getStackTrace(1559)	recieve message cmdcode:12639
2025-10-21 10:27:24	INFO	SvTableMsgReceiver Thread-19368	Thread.getStackTrace(1559)	recieve message cmdcode:12639
2025-10-21 10:27:24	INFO	SvTableMsgReceiver Thread-58803	Thread.getStackTrace(1559)	recieve message cmdcode:12639
2025-10-21 10:34:03	INFO	SvTableMsgReceiver Thread-19368	Thread.getStackTrace(1559)	recieve message cmdcode:12639
2025-10-21 10:34:03	INFO	SvTableMsgReceiver Thread-58803	Thread.getStackTrace(1559)	recieve message cmdcode:12639
2025-10-21 10:34:07	INFO	AWT-EventQueue-0	Thread.getStackTrace(1559)	unregister slip, view id : 22513588
2025-10-21 10:34:07	INFO	AWT-EventQueue-0	Thread.getStackTrace(1559)	unregister slip progress, view id : 22513588
2025-10-21 11:39:17	INFO	SwingWorker-pool-29-thread-2	Thread.getStackTrace(1559)	create new SvTablePanel instance, view id :15124346
2025-10-21 11:39:17	INFO	SwingWorker-pool-29-thread-2	Thread.getStackTrace(1559)	register slip progress, view id : 15124346
2025-10-21 11:39:17	INFO	SlipWinThread_com.huawei.u2000.pf.frame.ui.slipTable.SlipTableMsgService	Thread.getStackTrace(1559)	register slip , return result/ view id : 1 / 15124346
2025-10-21 11:39:18	INFO	SvTableMsgReceiver Thread-77210	Thread.getStackTrace(1559)	recieve message cmdcode:12639
2025-10-21 11:39:18	INFO	SvTableMsgReceiver Thread-19368	Thread.getStackTrace(1559)	recieve message cmdcode:12639
2025-10-21 11:44:51	INFO	AWT-EventQueue-0	Thread.getStackTrace(1559)	create new SvTablePanel instance, view id :22879095
2025-10-21 11:44:51	INFO	AWT-EventQueue-0	Thread.getStackTrace(1559)	create new SvTablePanel instance, view id :24152118
2025-10-21 11:44:51	INFO	AWT-EventQueue-0	Thread.getStackTrace(1559)	create new SvTablePanel instance, view id :31348659
2025-10-21 11:44:51	INFO	AWT-EventQueue-0	Thread.getStackTrace(1559)	register slip progress, view id : 22879095
2025-10-21 11:44:51	INFO	SlipWinThread_com.huawei.u2000.pf.frame.ui.slipTable.SlipTableMsgService	Thread.getStackTrace(1559)	register slip , return result/ view id : 1 / 22879095
2025-10-21 11:44:54	INFO	AWT-EventQueue-0	Thread.getStackTrace(1559)	create new SvTablePanel instance, view id :7704799
2025-10-21 11:44:54	INFO	AWT-EventQueue-0	Thread.getStackTrace(1559)	create new SvTablePanel instance, view id :24528289
2025-10-21 11:44:54	INFO	AWT-EventQueue-0	Thread.getStackTrace(1559)	create new SvTablePanel instance, view id :4920050
2025-10-21 11:44:54	INFO	AWT-EventQueue-0	Thread.getStackTrace(1559)	register slip progress, view id : 7704799
2025-10-21 11:44:54	INFO	SlipWinThread_com.huawei.u2000.pf.frame.ui.slipTable.SlipTableMsgService	Thread.getStackTrace(1559)	register slip , return result/ view id : 1 / 7704799
2025-10-21 11:44:54	INFO	pool-13-thread-2	Thread.getStackTrace(1559)	unregister slip, view id : 22879095
2025-10-21 11:44:54	INFO	pool-13-thread-2	Thread.getStackTrace(1559)	unregister slip progress, view id : 22879095
2025-10-21 11:44:55	INFO	SvTableMsgReceiver Thread-19368	Thread.getStackTrace(1559)	recieve message cmdcode:12639
2025-10-21 11:44:55	INFO	SvTableMsgReceiver Thread-77210	Thread.getStackTrace(1559)	recieve message cmdcode:12639
2025-10-21 11:44:55	INFO	SvTableMsgReceiver Thread-81223	Thread.getStackTrace(1559)	recieve message cmdcode:12639
2025-10-21 11:45:09	INFO	SvTableMsgReceiver Thread-19368	Thread.getStackTrace(1559)	recieve message cmdcode:12639
2025-10-21 11:45:09	INFO	SvTableMsgReceiver Thread-77210	Thread.getStackTrace(1559)	recieve message cmdcode:12639
2025-10-21 11:45:09	INFO	SvTableMsgReceiver Thread-81223	Thread.getStackTrace(1559)	recieve message cmdcode:12639
2025-10-21 11:45:09	INFO	SvTableMsgReceiver Thread-19368	Thread.getStackTrace(1559)	can not find SvTablePanel : 20520668
2025-10-21 11:45:09	INFO	SvTableMsgReceiver Thread-81223	Thread.getStackTrace(1559)	can not find SvTablePanel : 20520668
2025-10-21 11:45:09	INFO	SvTableMsgReceiver Thread-77210	Thread.getStackTrace(1559)	can not find SvTablePanel : 20520668
2025-10-21 11:45:12	INFO	pool-13-thread-2	Thread.getStackTrace(1559)	unregister slip, view id : 7704799
2025-10-21 11:45:12	INFO	pool-13-thread-2	Thread.getStackTrace(1559)	unregister slip progress, view id : 7704799
2025-10-21 11:46:00	INFO	AWT-EventQueue-0	Thread.getStackTrace(1559)	create new SvTablePanel instance, view id :17570433
2025-10-21 11:46:00	INFO	AWT-EventQueue-0	Thread.getStackTrace(1559)	create new SvTablePanel instance, view id :4449896
2025-10-21 11:46:00	INFO	AWT-EventQueue-0	Thread.getStackTrace(1559)	create new SvTablePanel instance, view id :33354732
2025-10-21 11:46:00	INFO	AWT-EventQueue-0	Thread.getStackTrace(1559)	register slip progress, view id : 17570433
2025-10-21 11:46:00	INFO	SlipWinThread_com.huawei.u2000.pf.frame.ui.slipTable.SlipTableMsgService	Thread.getStackTrace(1559)	register slip , return result/ view id : 1 / 17570433
2025-10-21 12:04:22	INFO	AWT-EventQueue-0	Thread.getStackTrace(1559)	unregister slip, view id : 24608726
2025-10-21 12:04:22	INFO	AWT-EventQueue-0	Thread.getStackTrace(1559)	unregister slip progress, view id : 24608726
2025-10-21 12:04:22	INFO	pool-13-thread-4	Thread.getStackTrace(1559)	unregister slip, view id : 15124346
2025-10-21 12:04:22	INFO	pool-13-thread-4	Thread.getStackTrace(1559)	unregister slip progress, view id : 15124346
2025-10-21 12:04:26	INFO	pool-13-thread-13	Thread.getStackTrace(1559)	unregister slip, view id : 17570433
2025-10-21 12:04:26	INFO	pool-13-thread-13	Thread.getStackTrace(1559)	unregister slip progress, view id : 17570433
2025-10-22 12:43:06	INFO	AWT-EventQueue-0	Thread.getStackTrace(1559)	start slip view
2025-10-22 12:43:06	INFO	AWT-EventQueue-0	Thread.getStackTrace(1559)	create new SvTablePanel instance, view id :8166382
2025-10-22 12:43:06	INFO	AWT-EventQueue-0	Thread.getStackTrace(1559)	register slip progress, view id : 8166382
2025-10-22 12:43:06	INFO	SlipWinThread_com.huawei.u2000.ucbb.table.slip.SlipTableMsgService	Thread.getStackTrace(1559)	register slip , return result/ view id : 1 / 8166382
2025-10-22 12:44:11	INFO	AWT-EventQueue-0	Thread.getStackTrace(1559)	create new SvTablePanel instance, view id :3204158
2025-10-22 12:44:11	INFO	AWT-EventQueue-0	Thread.getStackTrace(1559)	register slip progress, view id : 3204158
2025-10-22 12:44:11	INFO	SlipWinThread_com.huawei.u2000.ucbb.table.slip.SlipTableMsgService	Thread.getStackTrace(1559)	register slip , return result/ view id : 1 / 3204158
2025-10-22 12:44:12	INFO	SvTableMsgReceiver Thread-3107	Thread.getStackTrace(1559)	recieve message cmdcode:12639
2025-10-22 12:44:12	INFO	SvTableMsgReceiver Thread-6954	Thread.getStackTrace(1559)	recieve message cmdcode:12639
2025-10-22 13:03:51	INFO	AWT-EventQueue-0	Thread.getStackTrace(1559)	create new SvTablePanel instance, view id :10343996
2025-10-22 13:03:51	INFO	AWT-EventQueue-0	Thread.getStackTrace(1559)	register slip progress, view id : 10343996
2025-10-22 13:03:51	INFO	SlipWinThread_com.huawei.u2000.ucbb.table.slip.SlipTableMsgService	Thread.getStackTrace(1559)	register slip , return result/ view id : 1 / 10343996
2025-10-22 13:13:55	INFO	AWT-EventQueue-0	Thread.getStackTrace(1559)	create new SvTablePanel instance, view id :21162501
2025-10-22 13:13:55	INFO	AWT-EventQueue-0	Thread.getStackTrace(1559)	register slip progress, view id : 21162501
2025-10-22 13:13:55	INFO	SlipWinThread_com.huawei.u2000.ucbb.table.slip.SlipTableMsgService	Thread.getStackTrace(1559)	register slip , return result/ view id : 1 / 21162501
2025-10-22 13:13:56	INFO	SvTableMsgReceiver Thread-3107	Thread.getStackTrace(1559)	recieve message cmdcode:12639
2025-10-22 13:13:56	INFO	SvTableMsgReceiver Thread-6954	Thread.getStackTrace(1559)	recieve message cmdcode:12639
2025-10-22 13:13:56	INFO	SvTableMsgReceiver Thread-11375	Thread.getStackTrace(1559)	recieve message cmdcode:12639
2025-10-22 13:13:56	INFO	SvTableMsgReceiver Thread-23693	Thread.getStackTrace(1559)	recieve message cmdcode:12639
2025-10-22 13:28:08	INFO	AWT-EventQueue-0	Thread.getStackTrace(1559)	unregister slip, view id : 21162501
2025-10-22 13:28:08	INFO	AWT-EventQueue-0	Thread.getStackTrace(1559)	unregister slip progress, view id : 21162501
2025-10-28 07:52:28	INFO	AWT-EventQueue-0	Thread.getStackTrace(1559)	start slip view
2025-10-28 07:52:28	INFO	AWT-EventQueue-0	Thread.getStackTrace(1559)	create new SvTablePanel instance, view id :1889132
2025-10-28 07:52:28	INFO	AWT-EventQueue-0	Thread.getStackTrace(1559)	register slip progress, view id : 1889132
2025-10-28 07:52:28	INFO	SlipWinThread_com.huawei.u2000.ucbb.table.slip.SlipTableMsgService	Thread.getStackTrace(1559)	register slip , return result/ view id : 1 / 1889132
2025-10-28 07:52:29	INFO	SvTableMsgReceiver Thread-17846	Thread.getStackTrace(1559)	recieve message cmdcode:12639
2025-10-28 07:52:48	INFO	AWT-EventQueue-0	Thread.getStackTrace(1559)	unregister slip, view id : 1889132
2025-10-28 07:52:48	INFO	AWT-EventQueue-0	Thread.getStackTrace(1559)	unregister slip progress, view id : 1889132
2025-10-28 07:57:59	INFO	AWT-EventQueue-0	Thread.getStackTrace(1559)	create new SvTablePanel instance, view id :10787085
2025-10-28 07:57:59	INFO	AWT-EventQueue-0	Thread.getStackTrace(1559)	register slip progress, view id : 10787085
2025-10-28 07:57:59	INFO	SlipWinThread_com.huawei.u2000.ucbb.table.slip.SlipTableMsgService	Thread.getStackTrace(1559)	register slip , return result/ view id : 1 / 10787085
2025-10-28 07:58:00	INFO	SvTableMsgReceiver Thread-25027	Thread.getStackTrace(1559)	recieve message cmdcode:12639
2025-10-28 07:58:43	INFO	AWT-EventQueue-0	Thread.getStackTrace(1559)	unregister slip, view id : 10787085
2025-10-28 07:58:43	INFO	AWT-EventQueue-0	Thread.getStackTrace(1559)	unregister slip progress, view id : 10787085
2025-10-28 07:58:54	INFO	AWT-EventQueue-0	Thread.getStackTrace(1559)	create new SvTablePanel instance, view id :8952840
2025-10-28 07:58:54	INFO	AWT-EventQueue-0	Thread.getStackTrace(1559)	register slip progress, view id : 8952840
2025-10-28 07:58:54	INFO	SlipWinThread_com.huawei.u2000.ucbb.table.slip.SlipTableMsgService	Thread.getStackTrace(1559)	register slip , return result/ view id : 1 / 8952840
2025-10-28 07:58:55	INFO	SvTableMsgReceiver Thread-28747	Thread.getStackTrace(1559)	recieve message cmdcode:12639
2025-10-28 08:02:02	INFO	AWT-EventQueue-0	Thread.getStackTrace(1559)	unregister slip, view id : 8952840
2025-10-28 08:02:02	INFO	AWT-EventQueue-0	Thread.getStackTrace(1559)	unregister slip progress, view id : 8952840
2025-10-28 08:02:07	INFO	AWT-EventQueue-0	Thread.getStackTrace(1559)	create new SvTablePanel instance, view id :22933019
2025-10-28 08:02:07	INFO	AWT-EventQueue-0	Thread.getStackTrace(1559)	register slip progress, view id : 22933019
2025-10-28 08:02:07	INFO	SlipWinThread_com.huawei.u2000.ucbb.table.slip.SlipTableMsgService	Thread.getStackTrace(1559)	register slip , return result/ view id : 1 / 22933019
2025-10-28 08:02:08	INFO	SvTableMsgReceiver Thread-35499	Thread.getStackTrace(1559)	recieve message cmdcode:12639
2025-10-28 08:02:28	INFO	AWT-EventQueue-0	Thread.getStackTrace(1559)	unregister slip, view id : 22933019
2025-10-28 08:02:28	INFO	AWT-EventQueue-0	Thread.getStackTrace(1559)	unregister slip progress, view id : 22933019
2025-10-28 08:02:28	INFO	AWT-EventQueue-0	Thread.getStackTrace(1559)	create new SvTablePanel instance, view id :3771827
2025-10-28 08:02:28	INFO	AWT-EventQueue-0	Thread.getStackTrace(1559)	register slip progress, view id : 3771827
2025-10-28 08:02:28	INFO	SlipWinThread_com.huawei.u2000.ucbb.table.slip.SlipTableMsgService	Thread.getStackTrace(1559)	register slip , return result/ view id : 1 / 3771827
2025-10-28 08:02:29	INFO	SvTableMsgReceiver Thread-37338	Thread.getStackTrace(1559)	recieve message cmdcode:12639
2025-10-28 08:02:41	INFO	AWT-EventQueue-0	Thread.getStackTrace(1559)	unregister slip, view id : 3771827
2025-10-28 08:02:41	INFO	AWT-EventQueue-0	Thread.getStackTrace(1559)	unregister slip progress, view id : 3771827
2025-10-28 08:05:38	INFO	AWT-EventQueue-0	Thread.getStackTrace(1559)	create new SvTablePanel instance, view id :14503383
2025-10-28 08:05:38	INFO	AWT-EventQueue-0	Thread.getStackTrace(1559)	register slip progress, view id : 14503383
2025-10-28 08:05:38	INFO	SlipWinThread_com.huawei.u2000.ucbb.table.slip.SlipTableMsgService	Thread.getStackTrace(1559)	register slip , return result/ view id : 1 / 14503383
2025-10-28 08:05:39	INFO	SvTableMsgReceiver Thread-41960	Thread.getStackTrace(1559)	recieve message cmdcode:12639
2025-10-28 08:07:23	INFO	AWT-EventQueue-0	Thread.getStackTrace(1559)	unregister slip, view id : 14503383
2025-10-28 08:07:23	INFO	AWT-EventQueue-0	Thread.getStackTrace(1559)	unregister slip progress, view id : 14503383
2025-10-28 08:09:00	INFO	AWT-EventQueue-0	Thread.getStackTrace(1559)	create new SvTablePanel instance, view id :11971456
2025-10-28 08:09:00	INFO	AWT-EventQueue-0	Thread.getStackTrace(1559)	register slip progress, view id : 11971456
2025-10-28 08:09:00	INFO	SlipWinThread_com.huawei.u2000.ucbb.table.slip.SlipTableMsgService	Thread.getStackTrace(1559)	register slip , return result/ view id : 1 / 11971456
2025-10-28 08:09:01	INFO	SvTableMsgReceiver Thread-51070	Thread.getStackTrace(1559)	recieve message cmdcode:12639
2025-10-28 08:12:00	INFO	SvTableMsgReceiver Thread-51070	Thread.getStackTrace(1559)	recieve message cmdcode:12639
2025-10-28 09:15:59	INFO	AWT-EventQueue-0	Thread.getStackTrace(1559)	unregister slip, view id : 11971456
2025-10-28 09:15:59	INFO	AWT-EventQueue-0	Thread.getStackTrace(1559)	unregister slip progress, view id : 11971456
2025-10-28 09:31:10	INFO	AWT-EventQueue-0	Thread.getStackTrace(1559)	create new SvTablePanel instance, view id :18716542
2025-10-28 09:31:10	INFO	AWT-EventQueue-0	Thread.getStackTrace(1559)	register slip progress, view id : 18716542
2025-10-28 09:31:11	INFO	SlipWinThread_com.huawei.u2000.ucbb.table.slip.SlipTableMsgService	Thread.getStackTrace(1559)	register slip , return result/ view id : 1 / 18716542
2025-10-28 09:31:12	INFO	SvTableMsgReceiver Thread-67398	Thread.getStackTrace(1559)	recieve message cmdcode:12639
2025-10-28 09:31:47	INFO	AWT-EventQueue-0	Thread.getStackTrace(1559)	unregister slip, view id : 18716542
2025-10-28 09:31:47	INFO	AWT-EventQueue-0	Thread.getStackTrace(1559)	unregister slip progress, view id : 18716542
2025-10-28 09:31:52	INFO	AWT-EventQueue-0	Thread.getStackTrace(1559)	create new SvTablePanel instance, view id :30730821
2025-10-28 09:31:52	INFO	AWT-EventQueue-0	Thread.getStackTrace(1559)	register slip progress, view id : 30730821
2025-10-28 09:31:52	INFO	SlipWinThread_com.huawei.u2000.ucbb.table.slip.SlipTableMsgService	Thread.getStackTrace(1559)	register slip , return result/ view id : 1 / 30730821
2025-10-28 09:31:53	INFO	SvTableMsgReceiver Thread-69537	Thread.getStackTrace(1559)	recieve message cmdcode:12639
2025-10-28 11:50:18	INFO	AWT-EventQueue-0	Thread.getStackTrace(1559)	create new SvTablePanel instance, view id :28221548
2025-10-28 11:50:18	INFO	AWT-EventQueue-0	Thread.getStackTrace(1559)	register slip progress, view id : 28221548
2025-10-28 11:50:18	INFO	SlipWinThread_com.huawei.u2000.ucbb.table.slip.SlipTableMsgService	Thread.getStackTrace(1559)	register slip , return result/ view id : 1 / 28221548
2025-10-28 11:50:19	INFO	SvTableMsgReceiver Thread-69537	Thread.getStackTrace(1559)	recieve message cmdcode:12639
2025-10-28 11:50:19	INFO	SvTableMsgReceiver Thread-81846	Thread.getStackTrace(1559)	recieve message cmdcode:12639
2025-10-28 11:52:57	INFO	SvTableMsgReceiver Thread-69537	Thread.getStackTrace(1559)	recieve message cmdcode:12639
2025-10-28 11:52:57	INFO	SvTableMsgReceiver Thread-81846	Thread.getStackTrace(1559)	recieve message cmdcode:12639
2025-10-28 11:56:04	INFO	SvTableMsgReceiver Thread-69537	Thread.getStackTrace(1559)	recieve message cmdcode:12639
2025-10-28 11:56:04	INFO	SvTableMsgReceiver Thread-81846	Thread.getStackTrace(1559)	recieve message cmdcode:12639
2025-10-28 12:04:12	INFO	SvTableMsgReceiver Thread-69537	Thread.getStackTrace(1559)	recieve message cmdcode:12639
2025-10-28 12:04:12	INFO	SvTableMsgReceiver Thread-81846	Thread.getStackTrace(1559)	recieve message cmdcode:12639
2025-10-28 12:14:19	INFO	SvTableMsgReceiver Thread-69537	Thread.getStackTrace(1559)	recieve message cmdcode:12639
2025-10-28 12:14:19	INFO	SvTableMsgReceiver Thread-81846	Thread.getStackTrace(1559)	recieve message cmdcode:12639
2025-10-28 12:20:31	INFO	AWT-EventQueue-0	Thread.getStackTrace(1559)	unregister slip, view id : 28221548
2025-10-28 12:20:31	INFO	AWT-EventQueue-0	Thread.getStackTrace(1559)	unregister slip progress, view id : 28221548
2025-10-28 12:20:36	INFO	AWT-EventQueue-0	Thread.getStackTrace(1559)	create new SvTablePanel instance, view id :33044604
2025-10-28 12:20:36	INFO	AWT-EventQueue-0	Thread.getStackTrace(1559)	register slip progress, view id : 33044604
2025-10-28 12:20:36	INFO	SlipWinThread_com.huawei.u2000.ucbb.table.slip.SlipTableMsgService	Thread.getStackTrace(1559)	register slip , return result/ view id : 1 / 33044604
2025-10-28 12:20:37	INFO	SvTableMsgReceiver Thread-69537	Thread.getStackTrace(1559)	recieve message cmdcode:12639
2025-10-28 12:20:37	INFO	SvTableMsgReceiver Thread-87665	Thread.getStackTrace(1559)	recieve message cmdcode:12639
2025-10-28 12:28:01	INFO	AWT-EventQueue-0	Thread.getStackTrace(1559)	unregister slip, view id : 33044604
2025-10-28 12:28:01	INFO	AWT-EventQueue-0	Thread.getStackTrace(1559)	unregister slip progress, view id : 33044604
2025-11-04 12:12:55	INFO	AWT-EventQueue-0	Thread.getStackTrace(1559)	start slip view
2025-11-04 12:12:55	INFO	AWT-EventQueue-0	Thread.getStackTrace(1559)	create new SvTablePanel instance, view id :2469205
2025-11-04 12:12:55	INFO	AWT-EventQueue-0	Thread.getStackTrace(1559)	register slip progress, view id : 2469205
2025-11-04 12:12:55	INFO	SlipWinThread_com.huawei.u2000.ucbb.table.slip.SlipTableMsgService	Thread.getStackTrace(1559)	register slip , return result/ view id : 1 / 2469205
2025-11-07 04:59:37	INFO	AWT-EventQueue-0	Thread.getStackTrace(1559)	start slip view
2025-11-07 04:59:37	INFO	AWT-EventQueue-0	Thread.getStackTrace(1559)	create new SvTablePanel instance, view id :5723855
2025-11-07 04:59:37	INFO	AWT-EventQueue-0	Thread.getStackTrace(1559)	register slip progress, view id : 5723855
2025-11-07 04:59:37	INFO	SlipWinThread_com.huawei.u2000.ucbb.table.slip.SlipTableMsgService	Thread.getStackTrace(1559)	register slip , return result/ view id : 1 / 5723855
2025-11-07 04:59:38	INFO	SvTableMsgReceiver Thread-4521	Thread.getStackTrace(1559)	recieve message cmdcode:12639
2025-11-07 04:59:47	INFO	SvTableMsgReceiver Thread-4521	Thread.getStackTrace(1559)	recieve message cmdcode:12639
2025-11-07 04:59:53	INFO	AWT-EventQueue-0	Thread.getStackTrace(1559)	unregister slip, view id : 5723855
2025-11-07 04:59:53	INFO	AWT-EventQueue-0	Thread.getStackTrace(1559)	unregister slip progress, view id : 5723855
2025-11-07 05:08:37	INFO	AWT-EventQueue-0	Thread.getStackTrace(1559)	create new SvTablePanel instance, view id :17398703
2025-11-07 05:08:37	INFO	AWT-EventQueue-0	Thread.getStackTrace(1559)	register slip progress, view id : 17398703
2025-11-07 05:08:37	INFO	SlipWinThread_com.huawei.u2000.ucbb.table.slip.SlipTableMsgService	Thread.getStackTrace(1559)	register slip , return result/ view id : 1 / 17398703
2025-11-07 05:08:38	INFO	SvTableMsgReceiver Thread-12928	Thread.getStackTrace(1559)	recieve message cmdcode:12639
2025-11-07 05:13:08	INFO	SvTableMsgReceiver Thread-12928	Thread.getStackTrace(1559)	recieve message cmdcode:12639
2025-11-07 05:13:31	INFO	AWT-EventQueue-0	Thread.getStackTrace(1559)	unregister slip, view id : 17398703
2025-11-07 05:13:31	INFO	AWT-EventQueue-0	Thread.getStackTrace(1559)	unregister slip progress, view id : 17398703
2025-11-07 05:13:37	INFO	AWT-EventQueue-0	Thread.getStackTrace(1559)	create new SvTablePanel instance, view id :1747127
2025-11-07 05:13:37	INFO	AWT-EventQueue-0	Thread.getStackTrace(1559)	register slip progress, view id : 1747127
2025-11-07 05:13:37	INFO	SlipWinThread_com.huawei.u2000.ucbb.table.slip.SlipTableMsgService	Thread.getStackTrace(1559)	register slip , return result/ view id : 1 / 1747127
2025-11-07 05:13:38	INFO	SvTableMsgReceiver Thread-19260	Thread.getStackTrace(1559)	recieve message cmdcode:12639
2025-11-07 05:14:31	INFO	SvTableMsgReceiver Thread-19260	Thread.getStackTrace(1559)	recieve message cmdcode:12639
2025-11-07 05:14:34	INFO	SvTableMsgReceiver Thread-19260	Thread.getStackTrace(1559)	recieve message cmdcode:12639
2025-11-07 05:15:35	INFO	AWT-EventQueue-0	Thread.getStackTrace(1559)	unregister slip, view id : 1747127
2025-11-07 05:15:35	INFO	AWT-EventQueue-0	Thread.getStackTrace(1559)	unregister slip progress, view id : 1747127
2025-11-07 05:15:42	INFO	AWT-EventQueue-0	Thread.getStackTrace(1559)	create new SvTablePanel instance, view id :27678974
2025-11-07 05:15:42	INFO	AWT-EventQueue-0	Thread.getStackTrace(1559)	register slip progress, view id : 27678974
2025-11-07 05:15:42	INFO	SlipWinThread_com.huawei.u2000.ucbb.table.slip.SlipTableMsgService	Thread.getStackTrace(1559)	register slip , return result/ view id : 1 / 27678974
2025-11-07 05:15:43	INFO	SvTableMsgReceiver Thread-24387	Thread.getStackTrace(1559)	recieve message cmdcode:12639
2025-11-07 05:16:34	INFO	AWT-EventQueue-0	Thread.getStackTrace(1559)	unregister slip, view id : 27678974
2025-11-07 05:16:34	INFO	AWT-EventQueue-0	Thread.getStackTrace(1559)	unregister slip progress, view id : 27678974
2025-11-07 05:18:17	INFO	AWT-EventQueue-0	Thread.getStackTrace(1559)	create new SvTablePanel instance, view id :2872566
2025-11-07 05:18:17	INFO	AWT-EventQueue-0	Thread.getStackTrace(1559)	register slip progress, view id : 2872566
2025-11-07 05:18:17	INFO	SlipWinThread_com.huawei.u2000.ucbb.table.slip.SlipTableMsgService	Thread.getStackTrace(1559)	register slip , return result/ view id : 1 / 2872566
2025-11-07 05:18:18	INFO	SvTableMsgReceiver Thread-29230	Thread.getStackTrace(1559)	recieve message cmdcode:12639
2025-11-07 05:18:37	INFO	AWT-EventQueue-0	Thread.getStackTrace(1559)	unregister slip, view id : 2872566
2025-11-07 05:18:37	INFO	AWT-EventQueue-0	Thread.getStackTrace(1559)	unregister slip progress, view id : 2872566
2025-11-07 05:18:55	INFO	AWT-EventQueue-0	Thread.getStackTrace(1559)	create new SvTablePanel instance, view id :22442035
2025-11-07 05:18:55	INFO	AWT-EventQueue-0	Thread.getStackTrace(1559)	register slip progress, view id : 22442035
2025-11-07 05:18:55	INFO	SlipWinThread_com.huawei.u2000.ucbb.table.slip.SlipTableMsgService	Thread.getStackTrace(1559)	register slip , return result/ view id : 1 / 22442035
2025-11-07 05:18:56	INFO	SvTableMsgReceiver Thread-32245	Thread.getStackTrace(1559)	recieve message cmdcode:12639
2025-11-07 05:19:29	INFO	AWT-EventQueue-0	Thread.getStackTrace(1559)	create new SvTablePanel instance, view id :4558193
2025-11-07 05:19:29	INFO	AWT-EventQueue-0	Thread.getStackTrace(1559)	register slip progress, view id : 4558193
2025-11-07 05:19:29	INFO	SlipWinThread_com.huawei.u2000.ucbb.table.slip.SlipTableMsgService	Thread.getStackTrace(1559)	register slip , return result/ view id : 1 / 4558193
2025-11-07 05:19:30	INFO	SvTableMsgReceiver Thread-32245	Thread.getStackTrace(1559)	recieve message cmdcode:12639
2025-11-07 05:19:30	INFO	SvTableMsgReceiver Thread-34409	Thread.getStackTrace(1559)	recieve message cmdcode:12639
2025-11-07 05:19:46	INFO	AWT-EventQueue-0	Thread.getStackTrace(1559)	unregister slip, view id : 4558193
2025-11-07 05:19:46	INFO	AWT-EventQueue-0	Thread.getStackTrace(1559)	unregister slip progress, view id : 4558193
2025-11-07 05:19:54	INFO	AWT-EventQueue-0	Thread.getStackTrace(1559)	create new SvTablePanel instance, view id :25835158
2025-11-07 05:19:54	INFO	AWT-EventQueue-0	Thread.getStackTrace(1559)	register slip progress, view id : 25835158
2025-11-07 05:19:55	INFO	SlipWinThread_com.huawei.u2000.ucbb.table.slip.SlipTableMsgService	Thread.getStackTrace(1559)	register slip , return result/ view id : 1 / 25835158
2025-11-07 05:19:56	INFO	SvTableMsgReceiver Thread-32245	Thread.getStackTrace(1559)	recieve message cmdcode:12639
2025-11-07 05:19:56	INFO	SvTableMsgReceiver Thread-36812	Thread.getStackTrace(1559)	recieve message cmdcode:12639
2025-11-07 05:20:58	INFO	AWT-EventQueue-0	Thread.getStackTrace(1559)	unregister slip, view id : 25835158
2025-11-07 05:20:58	INFO	AWT-EventQueue-0	Thread.getStackTrace(1559)	unregister slip progress, view id : 25835158
2025-11-07 05:22:07	INFO	AWT-EventQueue-0	Thread.getStackTrace(1559)	create new SvTablePanel instance, view id :28572720
2025-11-07 05:22:07	INFO	AWT-EventQueue-0	Thread.getStackTrace(1559)	register slip progress, view id : 28572720
2025-11-07 05:22:07	INFO	SlipWinThread_com.huawei.u2000.ucbb.table.slip.SlipTableMsgService	Thread.getStackTrace(1559)	register slip , return result/ view id : 1 / 28572720
2025-11-07 05:22:08	INFO	SvTableMsgReceiver Thread-32245	Thread.getStackTrace(1559)	recieve message cmdcode:12639
2025-11-07 05:22:08	INFO	SvTableMsgReceiver Thread-42797	Thread.getStackTrace(1559)	recieve message cmdcode:12639
2025-11-07 05:22:55	INFO	AWT-EventQueue-0	Thread.getStackTrace(1559)	unregister slip, view id : 28572720
2025-11-07 05:22:55	INFO	AWT-EventQueue-0	Thread.getStackTrace(1559)	unregister slip progress, view id : 28572720
2025-11-07 05:23:32	INFO	AWT-EventQueue-0	Thread.getStackTrace(1559)	create new SvTablePanel instance, view id :12486690
2025-11-07 05:23:32	INFO	AWT-EventQueue-0	Thread.getStackTrace(1559)	register slip progress, view id : 12486690
2025-11-07 05:23:32	INFO	SlipWinThread_com.huawei.u2000.ucbb.table.slip.SlipTableMsgService	Thread.getStackTrace(1559)	register slip , return result/ view id : 1 / 12486690
2025-11-07 05:23:33	INFO	SvTableMsgReceiver Thread-32245	Thread.getStackTrace(1559)	recieve message cmdcode:12639
2025-11-07 05:23:33	INFO	SvTableMsgReceiver Thread-47310	Thread.getStackTrace(1559)	recieve message cmdcode:12639
2025-11-07 05:23:35	INFO	SvTableMsgReceiver Thread-32245	Thread.getStackTrace(1559)	recieve message cmdcode:12639
2025-11-07 05:23:35	INFO	SvTableMsgReceiver Thread-47310	Thread.getStackTrace(1559)	recieve message cmdcode:12639
2025-11-07 05:23:39	INFO	SvTableMsgReceiver Thread-32245	Thread.getStackTrace(1559)	recieve message cmdcode:12639
2025-11-07 05:23:39	INFO	SvTableMsgReceiver Thread-47310	Thread.getStackTrace(1559)	recieve message cmdcode:12639
2025-11-07 05:23:41	INFO	SvTableMsgReceiver Thread-32245	Thread.getStackTrace(1559)	recieve message cmdcode:12639
2025-11-07 05:23:41	INFO	SvTableMsgReceiver Thread-47310	Thread.getStackTrace(1559)	recieve message cmdcode:12639
2025-11-07 05:23:45	INFO	SvTableMsgReceiver Thread-32245	Thread.getStackTrace(1559)	recieve message cmdcode:12639
2025-11-07 05:23:45	INFO	SvTableMsgReceiver Thread-47310	Thread.getStackTrace(1559)	recieve message cmdcode:12639
2025-11-07 05:23:48	INFO	SvTableMsgReceiver Thread-32245	Thread.getStackTrace(1559)	recieve message cmdcode:12639
2025-11-07 05:23:48	INFO	SvTableMsgReceiver Thread-47310	Thread.getStackTrace(1559)	recieve message cmdcode:12639
2025-11-07 05:23:51	INFO	SvTableMsgReceiver Thread-32245	Thread.getStackTrace(1559)	recieve message cmdcode:12639
2025-11-07 05:23:51	INFO	SvTableMsgReceiver Thread-47310	Thread.getStackTrace(1559)	recieve message cmdcode:12639
2025-11-07 05:23:55	INFO	SvTableMsgReceiver Thread-32245	Thread.getStackTrace(1559)	recieve message cmdcode:12639
2025-11-07 05:23:55	INFO	SvTableMsgReceiver Thread-47310	Thread.getStackTrace(1559)	recieve message cmdcode:12639
2025-11-07 05:24:00	INFO	SvTableMsgReceiver Thread-32245	Thread.getStackTrace(1559)	recieve message cmdcode:12639
2025-11-07 05:24:00	INFO	SvTableMsgReceiver Thread-47310	Thread.getStackTrace(1559)	recieve message cmdcode:12639
2025-11-07 05:24:01	INFO	SvTableMsgReceiver Thread-32245	Thread.getStackTrace(1559)	recieve message cmdcode:12639
2025-11-07 05:24:01	INFO	SvTableMsgReceiver Thread-47310	Thread.getStackTrace(1559)	recieve message cmdcode:12639
2025-11-07 05:29:46	INFO	AWT-EventQueue-0	Thread.getStackTrace(1559)	unregister slip, view id : 22442035
2025-11-07 05:29:46	INFO	AWT-EventQueue-0	Thread.getStackTrace(1559)	unregister slip progress, view id : 22442035
2025-11-07 06:16:43	INFO	AWT-EventQueue-0	Thread.getStackTrace(1559)	create new SvTablePanel instance, view id :9613679
2025-11-07 06:16:43	INFO	AWT-EventQueue-0	Thread.getStackTrace(1559)	register slip progress, view id : 9613679
2025-11-07 06:16:43	INFO	SlipWinThread_com.huawei.u2000.ucbb.table.slip.SlipTableMsgService	Thread.getStackTrace(1559)	register slip , return result/ view id : 1 / 9613679
2025-11-07 06:16:44	INFO	SvTableMsgReceiver Thread-47310	Thread.getStackTrace(1559)	recieve message cmdcode:12639
2025-11-07 06:16:44	INFO	SvTableMsgReceiver Thread-55134	Thread.getStackTrace(1559)	recieve message cmdcode:12639
2025-11-07 06:18:18	INFO	AWT-EventQueue-0	Thread.getStackTrace(1559)	unregister slip, view id : 12486690
2025-11-07 06:18:18	INFO	AWT-EventQueue-0	Thread.getStackTrace(1559)	unregister slip progress, view id : 12486690
2025-12-17 06:34:49	INFO	AWT-EventQueue-0	Thread.getStackTrace(1559)	start slip view
2025-12-17 06:34:49	INFO	AWT-EventQueue-0	Thread.getStackTrace(1559)	create new SvTablePanel instance, view id :1507773
2025-12-17 06:34:49	INFO	AWT-EventQueue-0	Thread.getStackTrace(1559)	register slip progress, view id : 1507773
2025-12-17 06:34:49	INFO	SlipWinThread_com.huawei.u2000.ucbb.table.slip.SlipTableMsgService	Thread.getStackTrace(1559)	register slip , return result/ view id : 1 / 1507773
2025-12-17 06:34:50	INFO	SvTableMsgReceiver Thread-23555	Thread.getStackTrace(1559)	recieve message cmdcode:12639
2025-12-17 09:40:14	INFO	AWT-EventQueue-0	Thread.getStackTrace(1559)	create new SvTablePanel instance, view id :15469057
2025-12-17 09:40:14	INFO	AWT-EventQueue-0	Thread.getStackTrace(1559)	register slip progress, view id : 15469057
2025-12-17 09:40:14	INFO	SlipWinThread_com.huawei.u2000.ucbb.table.slip.SlipTableMsgService	Thread.getStackTrace(1559)	register slip , return result/ view id : 1 / 15469057
2025-12-17 09:40:15	INFO	SvTableMsgReceiver Thread-23555	Thread.getStackTrace(1559)	recieve message cmdcode:12639
2025-12-17 09:40:15	INFO	SvTableMsgReceiver Thread-25683	Thread.getStackTrace(1559)	recieve message cmdcode:12639
2025-12-17 09:40:19	INFO	SvTableMsgReceiver Thread-23555	Thread.getStackTrace(1559)	recieve message cmdcode:12639
2025-12-17 09:40:19	INFO	SvTableMsgReceiver Thread-25683	Thread.getStackTrace(1559)	recieve message cmdcode:12639
2025-12-17 09:43:12	INFO	SvTableMsgReceiver Thread-23555	Thread.getStackTrace(1559)	recieve message cmdcode:12639
2025-12-17 09:43:12	INFO	SvTableMsgReceiver Thread-25683	Thread.getStackTrace(1559)	recieve message cmdcode:12639
2025-12-17 09:46:08	INFO	SvTableMsgReceiver Thread-23555	Thread.getStackTrace(1559)	recieve message cmdcode:12639
2025-12-17 09:46:08	INFO	SvTableMsgReceiver Thread-25683	Thread.getStackTrace(1559)	recieve message cmdcode:12639
2025-12-17 09:46:11	INFO	SvTableMsgReceiver Thread-23555	Thread.getStackTrace(1559)	recieve message cmdcode:12639
2025-12-17 09:46:11	INFO	SvTableMsgReceiver Thread-25683	Thread.getStackTrace(1559)	recieve message cmdcode:12639
2025-12-17 09:47:08	INFO	SvTableMsgReceiver Thread-23555	Thread.getStackTrace(1559)	recieve message cmdcode:12639
2025-12-17 09:47:08	INFO	SvTableMsgReceiver Thread-25683	Thread.getStackTrace(1559)	recieve message cmdcode:12639
2025-12-17 09:48:28	INFO	SvTableMsgReceiver Thread-23555	Thread.getStackTrace(1559)	recieve message cmdcode:12639
2025-12-17 09:48:28	INFO	SvTableMsgReceiver Thread-25683	Thread.getStackTrace(1559)	recieve message cmdcode:12639
2025-12-17 10:03:12	INFO	SvTableMsgReceiver Thread-23555	Thread.getStackTrace(1559)	recieve message cmdcode:12639
2025-12-17 10:03:12	INFO	SvTableMsgReceiver Thread-25683	Thread.getStackTrace(1559)	recieve message cmdcode:12639
2025-12-17 10:07:46	INFO	AWT-EventQueue-0	Thread.getStackTrace(1559)	unregister slip, view id : 1507773
2025-12-17 10:07:46	INFO	AWT-EventQueue-0	Thread.getStackTrace(1559)	unregister slip progress, view id : 1507773
2025-12-17 10:17:12	INFO	AWT-EventQueue-0	Thread.getStackTrace(1559)	create new SvTablePanel instance, view id :10834606
2025-12-17 10:17:12	INFO	AWT-EventQueue-0	Thread.getStackTrace(1559)	register slip progress, view id : 10834606
2025-12-17 10:17:12	INFO	SlipWinThread_com.huawei.u2000.ucbb.table.slip.SlipTableMsgService	Thread.getStackTrace(1559)	register slip , return result/ view id : 1 / 10834606
2025-12-17 10:17:13	INFO	SvTableMsgReceiver Thread-25683	Thread.getStackTrace(1559)	recieve message cmdcode:12639
2025-12-17 10:17:13	INFO	SvTableMsgReceiver Thread-56285	Thread.getStackTrace(1559)	recieve message cmdcode:12639
2025-12-18 11:00:03	INFO	AWT-EventQueue-0	Thread.getStackTrace(1559)	start slip view
2025-12-18 11:00:03	INFO	AWT-EventQueue-0	Thread.getStackTrace(1559)	create new SvTablePanel instance, view id :5674720
2025-12-18 11:00:03	INFO	AWT-EventQueue-0	Thread.getStackTrace(1559)	register slip progress, view id : 5674720
2025-12-18 11:00:03	INFO	SlipWinThread_com.huawei.u2000.pf.frame.ui.slipTable.SlipTableMsgService	Thread.getStackTrace(1559)	register slip , return result/ view id : 1 / 5674720
2025-12-18 11:00:04	INFO	SvTableMsgReceiver Thread-3770	Thread.getStackTrace(1559)	recieve message cmdcode:12639
2025-12-18 11:00:19	INFO	pool-15-thread-11	Thread.getStackTrace(1559)	unregister slip, view id : 5674720
2025-12-18 11:00:19	INFO	pool-15-thread-11	Thread.getStackTrace(1559)	unregister slip progress, view id : 5674720
2025-12-18 11:00:21	INFO	AWT-EventQueue-0	Thread.getStackTrace(1559)	create new SvTablePanel instance, view id :31395807
2025-12-18 11:00:21	INFO	AWT-EventQueue-0	Thread.getStackTrace(1559)	register slip progress, view id : 31395807
2025-12-18 11:00:21	INFO	SlipWinThread_com.huawei.u2000.pf.frame.ui.slipTable.SlipTableMsgService	Thread.getStackTrace(1559)	register slip , return result/ view id : 1 / 31395807
2025-12-18 11:00:22	INFO	SvTableMsgReceiver Thread-4460	Thread.getStackTrace(1559)	recieve message cmdcode:12639
2025-12-18 11:00:24	INFO	pool-15-thread-11	Thread.getStackTrace(1559)	unregister slip, view id : 31395807
2025-12-18 11:00:24	INFO	pool-15-thread-11	Thread.getStackTrace(1559)	unregister slip progress, view id : 31395807
2025-12-18 11:00:50	INFO	AWT-EventQueue-0	Thread.getStackTrace(1559)	create new SvTablePanel instance, view id :12622775
2025-12-18 11:00:50	INFO	AWT-EventQueue-0	Thread.getStackTrace(1559)	register slip progress, view id : 12622775
2025-12-18 11:00:50	INFO	SlipWinThread_com.huawei.u2000.ucbb.table.slip.SlipTableMsgService	Thread.getStackTrace(1559)	register slip , return result/ view id : 1 / 12622775
2025-12-18 11:02:21	INFO	AWT-EventQueue-0	Thread.getStackTrace(1559)	unregister slip, view id : 12622775
2025-12-18 11:02:21	INFO	AWT-EventQueue-0	Thread.getStackTrace(1559)	unregister slip progress, view id : 12622775
2025-12-18 11:44:17	INFO	AWT-EventQueue-0	Thread.getStackTrace(1559)	create new SvTablePanel instance, view id :26147831
2025-12-18 11:44:17	INFO	AWT-EventQueue-0	Thread.getStackTrace(1559)	register slip progress, view id : 26147831
2025-12-18 11:44:17	INFO	SlipWinThread_com.huawei.u2000.pf.frame.ui.slipTable.SlipTableMsgService	Thread.getStackTrace(1559)	register slip , return result/ view id : 1 / 26147831
2025-12-18 11:44:18	INFO	SvTableMsgReceiver Thread-17291	Thread.getStackTrace(1559)	recieve message cmdcode:12639
2025-12-18 11:44:19	INFO	pool-15-thread-9	Thread.getStackTrace(1559)	unregister slip, view id : 26147831
2025-12-18 11:44:19	INFO	pool-15-thread-9	Thread.getStackTrace(1559)	unregister slip progress, view id : 26147831
2025-12-18 11:44:20	INFO	AWT-EventQueue-0	Thread.getStackTrace(1559)	create new SvTablePanel instance, view id :17433781
2025-12-18 11:44:20	INFO	AWT-EventQueue-0	Thread.getStackTrace(1559)	register slip progress, view id : 17433781
2025-12-18 11:44:20	INFO	SlipWinThread_com.huawei.u2000.pf.frame.ui.slipTable.SlipTableMsgService	Thread.getStackTrace(1559)	register slip , return result/ view id : 1 / 17433781
2025-12-18 11:44:21	INFO	SvTableMsgReceiver Thread-17715	Thread.getStackTrace(1559)	recieve message cmdcode:12639
2025-12-18 11:44:22	INFO	pool-15-thread-9	Thread.getStackTrace(1559)	unregister slip, view id : 17433781
2025-12-18 11:44:22	INFO	pool-15-thread-9	Thread.getStackTrace(1559)	unregister slip progress, view id : 17433781
2025-12-18 11:44:28	INFO	AWT-EventQueue-0	Thread.getStackTrace(1559)	create new SvTablePanel instance, view id :27962073
2025-12-18 11:44:28	INFO	AWT-EventQueue-0	Thread.getStackTrace(1559)	register slip progress, view id : 27962073
2025-12-18 11:44:28	INFO	SlipWinThread_com.huawei.u2000.ucbb.table.slip.SlipTableMsgService	Thread.getStackTrace(1559)	register slip , return result/ view id : 1 / 27962073
2025-12-18 11:45:14	INFO	AWT-EventQueue-0	Thread.getStackTrace(1559)	unregister slip, view id : 27962073
2025-12-18 11:45:14	INFO	AWT-EventQueue-0	Thread.getStackTrace(1559)	unregister slip progress, view id : 27962073
2025-12-19 08:11:48	INFO	AWT-EventQueue-0	Thread.getStackTrace(1559)	start slip view
2025-12-19 08:11:48	INFO	AWT-EventQueue-0	Thread.getStackTrace(1559)	create new SvTablePanel instance, view id :19888150
2025-12-19 08:11:48	INFO	AWT-EventQueue-0	Thread.getStackTrace(1559)	register slip progress, view id : 19888150
2025-12-19 08:11:48	INFO	SlipWinThread_com.huawei.u2000.ucbb.table.slip.SlipTableMsgService	Thread.getStackTrace(1559)	register slip , return result/ view id : 1 / 19888150
2025-12-19 08:12:39	INFO	AWT-EventQueue-0	Thread.getStackTrace(1559)	create new SvTablePanel instance, view id :25855594
2025-12-19 08:12:39	INFO	AWT-EventQueue-0	Thread.getStackTrace(1559)	register slip progress, view id : 25855594
2025-12-19 08:12:39	INFO	SlipWinThread_com.huawei.u2000.ucbb.table.slip.SlipTableMsgService	Thread.getStackTrace(1559)	register slip , return result/ view id : 1 / 25855594
2025-12-19 08:12:40	INFO	SvTableMsgReceiver Thread-3311	Thread.getStackTrace(1559)	recieve message cmdcode:12639
2025-12-19 08:12:40	INFO	SvTableMsgReceiver Thread-6638	Thread.getStackTrace(1559)	recieve message cmdcode:12639
2025-12-19 08:13:21	INFO	AWT-EventQueue-0	Thread.getStackTrace(1559)	create new SvTablePanel instance, view id :15333107
2025-12-19 08:13:21	INFO	AWT-EventQueue-0	Thread.getStackTrace(1559)	register slip progress, view id : 15333107
2025-12-19 08:13:21	INFO	SlipWinThread_com.huawei.u2000.ucbb.table.slip.SlipTableMsgService	Thread.getStackTrace(1559)	register slip , return result/ view id : 1 / 15333107
2025-12-19 08:13:21	INFO	AWT-EventQueue-0	Thread.getStackTrace(1559)	unregister slip, view id : 19888150
2025-12-19 08:13:21	INFO	AWT-EventQueue-0	Thread.getStackTrace(1559)	unregister slip progress, view id : 19888150
2025-12-19 08:13:51	INFO	AWT-EventQueue-0	Thread.getStackTrace(1559)	create new SvTablePanel instance, view id :19298493
2025-12-19 08:13:51	INFO	AWT-EventQueue-0	Thread.getStackTrace(1559)	register slip progress, view id : 19298493
2025-12-19 08:13:51	INFO	SlipWinThread_com.huawei.u2000.ucbb.table.slip.SlipTableMsgService	Thread.getStackTrace(1559)	register slip , return result/ view id : 1 / 19298493
2025-12-19 08:13:58	INFO	AWT-EventQueue-0	Thread.getStackTrace(1559)	create new SvTablePanel instance, view id :28341907
2025-12-19 08:13:58	INFO	AWT-EventQueue-0	Thread.getStackTrace(1559)	register slip progress, view id : 28341907
2025-12-19 08:13:58	INFO	SlipWinThread_com.huawei.u2000.ucbb.table.slip.SlipTableMsgService	Thread.getStackTrace(1559)	register slip , return result/ view id : 1 / 28341907
2025-12-19 08:13:58	INFO	AWT-EventQueue-0	Thread.getStackTrace(1559)	unregister slip, view id : 19298493
2025-12-19 08:13:58	INFO	AWT-EventQueue-0	Thread.getStackTrace(1559)	unregister slip progress, view id : 19298493
2025-12-19 08:13:58	INFO	AWT-EventQueue-0	Thread.getStackTrace(1559)	create new SvTablePanel instance, view id :26411535
2025-12-19 08:13:58	INFO	AWT-EventQueue-0	Thread.getStackTrace(1559)	register slip progress, view id : 26411535
2025-12-19 08:13:58	INFO	SlipWinThread_com.huawei.u2000.ucbb.table.slip.SlipTableMsgService	Thread.getStackTrace(1559)	register slip , return result/ view id : 1 / 26411535
2025-12-19 08:13:58	INFO	AWT-EventQueue-0	Thread.getStackTrace(1559)	unregister slip, view id : 28341907
2025-12-19 08:13:58	INFO	AWT-EventQueue-0	Thread.getStackTrace(1559)	unregister slip progress, view id : 28341907
2025-12-19 08:14:07	INFO	AWT-EventQueue-0	Thread.getStackTrace(1559)	create new SvTablePanel instance, view id :25425267
2025-12-19 08:14:07	INFO	AWT-EventQueue-0	Thread.getStackTrace(1559)	register slip progress, view id : 25425267
2025-12-19 08:14:07	INFO	SlipWinThread_com.huawei.u2000.ucbb.table.slip.SlipTableMsgService	Thread.getStackTrace(1559)	register slip , return result/ view id : 1 / 25425267
2025-12-19 08:14:07	INFO	AWT-EventQueue-0	Thread.getStackTrace(1559)	unregister slip, view id : 15333107
2025-12-19 08:14:07	INFO	AWT-EventQueue-0	Thread.getStackTrace(1559)	unregister slip progress, view id : 15333107
2025-12-19 08:19:10	INFO	AWT-EventQueue-0	Thread.getStackTrace(1559)	create new SvTablePanel instance, view id :33347349
2025-12-19 08:19:10	INFO	AWT-EventQueue-0	Thread.getStackTrace(1559)	register slip progress, view id : 33347349
2025-12-19 08:19:10	INFO	SlipWinThread_com.huawei.u2000.pf.frame.ui.slipTable.SlipTableMsgService	Thread.getStackTrace(1559)	register slip , return result/ view id : 1 / 33347349
2025-12-19 08:19:11	INFO	SvTableMsgReceiver Thread-6638	Thread.getStackTrace(1559)	recieve message cmdcode:12639
2025-12-19 08:19:11	INFO	SvTableMsgReceiver Thread-12662	Thread.getStackTrace(1559)	recieve message cmdcode:12639
2025-12-19 08:19:11	INFO	SvTableMsgReceiver Thread-27370	Thread.getStackTrace(1559)	recieve message cmdcode:12639
2025-12-19 08:19:11	INFO	SvTableMsgReceiver Thread-13559	Thread.getStackTrace(1559)	recieve message cmdcode:12639
2025-12-19 08:19:13	INFO	pool-14-thread-14	Thread.getStackTrace(1559)	unregister slip, view id : 33347349
2025-12-19 08:19:13	INFO	pool-14-thread-14	Thread.getStackTrace(1559)	unregister slip progress, view id : 33347349
2025-12-19 08:19:24	INFO	AWT-EventQueue-0	Thread.getStackTrace(1559)	create new SvTablePanel instance, view id :25621298
2025-12-19 08:19:24	INFO	AWT-EventQueue-0	Thread.getStackTrace(1559)	register slip progress, view id : 25621298
2025-12-19 08:19:24	INFO	SlipWinThread_com.huawei.u2000.ucbb.table.slip.SlipTableMsgService	Thread.getStackTrace(1559)	register slip , return result/ view id : 1 / 25621298
2025-12-19 08:19:24	INFO	AWT-EventQueue-0	Thread.getStackTrace(1559)	unregister slip, view id : 26411535
2025-12-19 08:19:24	INFO	AWT-EventQueue-0	Thread.getStackTrace(1559)	unregister slip progress, view id : 26411535
2025-12-19 08:19:46	INFO	AWT-EventQueue-0	Thread.getStackTrace(1559)	create new SvTablePanel instance, view id :24186749
2025-12-19 08:19:46	INFO	AWT-EventQueue-0	Thread.getStackTrace(1559)	register slip progress, view id : 24186749
2025-12-19 08:19:46	INFO	SlipWinThread_com.huawei.u2000.pf.frame.ui.slipTable.SlipTableMsgService	Thread.getStackTrace(1559)	register slip , return result/ view id : 1 / 24186749
2025-12-19 08:19:47	INFO	SvTableMsgReceiver Thread-6638	Thread.getStackTrace(1559)	recieve message cmdcode:12639
2025-12-19 08:19:47	INFO	SvTableMsgReceiver Thread-13559	Thread.getStackTrace(1559)	recieve message cmdcode:12639
2025-12-19 08:19:47	INFO	SvTableMsgReceiver Thread-28602	Thread.getStackTrace(1559)	recieve message cmdcode:12639
2025-12-19 08:19:47	INFO	SvTableMsgReceiver Thread-29566	Thread.getStackTrace(1559)	recieve message cmdcode:12639
2025-12-19 08:19:48	INFO	pool-14-thread-14	Thread.getStackTrace(1559)	unregister slip, view id : 24186749
2025-12-19 08:19:48	INFO	pool-14-thread-14	Thread.getStackTrace(1559)	unregister slip progress, view id : 24186749
2025-12-19 08:19:50	INFO	AWT-EventQueue-0	Thread.getStackTrace(1559)	create new SvTablePanel instance, view id :6815502
2025-12-19 08:19:50	INFO	AWT-EventQueue-0	Thread.getStackTrace(1559)	register slip progress, view id : 6815502
2025-12-19 08:19:50	INFO	SlipWinThread_com.huawei.u2000.ucbb.table.slip.SlipTableMsgService	Thread.getStackTrace(1559)	register slip , return result/ view id : 1 / 6815502
2025-12-19 08:19:50	INFO	AWT-EventQueue-0	Thread.getStackTrace(1559)	unregister slip, view id : 25621298
2025-12-19 08:19:50	INFO	AWT-EventQueue-0	Thread.getStackTrace(1559)	unregister slip progress, view id : 25621298
2025-12-19 08:20:11	INFO	AWT-EventQueue-0	Thread.getStackTrace(1559)	unregister slip, view id : 6815502
2025-12-19 08:20:11	INFO	AWT-EventQueue-0	Thread.getStackTrace(1559)	unregister slip progress, view id : 6815502
2025-12-19 08:20:13	INFO	AWT-EventQueue-0	Thread.getStackTrace(1559)	create new SvTablePanel instance, view id :20553468
2025-12-19 08:20:13	INFO	AWT-EventQueue-0	Thread.getStackTrace(1559)	register slip progress, view id : 20553468
2025-12-19 08:20:13	INFO	SlipWinThread_com.huawei.u2000.ucbb.table.slip.SlipTableMsgService	Thread.getStackTrace(1559)	register slip , return result/ view id : 1 / 20553468
2025-12-19 08:20:22	INFO	AWT-EventQueue-0	Thread.getStackTrace(1559)	create new SvTablePanel instance, view id :519817
2025-12-19 08:20:22	INFO	AWT-EventQueue-0	Thread.getStackTrace(1559)	register slip progress, view id : 519817
2025-12-19 08:20:22	INFO	SlipWinThread_com.huawei.u2000.ucbb.table.slip.SlipTableMsgService	Thread.getStackTrace(1559)	register slip , return result/ view id : 1 / 519817
2025-12-19 08:20:22	INFO	AWT-EventQueue-0	Thread.getStackTrace(1559)	unregister slip, view id : 20553468
2025-12-19 08:20:22	INFO	AWT-EventQueue-0	Thread.getStackTrace(1559)	unregister slip progress, view id : 20553468
2025-12-19 08:20:27	INFO	AWT-EventQueue-0	Thread.getStackTrace(1559)	create new SvTablePanel instance, view id :17165909
2025-12-19 08:20:27	INFO	AWT-EventQueue-0	Thread.getStackTrace(1559)	register slip progress, view id : 17165909
2025-12-19 08:20:27	INFO	SlipWinThread_com.huawei.u2000.pf.frame.ui.slipTable.SlipTableMsgService	Thread.getStackTrace(1559)	register slip , return result/ view id : 1 / 17165909
2025-12-19 08:20:28	INFO	SvTableMsgReceiver Thread-6638	Thread.getStackTrace(1559)	recieve message cmdcode:12639
2025-12-19 08:20:28	INFO	SvTableMsgReceiver Thread-13559	Thread.getStackTrace(1559)	recieve message cmdcode:12639
2025-12-19 08:20:28	INFO	SvTableMsgReceiver Thread-33473	Thread.getStackTrace(1559)	recieve message cmdcode:12639
2025-12-19 08:20:28	INFO	SvTableMsgReceiver Thread-34281	Thread.getStackTrace(1559)	recieve message cmdcode:12639
2025-12-19 08:20:29	INFO	pool-14-thread-14	Thread.getStackTrace(1559)	unregister slip, view id : 17165909
2025-12-19 08:20:29	INFO	pool-14-thread-14	Thread.getStackTrace(1559)	unregister slip progress, view id : 17165909
2025-12-19 08:20:31	INFO	AWT-EventQueue-0	Thread.getStackTrace(1559)	create new SvTablePanel instance, view id :27659537
2025-12-19 08:20:31	INFO	AWT-EventQueue-0	Thread.getStackTrace(1559)	register slip progress, view id : 27659537
2025-12-19 08:20:31	INFO	SlipWinThread_com.huawei.u2000.ucbb.table.slip.SlipTableMsgService	Thread.getStackTrace(1559)	register slip , return result/ view id : 1 / 27659537
2025-12-19 08:20:31	INFO	AWT-EventQueue-0	Thread.getStackTrace(1559)	unregister slip, view id : 519817
2025-12-19 08:20:31	INFO	AWT-EventQueue-0	Thread.getStackTrace(1559)	unregister slip progress, view id : 519817
2025-12-19 08:20:32	INFO	AWT-EventQueue-0	Thread.getStackTrace(1559)	create new SvTablePanel instance, view id :19190184
2025-12-19 08:20:32	INFO	AWT-EventQueue-0	Thread.getStackTrace(1559)	register slip progress, view id : 19190184
2025-12-19 08:20:32	INFO	SlipWinThread_com.huawei.u2000.ucbb.table.slip.SlipTableMsgService	Thread.getStackTrace(1559)	register slip , return result/ view id : 1 / 19190184
2025-12-19 08:20:32	INFO	AWT-EventQueue-0	Thread.getStackTrace(1559)	unregister slip, view id : 27659537
2025-12-19 08:20:32	INFO	AWT-EventQueue-0	Thread.getStackTrace(1559)	unregister slip progress, view id : 27659537
2025-12-19 08:38:12	INFO	AWT-EventQueue-0	Thread.getStackTrace(1559)	create new SvTablePanel instance, view id :25550278
2025-12-19 08:38:12	INFO	AWT-EventQueue-0	Thread.getStackTrace(1559)	register slip progress, view id : 25550278
2025-12-19 08:38:12	INFO	SlipWinThread_com.huawei.u2000.pf.frame.ui.slipTable.SlipTableMsgService	Thread.getStackTrace(1559)	register slip , return result/ view id : 1 / 25550278
2025-12-19 08:38:13	INFO	SvTableMsgReceiver Thread-6638	Thread.getStackTrace(1559)	recieve message cmdcode:12639
2025-12-19 08:38:13	INFO	SvTableMsgReceiver Thread-13559	Thread.getStackTrace(1559)	recieve message cmdcode:12639
2025-12-19 08:38:13	INFO	SvTableMsgReceiver Thread-34923	Thread.getStackTrace(1559)	recieve message cmdcode:12639
2025-12-19 08:38:13	INFO	SvTableMsgReceiver Thread-40736	Thread.getStackTrace(1559)	recieve message cmdcode:12639
2025-12-19 08:38:14	INFO	pool-14-thread-15	Thread.getStackTrace(1559)	unregister slip, view id : 25550278
2025-12-19 08:38:14	INFO	pool-14-thread-15	Thread.getStackTrace(1559)	unregister slip progress, view id : 25550278
2025-12-19 08:40:45	INFO	AWT-EventQueue-0	Thread.getStackTrace(1559)	create new SvTablePanel instance, view id :5659852
2025-12-19 08:40:45	INFO	AWT-EventQueue-0	Thread.getStackTrace(1559)	register slip progress, view id : 5659852
2025-12-19 08:40:45	INFO	SlipWinThread_com.huawei.u2000.ucbb.table.slip.SlipTableMsgService	Thread.getStackTrace(1559)	register slip , return result/ view id : 1 / 5659852
2025-12-19 08:41:33	INFO	AWT-EventQueue-0	Thread.getStackTrace(1559)	unregister slip, view id : 5659852
2025-12-19 08:41:33	INFO	AWT-EventQueue-0	Thread.getStackTrace(1559)	unregister slip progress, view id : 5659852
2025-12-19 08:41:36	INFO	AWT-EventQueue-0	Thread.getStackTrace(1559)	create new SvTablePanel instance, view id :12628027
2025-12-19 08:41:36	INFO	AWT-EventQueue-0	Thread.getStackTrace(1559)	register slip progress, view id : 12628027
2025-12-19 08:41:37	INFO	SlipWinThread_com.huawei.u2000.ucbb.table.slip.SlipTableMsgService	Thread.getStackTrace(1559)	register slip , return result/ view id : 1 / 12628027
2025-12-19 08:41:43	INFO	AWT-EventQueue-0	Thread.getStackTrace(1559)	create new SvTablePanel instance, view id :24376032
2025-12-19 08:41:43	INFO	AWT-EventQueue-0	Thread.getStackTrace(1559)	register slip progress, view id : 24376032
2025-12-19 08:41:43	INFO	SlipWinThread_com.huawei.u2000.ucbb.table.slip.SlipTableMsgService	Thread.getStackTrace(1559)	register slip , return result/ view id : 1 / 24376032
2025-12-19 08:41:43	INFO	AWT-EventQueue-0	Thread.getStackTrace(1559)	unregister slip, view id : 12628027
2025-12-19 08:41:43	INFO	AWT-EventQueue-0	Thread.getStackTrace(1559)	unregister slip progress, view id : 12628027
2025-12-19 08:52:33	INFO	AWT-EventQueue-0	Thread.getStackTrace(1559)	create new SvTablePanel instance, view id :32096183
2025-12-19 08:52:33	INFO	AWT-EventQueue-0	Thread.getStackTrace(1559)	register slip progress, view id : 32096183
2025-12-19 08:52:33	INFO	SlipWinThread_com.huawei.u2000.ucbb.table.slip.SlipTableMsgService	Thread.getStackTrace(1559)	register slip , return result/ view id : 1 / 32096183
2025-12-19 08:52:33	INFO	AWT-EventQueue-0	Thread.getStackTrace(1559)	unregister slip, view id : 24376032
2025-12-19 08:52:33	INFO	AWT-EventQueue-0	Thread.getStackTrace(1559)	unregister slip progress, view id : 24376032
2025-12-19 08:52:44	INFO	AWT-EventQueue-0	Thread.getStackTrace(1559)	create new SvTablePanel instance, view id :3630504
2025-12-19 08:52:44	INFO	AWT-EventQueue-0	Thread.getStackTrace(1559)	register slip progress, view id : 3630504
2025-12-19 08:52:44	INFO	SlipWinThread_com.huawei.u2000.ucbb.table.slip.SlipTableMsgService	Thread.getStackTrace(1559)	register slip , return result/ view id : 1 / 3630504
2025-12-19 08:52:44	INFO	AWT-EventQueue-0	Thread.getStackTrace(1559)	unregister slip, view id : 32096183
2025-12-19 08:52:44	INFO	AWT-EventQueue-0	Thread.getStackTrace(1559)	unregister slip progress, view id : 32096183
2025-12-19 08:52:44	INFO	AWT-EventQueue-0	Thread.getStackTrace(1559)	create new SvTablePanel instance, view id :9667217
2025-12-19 08:52:44	INFO	AWT-EventQueue-0	Thread.getStackTrace(1559)	register slip progress, view id : 9667217
2025-12-19 08:52:44	INFO	SlipWinThread_com.huawei.u2000.ucbb.table.slip.SlipTableMsgService	Thread.getStackTrace(1559)	register slip , return result/ view id : 1 / 9667217
2025-12-19 08:52:44	INFO	AWT-EventQueue-0	Thread.getStackTrace(1559)	unregister slip, view id : 3630504
2025-12-19 08:52:44	INFO	AWT-EventQueue-0	Thread.getStackTrace(1559)	unregister slip progress, view id : 3630504
2025-12-19 08:53:13	INFO	AWT-EventQueue-0	Thread.getStackTrace(1559)	create new SvTablePanel instance, view id :4156078
2025-12-19 08:53:13	INFO	AWT-EventQueue-0	Thread.getStackTrace(1559)	register slip progress, view id : 4156078
2025-12-19 08:53:13	INFO	SlipWinThread_com.huawei.u2000.ucbb.table.slip.SlipTableMsgService	Thread.getStackTrace(1559)	register slip , return result/ view id : 1 / 4156078
2025-12-19 08:53:13	INFO	AWT-EventQueue-0	Thread.getStackTrace(1559)	unregister slip, view id : 19190184
2025-12-19 08:53:13	INFO	AWT-EventQueue-0	Thread.getStackTrace(1559)	unregister slip progress, view id : 19190184
2025-12-19 08:53:13	INFO	AWT-EventQueue-0	Thread.getStackTrace(1559)	create new SvTablePanel instance, view id :20704911
2025-12-19 08:53:13	INFO	AWT-EventQueue-0	Thread.getStackTrace(1559)	register slip progress, view id : 20704911
2025-12-19 08:53:13	INFO	SlipWinThread_com.huawei.u2000.ucbb.table.slip.SlipTableMsgService	Thread.getStackTrace(1559)	register slip , return result/ view id : 1 / 20704911
2025-12-19 08:53:13	INFO	AWT-EventQueue-0	Thread.getStackTrace(1559)	unregister slip, view id : 4156078
2025-12-19 08:53:13	INFO	AWT-EventQueue-0	Thread.getStackTrace(1559)	unregister slip progress, view id : 4156078
2025-12-19 08:53:59	INFO	AWT-EventQueue-0	Thread.getStackTrace(1559)	create new SvTablePanel instance, view id :25512620
2025-12-19 08:53:59	INFO	AWT-EventQueue-0	Thread.getStackTrace(1559)	register slip progress, view id : 25512620
2025-12-19 08:53:59	INFO	SlipWinThread_com.huawei.u2000.ucbb.table.slip.SlipTableMsgService	Thread.getStackTrace(1559)	register slip , return result/ view id : 1 / 25512620
2025-12-19 08:53:59	INFO	AWT-EventQueue-0	Thread.getStackTrace(1559)	unregister slip, view id : 20704911
2025-12-19 08:53:59	INFO	AWT-EventQueue-0	Thread.getStackTrace(1559)	unregister slip progress, view id : 20704911
2025-12-19 08:53:59	INFO	AWT-EventQueue-0	Thread.getStackTrace(1559)	create new SvTablePanel instance, view id :26715586
2025-12-19 08:53:59	INFO	AWT-EventQueue-0	Thread.getStackTrace(1559)	register slip progress, view id : 26715586
2025-12-19 08:54:00	INFO	SlipWinThread_com.huawei.u2000.ucbb.table.slip.SlipTableMsgService	Thread.getStackTrace(1559)	register slip , return result/ view id : 1 / 26715586
2025-12-19 08:54:00	INFO	AWT-EventQueue-0	Thread.getStackTrace(1559)	unregister slip, view id : 25512620
2025-12-19 08:54:00	INFO	AWT-EventQueue-0	Thread.getStackTrace(1559)	unregister slip progress, view id : 25512620
2025-12-19 08:54:06	INFO	AWT-EventQueue-0	Thread.getStackTrace(1559)	create new SvTablePanel instance, view id :29712064
2025-12-19 08:54:06	INFO	AWT-EventQueue-0	Thread.getStackTrace(1559)	register slip progress, view id : 29712064
2025-12-19 08:54:06	INFO	SlipWinThread_com.huawei.u2000.ucbb.table.slip.SlipTableMsgService	Thread.getStackTrace(1559)	register slip , return result/ view id : 1 / 29712064
2025-12-19 08:54:06	INFO	AWT-EventQueue-0	Thread.getStackTrace(1559)	unregister slip, view id : 26715586
2025-12-19 08:54:06	INFO	AWT-EventQueue-0	Thread.getStackTrace(1559)	unregister slip progress, view id : 26715586
2025-12-19 08:54:06	INFO	AWT-EventQueue-0	Thread.getStackTrace(1559)	create new SvTablePanel instance, view id :5465089
2025-12-19 08:54:06	INFO	AWT-EventQueue-0	Thread.getStackTrace(1559)	register slip progress, view id : 5465089
2025-12-19 08:54:06	INFO	SlipWinThread_com.huawei.u2000.ucbb.table.slip.SlipTableMsgService	Thread.getStackTrace(1559)	register slip , return result/ view id : 1 / 5465089
2025-12-19 08:54:06	INFO	AWT-EventQueue-0	Thread.getStackTrace(1559)	unregister slip, view id : 29712064
2025-12-19 08:54:06	INFO	AWT-EventQueue-0	Thread.getStackTrace(1559)	unregister slip progress, view id : 29712064
2025-12-19 08:57:57	INFO	AWT-EventQueue-0	Thread.getStackTrace(1559)	create new SvTablePanel instance, view id :10876268
2025-12-19 08:57:57	INFO	AWT-EventQueue-0	Thread.getStackTrace(1559)	register slip progress, view id : 10876268
2025-12-19 08:57:57	INFO	SlipWinThread_com.huawei.u2000.ucbb.table.slip.SlipTableMsgService	Thread.getStackTrace(1559)	register slip , return result/ view id : 1 / 10876268
2025-12-19 08:57:57	INFO	AWT-EventQueue-0	Thread.getStackTrace(1559)	unregister slip, view id : 5465089
2025-12-19 08:57:57	INFO	AWT-EventQueue-0	Thread.getStackTrace(1559)	unregister slip progress, view id : 5465089
2025-12-19 08:57:58	INFO	AWT-EventQueue-0	Thread.getStackTrace(1559)	create new SvTablePanel instance, view id :13894576
2025-12-19 08:57:58	INFO	AWT-EventQueue-0	Thread.getStackTrace(1559)	register slip progress, view id : 13894576
2025-12-19 08:57:58	INFO	SlipWinThread_com.huawei.u2000.ucbb.table.slip.SlipTableMsgService	Thread.getStackTrace(1559)	register slip , return result/ view id : 1 / 13894576
2025-12-19 08:57:58	INFO	AWT-EventQueue-0	Thread.getStackTrace(1559)	unregister slip, view id : 10876268
2025-12-19 08:57:58	INFO	AWT-EventQueue-0	Thread.getStackTrace(1559)	unregister slip progress, view id : 10876268
2025-12-19 08:58:22	INFO	AWT-EventQueue-0	Thread.getStackTrace(1559)	create new SvTablePanel instance, view id :12029069
2025-12-19 08:58:22	INFO	AWT-EventQueue-0	Thread.getStackTrace(1559)	register slip progress, view id : 12029069
2025-12-19 08:58:22	INFO	SlipWinThread_com.huawei.u2000.ucbb.table.slip.SlipTableMsgService	Thread.getStackTrace(1559)	register slip , return result/ view id : 1 / 12029069
2025-12-19 08:58:22	INFO	AWT-EventQueue-0	Thread.getStackTrace(1559)	unregister slip, view id : 13894576
2025-12-19 08:58:22	INFO	AWT-EventQueue-0	Thread.getStackTrace(1559)	unregister slip progress, view id : 13894576
2025-12-19 08:58:23	INFO	AWT-EventQueue-0	Thread.getStackTrace(1559)	create new SvTablePanel instance, view id :10742519
2025-12-19 08:58:23	INFO	AWT-EventQueue-0	Thread.getStackTrace(1559)	register slip progress, view id : 10742519
2025-12-19 08:58:23	INFO	SlipWinThread_com.huawei.u2000.ucbb.table.slip.SlipTableMsgService	Thread.getStackTrace(1559)	register slip , return result/ view id : 1 / 10742519
2025-12-19 08:58:23	INFO	AWT-EventQueue-0	Thread.getStackTrace(1559)	unregister slip, view id : 12029069
2025-12-19 08:58:23	INFO	AWT-EventQueue-0	Thread.getStackTrace(1559)	unregister slip progress, view id : 12029069
2025-12-19 09:04:46	INFO	AWT-EventQueue-0	Thread.getStackTrace(1559)	create new SvTablePanel instance, view id :31154156
2025-12-19 09:04:46	INFO	AWT-EventQueue-0	Thread.getStackTrace(1559)	register slip progress, view id : 31154156
2025-12-19 09:04:46	INFO	SlipWinThread_com.huawei.u2000.ucbb.table.slip.SlipTableMsgService	Thread.getStackTrace(1559)	register slip , return result/ view id : 1 / 31154156
2025-12-19 09:05:11	INFO	AWT-EventQueue-0	Thread.getStackTrace(1559)	unregister slip, view id : 31154156
2025-12-19 09:05:11	INFO	AWT-EventQueue-0	Thread.getStackTrace(1559)	unregister slip progress, view id : 31154156
2025-12-19 09:05:31	INFO	AWT-EventQueue-0	Thread.getStackTrace(1559)	create new SvTablePanel instance, view id :16013669
2025-12-19 09:05:31	INFO	AWT-EventQueue-0	Thread.getStackTrace(1559)	register slip progress, view id : 16013669
2025-12-19 09:05:31	INFO	SlipWinThread_com.huawei.u2000.ucbb.table.slip.SlipTableMsgService	Thread.getStackTrace(1559)	register slip , return result/ view id : 1 / 16013669
2025-12-19 09:07:13	INFO	AWT-EventQueue-0	Thread.getStackTrace(1559)	unregister slip, view id : 16013669
2025-12-19 09:07:13	INFO	AWT-EventQueue-0	Thread.getStackTrace(1559)	unregister slip progress, view id : 16013669
2025-12-19 09:07:16	INFO	AWT-EventQueue-0	Thread.getStackTrace(1559)	create new SvTablePanel instance, view id :9795950
2025-12-19 09:07:16	INFO	AWT-EventQueue-0	Thread.getStackTrace(1559)	register slip progress, view id : 9795950
2025-12-19 09:07:16	INFO	SlipWinThread_com.huawei.u2000.ucbb.table.slip.SlipTableMsgService	Thread.getStackTrace(1559)	register slip , return result/ view id : 1 / 9795950
2025-12-19 09:54:04	INFO	AWT-EventQueue-0	Thread.getStackTrace(1559)	unregister slip, view id : 9795950
2025-12-19 09:54:04	INFO	AWT-EventQueue-0	Thread.getStackTrace(1559)	unregister slip progress, view id : 9795950
2025-12-19 09:54:07	INFO	AWT-EventQueue-0	Thread.getStackTrace(1559)	unregister slip, view id : 9667217
2025-12-19 09:54:07	INFO	AWT-EventQueue-0	Thread.getStackTrace(1559)	unregister slip progress, view id : 9667217
2025-12-19 09:54:08	INFO	AWT-EventQueue-0	Thread.getStackTrace(1559)	unregister slip, view id : 10742519
2025-12-19 09:54:08	INFO	AWT-EventQueue-0	Thread.getStackTrace(1559)	unregister slip progress, view id : 10742519
2025-12-19 09:54:08	INFO	AWT-EventQueue-0	Thread.getStackTrace(1559)	unregister slip, view id : 25425267
2025-12-19 09:54:08	INFO	AWT-EventQueue-0	Thread.getStackTrace(1559)	unregister slip progress, view id : 25425267
2025-12-19 09:54:08	INFO	AWT-EventQueue-0	Thread.getStackTrace(1559)	unregister slip, view id : 25855594
2025-12-19 09:54:08	INFO	AWT-EventQueue-0	Thread.getStackTrace(1559)	unregister slip progress, view id : 25855594
2025-12-19 10:37:41	INFO	AWT-EventQueue-0	Thread.getStackTrace(1559)	create new SvTablePanel instance, view id :2729037
2025-12-19 10:37:41	INFO	AWT-EventQueue-0	Thread.getStackTrace(1559)	register slip progress, view id : 2729037
2025-12-19 10:37:41	INFO	SlipWinThread_com.huawei.u2000.ucbb.table.slip.SlipTableMsgService	Thread.getStackTrace(1559)	register slip , return result/ view id : 1 / 2729037
2025-12-19 10:37:42	INFO	SvTableMsgReceiver Thread-79894	Thread.getStackTrace(1559)	recieve message cmdcode:12639
2025-12-19 10:37:51	INFO	SvTableMsgReceiver Thread-79894	Thread.getStackTrace(1559)	recieve message cmdcode:12639
2025-12-19 10:38:17	INFO	SvTableMsgReceiver Thread-79894	Thread.getStackTrace(1559)	recieve message cmdcode:12639
2025-12-19 10:39:09	INFO	SvTableMsgReceiver Thread-79894	Thread.getStackTrace(1559)	recieve message cmdcode:12639
2025-12-19 10:39:25	INFO	AWT-EventQueue-0	Thread.getStackTrace(1559)	unregister slip, view id : 2729037
2025-12-19 10:39:25	INFO	AWT-EventQueue-0	Thread.getStackTrace(1559)	unregister slip progress, view id : 2729037
2025-12-19 10:44:01	INFO	AWT-EventQueue-0	Thread.getStackTrace(1559)	create new SvTablePanel instance, view id :18452252
2025-12-19 10:44:01	INFO	AWT-EventQueue-0	Thread.getStackTrace(1559)	register slip progress, view id : 18452252
2025-12-19 10:44:01	INFO	SlipWinThread_com.huawei.u2000.ucbb.table.slip.SlipTableMsgService	Thread.getStackTrace(1559)	register slip , return result/ view id : 1 / 18452252
2025-12-19 10:44:02	INFO	SvTableMsgReceiver Thread-87785	Thread.getStackTrace(1559)	recieve message cmdcode:12639
2025-12-22 04:26:03	INFO	AWT-EventQueue-0	Thread.getStackTrace(1559)	start slip view
2025-12-22 04:26:03	INFO	AWT-EventQueue-0	Thread.getStackTrace(1559)	create new SvTablePanel instance, view id :3875962
2025-12-22 04:26:03	INFO	AWT-EventQueue-0	Thread.getStackTrace(1559)	register slip progress, view id : 3875962
2025-12-22 04:26:03	INFO	SlipWinThread_com.huawei.u2000.ucbb.table.slip.SlipTableMsgService	Thread.getStackTrace(1559)	register slip , return result/ view id : 1 / 3875962
2025-12-22 04:26:10	INFO	AWT-EventQueue-0	Thread.getStackTrace(1559)	create new SvTablePanel instance, view id :8291738
2025-12-22 04:26:10	INFO	AWT-EventQueue-0	Thread.getStackTrace(1559)	register slip progress, view id : 8291738
2025-12-22 04:26:10	INFO	SlipWinThread_com.huawei.u2000.ucbb.table.slip.SlipTableMsgService	Thread.getStackTrace(1559)	register slip , return result/ view id : 1 / 8291738
2025-12-22 04:26:10	INFO	AWT-EventQueue-0	Thread.getStackTrace(1559)	unregister slip, view id : 3875962
2025-12-22 04:26:10	INFO	AWT-EventQueue-0	Thread.getStackTrace(1559)	unregister slip progress, view id : 3875962
2025-12-22 04:26:17	INFO	AWT-EventQueue-0	Thread.getStackTrace(1559)	unregister slip, view id : 8291738
2025-12-22 04:26:17	INFO	AWT-EventQueue-0	Thread.getStackTrace(1559)	unregister slip progress, view id : 8291738
2025-12-22 04:26:17	INFO	AWT-EventQueue-0	Thread.getStackTrace(1559)	create new SvTablePanel instance, view id :31880014
2025-12-22 04:26:17	INFO	AWT-EventQueue-0	Thread.getStackTrace(1559)	register slip progress, view id : 31880014
2025-12-22 04:26:17	INFO	SlipWinThread_com.huawei.u2000.ucbb.table.slip.SlipTableMsgService	Thread.getStackTrace(1559)	register slip , return result/ view id : 1 / 31880014
2025-12-22 04:26:54	INFO	AWT-EventQueue-0	Thread.getStackTrace(1559)	unregister slip, view id : 31880014
2025-12-22 04:26:54	INFO	AWT-EventQueue-0	Thread.getStackTrace(1559)	unregister slip progress, view id : 31880014
2025-12-22 04:50:24	INFO	AWT-EventQueue-0	Thread.getStackTrace(1559)	create new SvTablePanel instance, view id :11612169
2025-12-22 04:50:24	INFO	AWT-EventQueue-0	Thread.getStackTrace(1559)	register slip progress, view id : 11612169
2025-12-22 04:50:24	INFO	SlipWinThread_com.huawei.u2000.pf.frame.ui.slipTable.SlipTableMsgService	Thread.getStackTrace(1559)	register slip , return result/ view id : 1 / 11612169
2025-12-22 04:50:25	INFO	SvTableMsgReceiver Thread-14333	Thread.getStackTrace(1559)	recieve message cmdcode:12639
2025-12-22 04:50:28	INFO	pool-14-thread-3	Thread.getStackTrace(1559)	unregister slip, view id : 11612169
2025-12-22 04:50:28	INFO	pool-14-thread-3	Thread.getStackTrace(1559)	unregister slip progress, view id : 11612169
2025-12-22 04:50:29	INFO	AWT-EventQueue-0	Thread.getStackTrace(1559)	create new SvTablePanel instance, view id :31031304
2025-12-22 04:50:29	INFO	AWT-EventQueue-0	Thread.getStackTrace(1559)	register slip progress, view id : 31031304
2025-12-22 04:50:29	INFO	SlipWinThread_com.huawei.u2000.pf.frame.ui.slipTable.SlipTableMsgService	Thread.getStackTrace(1559)	register slip , return result/ view id : 1 / 31031304
2025-12-22 04:50:30	INFO	SvTableMsgReceiver Thread-14875	Thread.getStackTrace(1559)	recieve message cmdcode:12639
2025-12-22 04:50:31	INFO	pool-14-thread-3	Thread.getStackTrace(1559)	unregister slip, view id : 31031304
2025-12-22 04:50:31	INFO	pool-14-thread-3	Thread.getStackTrace(1559)	unregister slip progress, view id : 31031304
2025-12-22 04:50:40	INFO	AWT-EventQueue-0	Thread.getStackTrace(1559)	create new SvTablePanel instance, view id :7582005
2025-12-22 04:50:40	INFO	AWT-EventQueue-0	Thread.getStackTrace(1559)	register slip progress, view id : 7582005
2025-12-22 04:50:40	INFO	SlipWinThread_com.huawei.u2000.ucbb.table.slip.SlipTableMsgService	Thread.getStackTrace(1559)	register slip , return result/ view id : 1 / 7582005
2025-12-22 04:54:18	INFO	AWT-EventQueue-0	Thread.getStackTrace(1559)	unregister slip, view id : 7582005
2025-12-22 04:54:18	INFO	AWT-EventQueue-0	Thread.getStackTrace(1559)	unregister slip progress, view id : 7582005
2025-12-22 05:40:31	INFO	AWT-EventQueue-0	Thread.getStackTrace(1559)	create new SvTablePanel instance, view id :7873906
2025-12-22 05:40:31	INFO	AWT-EventQueue-0	Thread.getStackTrace(1559)	register slip progress, view id : 7873906
2025-12-22 05:40:31	INFO	SlipWinThread_com.huawei.u2000.ucbb.table.slip.SlipTableMsgService	Thread.getStackTrace(1559)	register slip , return result/ view id : 1 / 7873906
2025-12-22 05:40:32	INFO	AWT-EventQueue-0	Thread.getStackTrace(1559)	unregister slip, view id : 7873906
2025-12-22 05:40:32	INFO	AWT-EventQueue-0	Thread.getStackTrace(1559)	unregister slip progress, view id : 7873906
2025-12-22 05:41:02	INFO	AWT-EventQueue-0	Thread.getStackTrace(1559)	create new SvTablePanel instance, view id :24009178
2025-12-22 05:41:02	INFO	AWT-EventQueue-0	Thread.getStackTrace(1559)	register slip progress, view id : 24009178
2025-12-22 05:41:02	INFO	SlipWinThread_com.huawei.u2000.ucbb.table.slip.SlipTableMsgService	Thread.getStackTrace(1559)	register slip , return result/ view id : 1 / 24009178
2025-12-22 05:43:54	INFO	AWT-EventQueue-0	Thread.getStackTrace(1559)	create new SvTablePanel instance, view id :14764976
2025-12-22 05:43:54	INFO	AWT-EventQueue-0	Thread.getStackTrace(1559)	register slip progress, view id : 14764976
2025-12-22 05:43:54	INFO	SlipWinThread_com.huawei.u2000.ucbb.table.slip.SlipTableMsgService	Thread.getStackTrace(1559)	register slip , return result/ view id : 1 / 14764976
2025-12-22 05:43:54	INFO	AWT-EventQueue-0	Thread.getStackTrace(1559)	unregister slip, view id : 24009178
2025-12-22 05:43:54	INFO	AWT-EventQueue-0	Thread.getStackTrace(1559)	unregister slip progress, view id : 24009178
2025-12-22 05:43:56	INFO	AWT-EventQueue-0	Thread.getStackTrace(1559)	create new SvTablePanel instance, view id :6971516
2025-12-22 05:43:56	INFO	AWT-EventQueue-0	Thread.getStackTrace(1559)	register slip progress, view id : 6971516
2025-12-22 05:43:56	INFO	SlipWinThread_com.huawei.u2000.ucbb.table.slip.SlipTableMsgService	Thread.getStackTrace(1559)	register slip , return result/ view id : 1 / 6971516
2025-12-22 05:43:57	INFO	AWT-EventQueue-0	Thread.getStackTrace(1559)	unregister slip, view id : 14764976
2025-12-22 05:43:57	INFO	AWT-EventQueue-0	Thread.getStackTrace(1559)	unregister slip progress, view id : 14764976
2025-12-22 05:43:57	INFO	AWT-EventQueue-0	Thread.getStackTrace(1559)	create new SvTablePanel instance, view id :18968912
2025-12-22 05:43:57	INFO	AWT-EventQueue-0	Thread.getStackTrace(1559)	register slip progress, view id : 18968912
2025-12-22 05:43:57	INFO	SlipWinThread_com.huawei.u2000.ucbb.table.slip.SlipTableMsgService	Thread.getStackTrace(1559)	register slip , return result/ view id : 1 / 18968912
2025-12-22 05:43:58	INFO	AWT-EventQueue-0	Thread.getStackTrace(1559)	unregister slip, view id : 6971516
2025-12-22 05:43:58	INFO	AWT-EventQueue-0	Thread.getStackTrace(1559)	unregister slip progress, view id : 6971516
2025-12-22 05:47:47	INFO	AWT-EventQueue-0	Thread.getStackTrace(1559)	create new SvTablePanel instance, view id :33172248
2025-12-22 05:47:47	INFO	AWT-EventQueue-0	Thread.getStackTrace(1559)	register slip progress, view id : 33172248
2025-12-22 05:47:47	INFO	SlipWinThread_com.huawei.u2000.ucbb.table.slip.SlipTableMsgService	Thread.getStackTrace(1559)	register slip , return result/ view id : 1 / 33172248
2025-12-22 05:47:47	INFO	AWT-EventQueue-0	Thread.getStackTrace(1559)	unregister slip, view id : 18968912
2025-12-22 05:47:47	INFO	AWT-EventQueue-0	Thread.getStackTrace(1559)	unregister slip progress, view id : 18968912
2025-12-22 05:48:02	INFO	AWT-EventQueue-0	Thread.getStackTrace(1559)	create new SvTablePanel instance, view id :28885482
2025-12-22 05:48:02	INFO	AWT-EventQueue-0	Thread.getStackTrace(1559)	register slip progress, view id : 28885482
2025-12-22 05:48:02	INFO	SlipWinThread_com.huawei.u2000.ucbb.table.slip.SlipTableMsgService	Thread.getStackTrace(1559)	register slip , return result/ view id : 1 / 28885482
2025-12-22 05:48:02	INFO	AWT-EventQueue-0	Thread.getStackTrace(1559)	unregister slip, view id : 33172248
2025-12-22 05:48:02	INFO	AWT-EventQueue-0	Thread.getStackTrace(1559)	unregister slip progress, view id : 33172248
2025-12-22 06:03:46	INFO	AWT-EventQueue-0	Thread.getStackTrace(1559)	create new SvTablePanel instance, view id :32977373
2025-12-22 06:03:46	INFO	AWT-EventQueue-0	Thread.getStackTrace(1559)	register slip progress, view id : 32977373
2025-12-22 06:03:46	INFO	SlipWinThread_com.huawei.u2000.ucbb.table.slip.SlipTableMsgService	Thread.getStackTrace(1559)	register slip , return result/ view id : 1 / 32977373
2025-12-22 06:03:46	INFO	AWT-EventQueue-0	Thread.getStackTrace(1559)	unregister slip, view id : 28885482
2025-12-22 06:03:46	INFO	AWT-EventQueue-0	Thread.getStackTrace(1559)	unregister slip progress, view id : 28885482
2025-12-22 06:04:33	INFO	AWT-EventQueue-0	Thread.getStackTrace(1559)	create new SvTablePanel instance, view id :11185481
2025-12-22 06:04:33	INFO	AWT-EventQueue-0	Thread.getStackTrace(1559)	register slip progress, view id : 11185481
2025-12-22 06:04:33	INFO	SlipWinThread_com.huawei.u2000.ucbb.table.slip.SlipTableMsgService	Thread.getStackTrace(1559)	register slip , return result/ view id : 1 / 11185481
2025-12-22 06:04:33	INFO	AWT-EventQueue-0	Thread.getStackTrace(1559)	unregister slip, view id : 32977373
2025-12-22 06:04:33	INFO	AWT-EventQueue-0	Thread.getStackTrace(1559)	unregister slip progress, view id : 32977373
2025-12-22 06:04:35	INFO	AWT-EventQueue-0	Thread.getStackTrace(1559)	unregister slip, view id : 11185481
2025-12-22 06:04:35	INFO	AWT-EventQueue-0	Thread.getStackTrace(1559)	unregister slip progress, view id : 11185481
2025-12-22 06:04:36	INFO	AWT-EventQueue-0	Thread.getStackTrace(1559)	create new SvTablePanel instance, view id :5643161
2025-12-22 06:04:36	INFO	AWT-EventQueue-0	Thread.getStackTrace(1559)	register slip progress, view id : 5643161
2025-12-22 06:04:37	INFO	SlipWinThread_com.huawei.u2000.ucbb.table.slip.SlipTableMsgService	Thread.getStackTrace(1559)	register slip , return result/ view id : 1 / 5643161
2025-12-22 06:08:18	INFO	AWT-EventQueue-0	Thread.getStackTrace(1559)	create new SvTablePanel instance, view id :27555161
2025-12-22 06:08:18	INFO	AWT-EventQueue-0	Thread.getStackTrace(1559)	register slip progress, view id : 27555161
2025-12-22 06:08:18	INFO	SlipWinThread_com.huawei.u2000.pf.frame.ui.slipTable.SlipTableMsgService	Thread.getStackTrace(1559)	register slip , return result/ view id : 1 / 27555161
2025-12-22 06:08:19	INFO	SvTableMsgReceiver Thread-34561	Thread.getStackTrace(1559)	recieve message cmdcode:12639
2025-12-22 06:08:19	INFO	SvTableMsgReceiver Thread-29662	Thread.getStackTrace(1559)	recieve message cmdcode:12639
2025-12-22 06:08:21	INFO	pool-14-thread-13	Thread.getStackTrace(1559)	unregister slip, view id : 27555161
2025-12-22 06:08:21	INFO	pool-14-thread-13	Thread.getStackTrace(1559)	unregister slip progress, view id : 27555161
2025-12-22 06:08:25	INFO	AWT-EventQueue-0	Thread.getStackTrace(1559)	create new SvTablePanel instance, view id :18738988
2025-12-22 06:08:25	INFO	AWT-EventQueue-0	Thread.getStackTrace(1559)	register slip progress, view id : 18738988
2025-12-22 06:08:25	INFO	SlipWinThread_com.huawei.u2000.ucbb.table.slip.SlipTableMsgService	Thread.getStackTrace(1559)	register slip , return result/ view id : 1 / 18738988
2025-12-22 06:08:25	INFO	AWT-EventQueue-0	Thread.getStackTrace(1559)	unregister slip, view id : 5643161
2025-12-22 06:08:25	INFO	AWT-EventQueue-0	Thread.getStackTrace(1559)	unregister slip progress, view id : 5643161
2025-12-22 06:08:25	INFO	AWT-EventQueue-0	Thread.getStackTrace(1559)	create new SvTablePanel instance, view id :2809113
2025-12-22 06:08:25	INFO	AWT-EventQueue-0	Thread.getStackTrace(1559)	register slip progress, view id : 2809113
2025-12-22 06:08:25	INFO	SlipWinThread_com.huawei.u2000.ucbb.table.slip.SlipTableMsgService	Thread.getStackTrace(1559)	register slip , return result/ view id : 1 / 2809113
2025-12-22 06:08:25	INFO	AWT-EventQueue-0	Thread.getStackTrace(1559)	unregister slip, view id : 18738988
2025-12-22 06:08:25	INFO	AWT-EventQueue-0	Thread.getStackTrace(1559)	unregister slip progress, view id : 18738988
2025-12-22 06:09:09	INFO	AWT-EventQueue-0	Thread.getStackTrace(1559)	create new SvTablePanel instance, view id :25158461
2025-12-22 06:09:09	INFO	AWT-EventQueue-0	Thread.getStackTrace(1559)	register slip progress, view id : 25158461
2025-12-22 06:09:09	INFO	SlipWinThread_com.huawei.u2000.pf.frame.ui.slipTable.SlipTableMsgService	Thread.getStackTrace(1559)	register slip , return result/ view id : 1 / 25158461
2025-12-22 06:09:10	INFO	SvTableMsgReceiver Thread-35390	Thread.getStackTrace(1559)	recieve message cmdcode:12639
2025-12-22 06:09:10	INFO	SvTableMsgReceiver Thread-40105	Thread.getStackTrace(1559)	recieve message cmdcode:12639
2025-12-22 06:09:11	INFO	pool-14-thread-13	Thread.getStackTrace(1559)	unregister slip, view id : 25158461
2025-12-22 06:09:11	INFO	pool-14-thread-13	Thread.getStackTrace(1559)	unregister slip progress, view id : 25158461
2025-12-22 06:09:18	INFO	AWT-EventQueue-0	Thread.getStackTrace(1559)	create new SvTablePanel instance, view id :6230475
2025-12-22 06:09:18	INFO	AWT-EventQueue-0	Thread.getStackTrace(1559)	register slip progress, view id : 6230475
2025-12-22 06:09:18	INFO	SlipWinThread_com.huawei.u2000.ucbb.table.slip.SlipTableMsgService	Thread.getStackTrace(1559)	register slip , return result/ view id : 1 / 6230475
2025-12-22 06:09:18	INFO	AWT-EventQueue-0	Thread.getStackTrace(1559)	unregister slip, view id : 2809113
2025-12-22 06:09:18	INFO	AWT-EventQueue-0	Thread.getStackTrace(1559)	unregister slip progress, view id : 2809113
2025-12-22 06:09:19	INFO	AWT-EventQueue-0	Thread.getStackTrace(1559)	create new SvTablePanel instance, view id :3668920
2025-12-22 06:09:19	INFO	AWT-EventQueue-0	Thread.getStackTrace(1559)	register slip progress, view id : 3668920
2025-12-22 06:09:19	INFO	SlipWinThread_com.huawei.u2000.ucbb.table.slip.SlipTableMsgService	Thread.getStackTrace(1559)	register slip , return result/ view id : 1 / 3668920
2025-12-22 06:09:19	INFO	AWT-EventQueue-0	Thread.getStackTrace(1559)	unregister slip, view id : 6230475
2025-12-22 06:09:19	INFO	AWT-EventQueue-0	Thread.getStackTrace(1559)	unregister slip progress, view id : 6230475
2025-12-22 06:09:26	INFO	AWT-EventQueue-0	Thread.getStackTrace(1559)	create new SvTablePanel instance, view id :33171513
2025-12-22 06:09:26	INFO	AWT-EventQueue-0	Thread.getStackTrace(1559)	register slip progress, view id : 33171513
2025-12-22 06:09:26	INFO	SlipWinThread_com.huawei.u2000.ucbb.table.slip.SlipTableMsgService	Thread.getStackTrace(1559)	register slip , return result/ view id : 1 / 33171513
2025-12-22 06:09:26	INFO	AWT-EventQueue-0	Thread.getStackTrace(1559)	unregister slip, view id : 3668920
2025-12-22 06:09:26	INFO	AWT-EventQueue-0	Thread.getStackTrace(1559)	unregister slip progress, view id : 3668920
2025-12-22 06:09:26	INFO	AWT-EventQueue-0	Thread.getStackTrace(1559)	create new SvTablePanel instance, view id :19704865
2025-12-22 06:09:26	INFO	AWT-EventQueue-0	Thread.getStackTrace(1559)	register slip progress, view id : 19704865
2025-12-22 06:09:26	INFO	SlipWinThread_com.huawei.u2000.ucbb.table.slip.SlipTableMsgService	Thread.getStackTrace(1559)	register slip , return result/ view id : 1 / 19704865
2025-12-22 06:09:26	INFO	AWT-EventQueue-0	Thread.getStackTrace(1559)	unregister slip, view id : 33171513
2025-12-22 06:09:26	INFO	AWT-EventQueue-0	Thread.getStackTrace(1559)	unregister slip progress, view id : 33171513
2025-12-22 06:09:54	INFO	AWT-EventQueue-0	Thread.getStackTrace(1559)	create new SvTablePanel instance, view id :9431224
2025-12-22 06:09:54	INFO	AWT-EventQueue-0	Thread.getStackTrace(1559)	register slip progress, view id : 9431224
2025-12-22 06:09:54	INFO	SlipWinThread_com.huawei.u2000.ucbb.table.slip.SlipTableMsgService	Thread.getStackTrace(1559)	register slip , return result/ view id : 1 / 9431224
2025-12-22 06:15:45	INFO	AWT-EventQueue-0	Thread.getStackTrace(1559)	unregister slip, view id : 19704865
2025-12-22 06:15:45	INFO	AWT-EventQueue-0	Thread.getStackTrace(1559)	unregister slip progress, view id : 19704865
2025-12-22 06:15:45	INFO	AWT-EventQueue-0	Thread.getStackTrace(1559)	unregister slip, view id : 9431224
2025-12-22 06:15:45	INFO	AWT-EventQueue-0	Thread.getStackTrace(1559)	unregister slip progress, view id : 9431224
2025-12-22 06:20:43	INFO	AWT-EventQueue-0	Thread.getStackTrace(1559)	create new SvTablePanel instance, view id :29079050
2025-12-22 06:20:43	INFO	AWT-EventQueue-0	Thread.getStackTrace(1559)	register slip progress, view id : 29079050
2025-12-22 06:20:43	INFO	SlipWinThread_com.huawei.u2000.ucbb.table.slip.SlipTableMsgService	Thread.getStackTrace(1559)	register slip , return result/ view id : 1 / 29079050
2025-12-22 06:21:08	INFO	AWT-EventQueue-0	Thread.getStackTrace(1559)	create new SvTablePanel instance, view id :995654
2025-12-22 06:21:08	INFO	AWT-EventQueue-0	Thread.getStackTrace(1559)	register slip progress, view id : 995654
2025-12-22 06:21:08	INFO	SlipWinThread_com.huawei.u2000.ucbb.table.slip.SlipTableMsgService	Thread.getStackTrace(1559)	register slip , return result/ view id : 1 / 995654
2025-12-22 06:30:04	INFO	AWT-EventQueue-0	Thread.getStackTrace(1559)	create new SvTablePanel instance, view id :2746104
2025-12-22 06:30:04	INFO	AWT-EventQueue-0	Thread.getStackTrace(1559)	register slip progress, view id : 2746104
2025-12-22 06:30:04	INFO	SlipWinThread_com.huawei.u2000.ucbb.table.slip.SlipTableMsgService	Thread.getStackTrace(1559)	register slip , return result/ view id : 1 / 2746104
2025-12-22 06:30:05	INFO	AWT-EventQueue-0	Thread.getStackTrace(1559)	unregister slip, view id : 995654
2025-12-22 06:30:05	INFO	AWT-EventQueue-0	Thread.getStackTrace(1559)	unregister slip progress, view id : 995654
2025-12-22 06:30:07	INFO	AWT-EventQueue-0	Thread.getStackTrace(1559)	create new SvTablePanel instance, view id :8586072
2025-12-22 06:30:07	INFO	AWT-EventQueue-0	Thread.getStackTrace(1559)	register slip progress, view id : 8586072
2025-12-22 06:30:07	INFO	SlipWinThread_com.huawei.u2000.ucbb.table.slip.SlipTableMsgService	Thread.getStackTrace(1559)	register slip , return result/ view id : 1 / 8586072
2025-12-22 06:30:07	INFO	AWT-EventQueue-0	Thread.getStackTrace(1559)	unregister slip, view id : 2746104
2025-12-22 06:30:07	INFO	AWT-EventQueue-0	Thread.getStackTrace(1559)	unregister slip progress, view id : 2746104
2025-12-22 06:30:32	INFO	AWT-EventQueue-0	Thread.getStackTrace(1559)	create new SvTablePanel instance, view id :23260478
2025-12-22 06:30:32	INFO	AWT-EventQueue-0	Thread.getStackTrace(1559)	register slip progress, view id : 23260478
2025-12-22 06:30:32	INFO	SlipWinThread_com.huawei.u2000.ucbb.table.slip.SlipTableMsgService	Thread.getStackTrace(1559)	register slip , return result/ view id : 1 / 23260478
2025-12-22 06:30:32	INFO	AWT-EventQueue-0	Thread.getStackTrace(1559)	unregister slip, view id : 8586072
2025-12-22 06:30:32	INFO	AWT-EventQueue-0	Thread.getStackTrace(1559)	unregister slip progress, view id : 8586072
2025-12-22 06:30:33	INFO	AWT-EventQueue-0	Thread.getStackTrace(1559)	create new SvTablePanel instance, view id :13032847
2025-12-22 06:30:33	INFO	AWT-EventQueue-0	Thread.getStackTrace(1559)	register slip progress, view id : 13032847
2025-12-22 06:30:33	INFO	SlipWinThread_com.huawei.u2000.ucbb.table.slip.SlipTableMsgService	Thread.getStackTrace(1559)	register slip , return result/ view id : 1 / 13032847
2025-12-22 06:30:33	INFO	AWT-EventQueue-0	Thread.getStackTrace(1559)	unregister slip, view id : 23260478
2025-12-22 06:30:33	INFO	AWT-EventQueue-0	Thread.getStackTrace(1559)	unregister slip progress, view id : 23260478
2025-12-22 06:30:47	INFO	AWT-EventQueue-0	Thread.getStackTrace(1559)	unregister slip, view id : 13032847
2025-12-22 06:30:47	INFO	AWT-EventQueue-0	Thread.getStackTrace(1559)	unregister slip progress, view id : 13032847
2025-12-22 06:32:54	INFO	AWT-EventQueue-0	Thread.getStackTrace(1559)	create new SvTablePanel instance, view id :17331299
2025-12-22 06:32:54	INFO	AWT-EventQueue-0	Thread.getStackTrace(1559)	register slip progress, view id : 17331299
2025-12-22 06:32:54	INFO	SlipWinThread_com.huawei.u2000.pf.frame.ui.slipTable.SlipTableMsgService	Thread.getStackTrace(1559)	register slip , return result/ view id : 1 / 17331299
2025-12-22 06:32:55	INFO	SvTableMsgReceiver Thread-55073	Thread.getStackTrace(1559)	recieve message cmdcode:12639
2025-12-22 06:32:55	INFO	SvTableMsgReceiver Thread-67131	Thread.getStackTrace(1559)	recieve message cmdcode:12639
2025-12-22 06:32:58	INFO	pool-14-thread-11	Thread.getStackTrace(1559)	unregister slip, view id : 17331299
2025-12-22 06:32:58	INFO	pool-14-thread-11	Thread.getStackTrace(1559)	unregister slip progress, view id : 17331299
2025-12-22 06:32:59	INFO	AWT-EventQueue-0	Thread.getStackTrace(1559)	create new SvTablePanel instance, view id :30907769
2025-12-22 06:32:59	INFO	AWT-EventQueue-0	Thread.getStackTrace(1559)	register slip progress, view id : 30907769
2025-12-22 06:32:59	INFO	SlipWinThread_com.huawei.u2000.pf.frame.ui.slipTable.SlipTableMsgService	Thread.getStackTrace(1559)	register slip , return result/ view id : 1 / 30907769
2025-12-22 06:33:00	INFO	SvTableMsgReceiver Thread-55073	Thread.getStackTrace(1559)	recieve message cmdcode:12639
2025-12-22 06:33:00	INFO	SvTableMsgReceiver Thread-67669	Thread.getStackTrace(1559)	recieve message cmdcode:12639
2025-12-22 06:33:03	INFO	pool-14-thread-11	Thread.getStackTrace(1559)	unregister slip, view id : 30907769
2025-12-22 06:33:03	INFO	pool-14-thread-11	Thread.getStackTrace(1559)	unregister slip progress, view id : 30907769
2025-12-22 06:33:12	INFO	SvTableMsgReceiver Thread-55073	Thread.getStackTrace(1559)	recieve message cmdcode:12639
2025-12-22 06:33:12	INFO	SvTableMsgReceiver Thread-55073	Thread.getStackTrace(1559)	can not find SvTablePanel : 15839408
2025-12-22 06:33:14	INFO	SvTableMsgReceiver Thread-55073	Thread.getStackTrace(1559)	recieve message cmdcode:12639
2025-12-22 06:33:14	INFO	SvTableMsgReceiver Thread-55073	Thread.getStackTrace(1559)	can not find SvTablePanel : 10085508
2025-12-22 06:33:28	INFO	AWT-EventQueue-0	Thread.getStackTrace(1559)	create new SvTablePanel instance, view id :22728487
2025-12-22 06:33:28	INFO	AWT-EventQueue-0	Thread.getStackTrace(1559)	register slip progress, view id : 22728487
2025-12-22 06:33:28	INFO	SlipWinThread_com.huawei.u2000.ucbb.table.slip.SlipTableMsgService	Thread.getStackTrace(1559)	register slip , return result/ view id : 1 / 22728487
2025-12-22 06:35:01	INFO	AWT-EventQueue-0	Thread.getStackTrace(1559)	unregister slip, view id : 22728487
2025-12-22 06:35:01	INFO	AWT-EventQueue-0	Thread.getStackTrace(1559)	unregister slip progress, view id : 22728487
2025-12-22 06:36:40	INFO	AWT-EventQueue-0	Thread.getStackTrace(1559)	create new SvTablePanel instance, view id :23609582
2025-12-22 06:36:40	INFO	AWT-EventQueue-0	Thread.getStackTrace(1559)	register slip progress, view id : 23609582
2025-12-22 06:36:40	INFO	SlipWinThread_com.huawei.u2000.ucbb.table.slip.SlipTableMsgService	Thread.getStackTrace(1559)	register slip , return result/ view id : 1 / 23609582
2025-12-22 06:36:41	INFO	SvTableMsgReceiver Thread-55073	Thread.getStackTrace(1559)	recieve message cmdcode:12639
2025-12-22 06:36:41	INFO	SvTableMsgReceiver Thread-75907	Thread.getStackTrace(1559)	recieve message cmdcode:12639
2025-12-22 06:36:48	INFO	AWT-EventQueue-0	Thread.getStackTrace(1559)	create new SvTablePanel instance, view id :23046467
2025-12-22 06:36:48	INFO	AWT-EventQueue-0	Thread.getStackTrace(1559)	register slip progress, view id : 23046467
2025-12-22 06:36:48	INFO	SlipWinThread_com.huawei.u2000.ucbb.table.slip.SlipTableMsgService	Thread.getStackTrace(1559)	register slip , return result/ view id : 1 / 23046467
2025-12-22 06:37:07	INFO	AWT-EventQueue-0	Thread.getStackTrace(1559)	create new SvTablePanel instance, view id :29837824
2025-12-22 06:37:07	INFO	AWT-EventQueue-0	Thread.getStackTrace(1559)	register slip progress, view id : 29837824
2025-12-22 06:37:07	INFO	SlipWinThread_com.huawei.u2000.ucbb.table.slip.SlipTableMsgService	Thread.getStackTrace(1559)	register slip , return result/ view id : 1 / 29837824
2025-12-22 06:37:07	INFO	AWT-EventQueue-0	Thread.getStackTrace(1559)	unregister slip, view id : 23046467
2025-12-22 06:37:07	INFO	AWT-EventQueue-0	Thread.getStackTrace(1559)	unregister slip progress, view id : 23046467
2025-12-22 06:37:08	INFO	AWT-EventQueue-0	Thread.getStackTrace(1559)	create new SvTablePanel instance, view id :21330525
2025-12-22 06:37:08	INFO	AWT-EventQueue-0	Thread.getStackTrace(1559)	register slip progress, view id : 21330525
2025-12-22 06:37:08	INFO	SlipWinThread_com.huawei.u2000.ucbb.table.slip.SlipTableMsgService	Thread.getStackTrace(1559)	register slip , return result/ view id : 1 / 21330525
2025-12-22 06:37:08	INFO	AWT-EventQueue-0	Thread.getStackTrace(1559)	unregister slip, view id : 29837824
2025-12-22 06:37:08	INFO	AWT-EventQueue-0	Thread.getStackTrace(1559)	unregister slip progress, view id : 29837824
2025-12-22 06:38:31	INFO	AWT-EventQueue-0	Thread.getStackTrace(1559)	create new SvTablePanel instance, view id :9020918
2025-12-22 06:38:31	INFO	AWT-EventQueue-0	Thread.getStackTrace(1559)	register slip progress, view id : 9020918
2025-12-22 06:38:31	INFO	SlipWinThread_com.huawei.u2000.ucbb.table.slip.SlipTableMsgService	Thread.getStackTrace(1559)	register slip , return result/ view id : 1 / 9020918
2025-12-22 06:38:31	INFO	AWT-EventQueue-0	Thread.getStackTrace(1559)	unregister slip, view id : 21330525
2025-12-22 06:38:31	INFO	AWT-EventQueue-0	Thread.getStackTrace(1559)	unregister slip progress, view id : 21330525
2025-12-22 06:38:36	INFO	AWT-EventQueue-0	Thread.getStackTrace(1559)	create new SvTablePanel instance, view id :25366080
2025-12-22 06:38:36	INFO	AWT-EventQueue-0	Thread.getStackTrace(1559)	register slip progress, view id : 25366080
2025-12-22 06:38:36	INFO	SlipWinThread_com.huawei.u2000.ucbb.table.slip.SlipTableMsgService	Thread.getStackTrace(1559)	register slip , return result/ view id : 1 / 25366080
2025-12-22 06:38:36	INFO	AWT-EventQueue-0	Thread.getStackTrace(1559)	unregister slip, view id : 9020918
2025-12-22 06:38:36	INFO	AWT-EventQueue-0	Thread.getStackTrace(1559)	unregister slip progress, view id : 9020918
2025-12-22 06:38:46	INFO	AWT-EventQueue-0	Thread.getStackTrace(1559)	create new SvTablePanel instance, view id :12270602
2025-12-22 06:38:46	INFO	AWT-EventQueue-0	Thread.getStackTrace(1559)	register slip progress, view id : 12270602
2025-12-22 06:38:46	INFO	SlipWinThread_com.huawei.u2000.ucbb.table.slip.SlipTableMsgService	Thread.getStackTrace(1559)	register slip , return result/ view id : 1 / 12270602
2025-12-22 06:38:46	INFO	AWT-EventQueue-0	Thread.getStackTrace(1559)	unregister slip, view id : 25366080
2025-12-22 06:38:46	INFO	AWT-EventQueue-0	Thread.getStackTrace(1559)	unregister slip progress, view id : 25366080
2025-12-22 06:38:46	INFO	AWT-EventQueue-0	Thread.getStackTrace(1559)	create new SvTablePanel instance, view id :7594986
2025-12-22 06:38:46	INFO	AWT-EventQueue-0	Thread.getStackTrace(1559)	register slip progress, view id : 7594986
2025-12-22 06:38:46	INFO	SlipWinThread_com.huawei.u2000.ucbb.table.slip.SlipTableMsgService	Thread.getStackTrace(1559)	register slip , return result/ view id : 1 / 7594986
2025-12-22 06:38:46	INFO	AWT-EventQueue-0	Thread.getStackTrace(1559)	unregister slip, view id : 12270602
2025-12-22 06:38:46	INFO	AWT-EventQueue-0	Thread.getStackTrace(1559)	unregister slip progress, view id : 12270602
2025-12-22 06:51:39	INFO	AWT-EventQueue-0	Thread.getStackTrace(1559)	unregister slip, view id : 23609582
2025-12-22 06:51:39	INFO	AWT-EventQueue-0	Thread.getStackTrace(1559)	unregister slip progress, view id : 23609582
2025-12-22 08:06:25	INFO	AWT-EventQueue-0	Thread.getStackTrace(1559)	unregister slip, view id : 29079050
2025-12-22 08:06:25	INFO	AWT-EventQueue-0	Thread.getStackTrace(1559)	unregister slip progress, view id : 29079050
2025-12-22 08:35:02	INFO	AWT-EventQueue-0	Thread.getStackTrace(1559)	create new SvTablePanel instance, view id :28132414
2025-12-22 08:35:02	INFO	AWT-EventQueue-0	Thread.getStackTrace(1559)	register slip progress, view id : 28132414
2025-12-22 08:35:02	INFO	SlipWinThread_com.huawei.u2000.ucbb.table.slip.SlipTableMsgService	Thread.getStackTrace(1559)	register slip , return result/ view id : 1 / 28132414
2025-12-22 08:35:26	INFO	AWT-EventQueue-0	Thread.getStackTrace(1559)	create new SvTablePanel instance, view id :2662727
2025-12-22 08:35:26	INFO	AWT-EventQueue-0	Thread.getStackTrace(1559)	register slip progress, view id : 2662727
2025-12-22 08:35:26	INFO	SlipWinThread_com.huawei.u2000.pf.frame.ui.slipTable.SlipTableMsgService	Thread.getStackTrace(1559)	register slip , return result/ view id : 1 / 2662727
2025-12-22 08:35:27	INFO	SvTableMsgReceiver Thread-84884	Thread.getStackTrace(1559)	recieve message cmdcode:12639
2025-12-22 08:35:27	INFO	SvTableMsgReceiver Thread-93330	Thread.getStackTrace(1559)	recieve message cmdcode:12639
2025-12-22 08:35:27	INFO	SvTableMsgReceiver Thread-95365	Thread.getStackTrace(1559)	recieve message cmdcode:12639
2025-12-22 08:35:29	INFO	pool-14-thread-15	Thread.getStackTrace(1559)	unregister slip, view id : 2662727
2025-12-22 08:35:29	INFO	pool-14-thread-15	Thread.getStackTrace(1559)	unregister slip progress, view id : 2662727
2025-12-22 08:35:30	INFO	AWT-EventQueue-0	Thread.getStackTrace(1559)	create new SvTablePanel instance, view id :2251221
2025-12-22 08:35:30	INFO	AWT-EventQueue-0	Thread.getStackTrace(1559)	register slip progress, view id : 2251221
2025-12-22 08:35:30	INFO	SlipWinThread_com.huawei.u2000.ucbb.table.slip.SlipTableMsgService	Thread.getStackTrace(1559)	register slip , return result/ view id : 1 / 2251221
2025-12-22 08:35:30	INFO	AWT-EventQueue-0	Thread.getStackTrace(1559)	unregister slip, view id : 28132414
2025-12-22 08:35:30	INFO	AWT-EventQueue-0	Thread.getStackTrace(1559)	unregister slip progress, view id : 28132414
2025-12-22 08:36:10	INFO	AWT-EventQueue-0	Thread.getStackTrace(1559)	create new SvTablePanel instance, view id :5960956
2025-12-22 08:36:10	INFO	AWT-EventQueue-0	Thread.getStackTrace(1559)	register slip progress, view id : 5960956
2025-12-22 08:36:10	INFO	SlipWinThread_com.huawei.u2000.pf.frame.ui.slipTable.SlipTableMsgService	Thread.getStackTrace(1559)	register slip , return result/ view id : 1 / 5960956
2025-12-22 08:36:11	INFO	SvTableMsgReceiver Thread-84884	Thread.getStackTrace(1559)	recieve message cmdcode:12639
2025-12-22 08:36:11	INFO	SvTableMsgReceiver Thread-95795	Thread.getStackTrace(1559)	recieve message cmdcode:12639
2025-12-22 08:36:11	INFO	SvTableMsgReceiver Thread-99971	Thread.getStackTrace(1559)	recieve message cmdcode:12639
2025-12-22 08:36:12	INFO	pool-14-thread-15	Thread.getStackTrace(1559)	unregister slip, view id : 5960956
2025-12-22 08:36:12	INFO	pool-14-thread-15	Thread.getStackTrace(1559)	unregister slip progress, view id : 5960956
2025-12-22 08:37:33	INFO	SvTableMsgReceiver Thread-84884	Thread.getStackTrace(1559)	recieve message cmdcode:12639
2025-12-22 08:37:33	INFO	SvTableMsgReceiver Thread-95795	Thread.getStackTrace(1559)	recieve message cmdcode:12639
2025-12-22 08:57:37	INFO	AWT-EventQueue-0	Thread.getStackTrace(1559)	create new SvTablePanel instance, view id :2139548
2025-12-22 08:57:37	INFO	AWT-EventQueue-0	Thread.getStackTrace(1559)	register slip progress, view id : 2139548
2025-12-22 08:57:37	INFO	SlipWinThread_com.huawei.u2000.ucbb.table.slip.SlipTableMsgService	Thread.getStackTrace(1559)	register slip , return result/ view id : 1 / 2139548
2025-12-22 08:57:38	INFO	SvTableMsgReceiver Thread-84884	Thread.getStackTrace(1559)	recieve message cmdcode:12639
2025-12-22 08:57:38	INFO	SvTableMsgReceiver Thread-95795	Thread.getStackTrace(1559)	recieve message cmdcode:12639
2025-12-22 08:57:38	INFO	SvTableMsgReceiver Thread-111768	Thread.getStackTrace(1559)	recieve message cmdcode:12639
2025-12-22 08:57:45	INFO	AWT-EventQueue-0	Thread.getStackTrace(1559)	unregister slip, view id : 2139548
2025-12-22 08:57:45	INFO	AWT-EventQueue-0	Thread.getStackTrace(1559)	unregister slip progress, view id : 2139548
2025-12-22 08:57:48	INFO	AWT-EventQueue-0	Thread.getStackTrace(1559)	create new SvTablePanel instance, view id :979114
2025-12-22 08:57:48	INFO	AWT-EventQueue-0	Thread.getStackTrace(1559)	register slip progress, view id : 979114
2025-12-22 08:57:48	INFO	SlipWinThread_com.huawei.u2000.ucbb.table.slip.SlipTableMsgService	Thread.getStackTrace(1559)	register slip , return result/ view id : 1 / 979114
2025-12-22 08:57:49	INFO	SvTableMsgReceiver Thread-84884	Thread.getStackTrace(1559)	recieve message cmdcode:12639
2025-12-22 08:57:49	INFO	SvTableMsgReceiver Thread-95795	Thread.getStackTrace(1559)	recieve message cmdcode:12639
2025-12-22 08:57:49	INFO	SvTableMsgReceiver Thread-112785	Thread.getStackTrace(1559)	recieve message cmdcode:12639
2025-12-22 08:58:09	INFO	AWT-EventQueue-0	Thread.getStackTrace(1559)	create new SvTablePanel instance, view id :25495181
2025-12-22 08:58:09	INFO	AWT-EventQueue-0	Thread.getStackTrace(1559)	register slip progress, view id : 25495181
2025-12-22 08:58:09	INFO	SlipWinThread_com.huawei.u2000.ucbb.table.slip.SlipTableMsgService	Thread.getStackTrace(1559)	register slip , return result/ view id : 1 / 25495181
2025-12-22 08:58:09	INFO	AWT-EventQueue-0	Thread.getStackTrace(1559)	unregister slip, view id : 2251221
2025-12-22 08:58:09	INFO	AWT-EventQueue-0	Thread.getStackTrace(1559)	unregister slip progress, view id : 2251221
2025-12-22 08:58:09	INFO	AWT-EventQueue-0	Thread.getStackTrace(1559)	create new SvTablePanel instance, view id :22426354
2025-12-22 08:58:10	INFO	AWT-EventQueue-0	Thread.getStackTrace(1559)	register slip progress, view id : 22426354
2025-12-22 08:58:10	INFO	SlipWinThread_com.huawei.u2000.ucbb.table.slip.SlipTableMsgService	Thread.getStackTrace(1559)	register slip , return result/ view id : 1 / 22426354
2025-12-22 08:58:10	INFO	AWT-EventQueue-0	Thread.getStackTrace(1559)	unregister slip, view id : 25495181
2025-12-22 08:58:10	INFO	AWT-EventQueue-0	Thread.getStackTrace(1559)	unregister slip progress, view id : 25495181
2025-12-22 08:58:18	INFO	AWT-EventQueue-0	Thread.getStackTrace(1559)	create new SvTablePanel instance, view id :24459934
2025-12-22 08:58:18	INFO	AWT-EventQueue-0	Thread.getStackTrace(1559)	register slip progress, view id : 24459934
2025-12-22 08:58:18	INFO	SlipWinThread_com.huawei.u2000.pf.frame.ui.slipTable.SlipTableMsgService	Thread.getStackTrace(1559)	register slip , return result/ view id : 1 / 24459934
2025-12-22 08:58:19	INFO	SvTableMsgReceiver Thread-84884	Thread.getStackTrace(1559)	recieve message cmdcode:12639
2025-12-22 08:58:19	INFO	SvTableMsgReceiver Thread-112785	Thread.getStackTrace(1559)	recieve message cmdcode:12639
2025-12-22 08:58:19	INFO	SvTableMsgReceiver Thread-115102	Thread.getStackTrace(1559)	recieve message cmdcode:12639
2025-12-22 08:58:19	INFO	SvTableMsgReceiver Thread-116188	Thread.getStackTrace(1559)	recieve message cmdcode:12639
2025-12-22 08:58:20	INFO	pool-14-thread-13	Thread.getStackTrace(1559)	unregister slip, view id : 24459934
2025-12-22 08:58:20	INFO	pool-14-thread-13	Thread.getStackTrace(1559)	unregister slip progress, view id : 24459934
2025-12-22 08:58:22	INFO	AWT-EventQueue-0	Thread.getStackTrace(1559)	create new SvTablePanel instance, view id :6923009
2025-12-22 08:58:22	INFO	AWT-EventQueue-0	Thread.getStackTrace(1559)	register slip progress, view id : 6923009
2025-12-22 08:58:22	INFO	SlipWinThread_com.huawei.u2000.ucbb.table.slip.SlipTableMsgService	Thread.getStackTrace(1559)	register slip , return result/ view id : 1 / 6923009
2025-12-22 08:58:22	INFO	AWT-EventQueue-0	Thread.getStackTrace(1559)	unregister slip, view id : 22426354
2025-12-22 08:58:22	INFO	AWT-EventQueue-0	Thread.getStackTrace(1559)	unregister slip progress, view id : 22426354
2025-12-22 08:58:22	INFO	AWT-EventQueue-0	Thread.getStackTrace(1559)	create new SvTablePanel instance, view id :20219635
2025-12-22 08:58:22	INFO	AWT-EventQueue-0	Thread.getStackTrace(1559)	register slip progress, view id : 20219635
2025-12-22 08:58:22	INFO	SlipWinThread_com.huawei.u2000.ucbb.table.slip.SlipTableMsgService	Thread.getStackTrace(1559)	register slip , return result/ view id : 1 / 20219635
2025-12-22 08:58:22	INFO	AWT-EventQueue-0	Thread.getStackTrace(1559)	unregister slip, view id : 6923009
2025-12-22 08:58:22	INFO	AWT-EventQueue-0	Thread.getStackTrace(1559)	unregister slip progress, view id : 6923009
2025-12-22 08:58:32	INFO	AWT-EventQueue-0	Thread.getStackTrace(1559)	unregister slip, view id : 979114
2025-12-22 08:58:32	INFO	AWT-EventQueue-0	Thread.getStackTrace(1559)	unregister slip progress, view id : 979114
2025-12-22 08:58:37	INFO	AWT-EventQueue-0	Thread.getStackTrace(1559)	create new SvTablePanel instance, view id :25315522
2025-12-22 08:58:37	INFO	AWT-EventQueue-0	Thread.getStackTrace(1559)	register slip progress, view id : 25315522
2025-12-22 08:58:37	INFO	SlipWinThread_com.huawei.u2000.ucbb.table.slip.SlipTableMsgService	Thread.getStackTrace(1559)	register slip , return result/ view id : 1 / 25315522
2025-12-22 09:00:25	INFO	AWT-EventQueue-0	Thread.getStackTrace(1559)	unregister slip, view id : 25315522
2025-12-22 09:00:25	INFO	AWT-EventQueue-0	Thread.getStackTrace(1559)	unregister slip progress, view id : 25315522
2025-12-22 09:03:14	INFO	AWT-EventQueue-0	Thread.getStackTrace(1559)	create new SvTablePanel instance, view id :18347689
2025-12-22 09:03:14	INFO	AWT-EventQueue-0	Thread.getStackTrace(1559)	register slip progress, view id : 18347689
2025-12-22 09:03:14	INFO	SlipWinThread_com.huawei.u2000.pf.frame.ui.slipTable.SlipTableMsgService	Thread.getStackTrace(1559)	register slip , return result/ view id : 1 / 18347689
2025-12-22 09:03:16	INFO	pool-14-thread-14	Thread.getStackTrace(1559)	unregister slip, view id : 18347689
2025-12-22 09:03:16	INFO	pool-14-thread-14	Thread.getStackTrace(1559)	unregister slip progress, view id : 18347689
2025-12-22 09:07:20	INFO	AWT-EventQueue-0	Thread.getStackTrace(1559)	create new SvTablePanel instance, view id :7204810
2025-12-22 09:07:20	INFO	AWT-EventQueue-0	Thread.getStackTrace(1559)	register slip progress, view id : 7204810
2025-12-22 09:07:20	INFO	SlipWinThread_com.huawei.u2000.ucbb.table.slip.SlipTableMsgService	Thread.getStackTrace(1559)	register slip , return result/ view id : 1 / 7204810
2025-12-22 09:07:21	INFO	SvTableMsgReceiver Thread-116684	Thread.getStackTrace(1559)	recieve message cmdcode:12639
2025-12-22 09:07:21	INFO	SvTableMsgReceiver Thread-84884	Thread.getStackTrace(1559)	recieve message cmdcode:12639
2025-12-22 09:07:21	INFO	SvTableMsgReceiver Thread-136205	Thread.getStackTrace(1559)	recieve message cmdcode:12639
2025-12-22 09:20:47	INFO	AWT-EventQueue-0	Thread.getStackTrace(1559)	create new SvTablePanel instance, view id :24488956
2025-12-22 09:20:47	INFO	AWT-EventQueue-0	Thread.getStackTrace(1559)	register slip progress, view id : 24488956
2025-12-22 09:20:47	INFO	SlipWinThread_com.huawei.u2000.ucbb.table.slip.SlipTableMsgService	Thread.getStackTrace(1559)	register slip , return result/ view id : 1 / 24488956
2025-12-22 09:20:47	INFO	AWT-EventQueue-0	Thread.getStackTrace(1559)	create new SvTablePanel instance, view id :22453263
2025-12-22 09:20:47	INFO	AWT-EventQueue-0	Thread.getStackTrace(1559)	register slip progress, view id : 22453263
2025-12-22 09:20:48	INFO	SlipWinThread_com.huawei.u2000.ucbb.table.slip.SlipTableMsgService	Thread.getStackTrace(1559)	register slip , return result/ view id : 1 / 22453263
2025-12-22 09:20:48	INFO	AWT-EventQueue-0	Thread.getStackTrace(1559)	unregister slip, view id : 24488956
2025-12-22 09:20:48	INFO	AWT-EventQueue-0	Thread.getStackTrace(1559)	unregister slip progress, view id : 24488956
2025-12-22 09:20:48	INFO	AWT-EventQueue-0	Thread.getStackTrace(1559)	create new SvTablePanel instance, view id :11517340
2025-12-22 09:20:48	INFO	AWT-EventQueue-0	Thread.getStackTrace(1559)	register slip progress, view id : 11517340
2025-12-22 09:20:49	INFO	SlipWinThread_com.huawei.u2000.ucbb.table.slip.SlipTableMsgService	Thread.getStackTrace(1559)	register slip , return result/ view id : 1 / 11517340
2025-12-22 09:20:49	INFO	AWT-EventQueue-0	Thread.getStackTrace(1559)	unregister slip, view id : 22453263
2025-12-22 09:20:49	INFO	AWT-EventQueue-0	Thread.getStackTrace(1559)	unregister slip progress, view id : 22453263
2025-12-22 09:21:20	INFO	AWT-EventQueue-0	Thread.getStackTrace(1559)	create new SvTablePanel instance, view id :11605642
2025-12-22 09:21:20	INFO	AWT-EventQueue-0	Thread.getStackTrace(1559)	register slip progress, view id : 11605642
2025-12-22 09:21:20	INFO	SlipWinThread_com.huawei.u2000.ucbb.table.slip.SlipTableMsgService	Thread.getStackTrace(1559)	register slip , return result/ view id : 1 / 11605642
2025-12-22 09:21:20	INFO	AWT-EventQueue-0	Thread.getStackTrace(1559)	unregister slip, view id : 11517340
2025-12-22 09:21:20	INFO	AWT-EventQueue-0	Thread.getStackTrace(1559)	unregister slip progress, view id : 11517340
2025-12-22 09:26:38	INFO	AWT-EventQueue-0	Thread.getStackTrace(1559)	create new SvTablePanel instance, view id :1454415
2025-12-22 09:26:38	INFO	AWT-EventQueue-0	Thread.getStackTrace(1559)	register slip progress, view id : 1454415
2025-12-22 09:26:38	INFO	SlipWinThread_com.huawei.u2000.ucbb.table.slip.SlipTableMsgService	Thread.getStackTrace(1559)	register slip , return result/ view id : 1 / 1454415
2025-12-22 09:26:56	INFO	AWT-EventQueue-0	Thread.getStackTrace(1559)	create new SvTablePanel instance, view id :22198307
2025-12-22 09:26:56	INFO	AWT-EventQueue-0	Thread.getStackTrace(1559)	register slip progress, view id : 22198307
2025-12-22 09:26:56	INFO	SlipWinThread_com.huawei.u2000.ucbb.table.slip.SlipTableMsgService	Thread.getStackTrace(1559)	register slip , return result/ view id : 1 / 22198307
2025-12-22 09:26:56	INFO	AWT-EventQueue-0	Thread.getStackTrace(1559)	unregister slip, view id : 11605642
2025-12-22 09:26:56	INFO	AWT-EventQueue-0	Thread.getStackTrace(1559)	unregister slip progress, view id : 11605642
2025-12-22 09:27:47	INFO	AWT-EventQueue-0	Thread.getStackTrace(1559)	create new SvTablePanel instance, view id :24261733
2025-12-22 09:27:47	INFO	AWT-EventQueue-0	Thread.getStackTrace(1559)	register slip progress, view id : 24261733
2025-12-22 09:27:47	INFO	SlipWinThread_com.huawei.u2000.ucbb.table.slip.SlipTableMsgService	Thread.getStackTrace(1559)	register slip , return result/ view id : 1 / 24261733
2025-12-22 09:27:47	INFO	AWT-EventQueue-0	Thread.getStackTrace(1559)	unregister slip, view id : 20219635
2025-12-22 09:27:47	INFO	AWT-EventQueue-0	Thread.getStackTrace(1559)	unregister slip progress, view id : 20219635
2025-12-22 09:27:48	INFO	AWT-EventQueue-0	Thread.getStackTrace(1559)	create new SvTablePanel instance, view id :2230872
2025-12-22 09:27:48	INFO	AWT-EventQueue-0	Thread.getStackTrace(1559)	register slip progress, view id : 2230872
2025-12-22 09:27:48	INFO	SlipWinThread_com.huawei.u2000.ucbb.table.slip.SlipTableMsgService	Thread.getStackTrace(1559)	register slip , return result/ view id : 1 / 2230872
2025-12-22 09:27:48	INFO	AWT-EventQueue-0	Thread.getStackTrace(1559)	unregister slip, view id : 24261733
2025-12-22 09:27:48	INFO	AWT-EventQueue-0	Thread.getStackTrace(1559)	unregister slip progress, view id : 24261733
2025-12-22 09:27:56	INFO	AWT-EventQueue-0	Thread.getStackTrace(1559)	create new SvTablePanel instance, view id :12822023
2025-12-22 09:27:56	INFO	AWT-EventQueue-0	Thread.getStackTrace(1559)	register slip progress, view id : 12822023
2025-12-22 09:27:56	INFO	SlipWinThread_com.huawei.u2000.ucbb.table.slip.SlipTableMsgService	Thread.getStackTrace(1559)	register slip , return result/ view id : 1 / 12822023
2025-12-22 09:27:56	INFO	AWT-EventQueue-0	Thread.getStackTrace(1559)	unregister slip, view id : 2230872
2025-12-22 09:27:56	INFO	AWT-EventQueue-0	Thread.getStackTrace(1559)	unregister slip progress, view id : 2230872
2025-12-22 09:27:56	INFO	AWT-EventQueue-0	Thread.getStackTrace(1559)	create new SvTablePanel instance, view id :6511997
2025-12-22 09:27:56	INFO	AWT-EventQueue-0	Thread.getStackTrace(1559)	register slip progress, view id : 6511997
2025-12-22 09:27:56	INFO	SlipWinThread_com.huawei.u2000.ucbb.table.slip.SlipTableMsgService	Thread.getStackTrace(1559)	register slip , return result/ view id : 1 / 6511997
2025-12-22 09:27:56	INFO	AWT-EventQueue-0	Thread.getStackTrace(1559)	unregister slip, view id : 12822023
2025-12-22 09:27:56	INFO	AWT-EventQueue-0	Thread.getStackTrace(1559)	unregister slip progress, view id : 12822023
2025-12-22 10:04:24	INFO	AWT-EventQueue-0	Thread.getStackTrace(1559)	unregister slip, view id : 7204810
2025-12-22 10:04:24	INFO	AWT-EventQueue-0	Thread.getStackTrace(1559)	unregister slip progress, view id : 7204810
2025-12-22 10:04:48	INFO	AWT-EventQueue-0	Thread.getStackTrace(1559)	create new SvTablePanel instance, view id :8772949
2025-12-22 10:04:48	INFO	AWT-EventQueue-0	Thread.getStackTrace(1559)	register slip progress, view id : 8772949
2025-12-22 10:04:48	INFO	SlipWinThread_com.huawei.u2000.pf.frame.ui.slipTable.SlipTableMsgService	Thread.getStackTrace(1559)	register slip , return result/ view id : 1 / 8772949
2025-12-22 10:04:49	INFO	SvTableMsgReceiver Thread-84884	Thread.getStackTrace(1559)	recieve message cmdcode:12639
2025-12-22 10:04:49	INFO	SvTableMsgReceiver Thread-147981	Thread.getStackTrace(1559)	recieve message cmdcode:12639
2025-12-22 10:04:49	INFO	SvTableMsgReceiver Thread-148762	Thread.getStackTrace(1559)	recieve message cmdcode:12639
2025-12-22 10:04:49	INFO	SvTableMsgReceiver Thread-161915	Thread.getStackTrace(1559)	recieve message cmdcode:12639
2025-12-22 10:04:49	INFO	SvTableMsgReceiver Thread-153331	Thread.getStackTrace(1559)	recieve message cmdcode:12639
2025-12-22 10:04:50	INFO	pool-14-thread-16	Thread.getStackTrace(1559)	unregister slip, view id : 8772949
2025-12-22 10:04:50	INFO	pool-14-thread-16	Thread.getStackTrace(1559)	unregister slip progress, view id : 8772949
2025-12-22 10:04:51	INFO	AWT-EventQueue-0	Thread.getStackTrace(1559)	create new SvTablePanel instance, view id :4245242
2025-12-22 10:04:51	INFO	AWT-EventQueue-0	Thread.getStackTrace(1559)	register slip progress, view id : 4245242
2025-12-22 10:04:51	INFO	SlipWinThread_com.huawei.u2000.pf.frame.ui.slipTable.SlipTableMsgService	Thread.getStackTrace(1559)	register slip , return result/ view id : 1 / 4245242
2025-12-22 10:04:52	INFO	SvTableMsgReceiver Thread-84884	Thread.getStackTrace(1559)	recieve message cmdcode:12639
2025-12-22 10:04:52	INFO	SvTableMsgReceiver Thread-147981	Thread.getStackTrace(1559)	recieve message cmdcode:12639
2025-12-22 10:04:52	INFO	SvTableMsgReceiver Thread-148762	Thread.getStackTrace(1559)	recieve message cmdcode:12639
2025-12-22 10:04:52	INFO	SvTableMsgReceiver Thread-153331	Thread.getStackTrace(1559)	recieve message cmdcode:12639
2025-12-22 10:04:52	INFO	SvTableMsgReceiver Thread-162451	Thread.getStackTrace(1559)	recieve message cmdcode:12639
2025-12-22 10:04:54	INFO	pool-14-thread-16	Thread.getStackTrace(1559)	unregister slip, view id : 4245242
2025-12-22 10:04:54	INFO	pool-14-thread-16	Thread.getStackTrace(1559)	unregister slip progress, view id : 4245242
2025-12-22 10:05:02	INFO	SvTableMsgReceiver Thread-84884	Thread.getStackTrace(1559)	recieve message cmdcode:12639
2025-12-22 10:05:02	INFO	SvTableMsgReceiver Thread-84884	Thread.getStackTrace(1559)	can not find SvTablePanel : 10214314
2025-12-22 10:05:02	INFO	SvTableMsgReceiver Thread-148762	Thread.getStackTrace(1559)	recieve message cmdcode:12639
2025-12-22 10:05:02	INFO	SvTableMsgReceiver Thread-147981	Thread.getStackTrace(1559)	recieve message cmdcode:12639
2025-12-22 10:05:02	INFO	SvTableMsgReceiver Thread-147981	Thread.getStackTrace(1559)	can not find SvTablePanel : 10214314
2025-12-22 10:05:02	INFO	SvTableMsgReceiver Thread-148762	Thread.getStackTrace(1559)	can not find SvTablePanel : 10214314
2025-12-22 10:05:02	INFO	SvTableMsgReceiver Thread-153331	Thread.getStackTrace(1559)	recieve message cmdcode:12639
2025-12-22 10:05:02	INFO	SvTableMsgReceiver Thread-153331	Thread.getStackTrace(1559)	can not find SvTablePanel : 10214314
2025-12-22 10:05:04	INFO	SvTableMsgReceiver Thread-84884	Thread.getStackTrace(1559)	recieve message cmdcode:12639
2025-12-22 10:05:04	INFO	SvTableMsgReceiver Thread-84884	Thread.getStackTrace(1559)	can not find SvTablePanel : 18509512
2025-12-22 10:05:04	INFO	SvTableMsgReceiver Thread-147981	Thread.getStackTrace(1559)	recieve message cmdcode:12639
2025-12-22 10:05:04	INFO	SvTableMsgReceiver Thread-153331	Thread.getStackTrace(1559)	recieve message cmdcode:12639
2025-12-22 10:05:04	INFO	SvTableMsgReceiver Thread-147981	Thread.getStackTrace(1559)	can not find SvTablePanel : 18509512
2025-12-22 10:05:04	INFO	SvTableMsgReceiver Thread-148762	Thread.getStackTrace(1559)	recieve message cmdcode:12639
2025-12-22 10:05:04	INFO	SvTableMsgReceiver Thread-153331	Thread.getStackTrace(1559)	can not find SvTablePanel : 18509512
2025-12-22 10:05:04	INFO	SvTableMsgReceiver Thread-148762	Thread.getStackTrace(1559)	can not find SvTablePanel : 18509512
2025-12-22 10:05:17	INFO	AWT-EventQueue-0	Thread.getStackTrace(1559)	create new SvTablePanel instance, view id :7591852
2025-12-22 10:05:17	INFO	AWT-EventQueue-0	Thread.getStackTrace(1559)	register slip progress, view id : 7591852
2025-12-22 10:05:17	INFO	SlipWinThread_com.huawei.u2000.ucbb.table.slip.SlipTableMsgService	Thread.getStackTrace(1559)	register slip , return result/ view id : 1 / 7591852
2025-12-22 10:06:23	INFO	AWT-EventQueue-0	Thread.getStackTrace(1559)	unregister slip, view id : 7591852
2025-12-22 10:06:23	INFO	AWT-EventQueue-0	Thread.getStackTrace(1559)	unregister slip progress, view id : 7591852
2025-12-22 10:06:59	INFO	AWT-EventQueue-0	Thread.getStackTrace(1559)	create new SvTablePanel instance, view id :10114721
2025-12-22 10:06:59	INFO	AWT-EventQueue-0	Thread.getStackTrace(1559)	register slip progress, view id : 10114721
2025-12-22 10:06:59	INFO	SlipWinThread_com.huawei.u2000.ucbb.table.slip.SlipTableMsgService	Thread.getStackTrace(1559)	register slip , return result/ view id : 1 / 10114721
2025-12-22 10:07:00	INFO	SvTableMsgReceiver Thread-84884	Thread.getStackTrace(1559)	recieve message cmdcode:12639
2025-12-22 10:07:00	INFO	SvTableMsgReceiver Thread-147981	Thread.getStackTrace(1559)	recieve message cmdcode:12639
2025-12-22 10:07:00	INFO	SvTableMsgReceiver Thread-153331	Thread.getStackTrace(1559)	recieve message cmdcode:12639
2025-12-22 10:07:00	INFO	SvTableMsgReceiver Thread-148762	Thread.getStackTrace(1559)	recieve message cmdcode:12639
2025-12-22 10:07:00	INFO	SvTableMsgReceiver Thread-166954	Thread.getStackTrace(1559)	recieve message cmdcode:12639
2025-12-22 10:07:33	INFO	AWT-EventQueue-0	Thread.getStackTrace(1559)	unregister slip, view id : 10114721
2025-12-22 10:07:33	INFO	AWT-EventQueue-0	Thread.getStackTrace(1559)	unregister slip progress, view id : 10114721
2025-12-22 10:07:40	INFO	AWT-EventQueue-0	Thread.getStackTrace(1559)	create new SvTablePanel instance, view id :32286417
2025-12-22 10:07:40	INFO	AWT-EventQueue-0	Thread.getStackTrace(1559)	register slip progress, view id : 32286417
2025-12-22 10:07:40	INFO	SlipWinThread_com.huawei.u2000.ucbb.table.slip.SlipTableMsgService	Thread.getStackTrace(1559)	register slip , return result/ view id : 1 / 32286417
2025-12-22 10:09:04	INFO	AWT-EventQueue-0	Thread.getStackTrace(1559)	unregister slip, view id : 32286417
2025-12-22 10:09:04	INFO	AWT-EventQueue-0	Thread.getStackTrace(1559)	unregister slip progress, view id : 32286417
2025-12-22 10:09:32	INFO	AWT-EventQueue-0	Thread.getStackTrace(1559)	create new SvTablePanel instance, view id :25070425
2025-12-22 10:09:32	INFO	AWT-EventQueue-0	Thread.getStackTrace(1559)	register slip progress, view id : 25070425
2025-12-22 10:09:32	INFO	SlipWinThread_com.huawei.u2000.ucbb.table.slip.SlipTableMsgService	Thread.getStackTrace(1559)	register slip , return result/ view id : 1 / 25070425
2025-12-22 10:09:33	INFO	SvTableMsgReceiver Thread-84884	Thread.getStackTrace(1559)	recieve message cmdcode:12639
2025-12-22 10:09:33	INFO	SvTableMsgReceiver Thread-153331	Thread.getStackTrace(1559)	recieve message cmdcode:12639
2025-12-22 10:09:33	INFO	SvTableMsgReceiver Thread-147981	Thread.getStackTrace(1559)	recieve message cmdcode:12639
2025-12-22 10:09:33	INFO	SvTableMsgReceiver Thread-148762	Thread.getStackTrace(1559)	recieve message cmdcode:12639
2025-12-22 10:09:33	INFO	SvTableMsgReceiver Thread-174802	Thread.getStackTrace(1559)	recieve message cmdcode:12639
2025-12-22 10:42:47	INFO	AWT-EventQueue-0	Thread.getStackTrace(1559)	create new SvTablePanel instance, view id :5670870
2025-12-22 10:42:47	INFO	AWT-EventQueue-0	Thread.getStackTrace(1559)	register slip progress, view id : 5670870
2025-12-22 10:42:47	INFO	SlipWinThread_com.huawei.u2000.ucbb.table.slip.SlipTableMsgService	Thread.getStackTrace(1559)	register slip , return result/ view id : 1 / 5670870
2025-12-22 10:42:47	INFO	AWT-EventQueue-0	Thread.getStackTrace(1559)	unregister slip, view id : 22198307
2025-12-22 10:42:47	INFO	AWT-EventQueue-0	Thread.getStackTrace(1559)	unregister slip progress, view id : 22198307
2025-12-22 10:43:31	INFO	AWT-EventQueue-0	Thread.getStackTrace(1559)	create new SvTablePanel instance, view id :2867052
2025-12-22 10:43:31	INFO	AWT-EventQueue-0	Thread.getStackTrace(1559)	register slip progress, view id : 2867052
2025-12-22 10:43:31	INFO	SlipWinThread_com.huawei.u2000.ucbb.table.slip.SlipTableMsgService	Thread.getStackTrace(1559)	register slip , return result/ view id : 1 / 2867052
2025-12-22 10:43:31	INFO	AWT-EventQueue-0	Thread.getStackTrace(1559)	unregister slip, view id : 5670870
2025-12-22 10:43:31	INFO	AWT-EventQueue-0	Thread.getStackTrace(1559)	unregister slip progress, view id : 5670870
2025-12-22 10:43:31	INFO	AWT-EventQueue-0	Thread.getStackTrace(1559)	create new SvTablePanel instance, view id :271204
2025-12-22 10:43:31	INFO	AWT-EventQueue-0	Thread.getStackTrace(1559)	register slip progress, view id : 271204
2025-12-22 10:43:31	INFO	SlipWinThread_com.huawei.u2000.ucbb.table.slip.SlipTableMsgService	Thread.getStackTrace(1559)	register slip , return result/ view id : 1 / 271204
2025-12-22 10:43:31	INFO	AWT-EventQueue-0	Thread.getStackTrace(1559)	unregister slip, view id : 2867052
2025-12-22 10:43:31	INFO	AWT-EventQueue-0	Thread.getStackTrace(1559)	unregister slip progress, view id : 2867052
2025-12-22 11:48:48	INFO	AWT-EventQueue-0	Thread.getStackTrace(1559)	create new SvTablePanel instance, view id :9813222
2025-12-22 11:48:48	INFO	AWT-EventQueue-0	Thread.getStackTrace(1559)	register slip progress, view id : 9813222
2025-12-22 11:48:48	INFO	SlipWinThread_com.huawei.u2000.pf.frame.ui.slipTable.SlipTableMsgService	Thread.getStackTrace(1559)	register slip , return result/ view id : 1 / 9813222
2025-12-22 11:48:49	INFO	SvTableMsgReceiver Thread-84884	Thread.getStackTrace(1559)	recieve message cmdcode:12639
2025-12-22 11:48:49	INFO	SvTableMsgReceiver Thread-147981	Thread.getStackTrace(1559)	recieve message cmdcode:12639
2025-12-22 11:48:49	INFO	SvTableMsgReceiver Thread-187198	Thread.getStackTrace(1559)	recieve message cmdcode:12639
2025-12-22 11:48:49	INFO	SvTableMsgReceiver Thread-153331	Thread.getStackTrace(1559)	recieve message cmdcode:12639
2025-12-22 11:48:49	INFO	SvTableMsgReceiver Thread-182078	Thread.getStackTrace(1559)	recieve message cmdcode:12639
2025-12-22 11:48:49	INFO	SvTableMsgReceiver Thread-174802	Thread.getStackTrace(1559)	recieve message cmdcode:12639
2025-12-22 11:48:51	INFO	pool-14-thread-10	Thread.getStackTrace(1559)	unregister slip, view id : 9813222
2025-12-22 11:48:51	INFO	pool-14-thread-10	Thread.getStackTrace(1559)	unregister slip progress, view id : 9813222
2025-12-22 11:48:52	INFO	AWT-EventQueue-0	Thread.getStackTrace(1559)	create new SvTablePanel instance, view id :12205569
2025-12-22 11:48:53	INFO	AWT-EventQueue-0	Thread.getStackTrace(1559)	register slip progress, view id : 12205569
2025-12-22 11:48:53	INFO	SlipWinThread_com.huawei.u2000.pf.frame.ui.slipTable.SlipTableMsgService	Thread.getStackTrace(1559)	register slip , return result/ view id : 1 / 12205569
2025-12-22 11:48:54	INFO	SvTableMsgReceiver Thread-84884	Thread.getStackTrace(1559)	recieve message cmdcode:12639
2025-12-22 11:48:54	INFO	SvTableMsgReceiver Thread-147981	Thread.getStackTrace(1559)	recieve message cmdcode:12639
2025-12-22 11:48:54	INFO	SvTableMsgReceiver Thread-153331	Thread.getStackTrace(1559)	recieve message cmdcode:12639
2025-12-22 11:48:54	INFO	SvTableMsgReceiver Thread-174802	Thread.getStackTrace(1559)	recieve message cmdcode:12639
2025-12-22 11:48:54	INFO	SvTableMsgReceiver Thread-182078	Thread.getStackTrace(1559)	recieve message cmdcode:12639
2025-12-22 11:48:54	INFO	SvTableMsgReceiver Thread-187720	Thread.getStackTrace(1559)	recieve message cmdcode:12639
2025-12-22 11:48:55	INFO	pool-14-thread-10	Thread.getStackTrace(1559)	unregister slip, view id : 12205569
2025-12-22 11:48:55	INFO	pool-14-thread-10	Thread.getStackTrace(1559)	unregister slip progress, view id : 12205569
2025-12-22 11:49:03	INFO	SvTableMsgReceiver Thread-84884	Thread.getStackTrace(1559)	recieve message cmdcode:12639
2025-12-22 11:49:03	INFO	SvTableMsgReceiver Thread-147981	Thread.getStackTrace(1559)	recieve message cmdcode:12639
2025-12-22 11:49:03	INFO	SvTableMsgReceiver Thread-84884	Thread.getStackTrace(1559)	can not find SvTablePanel : 23276119
2025-12-22 11:49:03	INFO	SvTableMsgReceiver Thread-174802	Thread.getStackTrace(1559)	recieve message cmdcode:12639
2025-12-22 11:49:03	INFO	SvTableMsgReceiver Thread-174802	Thread.getStackTrace(1559)	can not find SvTablePanel : 23276119
2025-12-22 11:49:03	INFO	SvTableMsgReceiver Thread-153331	Thread.getStackTrace(1559)	recieve message cmdcode:12639
2025-12-22 11:49:03	INFO	SvTableMsgReceiver Thread-153331	Thread.getStackTrace(1559)	can not find SvTablePanel : 23276119
2025-12-22 11:49:03	INFO	SvTableMsgReceiver Thread-182078	Thread.getStackTrace(1559)	recieve message cmdcode:12639
2025-12-22 11:49:03	INFO	SvTableMsgReceiver Thread-147981	Thread.getStackTrace(1559)	can not find SvTablePanel : 23276119
2025-12-22 11:49:03	INFO	SvTableMsgReceiver Thread-182078	Thread.getStackTrace(1559)	can not find SvTablePanel : 23276119
2025-12-22 11:49:06	INFO	SvTableMsgReceiver Thread-84884	Thread.getStackTrace(1559)	recieve message cmdcode:12639
2025-12-22 11:49:06	INFO	SvTableMsgReceiver Thread-147981	Thread.getStackTrace(1559)	recieve message cmdcode:12639
2025-12-22 11:49:06	INFO	SvTableMsgReceiver Thread-147981	Thread.getStackTrace(1559)	can not find SvTablePanel : 17505014
2025-12-22 11:49:06	INFO	SvTableMsgReceiver Thread-153331	Thread.getStackTrace(1559)	recieve message cmdcode:12639
2025-12-22 11:49:06	INFO	SvTableMsgReceiver Thread-153331	Thread.getStackTrace(1559)	can not find SvTablePanel : 17505014
2025-12-22 11:49:06	INFO	SvTableMsgReceiver Thread-84884	Thread.getStackTrace(1559)	can not find SvTablePanel : 17505014
2025-12-22 11:49:06	INFO	SvTableMsgReceiver Thread-182078	Thread.getStackTrace(1559)	recieve message cmdcode:12639
2025-12-22 11:49:06	INFO	SvTableMsgReceiver Thread-182078	Thread.getStackTrace(1559)	can not find SvTablePanel : 17505014
2025-12-22 11:49:06	INFO	SvTableMsgReceiver Thread-174802	Thread.getStackTrace(1559)	recieve message cmdcode:12639
2025-12-22 11:49:06	INFO	SvTableMsgReceiver Thread-174802	Thread.getStackTrace(1559)	can not find SvTablePanel : 17505014
2025-12-22 11:50:18	INFO	AWT-EventQueue-0	Thread.getStackTrace(1559)	create new SvTablePanel instance, view id :7450278
2025-12-22 11:50:18	INFO	AWT-EventQueue-0	Thread.getStackTrace(1559)	register slip progress, view id : 7450278
2025-12-22 11:50:18	INFO	SlipWinThread_com.huawei.u2000.pf.frame.ui.slipTable.SlipTableMsgService	Thread.getStackTrace(1559)	register slip , return result/ view id : 1 / 7450278
2025-12-22 11:50:19	INFO	SvTableMsgReceiver Thread-84884	Thread.getStackTrace(1559)	recieve message cmdcode:12639
2025-12-22 11:50:19	INFO	SvTableMsgReceiver Thread-147981	Thread.getStackTrace(1559)	recieve message cmdcode:12639
2025-12-22 11:50:19	INFO	SvTableMsgReceiver Thread-153331	Thread.getStackTrace(1559)	recieve message cmdcode:12639
2025-12-22 11:50:19	INFO	SvTableMsgReceiver Thread-174802	Thread.getStackTrace(1559)	recieve message cmdcode:12639
2025-12-22 11:50:19	INFO	SvTableMsgReceiver Thread-182078	Thread.getStackTrace(1559)	recieve message cmdcode:12639
2025-12-22 11:50:19	INFO	SvTableMsgReceiver Thread-193659	Thread.getStackTrace(1559)	recieve message cmdcode:12639
2025-12-22 11:50:20	INFO	pool-14-thread-15	Thread.getStackTrace(1559)	unregister slip, view id : 7450278
2025-12-22 11:50:20	INFO	pool-14-thread-15	Thread.getStackTrace(1559)	unregister slip progress, view id : 7450278
2025-12-22 11:50:21	INFO	AWT-EventQueue-0	Thread.getStackTrace(1559)	create new SvTablePanel instance, view id :18388239
2025-12-22 11:50:21	INFO	AWT-EventQueue-0	Thread.getStackTrace(1559)	register slip progress, view id : 18388239
2025-12-22 11:50:21	INFO	SlipWinThread_com.huawei.u2000.pf.frame.ui.slipTable.SlipTableMsgService	Thread.getStackTrace(1559)	register slip , return result/ view id : 1 / 18388239
2025-12-22 11:50:22	INFO	SvTableMsgReceiver Thread-84884	Thread.getStackTrace(1559)	recieve message cmdcode:12639
2025-12-22 11:50:22	INFO	SvTableMsgReceiver Thread-147981	Thread.getStackTrace(1559)	recieve message cmdcode:12639
2025-12-22 11:50:22	INFO	SvTableMsgReceiver Thread-174802	Thread.getStackTrace(1559)	recieve message cmdcode:12639
2025-12-22 11:50:22	INFO	SvTableMsgReceiver Thread-153331	Thread.getStackTrace(1559)	recieve message cmdcode:12639
2025-12-22 11:50:22	INFO	SvTableMsgReceiver Thread-182078	Thread.getStackTrace(1559)	recieve message cmdcode:12639
2025-12-22 11:50:22	INFO	SvTableMsgReceiver Thread-194113	Thread.getStackTrace(1559)	recieve message cmdcode:12639
2025-12-22 11:50:24	INFO	pool-14-thread-15	Thread.getStackTrace(1559)	unregister slip, view id : 18388239
2025-12-22 11:50:24	INFO	pool-14-thread-15	Thread.getStackTrace(1559)	unregister slip progress, view id : 18388239
2025-12-22 11:50:32	INFO	SvTableMsgReceiver Thread-84884	Thread.getStackTrace(1559)	recieve message cmdcode:12639
2025-12-22 11:50:32	INFO	SvTableMsgReceiver Thread-147981	Thread.getStackTrace(1559)	recieve message cmdcode:12639
2025-12-22 11:50:32	INFO	SvTableMsgReceiver Thread-147981	Thread.getStackTrace(1559)	can not find SvTablePanel : 32794852
2025-12-22 11:50:32	INFO	SvTableMsgReceiver Thread-153331	Thread.getStackTrace(1559)	recieve message cmdcode:12639
2025-12-22 11:50:32	INFO	SvTableMsgReceiver Thread-153331	Thread.getStackTrace(1559)	can not find SvTablePanel : 32794852
2025-12-22 11:50:32	INFO	SvTableMsgReceiver Thread-174802	Thread.getStackTrace(1559)	recieve message cmdcode:12639
2025-12-22 11:50:32	INFO	SvTableMsgReceiver Thread-174802	Thread.getStackTrace(1559)	can not find SvTablePanel : 32794852
2025-12-22 11:50:32	INFO	SvTableMsgReceiver Thread-84884	Thread.getStackTrace(1559)	can not find SvTablePanel : 32794852
2025-12-22 11:50:32	INFO	SvTableMsgReceiver Thread-182078	Thread.getStackTrace(1559)	recieve message cmdcode:12639
2025-12-22 11:50:32	INFO	SvTableMsgReceiver Thread-182078	Thread.getStackTrace(1559)	can not find SvTablePanel : 32794852
2025-12-22 11:50:35	INFO	SvTableMsgReceiver Thread-84884	Thread.getStackTrace(1559)	recieve message cmdcode:12639
2025-12-22 11:50:35	INFO	SvTableMsgReceiver Thread-147981	Thread.getStackTrace(1559)	recieve message cmdcode:12639
2025-12-22 11:50:35	INFO	SvTableMsgReceiver Thread-147981	Thread.getStackTrace(1559)	can not find SvTablePanel : 7996209
2025-12-22 11:50:35	INFO	SvTableMsgReceiver Thread-174802	Thread.getStackTrace(1559)	recieve message cmdcode:12639
2025-12-22 11:50:35	INFO	SvTableMsgReceiver Thread-153331	Thread.getStackTrace(1559)	recieve message cmdcode:12639
2025-12-22 11:50:35	INFO	SvTableMsgReceiver Thread-84884	Thread.getStackTrace(1559)	can not find SvTablePanel : 7996209
2025-12-22 11:50:35	INFO	SvTableMsgReceiver Thread-153331	Thread.getStackTrace(1559)	can not find SvTablePanel : 7996209
2025-12-22 11:50:35	INFO	SvTableMsgReceiver Thread-174802	Thread.getStackTrace(1559)	can not find SvTablePanel : 7996209
2025-12-22 11:50:35	INFO	SvTableMsgReceiver Thread-182078	Thread.getStackTrace(1559)	recieve message cmdcode:12639
2025-12-22 11:50:35	INFO	SvTableMsgReceiver Thread-182078	Thread.getStackTrace(1559)	can not find SvTablePanel : 7996209
2025-12-22 11:50:55	INFO	AWT-EventQueue-0	Thread.getStackTrace(1559)	create new SvTablePanel instance, view id :25054035
2025-12-22 11:50:55	INFO	AWT-EventQueue-0	Thread.getStackTrace(1559)	register slip progress, view id : 25054035
2025-12-22 11:50:55	INFO	SlipWinThread_com.huawei.u2000.ucbb.table.slip.SlipTableMsgService	Thread.getStackTrace(1559)	register slip , return result/ view id : 1 / 25054035
2025-12-22 11:51:53	INFO	AWT-EventQueue-0	Thread.getStackTrace(1559)	create new SvTablePanel instance, view id :57385
2025-12-22 11:51:53	INFO	AWT-EventQueue-0	Thread.getStackTrace(1559)	register slip progress, view id : 57385
2025-12-22 11:51:53	INFO	SlipWinThread_com.huawei.u2000.ucbb.table.slip.SlipTableMsgService	Thread.getStackTrace(1559)	register slip , return result/ view id : 1 / 57385
2025-12-22 11:52:13	INFO	AWT-EventQueue-0	Thread.getStackTrace(1559)	unregister slip, view id : 25054035
2025-12-22 11:52:13	INFO	AWT-EventQueue-0	Thread.getStackTrace(1559)	unregister slip progress, view id : 25054035
2025-12-22 12:03:47	INFO	AWT-EventQueue-0	Thread.getStackTrace(1559)	unregister slip, view id : 6511997
2025-12-22 12:03:47	INFO	AWT-EventQueue-0	Thread.getStackTrace(1559)	unregister slip progress, view id : 6511997
2025-12-22 12:03:50	INFO	AWT-EventQueue-0	Thread.getStackTrace(1559)	create new SvTablePanel instance, view id :25336393
2025-12-22 12:03:50	INFO	AWT-EventQueue-0	Thread.getStackTrace(1559)	register slip progress, view id : 25336393
2025-12-22 12:03:50	INFO	SlipWinThread_com.huawei.u2000.ucbb.table.slip.SlipTableMsgService	Thread.getStackTrace(1559)	register slip , return result/ view id : 1 / 25336393
2025-12-22 12:04:08	INFO	AWT-EventQueue-0	Thread.getStackTrace(1559)	create new SvTablePanel instance, view id :4139957
2025-12-22 12:04:08	INFO	AWT-EventQueue-0	Thread.getStackTrace(1559)	register slip progress, view id : 4139957
2025-12-22 12:04:08	INFO	SlipWinThread_com.huawei.u2000.ucbb.table.slip.SlipTableMsgService	Thread.getStackTrace(1559)	register slip , return result/ view id : 1 / 4139957
2025-12-22 12:04:10	INFO	AWT-EventQueue-0	Thread.getStackTrace(1559)	create new SvTablePanel instance, view id :1663915
2025-12-22 12:04:10	INFO	AWT-EventQueue-0	Thread.getStackTrace(1559)	register slip progress, view id : 1663915
2025-12-22 12:04:10	INFO	SlipWinThread_com.huawei.u2000.ucbb.table.slip.SlipTableMsgService	Thread.getStackTrace(1559)	register slip , return result/ view id : 1 / 1663915
2025-12-22 12:04:10	INFO	AWT-EventQueue-0	Thread.getStackTrace(1559)	unregister slip, view id : 4139957
2025-12-22 12:04:10	INFO	AWT-EventQueue-0	Thread.getStackTrace(1559)	unregister slip progress, view id : 4139957
2025-12-22 12:04:10	INFO	AWT-EventQueue-0	Thread.getStackTrace(1559)	create new SvTablePanel instance, view id :16518892
2025-12-22 12:04:10	INFO	AWT-EventQueue-0	Thread.getStackTrace(1559)	register slip progress, view id : 16518892
2025-12-22 12:04:10	INFO	SlipWinThread_com.huawei.u2000.ucbb.table.slip.SlipTableMsgService	Thread.getStackTrace(1559)	register slip , return result/ view id : 1 / 16518892
2025-12-22 12:04:10	INFO	AWT-EventQueue-0	Thread.getStackTrace(1559)	unregister slip, view id : 1663915
2025-12-22 12:04:10	INFO	AWT-EventQueue-0	Thread.getStackTrace(1559)	unregister slip progress, view id : 1663915
2025-12-22 12:04:17	INFO	AWT-EventQueue-0	Thread.getStackTrace(1559)	create new SvTablePanel instance, view id :11257746
2025-12-22 12:04:17	INFO	AWT-EventQueue-0	Thread.getStackTrace(1559)	register slip progress, view id : 11257746
2025-12-22 12:04:17	INFO	SlipWinThread_com.huawei.u2000.pf.frame.ui.slipTable.SlipTableMsgService	Thread.getStackTrace(1559)	register slip , return result/ view id : 1 / 11257746
2025-12-22 12:04:18	INFO	SvTableMsgReceiver Thread-84884	Thread.getStackTrace(1559)	recieve message cmdcode:12639
2025-12-22 12:04:18	INFO	SvTableMsgReceiver Thread-147981	Thread.getStackTrace(1559)	recieve message cmdcode:12639
2025-12-22 12:04:18	INFO	SvTableMsgReceiver Thread-174802	Thread.getStackTrace(1559)	recieve message cmdcode:12639
2025-12-22 12:04:18	INFO	SvTableMsgReceiver Thread-182078	Thread.getStackTrace(1559)	recieve message cmdcode:12639
2025-12-22 12:04:18	INFO	SvTableMsgReceiver Thread-198827	Thread.getStackTrace(1559)	recieve message cmdcode:12639
2025-12-22 12:04:18	INFO	SvTableMsgReceiver Thread-205505	Thread.getStackTrace(1559)	recieve message cmdcode:12639
2025-12-22 12:04:18	INFO	SvTableMsgReceiver Thread-207590	Thread.getStackTrace(1559)	recieve message cmdcode:12639
2025-12-22 12:04:18	INFO	SvTableMsgReceiver Thread-208452	Thread.getStackTrace(1559)	recieve message cmdcode:12639
2025-12-22 12:04:19	INFO	pool-14-thread-10	Thread.getStackTrace(1559)	unregister slip, view id : 11257746
2025-12-22 12:04:19	INFO	pool-14-thread-10	Thread.getStackTrace(1559)	unregister slip progress, view id : 11257746
2025-12-22 12:04:21	INFO	AWT-EventQueue-0	Thread.getStackTrace(1559)	create new SvTablePanel instance, view id :2614579
2025-12-22 12:04:21	INFO	AWT-EventQueue-0	Thread.getStackTrace(1559)	register slip progress, view id : 2614579
2025-12-22 12:04:21	INFO	SlipWinThread_com.huawei.u2000.ucbb.table.slip.SlipTableMsgService	Thread.getStackTrace(1559)	register slip , return result/ view id : 1 / 2614579
2025-12-22 12:04:21	INFO	AWT-EventQueue-0	Thread.getStackTrace(1559)	unregister slip, view id : 16518892
2025-12-22 12:04:21	INFO	AWT-EventQueue-0	Thread.getStackTrace(1559)	unregister slip progress, view id : 16518892
2025-12-22 12:04:21	INFO	AWT-EventQueue-0	Thread.getStackTrace(1559)	create new SvTablePanel instance, view id :22248120
2025-12-22 12:04:21	INFO	AWT-EventQueue-0	Thread.getStackTrace(1559)	register slip progress, view id : 22248120
2025-12-22 12:04:21	INFO	SlipWinThread_com.huawei.u2000.ucbb.table.slip.SlipTableMsgService	Thread.getStackTrace(1559)	register slip , return result/ view id : 1 / 22248120
2025-12-22 12:04:21	INFO	AWT-EventQueue-0	Thread.getStackTrace(1559)	unregister slip, view id : 2614579
2025-12-22 12:04:21	INFO	AWT-EventQueue-0	Thread.getStackTrace(1559)	unregister slip progress, view id : 2614579
2025-12-23 03:56:44	INFO	AWT-EventQueue-0	Thread.getStackTrace(1559)	start slip view
2025-12-23 03:56:44	INFO	AWT-EventQueue-0	Thread.getStackTrace(1559)	create new SvTablePanel instance, view id :16741280
2025-12-23 03:56:44	INFO	AWT-EventQueue-0	Thread.getStackTrace(1559)	register slip progress, view id : 16741280
2025-12-23 03:56:44	INFO	SlipWinThread_com.huawei.u2000.ucbb.table.slip.SlipTableMsgService	Thread.getStackTrace(1559)	register slip , return result/ view id : 1 / 16741280
2025-12-23 03:56:55	INFO	AWT-EventQueue-0	Thread.getStackTrace(1559)	unregister slip, view id : 16741280
2025-12-23 03:56:55	INFO	AWT-EventQueue-0	Thread.getStackTrace(1559)	unregister slip progress, view id : 16741280
2025-12-23 04:02:59	INFO	AWT-EventQueue-0	Thread.getStackTrace(1559)	create new SvTablePanel instance, view id :19386818
2025-12-23 04:02:59	INFO	AWT-EventQueue-0	Thread.getStackTrace(1559)	register slip progress, view id : 19386818
2025-12-23 04:02:59	INFO	SlipWinThread_com.huawei.u2000.ucbb.table.slip.SlipTableMsgService	Thread.getStackTrace(1559)	register slip , return result/ view id : 1 / 19386818
2025-12-23 04:03:07	INFO	AWT-EventQueue-0	Thread.getStackTrace(1559)	create new SvTablePanel instance, view id :16461338
2025-12-23 04:03:07	INFO	AWT-EventQueue-0	Thread.getStackTrace(1559)	register slip progress, view id : 16461338
2025-12-23 04:03:07	INFO	SlipWinThread_com.huawei.u2000.ucbb.table.slip.SlipTableMsgService	Thread.getStackTrace(1559)	register slip , return result/ view id : 1 / 16461338
2025-12-23 04:03:07	INFO	AWT-EventQueue-0	Thread.getStackTrace(1559)	unregister slip, view id : 19386818
2025-12-23 04:03:07	INFO	AWT-EventQueue-0	Thread.getStackTrace(1559)	unregister slip progress, view id : 19386818
2025-12-23 04:03:24	INFO	AWT-EventQueue-0	Thread.getStackTrace(1559)	create new SvTablePanel instance, view id :3471963
2025-12-23 04:03:24	INFO	AWT-EventQueue-0	Thread.getStackTrace(1559)	register slip progress, view id : 3471963
2025-12-23 04:03:24	INFO	SlipWinThread_com.huawei.u2000.ucbb.table.slip.SlipTableMsgService	Thread.getStackTrace(1559)	register slip , return result/ view id : 1 / 3471963
2025-12-23 04:03:24	INFO	AWT-EventQueue-0	Thread.getStackTrace(1559)	unregister slip, view id : 16461338
2025-12-23 04:03:24	INFO	AWT-EventQueue-0	Thread.getStackTrace(1559)	unregister slip progress, view id : 16461338
2025-12-23 04:03:25	INFO	AWT-EventQueue-0	Thread.getStackTrace(1559)	create new SvTablePanel instance, view id :8170102
2025-12-23 04:03:25	INFO	AWT-EventQueue-0	Thread.getStackTrace(1559)	register slip progress, view id : 8170102
2025-12-23 04:03:25	INFO	SlipWinThread_com.huawei.u2000.ucbb.table.slip.SlipTableMsgService	Thread.getStackTrace(1559)	register slip , return result/ view id : 1 / 8170102
2025-12-23 04:03:25	INFO	AWT-EventQueue-0	Thread.getStackTrace(1559)	unregister slip, view id : 3471963
2025-12-23 04:03:25	INFO	AWT-EventQueue-0	Thread.getStackTrace(1559)	unregister slip progress, view id : 3471963
2025-12-23 04:03:27	INFO	AWT-EventQueue-0	Thread.getStackTrace(1559)	create new SvTablePanel instance, view id :30292570
2025-12-23 04:03:27	INFO	AWT-EventQueue-0	Thread.getStackTrace(1559)	register slip progress, view id : 30292570
2025-12-23 04:03:27	INFO	SlipWinThread_com.huawei.u2000.ucbb.table.slip.SlipTableMsgService	Thread.getStackTrace(1559)	register slip , return result/ view id : 1 / 30292570
2025-12-23 04:03:27	INFO	AWT-EventQueue-0	Thread.getStackTrace(1559)	unregister slip, view id : 8170102
2025-12-23 04:03:27	INFO	AWT-EventQueue-0	Thread.getStackTrace(1559)	unregister slip progress, view id : 8170102
2025-12-23 04:03:28	INFO	AWT-EventQueue-0	Thread.getStackTrace(1559)	create new SvTablePanel instance, view id :26964873
2025-12-23 04:03:28	INFO	AWT-EventQueue-0	Thread.getStackTrace(1559)	register slip progress, view id : 26964873
2025-12-23 04:03:28	INFO	SlipWinThread_com.huawei.u2000.ucbb.table.slip.SlipTableMsgService	Thread.getStackTrace(1559)	register slip , return result/ view id : 1 / 26964873
2025-12-23 04:03:28	INFO	AWT-EventQueue-0	Thread.getStackTrace(1559)	unregister slip, view id : 30292570
2025-12-23 04:03:28	INFO	AWT-EventQueue-0	Thread.getStackTrace(1559)	unregister slip progress, view id : 30292570
2025-12-23 04:05:34	INFO	AWT-EventQueue-0	Thread.getStackTrace(1559)	create new SvTablePanel instance, view id :12318575
2025-12-23 04:05:34	INFO	AWT-EventQueue-0	Thread.getStackTrace(1559)	register slip progress, view id : 12318575
2025-12-23 04:05:34	INFO	SlipWinThread_com.huawei.u2000.ucbb.table.slip.SlipTableMsgService	Thread.getStackTrace(1559)	register slip , return result/ view id : 1 / 12318575
2025-12-23 04:05:34	INFO	AWT-EventQueue-0	Thread.getStackTrace(1559)	unregister slip, view id : 26964873
2025-12-23 04:05:34	INFO	AWT-EventQueue-0	Thread.getStackTrace(1559)	unregister slip progress, view id : 26964873
2025-12-23 04:05:48	INFO	AWT-EventQueue-0	Thread.getStackTrace(1559)	create new SvTablePanel instance, view id :4372000
2025-12-23 04:05:48	INFO	AWT-EventQueue-0	Thread.getStackTrace(1559)	register slip progress, view id : 4372000
2025-12-23 04:05:48	INFO	SlipWinThread_com.huawei.u2000.ucbb.table.slip.SlipTableMsgService	Thread.getStackTrace(1559)	register slip , return result/ view id : 1 / 4372000
2025-12-23 04:05:48	INFO	AWT-EventQueue-0	Thread.getStackTrace(1559)	unregister slip, view id : 12318575
2025-12-23 04:05:48	INFO	AWT-EventQueue-0	Thread.getStackTrace(1559)	unregister slip progress, view id : 12318575
2025-12-23 04:05:49	INFO	AWT-EventQueue-0	Thread.getStackTrace(1559)	create new SvTablePanel instance, view id :5509648
2025-12-23 04:05:49	INFO	AWT-EventQueue-0	Thread.getStackTrace(1559)	register slip progress, view id : 5509648
2025-12-23 04:05:49	INFO	SlipWinThread_com.huawei.u2000.ucbb.table.slip.SlipTableMsgService	Thread.getStackTrace(1559)	register slip , return result/ view id : 1 / 5509648
2025-12-23 04:05:49	INFO	AWT-EventQueue-0	Thread.getStackTrace(1559)	unregister slip, view id : 4372000
2025-12-23 04:05:49	INFO	AWT-EventQueue-0	Thread.getStackTrace(1559)	unregister slip progress, view id : 4372000
2025-12-23 04:05:54	INFO	AWT-EventQueue-0	Thread.getStackTrace(1559)	create new SvTablePanel instance, view id :21146396
2025-12-23 04:05:54	INFO	AWT-EventQueue-0	Thread.getStackTrace(1559)	register slip progress, view id : 21146396
2025-12-23 04:05:54	INFO	SlipWinThread_com.huawei.u2000.ucbb.table.slip.SlipTableMsgService	Thread.getStackTrace(1559)	register slip , return result/ view id : 1 / 21146396
2025-12-23 04:05:54	INFO	AWT-EventQueue-0	Thread.getStackTrace(1559)	unregister slip, view id : 5509648
2025-12-23 04:05:54	INFO	AWT-EventQueue-0	Thread.getStackTrace(1559)	unregister slip progress, view id : 5509648
2025-12-23 04:06:03	INFO	AWT-EventQueue-0	Thread.getStackTrace(1559)	create new SvTablePanel instance, view id :32213243
2025-12-23 04:06:03	INFO	AWT-EventQueue-0	Thread.getStackTrace(1559)	register slip progress, view id : 32213243
2025-12-23 04:06:03	INFO	SlipWinThread_com.huawei.u2000.ucbb.table.slip.SlipTableMsgService	Thread.getStackTrace(1559)	register slip , return result/ view id : 1 / 32213243
2025-12-23 04:06:03	INFO	AWT-EventQueue-0	Thread.getStackTrace(1559)	unregister slip, view id : 21146396
2025-12-23 04:06:03	INFO	AWT-EventQueue-0	Thread.getStackTrace(1559)	unregister slip progress, view id : 21146396
2025-12-23 04:06:03	INFO	AWT-EventQueue-0	Thread.getStackTrace(1559)	create new SvTablePanel instance, view id :13071651
2025-12-23 04:06:03	INFO	AWT-EventQueue-0	Thread.getStackTrace(1559)	register slip progress, view id : 13071651
2025-12-23 04:06:03	INFO	SlipWinThread_com.huawei.u2000.ucbb.table.slip.SlipTableMsgService	Thread.getStackTrace(1559)	register slip , return result/ view id : 1 / 13071651
2025-12-23 04:06:03	INFO	AWT-EventQueue-0	Thread.getStackTrace(1559)	unregister slip, view id : 32213243
2025-12-23 04:06:03	INFO	AWT-EventQueue-0	Thread.getStackTrace(1559)	unregister slip progress, view id : 32213243
2025-12-23 04:08:43	INFO	AWT-EventQueue-0	Thread.getStackTrace(1559)	create new SvTablePanel instance, view id :30690727
2025-12-23 04:08:43	INFO	AWT-EventQueue-0	Thread.getStackTrace(1559)	register slip progress, view id : 30690727
2025-12-23 04:08:43	INFO	SlipWinThread_com.huawei.u2000.ucbb.table.slip.SlipTableMsgService	Thread.getStackTrace(1559)	register slip , return result/ view id : 1 / 30690727
2025-12-23 04:08:43	INFO	AWT-EventQueue-0	Thread.getStackTrace(1559)	unregister slip, view id : 13071651
2025-12-23 04:08:43	INFO	AWT-EventQueue-0	Thread.getStackTrace(1559)	unregister slip progress, view id : 13071651
2025-12-23 04:08:43	INFO	AWT-EventQueue-0	Thread.getStackTrace(1559)	create new SvTablePanel instance, view id :21776029
2025-12-23 04:08:43	INFO	AWT-EventQueue-0	Thread.getStackTrace(1559)	register slip progress, view id : 21776029
2025-12-23 04:08:43	INFO	SlipWinThread_com.huawei.u2000.ucbb.table.slip.SlipTableMsgService	Thread.getStackTrace(1559)	register slip , return result/ view id : 1 / 21776029
2025-12-23 04:08:43	INFO	AWT-EventQueue-0	Thread.getStackTrace(1559)	unregister slip, view id : 30690727
2025-12-23 04:08:43	INFO	AWT-EventQueue-0	Thread.getStackTrace(1559)	unregister slip progress, view id : 30690727
2025-12-23 04:22:25	INFO	AWT-EventQueue-0	Thread.getStackTrace(1559)	create new SvTablePanel instance, view id :23282165
2025-12-23 04:22:25	INFO	AWT-EventQueue-0	Thread.getStackTrace(1559)	register slip progress, view id : 23282165
2025-12-23 04:22:25	INFO	SlipWinThread_com.huawei.u2000.ucbb.table.slip.SlipTableMsgService	Thread.getStackTrace(1559)	register slip , return result/ view id : 1 / 23282165
2025-12-23 04:22:25	INFO	AWT-EventQueue-0	Thread.getStackTrace(1559)	unregister slip, view id : 21776029
2025-12-23 04:22:25	INFO	AWT-EventQueue-0	Thread.getStackTrace(1559)	unregister slip progress, view id : 21776029
2025-12-23 04:22:25	INFO	AWT-EventQueue-0	Thread.getStackTrace(1559)	create new SvTablePanel instance, view id :21661606
2025-12-23 04:22:25	INFO	AWT-EventQueue-0	Thread.getStackTrace(1559)	register slip progress, view id : 21661606
2025-12-23 04:22:25	INFO	SlipWinThread_com.huawei.u2000.ucbb.table.slip.SlipTableMsgService	Thread.getStackTrace(1559)	register slip , return result/ view id : 1 / 21661606
2025-12-23 04:22:25	INFO	AWT-EventQueue-0	Thread.getStackTrace(1559)	unregister slip, view id : 23282165
2025-12-23 04:22:25	INFO	AWT-EventQueue-0	Thread.getStackTrace(1559)	unregister slip progress, view id : 23282165
2025-12-23 04:22:53	INFO	AWT-EventQueue-0	Thread.getStackTrace(1559)	create new SvTablePanel instance, view id :27546884
2025-12-23 04:22:53	INFO	AWT-EventQueue-0	Thread.getStackTrace(1559)	register slip progress, view id : 27546884
2025-12-23 04:22:53	INFO	SlipWinThread_com.huawei.u2000.ucbb.table.slip.SlipTableMsgService	Thread.getStackTrace(1559)	register slip , return result/ view id : 1 / 27546884
2025-12-23 04:22:53	INFO	AWT-EventQueue-0	Thread.getStackTrace(1559)	unregister slip, view id : 21661606
2025-12-23 04:22:53	INFO	AWT-EventQueue-0	Thread.getStackTrace(1559)	unregister slip progress, view id : 21661606
2025-12-23 04:23:06	INFO	AWT-EventQueue-0	Thread.getStackTrace(1559)	create new SvTablePanel instance, view id :10546697
2025-12-23 04:23:06	INFO	AWT-EventQueue-0	Thread.getStackTrace(1559)	register slip progress, view id : 10546697
2025-12-23 04:23:06	INFO	SlipWinThread_com.huawei.u2000.ucbb.table.slip.SlipTableMsgService	Thread.getStackTrace(1559)	register slip , return result/ view id : 1 / 10546697
2025-12-23 04:23:06	INFO	AWT-EventQueue-0	Thread.getStackTrace(1559)	unregister slip, view id : 27546884
2025-12-23 04:23:06	INFO	AWT-EventQueue-0	Thread.getStackTrace(1559)	unregister slip progress, view id : 27546884
2025-12-23 04:23:13	INFO	AWT-EventQueue-0	Thread.getStackTrace(1559)	create new SvTablePanel instance, view id :15720452
2025-12-23 04:23:13	INFO	AWT-EventQueue-0	Thread.getStackTrace(1559)	register slip progress, view id : 15720452
2025-12-23 04:23:13	INFO	SlipWinThread_com.huawei.u2000.ucbb.table.slip.SlipTableMsgService	Thread.getStackTrace(1559)	register slip , return result/ view id : 1 / 15720452
2025-12-23 04:23:13	INFO	AWT-EventQueue-0	Thread.getStackTrace(1559)	unregister slip, view id : 10546697
2025-12-23 04:23:13	INFO	AWT-EventQueue-0	Thread.getStackTrace(1559)	unregister slip progress, view id : 10546697
2025-12-23 04:29:15	INFO	AWT-EventQueue-0	Thread.getStackTrace(1559)	create new SvTablePanel instance, view id :32688266
2025-12-23 04:29:15	INFO	AWT-EventQueue-0	Thread.getStackTrace(1559)	register slip progress, view id : 32688266
2025-12-23 04:29:15	INFO	SlipWinThread_com.huawei.u2000.ucbb.table.slip.SlipTableMsgService	Thread.getStackTrace(1559)	register slip , return result/ view id : 1 / 32688266
2025-12-23 04:29:15	INFO	AWT-EventQueue-0	Thread.getStackTrace(1559)	unregister slip, view id : 15720452
2025-12-23 04:29:15	INFO	AWT-EventQueue-0	Thread.getStackTrace(1559)	unregister slip progress, view id : 15720452
2025-12-23 04:30:31	INFO	AWT-EventQueue-0	Thread.getStackTrace(1559)	create new SvTablePanel instance, view id :21018954
2025-12-23 04:30:31	INFO	AWT-EventQueue-0	Thread.getStackTrace(1559)	register slip progress, view id : 21018954
2025-12-23 04:30:31	INFO	SlipWinThread_com.huawei.u2000.ucbb.table.slip.SlipTableMsgService	Thread.getStackTrace(1559)	register slip , return result/ view id : 1 / 21018954
2025-12-23 04:30:31	INFO	AWT-EventQueue-0	Thread.getStackTrace(1559)	unregister slip, view id : 32688266
2025-12-23 04:30:31	INFO	AWT-EventQueue-0	Thread.getStackTrace(1559)	unregister slip progress, view id : 32688266
2025-12-23 04:30:39	INFO	AWT-EventQueue-0	Thread.getStackTrace(1559)	create new SvTablePanel instance, view id :9466557
2025-12-23 04:30:39	INFO	AWT-EventQueue-0	Thread.getStackTrace(1559)	register slip progress, view id : 9466557
2025-12-23 04:30:39	INFO	SlipWinThread_com.huawei.u2000.ucbb.table.slip.SlipTableMsgService	Thread.getStackTrace(1559)	register slip , return result/ view id : 1 / 9466557
2025-12-23 04:30:39	INFO	AWT-EventQueue-0	Thread.getStackTrace(1559)	unregister slip, view id : 21018954
2025-12-23 04:30:39	INFO	AWT-EventQueue-0	Thread.getStackTrace(1559)	unregister slip progress, view id : 21018954
2025-12-23 04:31:27	INFO	SvTableMsgReceiver Thread-52173	Thread.getStackTrace(1559)	recieve message cmdcode:12639
2025-12-23 04:32:37	INFO	AWT-EventQueue-0	Thread.getStackTrace(1559)	create new SvTablePanel instance, view id :16547658
2025-12-23 04:32:37	INFO	AWT-EventQueue-0	Thread.getStackTrace(1559)	register slip progress, view id : 16547658
2025-12-23 04:32:37	INFO	SlipWinThread_com.huawei.u2000.ucbb.table.slip.SlipTableMsgService	Thread.getStackTrace(1559)	register slip , return result/ view id : 1 / 16547658
2025-12-23 04:32:37	INFO	AWT-EventQueue-0	Thread.getStackTrace(1559)	unregister slip, view id : 9466557
2025-12-23 04:32:37	INFO	AWT-EventQueue-0	Thread.getStackTrace(1559)	unregister slip progress, view id : 9466557
2025-12-23 04:32:38	INFO	SvTableMsgReceiver Thread-60406	Thread.getStackTrace(1559)	recieve message cmdcode:12639
2025-12-23 04:32:38	INFO	SvTableMsgReceiver Thread-60406	Thread.getStackTrace(1559)	recieve message cmdcode:12639
2025-12-23 04:33:48	INFO	AWT-EventQueue-0	Thread.getStackTrace(1559)	create new SvTablePanel instance, view id :29867286
2025-12-23 04:33:48	INFO	AWT-EventQueue-0	Thread.getStackTrace(1559)	register slip progress, view id : 29867286
2025-12-23 04:33:48	INFO	SlipWinThread_com.huawei.u2000.ucbb.table.slip.SlipTableMsgService	Thread.getStackTrace(1559)	register slip , return result/ view id : 1 / 29867286
2025-12-23 04:33:48	INFO	AWT-EventQueue-0	Thread.getStackTrace(1559)	unregister slip, view id : 16547658
2025-12-23 04:33:48	INFO	AWT-EventQueue-0	Thread.getStackTrace(1559)	unregister slip progress, view id : 16547658
2025-12-23 04:34:53	INFO	AWT-EventQueue-0	Thread.getStackTrace(1559)	create new SvTablePanel instance, view id :5387619
2025-12-23 04:34:53	INFO	AWT-EventQueue-0	Thread.getStackTrace(1559)	register slip progress, view id : 5387619
2025-12-23 04:34:53	INFO	SlipWinThread_com.huawei.u2000.ucbb.table.slip.SlipTableMsgService	Thread.getStackTrace(1559)	register slip , return result/ view id : 1 / 5387619
2025-12-23 04:34:55	INFO	SvTableMsgReceiver Thread-67061	Thread.getStackTrace(1559)	recieve message cmdcode:12639
2025-12-23 04:34:55	INFO	SvTableMsgReceiver Thread-66018	Thread.getStackTrace(1559)	recieve message cmdcode:12639
2025-12-23 04:35:17	INFO	SvTableMsgReceiver Thread-67061	Thread.getStackTrace(1559)	recieve message cmdcode:12639
2025-12-23 04:35:17	INFO	SvTableMsgReceiver Thread-66018	Thread.getStackTrace(1559)	recieve message cmdcode:12639
2025-12-23 04:35:31	INFO	AWT-EventQueue-0	Thread.getStackTrace(1559)	create new SvTablePanel instance, view id :13365384
2025-12-23 04:35:31	INFO	AWT-EventQueue-0	Thread.getStackTrace(1559)	register slip progress, view id : 13365384
2025-12-23 04:35:31	INFO	SlipWinThread_com.huawei.u2000.ucbb.table.slip.SlipTableMsgService	Thread.getStackTrace(1559)	register slip , return result/ view id : 1 / 13365384
2025-12-23 04:35:31	INFO	AWT-EventQueue-0	Thread.getStackTrace(1559)	unregister slip, view id : 29867286
2025-12-23 04:35:31	INFO	AWT-EventQueue-0	Thread.getStackTrace(1559)	unregister slip progress, view id : 29867286
2025-12-23 04:36:18	INFO	AWT-EventQueue-0	Thread.getStackTrace(1559)	create new SvTablePanel instance, view id :29987959
2025-12-23 04:36:18	INFO	AWT-EventQueue-0	Thread.getStackTrace(1559)	register slip progress, view id : 29987959
2025-12-23 04:36:18	INFO	SlipWinThread_com.huawei.u2000.ucbb.table.slip.SlipTableMsgService	Thread.getStackTrace(1559)	register slip , return result/ view id : 1 / 29987959
2025-12-23 04:36:18	INFO	AWT-EventQueue-0	Thread.getStackTrace(1559)	unregister slip, view id : 13365384
2025-12-23 04:36:18	INFO	AWT-EventQueue-0	Thread.getStackTrace(1559)	unregister slip progress, view id : 13365384
2025-12-23 04:41:15	INFO	AWT-EventQueue-0	Thread.getStackTrace(1559)	create new SvTablePanel instance, view id :24888148
2025-12-23 04:41:15	INFO	AWT-EventQueue-0	Thread.getStackTrace(1559)	register slip progress, view id : 24888148
2025-12-23 04:41:15	INFO	SlipWinThread_com.huawei.u2000.ucbb.table.slip.SlipTableMsgService	Thread.getStackTrace(1559)	register slip , return result/ view id : 1 / 24888148
2025-12-23 04:41:15	INFO	AWT-EventQueue-0	Thread.getStackTrace(1559)	unregister slip, view id : 29987959
2025-12-23 04:41:15	INFO	AWT-EventQueue-0	Thread.getStackTrace(1559)	unregister slip progress, view id : 29987959
2025-12-23 04:46:47	INFO	AWT-EventQueue-0	Thread.getStackTrace(1559)	create new SvTablePanel instance, view id :4052961
2025-12-23 04:46:47	INFO	AWT-EventQueue-0	Thread.getStackTrace(1559)	register slip progress, view id : 4052961
2025-12-23 04:46:47	INFO	SlipWinThread_com.huawei.u2000.ucbb.table.slip.SlipTableMsgService	Thread.getStackTrace(1559)	register slip , return result/ view id : 1 / 4052961
2025-12-23 04:47:03	INFO	SvTableMsgReceiver Thread-67061	Thread.getStackTrace(1559)	recieve message cmdcode:12639
2025-12-23 04:47:03	INFO	SvTableMsgReceiver Thread-83674	Thread.getStackTrace(1559)	recieve message cmdcode:12639
2025-12-23 04:47:03	INFO	SvTableMsgReceiver Thread-86679	Thread.getStackTrace(1559)	recieve message cmdcode:12639
2025-12-23 04:52:57	INFO	SvTableMsgReceiver Thread-67061	Thread.getStackTrace(1559)	recieve message cmdcode:12639
2025-12-23 04:52:57	INFO	SvTableMsgReceiver Thread-86679	Thread.getStackTrace(1559)	recieve message cmdcode:12639
2025-12-23 04:52:57	INFO	SvTableMsgReceiver Thread-83674	Thread.getStackTrace(1559)	recieve message cmdcode:12639
2025-12-23 05:02:47	INFO	AWT-EventQueue-0	Thread.getStackTrace(1559)	create new SvTablePanel instance, view id :2987626
2025-12-23 05:02:47	INFO	AWT-EventQueue-0	Thread.getStackTrace(1559)	create new SvTablePanel instance, view id :32149101
2025-12-23 05:02:47	INFO	AWT-EventQueue-0	Thread.getStackTrace(1559)	create new SvTablePanel instance, view id :87241
2025-12-23 05:02:48	INFO	AWT-EventQueue-0	Thread.getStackTrace(1559)	register slip progress, view id : 2987626
2025-12-23 05:02:48	INFO	SlipWinThread_com.huawei.u2000.pf.frame.ui.slipTable.SlipTableMsgService	Thread.getStackTrace(1559)	register slip , return result/ view id : 1 / 2987626
2025-12-23 05:02:59	INFO	AWT-EventQueue-0	Thread.getStackTrace(1559)	create new SvTablePanel instance, view id :31693822
2025-12-23 05:02:59	INFO	AWT-EventQueue-0	Thread.getStackTrace(1559)	create new SvTablePanel instance, view id :21353411
2025-12-23 05:02:59	INFO	AWT-EventQueue-0	Thread.getStackTrace(1559)	create new SvTablePanel instance, view id :20934178
2025-12-23 05:02:59	INFO	AWT-EventQueue-0	Thread.getStackTrace(1559)	register slip progress, view id : 31693822
2025-12-23 05:02:59	INFO	SlipWinThread_com.huawei.u2000.pf.frame.ui.slipTable.SlipTableMsgService	Thread.getStackTrace(1559)	register slip , return result/ view id : 1 / 31693822
2025-12-23 05:02:59	INFO	pool-14-thread-9	Thread.getStackTrace(1559)	unregister slip, view id : 2987626
2025-12-23 05:02:59	INFO	pool-14-thread-9	Thread.getStackTrace(1559)	unregister slip progress, view id : 2987626
2025-12-23 05:03:00	INFO	SvTableMsgReceiver Thread-67061	Thread.getStackTrace(1559)	recieve message cmdcode:12639
2025-12-23 05:03:00	INFO	SvTableMsgReceiver Thread-86679	Thread.getStackTrace(1559)	recieve message cmdcode:12639
2025-12-23 05:03:00	INFO	SvTableMsgReceiver Thread-98849	Thread.getStackTrace(1559)	recieve message cmdcode:12639
2025-12-23 05:03:00	INFO	SvTableMsgReceiver Thread-83674	Thread.getStackTrace(1559)	recieve message cmdcode:12639
2025-12-23 05:03:23	INFO	AWT-EventQueue-0	Thread.getStackTrace(1559)	create new SvTablePanel instance, view id :16299914
2025-12-23 05:03:23	INFO	AWT-EventQueue-0	Thread.getStackTrace(1559)	create new SvTablePanel instance, view id :28659825
2025-12-23 05:03:23	INFO	AWT-EventQueue-0	Thread.getStackTrace(1559)	create new SvTablePanel instance, view id :18380288
2025-12-23 05:03:23	INFO	AWT-EventQueue-0	Thread.getStackTrace(1559)	register slip progress, view id : 16299914
2025-12-23 05:03:23	INFO	SlipWinThread_com.huawei.u2000.pf.frame.ui.slipTable.SlipTableMsgService	Thread.getStackTrace(1559)	register slip , return result/ view id : 1 / 16299914
2025-12-23 05:03:25	INFO	SvTableMsgReceiver Thread-67061	Thread.getStackTrace(1559)	recieve message cmdcode:12639
2025-12-23 05:03:25	INFO	SvTableMsgReceiver Thread-83674	Thread.getStackTrace(1559)	recieve message cmdcode:12639
2025-12-23 05:03:25	INFO	SvTableMsgReceiver Thread-86679	Thread.getStackTrace(1559)	recieve message cmdcode:12639
2025-12-23 05:03:25	INFO	SvTableMsgReceiver Thread-98849	Thread.getStackTrace(1559)	recieve message cmdcode:12639
2025-12-23 05:03:25	INFO	SvTableMsgReceiver Thread-100290	Thread.getStackTrace(1559)	recieve message cmdcode:12639
2025-12-23 05:06:29	INFO	SvTableMsgReceiver Thread-67061	Thread.getStackTrace(1559)	recieve message cmdcode:12639
2025-12-23 05:06:29	INFO	SvTableMsgReceiver Thread-86679	Thread.getStackTrace(1559)	recieve message cmdcode:12639
2025-12-23 05:06:29	INFO	SvTableMsgReceiver Thread-86679	Thread.getStackTrace(1559)	can not find SvTablePanel : 26225269
2025-12-23 05:06:29	INFO	SvTableMsgReceiver Thread-67061	Thread.getStackTrace(1559)	can not find SvTablePanel : 26225269
2025-12-23 05:06:29	INFO	SvTableMsgReceiver Thread-83674	Thread.getStackTrace(1559)	recieve message cmdcode:12639
2025-12-23 05:06:29	INFO	SvTableMsgReceiver Thread-100290	Thread.getStackTrace(1559)	recieve message cmdcode:12639
2025-12-23 05:06:29	INFO	SvTableMsgReceiver Thread-98849	Thread.getStackTrace(1559)	recieve message cmdcode:12639
2025-12-23 05:06:29	INFO	SvTableMsgReceiver Thread-98849	Thread.getStackTrace(1559)	can not find SvTablePanel : 26225269
2025-12-23 05:06:29	INFO	SvTableMsgReceiver Thread-100290	Thread.getStackTrace(1559)	can not find SvTablePanel : 26225269
2025-12-23 05:06:29	INFO	SvTableMsgReceiver Thread-83674	Thread.getStackTrace(1559)	can not find SvTablePanel : 26225269
2025-12-23 05:07:36	INFO	AWT-EventQueue-0	Thread.getStackTrace(1559)	unregister slip, view id : 4052961
2025-12-23 05:07:36	INFO	AWT-EventQueue-0	Thread.getStackTrace(1559)	unregister slip progress, view id : 4052961
2025-12-23 05:07:51	INFO	AWT-EventQueue-0	Thread.getStackTrace(1559)	create new SvTablePanel instance, view id :12176254
2025-12-23 05:07:51	INFO	AWT-EventQueue-0	Thread.getStackTrace(1559)	register slip progress, view id : 12176254
2025-12-23 05:07:51	INFO	SlipWinThread_com.huawei.u2000.pf.frame.ui.slipTable.SlipTableMsgService	Thread.getStackTrace(1559)	register slip , return result/ view id : 1 / 12176254
2025-12-23 05:07:52	INFO	SvTableMsgReceiver Thread-67061	Thread.getStackTrace(1559)	recieve message cmdcode:12639
2025-12-23 05:07:52	INFO	SvTableMsgReceiver Thread-83674	Thread.getStackTrace(1559)	recieve message cmdcode:12639
2025-12-23 05:07:52	INFO	SvTableMsgReceiver Thread-98849	Thread.getStackTrace(1559)	recieve message cmdcode:12639
2025-12-23 05:07:52	INFO	SvTableMsgReceiver Thread-100290	Thread.getStackTrace(1559)	recieve message cmdcode:12639
2025-12-23 05:07:52	INFO	SvTableMsgReceiver Thread-106995	Thread.getStackTrace(1559)	recieve message cmdcode:12639
2025-12-23 05:07:53	INFO	pool-14-thread-10	Thread.getStackTrace(1559)	unregister slip, view id : 12176254
2025-12-23 05:07:53	INFO	pool-14-thread-10	Thread.getStackTrace(1559)	unregister slip progress, view id : 12176254
2025-12-23 05:07:55	INFO	AWT-EventQueue-0	Thread.getStackTrace(1559)	create new SvTablePanel instance, view id :26936064
2025-12-23 05:07:55	INFO	AWT-EventQueue-0	Thread.getStackTrace(1559)	register slip progress, view id : 26936064
2025-12-23 05:07:55	INFO	SlipWinThread_com.huawei.u2000.pf.frame.ui.slipTable.SlipTableMsgService	Thread.getStackTrace(1559)	register slip , return result/ view id : 1 / 26936064
2025-12-23 05:07:56	INFO	SvTableMsgReceiver Thread-67061	Thread.getStackTrace(1559)	recieve message cmdcode:12639
2025-12-23 05:07:56	INFO	SvTableMsgReceiver Thread-83674	Thread.getStackTrace(1559)	recieve message cmdcode:12639
2025-12-23 05:07:56	INFO	SvTableMsgReceiver Thread-98849	Thread.getStackTrace(1559)	recieve message cmdcode:12639
2025-12-23 05:07:56	INFO	SvTableMsgReceiver Thread-100290	Thread.getStackTrace(1559)	recieve message cmdcode:12639
2025-12-23 05:07:56	INFO	SvTableMsgReceiver Thread-107454	Thread.getStackTrace(1559)	recieve message cmdcode:12639
2025-12-23 05:07:58	INFO	pool-14-thread-10	Thread.getStackTrace(1559)	unregister slip, view id : 26936064
2025-12-23 05:07:58	INFO	pool-14-thread-10	Thread.getStackTrace(1559)	unregister slip progress, view id : 26936064
2025-12-23 05:10:51	INFO	AWT-EventQueue-0	Thread.getStackTrace(1559)	create new SvTablePanel instance, view id :13283999
2025-12-23 05:10:51	INFO	AWT-EventQueue-0	Thread.getStackTrace(1559)	register slip progress, view id : 13283999
2025-12-23 05:10:51	INFO	SlipWinThread_com.huawei.u2000.pf.frame.ui.slipTable.SlipTableMsgService	Thread.getStackTrace(1559)	register slip , return result/ view id : 1 / 13283999
2025-12-23 05:10:52	INFO	SvTableMsgReceiver Thread-83674	Thread.getStackTrace(1559)	recieve message cmdcode:12639
2025-12-23 05:10:52	INFO	SvTableMsgReceiver Thread-67061	Thread.getStackTrace(1559)	recieve message cmdcode:12639
2025-12-23 05:10:52	INFO	SvTableMsgReceiver Thread-98849	Thread.getStackTrace(1559)	recieve message cmdcode:12639
2025-12-23 05:10:52	INFO	SvTableMsgReceiver Thread-100290	Thread.getStackTrace(1559)	recieve message cmdcode:12639
2025-12-23 05:10:52	INFO	SvTableMsgReceiver Thread-110926	Thread.getStackTrace(1559)	recieve message cmdcode:12639
2025-12-23 05:10:55	INFO	pool-14-thread-9	Thread.getStackTrace(1559)	unregister slip, view id : 13283999
2025-12-23 05:10:55	INFO	pool-14-thread-9	Thread.getStackTrace(1559)	unregister slip progress, view id : 13283999
2025-12-23 05:11:18	INFO	AWT-EventQueue-0	Thread.getStackTrace(1559)	create new SvTablePanel instance, view id :236138
2025-12-23 05:11:18	INFO	AWT-EventQueue-0	Thread.getStackTrace(1559)	register slip progress, view id : 236138
2025-12-23 05:11:18	INFO	SlipWinThread_com.huawei.u2000.pf.frame.ui.slipTable.SlipTableMsgService	Thread.getStackTrace(1559)	register slip , return result/ view id : 1 / 236138
2025-12-23 05:11:19	INFO	SvTableMsgReceiver Thread-67061	Thread.getStackTrace(1559)	recieve message cmdcode:12639
2025-12-23 05:11:19	INFO	SvTableMsgReceiver Thread-83674	Thread.getStackTrace(1559)	recieve message cmdcode:12639
2025-12-23 05:11:19	INFO	SvTableMsgReceiver Thread-100290	Thread.getStackTrace(1559)	recieve message cmdcode:12639
2025-12-23 05:11:19	INFO	SvTableMsgReceiver Thread-98849	Thread.getStackTrace(1559)	recieve message cmdcode:12639
2025-12-23 05:11:19	INFO	SvTableMsgReceiver Thread-112608	Thread.getStackTrace(1559)	recieve message cmdcode:12639
2025-12-23 05:11:20	INFO	pool-14-thread-11	Thread.getStackTrace(1559)	unregister slip, view id : 236138
2025-12-23 05:11:20	INFO	pool-14-thread-11	Thread.getStackTrace(1559)	unregister slip progress, view id : 236138
2025-12-23 05:11:32	INFO	pool-14-thread-9	Thread.getStackTrace(1559)	unregister slip, view id : 16299914
2025-12-23 05:11:32	INFO	pool-14-thread-9	Thread.getStackTrace(1559)	unregister slip progress, view id : 16299914
2025-12-23 05:11:32	INFO	pool-14-thread-11	Thread.getStackTrace(1559)	unregister slip, view id : 31693822
2025-12-23 05:11:32	INFO	pool-14-thread-11	Thread.getStackTrace(1559)	unregister slip progress, view id : 31693822
2025-12-23 05:14:16	INFO	AWT-EventQueue-0	Thread.getStackTrace(1559)	create new SvTablePanel instance, view id :22376670
2025-12-23 05:14:16	INFO	AWT-EventQueue-0	Thread.getStackTrace(1559)	register slip progress, view id : 22376670
2025-12-23 05:14:16	INFO	SlipWinThread_com.huawei.u2000.ucbb.table.slip.SlipTableMsgService	Thread.getStackTrace(1559)	register slip , return result/ view id : 1 / 22376670
2025-12-23 05:14:22	INFO	AWT-EventQueue-0	Thread.getStackTrace(1559)	create new SvTablePanel instance, view id :28023401
2025-12-23 05:14:22	INFO	AWT-EventQueue-0	Thread.getStackTrace(1559)	register slip progress, view id : 28023401
2025-12-23 05:14:22	INFO	SlipWinThread_com.huawei.u2000.pf.frame.ui.slipTable.SlipTableMsgService	Thread.getStackTrace(1559)	register slip , return result/ view id : 1 / 28023401
2025-12-23 05:14:23	INFO	SvTableMsgReceiver Thread-67061	Thread.getStackTrace(1559)	recieve message cmdcode:12639
2025-12-23 05:14:23	INFO	SvTableMsgReceiver Thread-83674	Thread.getStackTrace(1559)	recieve message cmdcode:12639
2025-12-23 05:14:23	INFO	SvTableMsgReceiver Thread-121810	Thread.getStackTrace(1559)	recieve message cmdcode:12639
2025-12-23 05:14:23	INFO	SvTableMsgReceiver Thread-122697	Thread.getStackTrace(1559)	recieve message cmdcode:12639
2025-12-23 05:14:24	INFO	pool-14-thread-9	Thread.getStackTrace(1559)	unregister slip, view id : 28023401
2025-12-23 05:14:24	INFO	pool-14-thread-9	Thread.getStackTrace(1559)	unregister slip progress, view id : 28023401
2025-12-23 05:14:25	INFO	AWT-EventQueue-0	Thread.getStackTrace(1559)	create new SvTablePanel instance, view id :33318704
2025-12-23 05:14:25	INFO	AWT-EventQueue-0	Thread.getStackTrace(1559)	register slip progress, view id : 33318704
2025-12-23 05:14:25	INFO	SlipWinThread_com.huawei.u2000.ucbb.table.slip.SlipTableMsgService	Thread.getStackTrace(1559)	register slip , return result/ view id : 1 / 33318704
2025-12-23 05:14:25	INFO	AWT-EventQueue-0	Thread.getStackTrace(1559)	unregister slip, view id : 22376670
2025-12-23 05:14:25	INFO	AWT-EventQueue-0	Thread.getStackTrace(1559)	unregister slip progress, view id : 22376670
2025-12-23 05:14:26	INFO	AWT-EventQueue-0	Thread.getStackTrace(1559)	create new SvTablePanel instance, view id :22567874
2025-12-23 05:14:26	INFO	AWT-EventQueue-0	Thread.getStackTrace(1559)	register slip progress, view id : 22567874
2025-12-23 05:14:26	INFO	SlipWinThread_com.huawei.u2000.ucbb.table.slip.SlipTableMsgService	Thread.getStackTrace(1559)	register slip , return result/ view id : 1 / 22567874
2025-12-23 05:14:26	INFO	AWT-EventQueue-0	Thread.getStackTrace(1559)	unregister slip, view id : 33318704
2025-12-23 05:14:26	INFO	AWT-EventQueue-0	Thread.getStackTrace(1559)	unregister slip progress, view id : 33318704
2025-12-24 11:29:59	INFO	AWT-EventQueue-0	Thread.getStackTrace(1559)	start slip view
2025-12-24 11:29:59	INFO	AWT-EventQueue-0	Thread.getStackTrace(1559)	create new SvTablePanel instance, view id :24810927
2025-12-24 11:29:59	INFO	AWT-EventQueue-0	Thread.getStackTrace(1559)	register slip progress, view id : 24810927
2025-12-24 11:29:59	INFO	SlipWinThread_com.huawei.u2000.ucbb.table.slip.SlipTableMsgService	Thread.getStackTrace(1559)	register slip , return result/ view id : 1 / 24810927
2025-12-24 11:30:00	INFO	SvTableMsgReceiver Thread-4084	Thread.getStackTrace(1559)	recieve message cmdcode:12639
2025-12-24 11:34:29	INFO	SvTableMsgReceiver Thread-4084	Thread.getStackTrace(1559)	recieve message cmdcode:12639
2025-12-24 11:34:31	INFO	SvTableMsgReceiver Thread-4084	Thread.getStackTrace(1559)	recieve message cmdcode:12639
2025-12-24 11:36:18	INFO	SvTableMsgReceiver Thread-4084	Thread.getStackTrace(1559)	recieve message cmdcode:12639
2025-12-24 11:52:16	INFO	AWT-EventQueue-0	Thread.getStackTrace(1559)	unregister slip, view id : 24810927
2025-12-24 11:52:16	INFO	AWT-EventQueue-0	Thread.getStackTrace(1559)	unregister slip progress, view id : 24810927
2025-12-26 03:34:39	INFO	AWT-EventQueue-0	Thread.getStackTrace(1559)	start slip view
2025-12-26 03:34:39	INFO	AWT-EventQueue-0	Thread.getStackTrace(1559)	create new SvTablePanel instance, view id :20263175
2025-12-26 03:34:39	INFO	AWT-EventQueue-0	Thread.getStackTrace(1559)	register slip progress, view id : 20263175
2025-12-26 03:34:39	INFO	SlipWinThread_com.huawei.u2000.ucbb.table.slip.SlipTableMsgService	Thread.getStackTrace(1559)	register slip , return result/ view id : 1 / 20263175
2025-12-26 03:34:41	INFO	SvTableMsgReceiver Thread-5544	Thread.getStackTrace(1559)	recieve message cmdcode:12639
2025-12-26 03:34:54	INFO	AWT-EventQueue-0	Thread.getStackTrace(1559)	unregister slip, view id : 20263175
2025-12-26 03:34:54	INFO	AWT-EventQueue-0	Thread.getStackTrace(1559)	unregister slip progress, view id : 20263175
2025-12-26 08:56:43	INFO	AWT-EventQueue-0	Thread.getStackTrace(1559)	start slip view
2025-12-26 08:56:43	INFO	AWT-EventQueue-0	Thread.getStackTrace(1559)	create new SvTablePanel instance, view id :30997539
2025-12-26 08:56:43	INFO	AWT-EventQueue-0	Thread.getStackTrace(1559)	register slip progress, view id : 30997539
2025-12-26 08:56:43	INFO	SlipWinThread_com.huawei.u2000.ucbb.table.slip.SlipTableMsgService	Thread.getStackTrace(1559)	register slip , return result/ view id : 1 / 30997539
2025-12-26 08:56:44	INFO	SvTableMsgReceiver Thread-6922	Thread.getStackTrace(1559)	recieve message cmdcode:12639
2025-12-26 08:59:33	INFO	AWT-EventQueue-0	Thread.getStackTrace(1559)	unregister slip, view id : 30997539
2025-12-26 08:59:33	INFO	AWT-EventQueue-0	Thread.getStackTrace(1559)	unregister slip progress, view id : 30997539
2025-12-26 08:59:44	INFO	AWT-EventQueue-0	Thread.getStackTrace(1559)	create new SvTablePanel instance, view id :14086167
2025-12-26 08:59:44	INFO	AWT-EventQueue-0	Thread.getStackTrace(1559)	register slip progress, view id : 14086167
2025-12-26 08:59:44	INFO	SlipWinThread_com.huawei.u2000.ucbb.table.slip.SlipTableMsgService	Thread.getStackTrace(1559)	register slip , return result/ view id : 1 / 14086167
2025-12-26 08:59:45	INFO	SvTableMsgReceiver Thread-10040	Thread.getStackTrace(1559)	recieve message cmdcode:12639
2025-12-26 09:01:00	INFO	AWT-EventQueue-0	Thread.getStackTrace(1559)	unregister slip, view id : 14086167
2025-12-26 09:01:00	INFO	AWT-EventQueue-0	Thread.getStackTrace(1559)	unregister slip progress, view id : 14086167
2025-12-26 09:01:44	INFO	AWT-EventQueue-0	Thread.getStackTrace(1559)	create new SvTablePanel instance, view id :25827190
2025-12-26 09:01:44	INFO	AWT-EventQueue-0	Thread.getStackTrace(1559)	register slip progress, view id : 25827190
2025-12-26 09:01:44	INFO	SlipWinThread_com.huawei.u2000.ucbb.table.slip.SlipTableMsgService	Thread.getStackTrace(1559)	register slip , return result/ view id : 1 / 25827190
2025-12-26 09:01:46	INFO	SvTableMsgReceiver Thread-14143	Thread.getStackTrace(1559)	recieve message cmdcode:12639
2025-12-26 09:20:52	INFO	AWT-EventQueue-0	Thread.getStackTrace(1559)	unregister slip, view id : 25827190
2025-12-26 09:20:52	INFO	AWT-EventQueue-0	Thread.getStackTrace(1559)	unregister slip progress, view id : 25827190
2025-12-26 09:23:28	INFO	AWT-EventQueue-0	Thread.getStackTrace(1559)	create new SvTablePanel instance, view id :10893573
2025-12-26 09:23:28	INFO	AWT-EventQueue-0	Thread.getStackTrace(1559)	register slip progress, view id : 10893573
2025-12-26 09:23:28	INFO	SlipWinThread_com.huawei.u2000.pf.frame.ui.slipTable.SlipTableMsgService	Thread.getStackTrace(1559)	register slip , return result/ view id : 1 / 10893573
2025-12-26 09:23:29	INFO	SvTableMsgReceiver Thread-18274	Thread.getStackTrace(1559)	recieve message cmdcode:12639
2025-12-26 09:23:38	INFO	pool-14-thread-14	Thread.getStackTrace(1559)	unregister slip, view id : 10893573
2025-12-26 09:23:38	INFO	pool-14-thread-14	Thread.getStackTrace(1559)	unregister slip progress, view id : 10893573
2025-12-26 09:23:39	INFO	AWT-EventQueue-0	Thread.getStackTrace(1559)	create new SvTablePanel instance, view id :31311123
2025-12-26 09:23:39	INFO	AWT-EventQueue-0	Thread.getStackTrace(1559)	register slip progress, view id : 31311123
2025-12-26 09:23:39	INFO	SlipWinThread_com.huawei.u2000.pf.frame.ui.slipTable.SlipTableMsgService	Thread.getStackTrace(1559)	register slip , return result/ view id : 1 / 31311123
2025-12-26 09:23:40	INFO	SvTableMsgReceiver Thread-18917	Thread.getStackTrace(1559)	recieve message cmdcode:12639
2025-12-26 09:23:50	INFO	pool-14-thread-14	Thread.getStackTrace(1559)	unregister slip, view id : 31311123
2025-12-26 09:23:50	INFO	pool-14-thread-14	Thread.getStackTrace(1559)	unregister slip progress, view id : 31311123
2025-12-26 10:35:17	INFO	AWT-EventQueue-0	Thread.getStackTrace(1559)	start slip view
2025-12-26 10:35:17	INFO	AWT-EventQueue-0	Thread.getStackTrace(1559)	create new SvTablePanel instance, view id :26740285
2025-12-26 10:35:17	INFO	AWT-EventQueue-0	Thread.getStackTrace(1559)	register slip progress, view id : 26740285
2025-12-26 10:35:17	INFO	SlipWinThread_com.huawei.u2000.ucbb.table.slip.SlipTableMsgService	Thread.getStackTrace(1559)	register slip , return result/ view id : 1 / 26740285
2025-12-26 10:35:18	INFO	SvTableMsgReceiver Thread-2187	Thread.getStackTrace(1559)	recieve message cmdcode:12639
2025-12-26 10:36:46	INFO	AWT-EventQueue-0	Thread.getStackTrace(1559)	unregister slip, view id : 26740285
2025-12-26 10:36:46	INFO	AWT-EventQueue-0	Thread.getStackTrace(1559)	unregister slip progress, view id : 26740285
2025-12-26 10:36:46	INFO	AWT-EventQueue-0	Thread.getStackTrace(1559)	create new SvTablePanel instance, view id :31981031
2025-12-26 10:36:46	INFO	AWT-EventQueue-0	Thread.getStackTrace(1559)	register slip progress, view id : 31981031
2025-12-26 10:36:46	INFO	SlipWinThread_com.huawei.u2000.ucbb.table.slip.SlipTableMsgService	Thread.getStackTrace(1559)	register slip , return result/ view id : 1 / 31981031
2025-12-26 10:36:47	INFO	SvTableMsgReceiver Thread-3538	Thread.getStackTrace(1559)	recieve message cmdcode:12639
2025-12-26 10:37:34	INFO	AWT-EventQueue-0	Thread.getStackTrace(1559)	unregister slip, view id : 31981031
2025-12-26 10:37:34	INFO	AWT-EventQueue-0	Thread.getStackTrace(1559)	unregister slip progress, view id : 31981031
2025-12-26 11:21:42	INFO	AWT-EventQueue-0	Thread.getStackTrace(1559)	create new SvTablePanel instance, view id :29758480
2025-12-26 11:21:42	INFO	AWT-EventQueue-0	Thread.getStackTrace(1559)	register slip progress, view id : 29758480
2025-12-26 11:21:42	INFO	SlipWinThread_com.huawei.u2000.ucbb.table.slip.SlipTableMsgService	Thread.getStackTrace(1559)	register slip , return result/ view id : 1 / 29758480
2025-12-26 11:21:43	INFO	AWT-EventQueue-0	Thread.getStackTrace(1559)	unregister slip, view id : 29758480
2025-12-26 11:21:43	INFO	AWT-EventQueue-0	Thread.getStackTrace(1559)	unregister slip progress, view id : 29758480
2025-12-29 10:36:41	INFO	AWT-EventQueue-0	Thread.getStackTrace(1559)	start slip view
2025-12-29 10:36:41	INFO	AWT-EventQueue-0	Thread.getStackTrace(1559)	create new SvTablePanel instance, view id :20064401
2025-12-29 10:36:41	INFO	AWT-EventQueue-0	Thread.getStackTrace(1559)	register slip progress, view id : 20064401
2025-12-29 10:36:41	INFO	SlipWinThread_com.huawei.u2000.ucbb.table.slip.SlipTableMsgService	Thread.getStackTrace(1559)	register slip , return result/ view id : 1 / 20064401
2025-12-29 10:43:34	INFO	AWT-EventQueue-0	Thread.getStackTrace(1559)	unregister slip, view id : 20064401
2025-12-29 10:43:34	INFO	AWT-EventQueue-0	Thread.getStackTrace(1559)	unregister slip progress, view id : 20064401
2025-12-29 10:45:05	INFO	AWT-EventQueue-0	Thread.getStackTrace(1559)	create new SvTablePanel instance, view id :6244482
2025-12-29 10:45:05	INFO	AWT-EventQueue-0	Thread.getStackTrace(1559)	register slip progress, view id : 6244482
2025-12-29 10:45:05	INFO	SlipWinThread_com.huawei.u2000.ucbb.table.slip.SlipTableMsgService	Thread.getStackTrace(1559)	register slip , return result/ view id : 1 / 6244482
2025-12-29 10:45:06	INFO	SvTableMsgReceiver Thread-19755	Thread.getStackTrace(1559)	recieve message cmdcode:12639
2025-12-29 10:53:13	INFO	AWT-EventQueue-0	Thread.getStackTrace(1559)	unregister slip, view id : 6244482
2025-12-29 10:53:13	INFO	AWT-EventQueue-0	Thread.getStackTrace(1559)	unregister slip progress, view id : 6244482
2025-12-29 10:54:48	INFO	AWT-EventQueue-0	Thread.getStackTrace(1559)	create new SvTablePanel instance, view id :16462910
2025-12-29 10:54:48	INFO	AWT-EventQueue-0	Thread.getStackTrace(1559)	register slip progress, view id : 16462910
2025-12-29 10:54:48	INFO	SlipWinThread_com.huawei.u2000.ucbb.table.slip.SlipTableMsgService	Thread.getStackTrace(1559)	register slip , return result/ view id : 1 / 16462910
2025-12-29 10:55:29	INFO	SvTableMsgReceiver Thread-25405	Thread.getStackTrace(1559)	recieve message cmdcode:12639
2025-12-29 10:55:29	INFO	SvTableMsgReceiver Thread-25405	Thread.getStackTrace(1559)	recieve message cmdcode:12639
2025-12-29 10:56:51	INFO	AWT-EventQueue-0	Thread.getStackTrace(1559)	create new SvTablePanel instance, view id :13175374
2025-12-29 10:56:51	INFO	AWT-EventQueue-0	Thread.getStackTrace(1559)	register slip progress, view id : 13175374
2025-12-29 10:56:51	INFO	SlipWinThread_com.huawei.u2000.ucbb.table.slip.SlipTableMsgService	Thread.getStackTrace(1559)	register slip , return result/ view id : 1 / 13175374
2025-12-29 10:57:10	INFO	AWT-EventQueue-0	Thread.getStackTrace(1559)	create new SvTablePanel instance, view id :30993374
2025-12-29 10:57:10	INFO	AWT-EventQueue-0	Thread.getStackTrace(1559)	register slip progress, view id : 30993374
2025-12-29 10:57:10	INFO	SlipWinThread_com.huawei.u2000.ucbb.table.slip.SlipTableMsgService	Thread.getStackTrace(1559)	register slip , return result/ view id : 1 / 30993374
2025-12-29 10:57:10	INFO	AWT-EventQueue-0	Thread.getStackTrace(1559)	unregister slip, view id : 13175374
2025-12-29 10:57:10	INFO	AWT-EventQueue-0	Thread.getStackTrace(1559)	unregister slip progress, view id : 13175374
2025-12-29 10:57:50	INFO	AWT-EventQueue-0	Thread.getStackTrace(1559)	create new SvTablePanel instance, view id :32822072
2025-12-29 10:57:50	INFO	AWT-EventQueue-0	Thread.getStackTrace(1559)	register slip progress, view id : 32822072
2025-12-29 10:57:50	INFO	SlipWinThread_com.huawei.u2000.ucbb.table.slip.SlipTableMsgService	Thread.getStackTrace(1559)	register slip , return result/ view id : 1 / 32822072
2025-12-29 10:57:50	INFO	AWT-EventQueue-0	Thread.getStackTrace(1559)	unregister slip, view id : 30993374
2025-12-29 10:57:50	INFO	AWT-EventQueue-0	Thread.getStackTrace(1559)	unregister slip progress, view id : 30993374
2025-12-29 11:00:19	INFO	AWT-EventQueue-0	Thread.getStackTrace(1559)	create new SvTablePanel instance, view id :31421207
2025-12-29 11:00:19	INFO	AWT-EventQueue-0	Thread.getStackTrace(1559)	register slip progress, view id : 31421207
2025-12-29 11:00:19	INFO	SlipWinThread_com.huawei.u2000.ucbb.table.slip.SlipTableMsgService	Thread.getStackTrace(1559)	register slip , return result/ view id : 1 / 31421207
2025-12-29 11:00:19	INFO	AWT-EventQueue-0	Thread.getStackTrace(1559)	unregister slip, view id : 32822072
2025-12-29 11:00:19	INFO	AWT-EventQueue-0	Thread.getStackTrace(1559)	unregister slip progress, view id : 32822072
2025-12-29 11:00:29	INFO	AWT-EventQueue-0	Thread.getStackTrace(1559)	create new SvTablePanel instance, view id :12280391
2025-12-29 11:00:29	INFO	AWT-EventQueue-0	Thread.getStackTrace(1559)	register slip progress, view id : 12280391
2025-12-29 11:00:29	INFO	SlipWinThread_com.huawei.u2000.ucbb.table.slip.SlipTableMsgService	Thread.getStackTrace(1559)	register slip , return result/ view id : 1 / 12280391
2025-12-29 11:00:29	INFO	AWT-EventQueue-0	Thread.getStackTrace(1559)	unregister slip, view id : 31421207
2025-12-29 11:00:29	INFO	AWT-EventQueue-0	Thread.getStackTrace(1559)	unregister slip progress, view id : 31421207
2025-12-29 11:00:41	INFO	AWT-EventQueue-0	Thread.getStackTrace(1559)	create new SvTablePanel instance, view id :7835682
2025-12-29 11:00:41	INFO	AWT-EventQueue-0	Thread.getStackTrace(1559)	register slip progress, view id : 7835682
2025-12-29 11:00:41	INFO	SlipWinThread_com.huawei.u2000.ucbb.table.slip.SlipTableMsgService	Thread.getStackTrace(1559)	register slip , return result/ view id : 1 / 7835682
2025-12-29 11:00:41	INFO	AWT-EventQueue-0	Thread.getStackTrace(1559)	unregister slip, view id : 12280391
2025-12-29 11:00:41	INFO	AWT-EventQueue-0	Thread.getStackTrace(1559)	unregister slip progress, view id : 12280391
2025-12-29 11:00:46	INFO	AWT-EventQueue-0	Thread.getStackTrace(1559)	create new SvTablePanel instance, view id :18599680
2025-12-29 11:00:46	INFO	AWT-EventQueue-0	Thread.getStackTrace(1559)	register slip progress, view id : 18599680
2025-12-29 11:00:46	INFO	SlipWinThread_com.huawei.u2000.ucbb.table.slip.SlipTableMsgService	Thread.getStackTrace(1559)	register slip , return result/ view id : 1 / 18599680
2025-12-29 11:00:46	INFO	AWT-EventQueue-0	Thread.getStackTrace(1559)	unregister slip, view id : 7835682
2025-12-29 11:00:46	INFO	AWT-EventQueue-0	Thread.getStackTrace(1559)	unregister slip progress, view id : 7835682
2025-12-29 11:01:45	INFO	AWT-EventQueue-0	Thread.getStackTrace(1559)	unregister slip, view id : 18599680
2025-12-29 11:01:45	INFO	AWT-EventQueue-0	Thread.getStackTrace(1559)	unregister slip progress, view id : 18599680
2025-12-29 11:01:49	INFO	AWT-EventQueue-0	Thread.getStackTrace(1559)	create new SvTablePanel instance, view id :12794744
2025-12-29 11:01:49	INFO	AWT-EventQueue-0	Thread.getStackTrace(1559)	register slip progress, view id : 12794744
2025-12-29 11:01:49	INFO	SlipWinThread_com.huawei.u2000.ucbb.table.slip.SlipTableMsgService	Thread.getStackTrace(1559)	register slip , return result/ view id : 1 / 12794744
2025-12-29 11:02:41	INFO	AWT-EventQueue-0	Thread.getStackTrace(1559)	create new SvTablePanel instance, view id :20958712
2025-12-29 11:02:41	INFO	AWT-EventQueue-0	Thread.getStackTrace(1559)	register slip progress, view id : 20958712
2025-12-29 11:02:41	INFO	SlipWinThread_com.huawei.u2000.ucbb.table.slip.SlipTableMsgService	Thread.getStackTrace(1559)	register slip , return result/ view id : 1 / 20958712
2025-12-29 11:02:41	INFO	AWT-EventQueue-0	Thread.getStackTrace(1559)	unregister slip, view id : 12794744
2025-12-29 11:02:41	INFO	AWT-EventQueue-0	Thread.getStackTrace(1559)	unregister slip progress, view id : 12794744
2025-12-29 11:02:53	INFO	AWT-EventQueue-0	Thread.getStackTrace(1559)	create new SvTablePanel instance, view id :20624345
2025-12-29 11:02:53	INFO	AWT-EventQueue-0	Thread.getStackTrace(1559)	register slip progress, view id : 20624345
2025-12-29 11:02:53	INFO	SlipWinThread_com.huawei.u2000.ucbb.table.slip.SlipTableMsgService	Thread.getStackTrace(1559)	register slip , return result/ view id : 1 / 20624345
2025-12-29 11:02:53	INFO	AWT-EventQueue-0	Thread.getStackTrace(1559)	unregister slip, view id : 20958712
2025-12-29 11:02:53	INFO	AWT-EventQueue-0	Thread.getStackTrace(1559)	unregister slip progress, view id : 20958712
2025-12-29 11:03:32	INFO	AWT-EventQueue-0	Thread.getStackTrace(1559)	create new SvTablePanel instance, view id :19570337
2025-12-29 11:03:32	INFO	AWT-EventQueue-0	Thread.getStackTrace(1559)	register slip progress, view id : 19570337
2025-12-29 11:03:32	INFO	SlipWinThread_com.huawei.u2000.ucbb.table.slip.SlipTableMsgService	Thread.getStackTrace(1559)	register slip , return result/ view id : 1 / 19570337
2025-12-29 11:03:32	INFO	AWT-EventQueue-0	Thread.getStackTrace(1559)	unregister slip, view id : 20624345
2025-12-29 11:03:32	INFO	AWT-EventQueue-0	Thread.getStackTrace(1559)	unregister slip progress, view id : 20624345
2025-12-29 11:03:51	INFO	AWT-EventQueue-0	Thread.getStackTrace(1559)	create new SvTablePanel instance, view id :18355296
2025-12-29 11:03:51	INFO	AWT-EventQueue-0	Thread.getStackTrace(1559)	register slip progress, view id : 18355296
2025-12-29 11:03:51	INFO	SlipWinThread_com.huawei.u2000.ucbb.table.slip.SlipTableMsgService	Thread.getStackTrace(1559)	register slip , return result/ view id : 1 / 18355296
2025-12-29 11:03:51	INFO	AWT-EventQueue-0	Thread.getStackTrace(1559)	unregister slip, view id : 19570337
2025-12-29 11:03:51	INFO	AWT-EventQueue-0	Thread.getStackTrace(1559)	unregister slip progress, view id : 19570337
2025-12-29 11:04:12	INFO	AWT-EventQueue-0	Thread.getStackTrace(1559)	create new SvTablePanel instance, view id :8928932
2025-12-29 11:04:12	INFO	AWT-EventQueue-0	Thread.getStackTrace(1559)	register slip progress, view id : 8928932
2025-12-29 11:04:12	INFO	SlipWinThread_com.huawei.u2000.ucbb.table.slip.SlipTableMsgService	Thread.getStackTrace(1559)	register slip , return result/ view id : 1 / 8928932
2025-12-29 11:04:12	INFO	AWT-EventQueue-0	Thread.getStackTrace(1559)	unregister slip, view id : 18355296
2025-12-29 11:04:12	INFO	AWT-EventQueue-0	Thread.getStackTrace(1559)	unregister slip progress, view id : 18355296
2025-12-29 11:04:13	INFO	AWT-EventQueue-0	Thread.getStackTrace(1559)	create new SvTablePanel instance, view id :28398929
2025-12-29 11:04:13	INFO	AWT-EventQueue-0	Thread.getStackTrace(1559)	register slip progress, view id : 28398929
2025-12-29 11:04:13	INFO	SlipWinThread_com.huawei.u2000.ucbb.table.slip.SlipTableMsgService	Thread.getStackTrace(1559)	register slip , return result/ view id : 1 / 28398929
2025-12-29 11:04:13	INFO	AWT-EventQueue-0	Thread.getStackTrace(1559)	unregister slip, view id : 8928932
2025-12-29 11:04:13	INFO	AWT-EventQueue-0	Thread.getStackTrace(1559)	unregister slip progress, view id : 8928932
2025-12-29 11:04:14	INFO	AWT-EventQueue-0	Thread.getStackTrace(1559)	create new SvTablePanel instance, view id :898407
2025-12-29 11:04:14	INFO	AWT-EventQueue-0	Thread.getStackTrace(1559)	register slip progress, view id : 898407
2025-12-29 11:04:14	INFO	SlipWinThread_com.huawei.u2000.ucbb.table.slip.SlipTableMsgService	Thread.getStackTrace(1559)	register slip , return result/ view id : 1 / 898407
2025-12-29 11:04:14	INFO	AWT-EventQueue-0	Thread.getStackTrace(1559)	unregister slip, view id : 28398929
2025-12-29 11:04:14	INFO	AWT-EventQueue-0	Thread.getStackTrace(1559)	unregister slip progress, view id : 28398929
2025-12-29 11:04:15	INFO	AWT-EventQueue-0	Thread.getStackTrace(1559)	create new SvTablePanel instance, view id :20251322
2025-12-29 11:04:15	INFO	AWT-EventQueue-0	Thread.getStackTrace(1559)	register slip progress, view id : 20251322
2025-12-29 11:04:15	INFO	SlipWinThread_com.huawei.u2000.ucbb.table.slip.SlipTableMsgService	Thread.getStackTrace(1559)	register slip , return result/ view id : 1 / 20251322
2025-12-29 11:04:15	INFO	AWT-EventQueue-0	Thread.getStackTrace(1559)	unregister slip, view id : 898407
2025-12-29 11:04:15	INFO	AWT-EventQueue-0	Thread.getStackTrace(1559)	unregister slip progress, view id : 898407
2025-12-29 11:04:15	INFO	AWT-EventQueue-0	Thread.getStackTrace(1559)	create new SvTablePanel instance, view id :16266041
2025-12-29 11:04:15	INFO	AWT-EventQueue-0	Thread.getStackTrace(1559)	register slip progress, view id : 16266041
2025-12-29 11:04:15	INFO	SlipWinThread_com.huawei.u2000.ucbb.table.slip.SlipTableMsgService	Thread.getStackTrace(1559)	register slip , return result/ view id : 1 / 16266041
2025-12-29 11:04:16	INFO	AWT-EventQueue-0	Thread.getStackTrace(1559)	unregister slip, view id : 20251322
2025-12-29 11:04:16	INFO	AWT-EventQueue-0	Thread.getStackTrace(1559)	unregister slip progress, view id : 20251322
2025-12-29 11:04:16	INFO	AWT-EventQueue-0	Thread.getStackTrace(1559)	create new SvTablePanel instance, view id :24146832
2025-12-29 11:04:16	INFO	AWT-EventQueue-0	Thread.getStackTrace(1559)	register slip progress, view id : 24146832
2025-12-29 11:04:16	INFO	SlipWinThread_com.huawei.u2000.ucbb.table.slip.SlipTableMsgService	Thread.getStackTrace(1559)	register slip , return result/ view id : 1 / 24146832
2025-12-29 11:04:16	INFO	AWT-EventQueue-0	Thread.getStackTrace(1559)	unregister slip, view id : 16266041
2025-12-29 11:04:16	INFO	AWT-EventQueue-0	Thread.getStackTrace(1559)	unregister slip progress, view id : 16266041
2025-12-29 11:04:17	INFO	AWT-EventQueue-0	Thread.getStackTrace(1559)	create new SvTablePanel instance, view id :22533174
2025-12-29 11:04:17	INFO	AWT-EventQueue-0	Thread.getStackTrace(1559)	register slip progress, view id : 22533174
2025-12-29 11:04:17	INFO	SlipWinThread_com.huawei.u2000.ucbb.table.slip.SlipTableMsgService	Thread.getStackTrace(1559)	register slip , return result/ view id : 1 / 22533174
2025-12-29 11:04:17	INFO	AWT-EventQueue-0	Thread.getStackTrace(1559)	unregister slip, view id : 24146832
2025-12-29 11:04:17	INFO	AWT-EventQueue-0	Thread.getStackTrace(1559)	unregister slip progress, view id : 24146832
2025-12-29 11:04:17	INFO	AWT-EventQueue-0	Thread.getStackTrace(1559)	create new SvTablePanel instance, view id :19273054
2025-12-29 11:04:17	INFO	AWT-EventQueue-0	Thread.getStackTrace(1559)	register slip progress, view id : 19273054
2025-12-29 11:04:18	INFO	SlipWinThread_com.huawei.u2000.ucbb.table.slip.SlipTableMsgService	Thread.getStackTrace(1559)	register slip , return result/ view id : 1 / 19273054
2025-12-29 11:04:18	INFO	AWT-EventQueue-0	Thread.getStackTrace(1559)	unregister slip, view id : 22533174
2025-12-29 11:04:18	INFO	AWT-EventQueue-0	Thread.getStackTrace(1559)	unregister slip progress, view id : 22533174
2025-12-29 11:04:19	INFO	AWT-EventQueue-0	Thread.getStackTrace(1559)	create new SvTablePanel instance, view id :29780960
2025-12-29 11:04:19	INFO	AWT-EventQueue-0	Thread.getStackTrace(1559)	register slip progress, view id : 29780960
2025-12-29 11:04:19	INFO	SlipWinThread_com.huawei.u2000.ucbb.table.slip.SlipTableMsgService	Thread.getStackTrace(1559)	register slip , return result/ view id : 1 / 29780960
2025-12-29 11:04:19	INFO	AWT-EventQueue-0	Thread.getStackTrace(1559)	unregister slip, view id : 19273054
2025-12-29 11:04:19	INFO	AWT-EventQueue-0	Thread.getStackTrace(1559)	unregister slip progress, view id : 19273054
2025-12-29 11:04:19	INFO	AWT-EventQueue-0	Thread.getStackTrace(1559)	create new SvTablePanel instance, view id :24011736
2025-12-29 11:04:19	INFO	AWT-EventQueue-0	Thread.getStackTrace(1559)	register slip progress, view id : 24011736
2025-12-29 11:04:19	INFO	SlipWinThread_com.huawei.u2000.ucbb.table.slip.SlipTableMsgService	Thread.getStackTrace(1559)	register slip , return result/ view id : 1 / 24011736
2025-12-29 11:04:19	INFO	AWT-EventQueue-0	Thread.getStackTrace(1559)	unregister slip, view id : 29780960
2025-12-29 11:04:19	INFO	AWT-EventQueue-0	Thread.getStackTrace(1559)	unregister slip progress, view id : 29780960
2025-12-29 11:05:09	INFO	AWT-EventQueue-0	Thread.getStackTrace(1559)	create new SvTablePanel instance, view id :23257464
2025-12-29 11:05:09	INFO	AWT-EventQueue-0	Thread.getStackTrace(1559)	register slip progress, view id : 23257464
2025-12-29 11:05:09	INFO	SlipWinThread_com.huawei.u2000.ucbb.table.slip.SlipTableMsgService	Thread.getStackTrace(1559)	register slip , return result/ view id : 1 / 23257464
2025-12-29 11:05:09	INFO	AWT-EventQueue-0	Thread.getStackTrace(1559)	unregister slip, view id : 24011736
2025-12-29 11:05:09	INFO	AWT-EventQueue-0	Thread.getStackTrace(1559)	unregister slip progress, view id : 24011736
2025-12-29 11:05:34	INFO	AWT-EventQueue-0	Thread.getStackTrace(1559)	create new SvTablePanel instance, view id :13847396
2025-12-29 11:05:34	INFO	AWT-EventQueue-0	Thread.getStackTrace(1559)	register slip progress, view id : 13847396
2025-12-29 11:05:34	INFO	SlipWinThread_com.huawei.u2000.ucbb.table.slip.SlipTableMsgService	Thread.getStackTrace(1559)	register slip , return result/ view id : 1 / 13847396
2025-12-29 11:05:35	INFO	AWT-EventQueue-0	Thread.getStackTrace(1559)	unregister slip, view id : 23257464
2025-12-29 11:05:35	INFO	AWT-EventQueue-0	Thread.getStackTrace(1559)	unregister slip progress, view id : 23257464
2025-12-29 11:06:42	INFO	AWT-EventQueue-0	Thread.getStackTrace(1559)	create new SvTablePanel instance, view id :5536654
2025-12-29 11:06:42	INFO	AWT-EventQueue-0	Thread.getStackTrace(1559)	register slip progress, view id : 5536654
2025-12-29 11:06:42	INFO	SlipWinThread_com.huawei.u2000.ucbb.table.slip.SlipTableMsgService	Thread.getStackTrace(1559)	register slip , return result/ view id : 1 / 5536654
2025-12-29 11:06:42	INFO	AWT-EventQueue-0	Thread.getStackTrace(1559)	unregister slip, view id : 13847396
2025-12-29 11:06:42	INFO	AWT-EventQueue-0	Thread.getStackTrace(1559)	unregister slip progress, view id : 13847396
2025-12-29 11:06:43	INFO	AWT-EventQueue-0	Thread.getStackTrace(1559)	create new SvTablePanel instance, view id :18495362
2025-12-29 11:06:43	INFO	AWT-EventQueue-0	Thread.getStackTrace(1559)	register slip progress, view id : 18495362
2025-12-29 11:06:43	INFO	SlipWinThread_com.huawei.u2000.ucbb.table.slip.SlipTableMsgService	Thread.getStackTrace(1559)	register slip , return result/ view id : 1 / 18495362
2025-12-29 11:06:43	INFO	AWT-EventQueue-0	Thread.getStackTrace(1559)	unregister slip, view id : 5536654
2025-12-29 11:06:43	INFO	AWT-EventQueue-0	Thread.getStackTrace(1559)	unregister slip progress, view id : 5536654
2025-12-29 11:06:43	INFO	AWT-EventQueue-0	Thread.getStackTrace(1559)	create new SvTablePanel instance, view id :32530431
2025-12-29 11:06:43	INFO	AWT-EventQueue-0	Thread.getStackTrace(1559)	register slip progress, view id : 32530431
2025-12-29 11:06:43	INFO	SlipWinThread_com.huawei.u2000.ucbb.table.slip.SlipTableMsgService	Thread.getStackTrace(1559)	register slip , return result/ view id : 1 / 32530431
2025-12-29 11:06:43	INFO	AWT-EventQueue-0	Thread.getStackTrace(1559)	unregister slip, view id : 18495362
2025-12-29 11:06:43	INFO	AWT-EventQueue-0	Thread.getStackTrace(1559)	unregister slip progress, view id : 18495362
2025-12-29 11:07:11	INFO	AWT-EventQueue-0	Thread.getStackTrace(1559)	create new SvTablePanel instance, view id :27079600
2025-12-29 11:07:11	INFO	AWT-EventQueue-0	Thread.getStackTrace(1559)	register slip progress, view id : 27079600
2025-12-29 11:07:11	INFO	SlipWinThread_com.huawei.u2000.ucbb.table.slip.SlipTableMsgService	Thread.getStackTrace(1559)	register slip , return result/ view id : 1 / 27079600
2025-12-29 11:07:11	INFO	AWT-EventQueue-0	Thread.getStackTrace(1559)	unregister slip, view id : 32530431
2025-12-29 11:07:11	INFO	AWT-EventQueue-0	Thread.getStackTrace(1559)	unregister slip progress, view id : 32530431
2025-12-29 11:07:16	INFO	AWT-EventQueue-0	Thread.getStackTrace(1559)	create new SvTablePanel instance, view id :11789411
2025-12-29 11:07:16	INFO	AWT-EventQueue-0	Thread.getStackTrace(1559)	register slip progress, view id : 11789411
2025-12-29 11:07:16	INFO	SlipWinThread_com.huawei.u2000.ucbb.table.slip.SlipTableMsgService	Thread.getStackTrace(1559)	register slip , return result/ view id : 1 / 11789411
2025-12-29 11:07:16	INFO	AWT-EventQueue-0	Thread.getStackTrace(1559)	unregister slip, view id : 27079600
2025-12-29 11:07:16	INFO	AWT-EventQueue-0	Thread.getStackTrace(1559)	unregister slip progress, view id : 27079600
2025-12-29 11:07:45	INFO	AWT-EventQueue-0	Thread.getStackTrace(1559)	create new SvTablePanel instance, view id :12143115
2025-12-29 11:07:45	INFO	AWT-EventQueue-0	Thread.getStackTrace(1559)	register slip progress, view id : 12143115
2025-12-29 11:07:45	INFO	SlipWinThread_com.huawei.u2000.ucbb.table.slip.SlipTableMsgService	Thread.getStackTrace(1559)	register slip , return result/ view id : 1 / 12143115
2025-12-29 11:07:45	INFO	AWT-EventQueue-0	Thread.getStackTrace(1559)	unregister slip, view id : 11789411
2025-12-29 11:07:45	INFO	AWT-EventQueue-0	Thread.getStackTrace(1559)	unregister slip progress, view id : 11789411
2025-12-29 11:07:58	INFO	AWT-EventQueue-0	Thread.getStackTrace(1559)	create new SvTablePanel instance, view id :16864178
2025-12-29 11:07:58	INFO	AWT-EventQueue-0	Thread.getStackTrace(1559)	register slip progress, view id : 16864178
2025-12-29 11:07:58	INFO	SlipWinThread_com.huawei.u2000.ucbb.table.slip.SlipTableMsgService	Thread.getStackTrace(1559)	register slip , return result/ view id : 1 / 16864178
2025-12-29 11:07:58	INFO	AWT-EventQueue-0	Thread.getStackTrace(1559)	unregister slip, view id : 12143115
2025-12-29 11:07:58	INFO	AWT-EventQueue-0	Thread.getStackTrace(1559)	unregister slip progress, view id : 12143115
2025-12-29 11:08:17	INFO	AWT-EventQueue-0	Thread.getStackTrace(1559)	create new SvTablePanel instance, view id :14314505
2025-12-29 11:08:17	INFO	AWT-EventQueue-0	Thread.getStackTrace(1559)	register slip progress, view id : 14314505
2025-12-29 11:08:17	INFO	SlipWinThread_com.huawei.u2000.ucbb.table.slip.SlipTableMsgService	Thread.getStackTrace(1559)	register slip , return result/ view id : 1 / 14314505
2025-12-29 11:08:17	INFO	AWT-EventQueue-0	Thread.getStackTrace(1559)	unregister slip, view id : 16864178
2025-12-29 11:08:17	INFO	AWT-EventQueue-0	Thread.getStackTrace(1559)	unregister slip progress, view id : 16864178
2025-12-29 11:08:31	INFO	AWT-EventQueue-0	Thread.getStackTrace(1559)	create new SvTablePanel instance, view id :22917388
2025-12-29 11:08:31	INFO	AWT-EventQueue-0	Thread.getStackTrace(1559)	register slip progress, view id : 22917388
2025-12-29 11:08:31	INFO	SlipWinThread_com.huawei.u2000.ucbb.table.slip.SlipTableMsgService	Thread.getStackTrace(1559)	register slip , return result/ view id : 1 / 22917388
2025-12-29 11:08:31	INFO	AWT-EventQueue-0	Thread.getStackTrace(1559)	unregister slip, view id : 14314505
2025-12-29 11:08:31	INFO	AWT-EventQueue-0	Thread.getStackTrace(1559)	unregister slip progress, view id : 14314505
2025-12-29 11:09:50	INFO	AWT-EventQueue-0	Thread.getStackTrace(1559)	create new SvTablePanel instance, view id :8690248
2025-12-29 11:09:50	INFO	AWT-EventQueue-0	Thread.getStackTrace(1559)	register slip progress, view id : 8690248
2025-12-29 11:09:50	INFO	SlipWinThread_com.huawei.u2000.ucbb.table.slip.SlipTableMsgService	Thread.getStackTrace(1559)	register slip , return result/ view id : 1 / 8690248
2025-12-29 11:09:50	INFO	AWT-EventQueue-0	Thread.getStackTrace(1559)	unregister slip, view id : 22917388
2025-12-29 11:09:50	INFO	AWT-EventQueue-0	Thread.getStackTrace(1559)	unregister slip progress, view id : 22917388
2025-12-29 11:09:52	INFO	AWT-EventQueue-0	Thread.getStackTrace(1559)	create new SvTablePanel instance, view id :622075
2025-12-29 11:09:52	INFO	AWT-EventQueue-0	Thread.getStackTrace(1559)	register slip progress, view id : 622075
2025-12-29 11:09:52	INFO	SlipWinThread_com.huawei.u2000.ucbb.table.slip.SlipTableMsgService	Thread.getStackTrace(1559)	register slip , return result/ view id : 1 / 622075
2025-12-29 11:09:53	INFO	AWT-EventQueue-0	Thread.getStackTrace(1559)	unregister slip, view id : 8690248
2025-12-29 11:09:53	INFO	AWT-EventQueue-0	Thread.getStackTrace(1559)	unregister slip progress, view id : 8690248
2025-12-29 11:11:40	INFO	AWT-EventQueue-0	Thread.getStackTrace(1559)	create new SvTablePanel instance, view id :27439935
2025-12-29 11:11:40	INFO	AWT-EventQueue-0	Thread.getStackTrace(1559)	register slip progress, view id : 27439935
2025-12-29 11:11:40	INFO	SlipWinThread_com.huawei.u2000.ucbb.table.slip.SlipTableMsgService	Thread.getStackTrace(1559)	register slip , return result/ view id : 1 / 27439935
2025-12-29 11:11:40	INFO	AWT-EventQueue-0	Thread.getStackTrace(1559)	unregister slip, view id : 622075
2025-12-29 11:11:40	INFO	AWT-EventQueue-0	Thread.getStackTrace(1559)	unregister slip progress, view id : 622075
2025-12-29 11:12:38	INFO	AWT-EventQueue-0	Thread.getStackTrace(1559)	create new SvTablePanel instance, view id :15957520
2025-12-29 11:12:38	INFO	AWT-EventQueue-0	Thread.getStackTrace(1559)	register slip progress, view id : 15957520
2025-12-29 11:12:38	INFO	SlipWinThread_com.huawei.u2000.ucbb.table.slip.SlipTableMsgService	Thread.getStackTrace(1559)	register slip , return result/ view id : 1 / 15957520
2025-12-29 11:12:38	INFO	AWT-EventQueue-0	Thread.getStackTrace(1559)	unregister slip, view id : 27439935
2025-12-29 11:12:38	INFO	AWT-EventQueue-0	Thread.getStackTrace(1559)	unregister slip progress, view id : 27439935
2025-12-29 11:12:45	INFO	AWT-EventQueue-0	Thread.getStackTrace(1559)	create new SvTablePanel instance, view id :18441964
2025-12-29 11:12:45	INFO	AWT-EventQueue-0	Thread.getStackTrace(1559)	register slip progress, view id : 18441964
2025-12-29 11:12:45	INFO	SlipWinThread_com.huawei.u2000.ucbb.table.slip.SlipTableMsgService	Thread.getStackTrace(1559)	register slip , return result/ view id : 1 / 18441964
2025-12-29 11:12:45	INFO	AWT-EventQueue-0	Thread.getStackTrace(1559)	unregister slip, view id : 15957520
2025-12-29 11:12:45	INFO	AWT-EventQueue-0	Thread.getStackTrace(1559)	unregister slip progress, view id : 15957520
2025-12-29 11:12:52	INFO	AWT-EventQueue-0	Thread.getStackTrace(1559)	create new SvTablePanel instance, view id :9848969
2025-12-29 11:12:52	INFO	AWT-EventQueue-0	Thread.getStackTrace(1559)	register slip progress, view id : 9848969
2025-12-29 11:12:52	INFO	SlipWinThread_com.huawei.u2000.ucbb.table.slip.SlipTableMsgService	Thread.getStackTrace(1559)	register slip , return result/ view id : 1 / 9848969
2025-12-29 11:12:52	INFO	AWT-EventQueue-0	Thread.getStackTrace(1559)	unregister slip, view id : 18441964
2025-12-29 11:12:52	INFO	AWT-EventQueue-0	Thread.getStackTrace(1559)	unregister slip progress, view id : 18441964
2025-12-30 04:26:41	INFO	AWT-EventQueue-0	Thread.getStackTrace(1559)	start slip view
2025-12-30 04:26:41	INFO	AWT-EventQueue-0	Thread.getStackTrace(1559)	create new SvTablePanel instance, view id :29996421
2025-12-30 04:26:41	INFO	AWT-EventQueue-0	Thread.getStackTrace(1559)	register slip progress, view id : 29996421
2025-12-30 04:26:41	INFO	SlipWinThread_com.huawei.u2000.ucbb.table.slip.SlipTableMsgService	Thread.getStackTrace(1559)	register slip , return result/ view id : 1 / 29996421
2025-12-30 04:27:53	INFO	AWT-EventQueue-0	Thread.getStackTrace(1559)	create new SvTablePanel instance, view id :2996491
2025-12-30 04:27:53	INFO	AWT-EventQueue-0	Thread.getStackTrace(1559)	register slip progress, view id : 2996491
2025-12-30 04:27:53	INFO	SlipWinThread_com.huawei.u2000.ucbb.table.slip.SlipTableMsgService	Thread.getStackTrace(1559)	register slip , return result/ view id : 1 / 2996491
2025-12-30 04:27:54	INFO	AWT-EventQueue-0	Thread.getStackTrace(1559)	unregister slip, view id : 29996421
2025-12-30 04:27:54	INFO	AWT-EventQueue-0	Thread.getStackTrace(1559)	unregister slip progress, view id : 29996421
2025-12-30 04:30:44	INFO	AWT-EventQueue-0	Thread.getStackTrace(1559)	create new SvTablePanel instance, view id :27122411
2025-12-30 04:30:45	INFO	AWT-EventQueue-0	Thread.getStackTrace(1559)	register slip progress, view id : 27122411
2025-12-30 04:30:45	INFO	SlipWinThread_com.huawei.u2000.ucbb.table.slip.SlipTableMsgService	Thread.getStackTrace(1559)	register slip , return result/ view id : 1 / 27122411
2025-12-30 04:30:45	INFO	AWT-EventQueue-0	Thread.getStackTrace(1559)	unregister slip, view id : 2996491
2025-12-30 04:30:45	INFO	AWT-EventQueue-0	Thread.getStackTrace(1559)	unregister slip progress, view id : 2996491
2025-12-30 04:44:41	INFO	AWT-EventQueue-0	Thread.getStackTrace(1559)	create new SvTablePanel instance, view id :31736326
2025-12-30 04:44:41	INFO	AWT-EventQueue-0	Thread.getStackTrace(1559)	register slip progress, view id : 31736326
2025-12-30 04:44:41	INFO	SlipWinThread_com.huawei.u2000.ucbb.table.slip.SlipTableMsgService	Thread.getStackTrace(1559)	register slip , return result/ view id : 1 / 31736326
2025-12-30 04:56:46	INFO	AWT-EventQueue-0	Thread.getStackTrace(1559)	create new SvTablePanel instance, view id :10402831
2025-12-30 04:56:46	INFO	AWT-EventQueue-0	Thread.getStackTrace(1559)	register slip progress, view id : 10402831
2025-12-30 04:56:46	INFO	SlipWinThread_com.huawei.u2000.ucbb.table.slip.SlipTableMsgService	Thread.getStackTrace(1559)	register slip , return result/ view id : 1 / 10402831
2025-12-30 05:03:52	INFO	AWT-EventQueue-0	Thread.getStackTrace(1559)	unregister slip, view id : 27122411
2025-12-30 05:03:52	INFO	AWT-EventQueue-0	Thread.getStackTrace(1559)	unregister slip progress, view id : 27122411
2025-12-30 05:03:54	INFO	AWT-EventQueue-0	Thread.getStackTrace(1559)	unregister slip, view id : 31736326
2025-12-30 05:03:54	INFO	AWT-EventQueue-0	Thread.getStackTrace(1559)	unregister slip progress, view id : 31736326
2025-12-30 05:03:56	INFO	AWT-EventQueue-0	Thread.getStackTrace(1559)	unregister slip, view id : 10402831
2025-12-30 05:03:56	INFO	AWT-EventQueue-0	Thread.getStackTrace(1559)	unregister slip progress, view id : 10402831
2025-12-30 05:04:12	INFO	AWT-EventQueue-0	Thread.getStackTrace(1559)	create new SvTablePanel instance, view id :19689929
2025-12-30 05:04:12	INFO	AWT-EventQueue-0	Thread.getStackTrace(1559)	register slip progress, view id : 19689929
2025-12-30 05:04:12	INFO	SlipWinThread_com.huawei.u2000.ucbb.table.slip.SlipTableMsgService	Thread.getStackTrace(1559)	register slip , return result/ view id : 1 / 19689929
2025-12-30 05:05:37	INFO	AWT-EventQueue-0	Thread.getStackTrace(1559)	unregister slip, view id : 19689929
2025-12-30 05:05:37	INFO	AWT-EventQueue-0	Thread.getStackTrace(1559)	unregister slip progress, view id : 19689929
2025-12-30 05:27:49	INFO	AWT-EventQueue-0	Thread.getStackTrace(1559)	create new SvTablePanel instance, view id :24905043
2025-12-30 05:27:49	INFO	AWT-EventQueue-0	Thread.getStackTrace(1559)	register slip progress, view id : 24905043
2025-12-30 05:27:49	INFO	SlipWinThread_com.huawei.u2000.ucbb.table.slip.SlipTableMsgService	Thread.getStackTrace(1559)	register slip , return result/ view id : 1 / 24905043
2025-12-30 05:42:52	INFO	AWT-EventQueue-0	Thread.getStackTrace(1559)	unregister slip, view id : 24905043
2025-12-30 05:42:52	INFO	AWT-EventQueue-0	Thread.getStackTrace(1559)	unregister slip progress, view id : 24905043
2026-01-06 10:09:32	INFO	AWT-EventQueue-0	Thread.getStackTrace(1559)	start slip view
2026-01-06 10:09:32	INFO	AWT-EventQueue-0	Thread.getStackTrace(1559)	create new SvTablePanel instance, view id :21785418
2026-01-06 10:09:32	INFO	AWT-EventQueue-0	Thread.getStackTrace(1559)	register slip progress, view id : 21785418
2026-01-06 10:09:32	INFO	SlipWinThread_com.huawei.u2000.ucbb.table.slip.SlipTableMsgService	Thread.getStackTrace(1559)	register slip , return result/ view id : 1 / 21785418
2026-01-06 10:10:21	INFO	AWT-EventQueue-0	Thread.getStackTrace(1559)	unregister slip, view id : 21785418
2026-01-06 10:10:21	INFO	AWT-EventQueue-0	Thread.getStackTrace(1559)	unregister slip progress, view id : 21785418
2026-01-06 10:12:32	INFO	AWT-EventQueue-0	Thread.getStackTrace(1559)	create new SvTablePanel instance, view id :32582803
2026-01-06 10:12:32	INFO	AWT-EventQueue-0	Thread.getStackTrace(1559)	register slip progress, view id : 32582803
2026-01-06 10:12:32	INFO	SlipWinThread_com.huawei.u2000.pf.frame.ui.slipTable.SlipTableMsgService	Thread.getStackTrace(1559)	register slip , return result/ view id : 1 / 32582803
2026-01-06 10:12:34	INFO	SvTableMsgReceiver Thread-65906	Thread.getStackTrace(1559)	recieve message cmdcode:12639
2026-01-06 10:12:37	INFO	pool-14-thread-6	Thread.getStackTrace(1559)	unregister slip, view id : 32582803
2026-01-06 10:12:37	INFO	pool-14-thread-6	Thread.getStackTrace(1559)	unregister slip progress, view id : 32582803
2026-01-06 10:12:37	INFO	AWT-EventQueue-0	Thread.getStackTrace(1559)	create new SvTablePanel instance, view id :26950375
2026-01-06 10:12:37	INFO	AWT-EventQueue-0	Thread.getStackTrace(1559)	register slip progress, view id : 26950375
2026-01-06 10:12:37	INFO	SlipWinThread_com.huawei.u2000.pf.frame.ui.slipTable.SlipTableMsgService	Thread.getStackTrace(1559)	register slip , return result/ view id : 1 / 26950375
2026-01-06 10:12:39	INFO	SvTableMsgReceiver Thread-66354	Thread.getStackTrace(1559)	recieve message cmdcode:12639
2026-01-06 10:12:39	INFO	pool-14-thread-6	Thread.getStackTrace(1559)	unregister slip, view id : 26950375
2026-01-06 10:12:39	INFO	pool-14-thread-6	Thread.getStackTrace(1559)	unregister slip progress, view id : 26950375
2026-01-06 10:12:59	INFO	AWT-EventQueue-0	Thread.getStackTrace(1559)	create new SvTablePanel instance, view id :28442447
2026-01-06 10:12:59	INFO	AWT-EventQueue-0	Thread.getStackTrace(1559)	register slip progress, view id : 28442447
2026-01-06 10:12:59	INFO	SlipWinThread_com.huawei.u2000.ucbb.table.slip.SlipTableMsgService	Thread.getStackTrace(1559)	register slip , return result/ view id : 1 / 28442447
2026-01-06 10:13:25	INFO	SvTableMsgReceiver Thread-67843	Thread.getStackTrace(1559)	recieve message cmdcode:12639
2026-01-06 10:17:12	INFO	AWT-EventQueue-0	Thread.getStackTrace(1559)	unregister slip, view id : 28442447
2026-01-06 10:17:12	INFO	AWT-EventQueue-0	Thread.getStackTrace(1559)	unregister slip progress, view id : 28442447
2026-01-06 10:17:19	INFO	AWT-EventQueue-0	Thread.getStackTrace(1559)	create new SvTablePanel instance, view id :393065
2026-01-06 10:17:19	INFO	AWT-EventQueue-0	Thread.getStackTrace(1559)	register slip progress, view id : 393065
2026-01-06 10:17:19	INFO	SlipWinThread_com.huawei.u2000.ucbb.table.slip.SlipTableMsgService	Thread.getStackTrace(1559)	register slip , return result/ view id : 1 / 393065
2026-01-06 10:17:21	INFO	SvTableMsgReceiver Thread-72165	Thread.getStackTrace(1559)	recieve message cmdcode:12639
2026-01-07 05:40:52	INFO	AWT-EventQueue-0	Thread.getStackTrace(1559)	start slip view
2026-01-07 05:40:52	INFO	AWT-EventQueue-0	Thread.getStackTrace(1559)	create new SvTablePanel instance, view id :65155
2026-01-07 05:40:53	INFO	AWT-EventQueue-0	Thread.getStackTrace(1559)	register slip progress, view id : 65155
2026-01-07 05:40:53	INFO	SlipWinThread_com.huawei.u2000.pf.frame.ui.slipTable.SlipTableMsgService	Thread.getStackTrace(1559)	register slip , return result/ view id : 1 / 65155
2026-01-07 05:40:54	INFO	SvTableMsgReceiver Thread-6030	Thread.getStackTrace(1559)	recieve message cmdcode:12639
2026-01-07 05:40:58	INFO	pool-15-thread-6	Thread.getStackTrace(1559)	unregister slip, view id : 65155
2026-01-07 05:40:58	INFO	pool-15-thread-6	Thread.getStackTrace(1559)	unregister slip progress, view id : 65155
2026-01-07 05:40:59	INFO	AWT-EventQueue-0	Thread.getStackTrace(1559)	create new SvTablePanel instance, view id :31346488
2026-01-07 05:40:59	INFO	AWT-EventQueue-0	Thread.getStackTrace(1559)	register slip progress, view id : 31346488
2026-01-07 05:40:59	INFO	SlipWinThread_com.huawei.u2000.pf.frame.ui.slipTable.SlipTableMsgService	Thread.getStackTrace(1559)	register slip , return result/ view id : 1 / 31346488
2026-01-07 05:41:00	INFO	SvTableMsgReceiver Thread-6723	Thread.getStackTrace(1559)	recieve message cmdcode:12639
2026-01-07 05:41:01	INFO	pool-15-thread-6	Thread.getStackTrace(1559)	unregister slip, view id : 31346488
2026-01-07 05:41:01	INFO	pool-15-thread-6	Thread.getStackTrace(1559)	unregister slip progress, view id : 31346488
2026-01-07 05:41:08	INFO	AWT-EventQueue-0	Thread.getStackTrace(1559)	create new SvTablePanel instance, view id :18197741
2026-01-07 05:41:08	INFO	AWT-EventQueue-0	Thread.getStackTrace(1559)	register slip progress, view id : 18197741
2026-01-07 05:41:08	INFO	SlipWinThread_com.huawei.u2000.ucbb.table.slip.SlipTableMsgService	Thread.getStackTrace(1559)	register slip , return result/ view id : 1 / 18197741
2026-01-07 05:41:50	INFO	AWT-EventQueue-0	Thread.getStackTrace(1559)	unregister slip, view id : 18197741
2026-01-07 05:41:50	INFO	AWT-EventQueue-0	Thread.getStackTrace(1559)	unregister slip progress, view id : 18197741
2026-01-07 05:43:43	INFO	AWT-EventQueue-0	Thread.getStackTrace(1559)	create new SvTablePanel instance, view id :27309971
2026-01-07 05:43:43	INFO	AWT-EventQueue-0	Thread.getStackTrace(1559)	register slip progress, view id : 27309971
2026-01-07 05:43:43	INFO	SlipWinThread_com.huawei.u2000.ucbb.table.slip.SlipTableMsgService	Thread.getStackTrace(1559)	register slip , return result/ view id : 1 / 27309971
2026-01-07 05:43:44	INFO	SvTableMsgReceiver Thread-11417	Thread.getStackTrace(1559)	recieve message cmdcode:12639
2026-01-07 05:46:26	INFO	SvTableMsgReceiver Thread-11417	Thread.getStackTrace(1559)	recieve message cmdcode:12639
2026-01-07 05:46:33	INFO	AWT-EventQueue-0	Thread.getStackTrace(1559)	create new SvTablePanel instance, view id :18136904
2026-01-07 05:46:33	INFO	AWT-EventQueue-0	Thread.getStackTrace(1559)	register slip progress, view id : 18136904
2026-01-07 05:46:33	INFO	SlipWinThread_com.huawei.u2000.ucbb.table.slip.SlipTableMsgService	Thread.getStackTrace(1559)	register slip , return result/ view id : 1 / 18136904
2026-01-07 05:46:33	INFO	AWT-EventQueue-0	Thread.getStackTrace(1559)	create new SvTablePanel instance, view id :5224572
2026-01-07 05:46:33	INFO	AWT-EventQueue-0	Thread.getStackTrace(1559)	register slip progress, view id : 5224572
2026-01-07 05:46:33	INFO	AWT-EventQueue-0	Thread.getStackTrace(1559)	unregister slip, view id : 18136904
2026-01-07 05:46:33	INFO	AWT-EventQueue-0	Thread.getStackTrace(1559)	unregister slip progress, view id : 18136904
2026-01-07 05:46:34	INFO	SlipWinThread_com.huawei.u2000.ucbb.table.slip.SlipTableMsgService	Thread.getStackTrace(1559)	register slip , return result/ view id : 1 / 5224572
2026-01-07 05:47:07	INFO	AWT-EventQueue-0	Thread.getStackTrace(1559)	unregister slip, view id : 27309971
2026-01-07 05:47:07	INFO	AWT-EventQueue-0	Thread.getStackTrace(1559)	unregister slip progress, view id : 27309971
2026-01-07 05:47:08	INFO	AWT-EventQueue-0	Thread.getStackTrace(1559)	create new SvTablePanel instance, view id :28320887
2026-01-07 05:47:08	INFO	AWT-EventQueue-0	Thread.getStackTrace(1559)	register slip progress, view id : 28320887
2026-01-07 05:47:08	INFO	SlipWinThread_com.huawei.u2000.ucbb.table.slip.SlipTableMsgService	Thread.getStackTrace(1559)	register slip , return result/ view id : 1 / 28320887
2026-01-07 05:47:09	INFO	SvTableMsgReceiver Thread-13524	Thread.getStackTrace(1559)	recieve message cmdcode:12639
2026-01-07 05:47:09	INFO	SvTableMsgReceiver Thread-15575	Thread.getStackTrace(1559)	recieve message cmdcode:12639
2026-01-07 05:57:30	INFO	SvTableMsgReceiver Thread-13524	Thread.getStackTrace(1559)	recieve message cmdcode:12639
2026-01-07 05:57:30	INFO	SvTableMsgReceiver Thread-15575	Thread.getStackTrace(1559)	recieve message cmdcode:12639
2026-01-07 05:57:43	INFO	SvTableMsgReceiver Thread-13524	Thread.getStackTrace(1559)	recieve message cmdcode:12639
2026-01-07 05:57:43	INFO	SvTableMsgReceiver Thread-15575	Thread.getStackTrace(1559)	recieve message cmdcode:12639
2026-01-07 05:57:51	INFO	SvTableMsgReceiver Thread-13524	Thread.getStackTrace(1559)	recieve message cmdcode:12639
2026-01-07 05:57:51	INFO	SvTableMsgReceiver Thread-15575	Thread.getStackTrace(1559)	recieve message cmdcode:12639
2026-01-07 05:57:57	INFO	SvTableMsgReceiver Thread-13524	Thread.getStackTrace(1559)	recieve message cmdcode:12639
2026-01-07 05:57:57	INFO	SvTableMsgReceiver Thread-15575	Thread.getStackTrace(1559)	recieve message cmdcode:12639
2026-01-07 05:58:17	INFO	SvTableMsgReceiver Thread-13524	Thread.getStackTrace(1559)	recieve message cmdcode:12639
2026-01-07 05:58:17	INFO	SvTableMsgReceiver Thread-15575	Thread.getStackTrace(1559)	recieve message cmdcode:12639
2026-01-07 05:58:35	INFO	SvTableMsgReceiver Thread-13524	Thread.getStackTrace(1559)	recieve message cmdcode:12639
2026-01-07 05:58:35	INFO	SvTableMsgReceiver Thread-15575	Thread.getStackTrace(1559)	recieve message cmdcode:12639
2026-01-07 06:02:01	INFO	AWT-EventQueue-0	Thread.getStackTrace(1559)	create new SvTablePanel instance, view id :18072919
2026-01-07 06:02:01	INFO	AWT-EventQueue-0	Thread.getStackTrace(1559)	create new SvTablePanel instance, view id :23558082
2026-01-07 06:02:01	INFO	AWT-EventQueue-0	Thread.getStackTrace(1559)	create new SvTablePanel instance, view id :25417305
2026-01-07 06:02:01	INFO	AWT-EventQueue-0	Thread.getStackTrace(1559)	register slip progress, view id : 18072919
2026-01-07 06:02:01	INFO	SlipWinThread_com.huawei.u2000.pf.frame.ui.slipTable.SlipTableMsgService	Thread.getStackTrace(1559)	register slip , return result/ view id : 1 / 18072919
2026-01-07 06:02:05	INFO	AWT-EventQueue-0	Thread.getStackTrace(1559)	create new SvTablePanel instance, view id :4294654
2026-01-07 06:02:05	INFO	AWT-EventQueue-0	Thread.getStackTrace(1559)	create new SvTablePanel instance, view id :1608953
2026-01-07 06:02:05	INFO	AWT-EventQueue-0	Thread.getStackTrace(1559)	create new SvTablePanel instance, view id :3588224
2026-01-07 06:02:05	INFO	AWT-EventQueue-0	Thread.getStackTrace(1559)	register slip progress, view id : 4294654
2026-01-07 06:02:05	INFO	SlipWinThread_com.huawei.u2000.pf.frame.ui.slipTable.SlipTableMsgService	Thread.getStackTrace(1559)	register slip , return result/ view id : 1 / 4294654
2026-01-07 06:02:05	INFO	pool-15-thread-11	Thread.getStackTrace(1559)	unregister slip, view id : 18072919
2026-01-07 06:02:05	INFO	pool-15-thread-11	Thread.getStackTrace(1559)	unregister slip progress, view id : 18072919
2026-01-07 06:02:06	INFO	SvTableMsgReceiver Thread-13524	Thread.getStackTrace(1559)	recieve message cmdcode:12639
2026-01-07 06:02:06	INFO	SvTableMsgReceiver Thread-15575	Thread.getStackTrace(1559)	recieve message cmdcode:12639
2026-01-07 06:02:06	INFO	SvTableMsgReceiver Thread-25674	Thread.getStackTrace(1559)	recieve message cmdcode:12639
2026-01-07 06:05:16	INFO	SvTableMsgReceiver Thread-13524	Thread.getStackTrace(1559)	recieve message cmdcode:12639
2026-01-07 06:05:16	INFO	SvTableMsgReceiver Thread-25674	Thread.getStackTrace(1559)	recieve message cmdcode:12639
2026-01-07 06:05:16	INFO	SvTableMsgReceiver Thread-15575	Thread.getStackTrace(1559)	recieve message cmdcode:12639
2026-01-07 06:06:56	INFO	SvTableMsgReceiver Thread-13524	Thread.getStackTrace(1559)	recieve message cmdcode:12639
2026-01-07 06:06:56	INFO	SvTableMsgReceiver Thread-15575	Thread.getStackTrace(1559)	recieve message cmdcode:12639
2026-01-07 06:06:56	INFO	SvTableMsgReceiver Thread-25674	Thread.getStackTrace(1559)	recieve message cmdcode:12639
2026-01-07 06:07:47	INFO	SvTableMsgReceiver Thread-13524	Thread.getStackTrace(1559)	recieve message cmdcode:12639
2026-01-07 06:07:47	INFO	SvTableMsgReceiver Thread-15575	Thread.getStackTrace(1559)	recieve message cmdcode:12639
2026-01-07 06:07:47	INFO	SvTableMsgReceiver Thread-25674	Thread.getStackTrace(1559)	recieve message cmdcode:12639
2026-01-07 06:08:19	INFO	SvTableMsgReceiver Thread-13524	Thread.getStackTrace(1559)	recieve message cmdcode:12639
2026-01-07 06:08:19	INFO	SvTableMsgReceiver Thread-15575	Thread.getStackTrace(1559)	recieve message cmdcode:12639
2026-01-07 06:08:19	INFO	SvTableMsgReceiver Thread-25674	Thread.getStackTrace(1559)	recieve message cmdcode:12639
2026-01-07 06:08:31	INFO	AWT-EventQueue-0	Thread.getStackTrace(1559)	create new SvTablePanel instance, view id :2194971
2026-01-07 06:08:31	INFO	AWT-EventQueue-0	Thread.getStackTrace(1559)	register slip progress, view id : 2194971
2026-01-07 06:08:31	INFO	SlipWinThread_com.huawei.u2000.pf.frame.ui.slipTable.SlipTableMsgService	Thread.getStackTrace(1559)	register slip , return result/ view id : 1 / 2194971
2026-01-07 06:08:32	INFO	SvTableMsgReceiver Thread-13524	Thread.getStackTrace(1559)	recieve message cmdcode:12639
2026-01-07 06:08:32	INFO	SvTableMsgReceiver Thread-15575	Thread.getStackTrace(1559)	recieve message cmdcode:12639
2026-01-07 06:08:32	INFO	SvTableMsgReceiver Thread-25674	Thread.getStackTrace(1559)	recieve message cmdcode:12639
2026-01-07 06:08:32	INFO	SvTableMsgReceiver Thread-38899	Thread.getStackTrace(1559)	recieve message cmdcode:12639
2026-01-07 06:08:39	INFO	pool-15-thread-6	Thread.getStackTrace(1559)	unregister slip, view id : 2194971
2026-01-07 06:08:39	INFO	pool-15-thread-6	Thread.getStackTrace(1559)	unregister slip progress, view id : 2194971
2026-01-07 06:11:08	INFO	AWT-EventQueue-0	Thread.getStackTrace(1559)	create new SvTablePanel instance, view id :9335063
2026-01-07 06:11:08	INFO	AWT-EventQueue-0	Thread.getStackTrace(1559)	register slip progress, view id : 9335063
2026-01-07 06:11:08	INFO	SlipWinThread_com.huawei.u2000.ucbb.table.slip.SlipTableMsgService	Thread.getStackTrace(1559)	register slip , return result/ view id : 1 / 9335063
2026-01-07 06:11:22	INFO	AWT-EventQueue-0	Thread.getStackTrace(1559)	register slip progress, view id : 1608953
2026-01-07 06:11:22	INFO	SlipWinThread_com.huawei.u2000.pf.frame.ui.slipTable.SlipTableMsgService	Thread.getStackTrace(1559)	register slip , return result/ view id : 1 / 1608953
2026-01-07 06:11:24	INFO	SvTableMsgReceiver Thread-13524	Thread.getStackTrace(1559)	recieve message cmdcode:12639
2026-01-07 06:11:24	INFO	SvTableMsgReceiver Thread-15575	Thread.getStackTrace(1559)	recieve message cmdcode:12639
2026-01-07 06:11:24	INFO	SvTableMsgReceiver Thread-25674	Thread.getStackTrace(1559)	recieve message cmdcode:12639
2026-01-07 06:11:24	INFO	SvTableMsgReceiver Thread-25675	Thread.getStackTrace(1559)	recieve message cmdcode:12639
2026-01-07 06:11:24	INFO	SvTableMsgReceiver Thread-47090	Thread.getStackTrace(1559)	recieve message cmdcode:12639
2026-01-07 06:11:27	INFO	AWT-EventQueue-0	Thread.getStackTrace(1559)	register slip progress, view id : 3588224
2026-01-07 06:11:27	INFO	SlipWinThread_com.huawei.u2000.pf.frame.ui.slipTable.SlipTableMsgService	Thread.getStackTrace(1559)	register slip , return result/ view id : 1 / 3588224
2026-01-07 06:11:28	INFO	SvTableMsgReceiver Thread-15575	Thread.getStackTrace(1559)	recieve message cmdcode:12639
2026-01-07 06:11:28	INFO	SvTableMsgReceiver Thread-47090	Thread.getStackTrace(1559)	recieve message cmdcode:12639
2026-01-07 06:11:28	INFO	SvTableMsgReceiver Thread-25674	Thread.getStackTrace(1559)	recieve message cmdcode:12639
2026-01-07 06:11:28	INFO	SvTableMsgReceiver Thread-13524	Thread.getStackTrace(1559)	recieve message cmdcode:12639
2026-01-07 06:11:28	INFO	SvTableMsgReceiver Thread-25676	Thread.getStackTrace(1559)	recieve message cmdcode:12639
2026-01-07 06:11:28	INFO	SvTableMsgReceiver Thread-25675	Thread.getStackTrace(1559)	recieve message cmdcode:12639
2026-01-07 06:11:38	INFO	AWT-EventQueue-0	Thread.getStackTrace(1559)	create new SvTablePanel instance, view id :1250568
2026-01-07 06:11:38	INFO	AWT-EventQueue-0	Thread.getStackTrace(1559)	register slip progress, view id : 1250568
2026-01-07 06:11:38	INFO	SlipWinThread_com.huawei.u2000.ucbb.table.slip.SlipTableMsgService	Thread.getStackTrace(1559)	register slip , return result/ view id : 1 / 1250568
2026-01-07 06:11:39	INFO	SvTableMsgReceiver Thread-13524	Thread.getStackTrace(1559)	recieve message cmdcode:12639
2026-01-07 06:11:39	INFO	SvTableMsgReceiver Thread-15575	Thread.getStackTrace(1559)	recieve message cmdcode:12639
2026-01-07 06:11:39	INFO	SvTableMsgReceiver Thread-25674	Thread.getStackTrace(1559)	recieve message cmdcode:12639
2026-01-07 06:11:39	INFO	SvTableMsgReceiver Thread-25676	Thread.getStackTrace(1559)	recieve message cmdcode:12639
2026-01-07 06:11:39	INFO	SvTableMsgReceiver Thread-25675	Thread.getStackTrace(1559)	recieve message cmdcode:12639
2026-01-07 06:11:39	INFO	SvTableMsgReceiver Thread-47090	Thread.getStackTrace(1559)	recieve message cmdcode:12639
2026-01-07 06:11:39	INFO	SvTableMsgReceiver Thread-49167	Thread.getStackTrace(1559)	recieve message cmdcode:12639
2026-01-07 06:11:59	INFO	SwingWorker-pool-29-thread-5	Thread.getStackTrace(1559)	create new SvTablePanel instance, view id :28609865
2026-01-07 06:11:59	INFO	SwingWorker-pool-29-thread-5	Thread.getStackTrace(1559)	register slip progress, view id : 28609865
2026-01-07 06:11:59	INFO	SlipWinThread_com.huawei.u2000.pf.frame.ui.slipTable.SlipTableMsgService	Thread.getStackTrace(1559)	register slip , return result/ view id : 1 / 28609865
2026-01-07 06:12:00	INFO	SvTableMsgReceiver Thread-13524	Thread.getStackTrace(1559)	recieve message cmdcode:12639
2026-01-07 06:12:00	INFO	SvTableMsgReceiver Thread-15575	Thread.getStackTrace(1559)	recieve message cmdcode:12639
2026-01-07 06:12:00	INFO	SvTableMsgReceiver Thread-47090	Thread.getStackTrace(1559)	recieve message cmdcode:12639
2026-01-07 06:12:00	INFO	SvTableMsgReceiver Thread-25674	Thread.getStackTrace(1559)	recieve message cmdcode:12639
2026-01-07 06:12:00	INFO	SvTableMsgReceiver Thread-51227	Thread.getStackTrace(1559)	recieve message cmdcode:12639
2026-01-07 06:12:00	INFO	SvTableMsgReceiver Thread-25676	Thread.getStackTrace(1559)	recieve message cmdcode:12639
2026-01-07 06:12:00	INFO	SvTableMsgReceiver Thread-49167	Thread.getStackTrace(1559)	recieve message cmdcode:12639
2026-01-07 06:12:00	INFO	SvTableMsgReceiver Thread-25675	Thread.getStackTrace(1559)	recieve message cmdcode:12639
2026-01-07 06:12:15	INFO	SwingWorker-pool-29-thread-6	Thread.getStackTrace(1559)	create new SvTablePanel instance, view id :3120898
2026-01-07 06:12:15	INFO	SwingWorker-pool-29-thread-6	Thread.getStackTrace(1559)	register slip progress, view id : 3120898
2026-01-07 06:12:15	INFO	SlipWinThread_com.huawei.u2000.pf.frame.ui.slipTable.SlipTableMsgService	Thread.getStackTrace(1559)	register slip , return result/ view id : 1 / 3120898
2026-01-07 06:12:16	INFO	SvTableMsgReceiver Thread-15575	Thread.getStackTrace(1559)	recieve message cmdcode:12639
2026-01-07 06:12:16	INFO	SvTableMsgReceiver Thread-25674	Thread.getStackTrace(1559)	recieve message cmdcode:12639
2026-01-07 06:12:16	INFO	SvTableMsgReceiver Thread-13524	Thread.getStackTrace(1559)	recieve message cmdcode:12639
2026-01-07 06:12:16	INFO	SvTableMsgReceiver Thread-49167	Thread.getStackTrace(1559)	recieve message cmdcode:12639
2026-01-07 06:12:16	INFO	SvTableMsgReceiver Thread-25676	Thread.getStackTrace(1559)	recieve message cmdcode:12639
2026-01-07 06:12:16	INFO	SvTableMsgReceiver Thread-25675	Thread.getStackTrace(1559)	recieve message cmdcode:12639
2026-01-07 06:12:16	INFO	SvTableMsgReceiver Thread-47090	Thread.getStackTrace(1559)	recieve message cmdcode:12639
2026-01-07 06:12:16	INFO	SvTableMsgReceiver Thread-52429	Thread.getStackTrace(1559)	recieve message cmdcode:12639
2026-01-07 06:12:16	INFO	SvTableMsgReceiver Thread-51227	Thread.getStackTrace(1559)	recieve message cmdcode:12639
2026-01-07 06:13:57	INFO	AWT-EventQueue-0	Thread.getStackTrace(1559)	create new SvTablePanel instance, view id :6868561
2026-01-07 06:13:57	INFO	AWT-EventQueue-0	Thread.getStackTrace(1559)	register slip progress, view id : 6868561
2026-01-07 06:13:57	INFO	SlipWinThread_com.huawei.u2000.pf.frame.ui.slipTable.SlipTableMsgService	Thread.getStackTrace(1559)	register slip , return result/ view id : 1 / 6868561
2026-01-07 06:13:58	INFO	SvTableMsgReceiver Thread-13524	Thread.getStackTrace(1559)	recieve message cmdcode:12639
2026-01-07 06:13:58	INFO	SvTableMsgReceiver Thread-25674	Thread.getStackTrace(1559)	recieve message cmdcode:12639
2026-01-07 06:13:58	INFO	SvTableMsgReceiver Thread-47090	Thread.getStackTrace(1559)	recieve message cmdcode:12639
2026-01-07 06:13:58	INFO	SvTableMsgReceiver Thread-15575	Thread.getStackTrace(1559)	recieve message cmdcode:12639
2026-01-07 06:13:58	INFO	SvTableMsgReceiver Thread-57888	Thread.getStackTrace(1559)	recieve message cmdcode:12639
2026-01-07 06:13:58	INFO	SvTableMsgReceiver Thread-52429	Thread.getStackTrace(1559)	recieve message cmdcode:12639
2026-01-07 06:13:58	INFO	SvTableMsgReceiver Thread-51227	Thread.getStackTrace(1559)	recieve message cmdcode:12639
2026-01-07 06:13:58	INFO	SvTableMsgReceiver Thread-49167	Thread.getStackTrace(1559)	recieve message cmdcode:12639
2026-01-07 06:13:58	INFO	SvTableMsgReceiver Thread-25676	Thread.getStackTrace(1559)	recieve message cmdcode:12639
2026-01-07 06:13:58	INFO	SvTableMsgReceiver Thread-25675	Thread.getStackTrace(1559)	recieve message cmdcode:12639
2026-01-07 06:14:01	INFO	pool-15-thread-2	Thread.getStackTrace(1559)	unregister slip, view id : 6868561
2026-01-07 06:14:01	INFO	pool-15-thread-2	Thread.getStackTrace(1559)	unregister slip progress, view id : 6868561
2026-01-07 06:14:02	INFO	AWT-EventQueue-0	Thread.getStackTrace(1559)	create new SvTablePanel instance, view id :25258380
2026-01-07 06:14:02	INFO	AWT-EventQueue-0	Thread.getStackTrace(1559)	register slip progress, view id : 25258380
2026-01-07 06:14:02	INFO	SlipWinThread_com.huawei.u2000.pf.frame.ui.slipTable.SlipTableMsgService	Thread.getStackTrace(1559)	register slip , return result/ view id : 1 / 25258380
2026-01-07 06:14:03	INFO	SvTableMsgReceiver Thread-13524	Thread.getStackTrace(1559)	recieve message cmdcode:12639
2026-01-07 06:14:03	INFO	SvTableMsgReceiver Thread-25674	Thread.getStackTrace(1559)	recieve message cmdcode:12639
2026-01-07 06:14:03	INFO	SvTableMsgReceiver Thread-15575	Thread.getStackTrace(1559)	recieve message cmdcode:12639
2026-01-07 06:14:03	INFO	SvTableMsgReceiver Thread-52429	Thread.getStackTrace(1559)	recieve message cmdcode:12639
2026-01-07 06:14:03	INFO	SvTableMsgReceiver Thread-51227	Thread.getStackTrace(1559)	recieve message cmdcode:12639
2026-01-07 06:14:03	INFO	SvTableMsgReceiver Thread-49167	Thread.getStackTrace(1559)	recieve message cmdcode:12639
2026-01-07 06:14:03	INFO	SvTableMsgReceiver Thread-25676	Thread.getStackTrace(1559)	recieve message cmdcode:12639
2026-01-07 06:14:03	INFO	SvTableMsgReceiver Thread-25675	Thread.getStackTrace(1559)	recieve message cmdcode:12639
2026-01-07 06:14:03	INFO	SvTableMsgReceiver Thread-47090	Thread.getStackTrace(1559)	recieve message cmdcode:12639
2026-01-07 06:14:03	INFO	SvTableMsgReceiver Thread-58680	Thread.getStackTrace(1559)	recieve message cmdcode:12639
2026-01-07 06:14:07	INFO	pool-15-thread-2	Thread.getStackTrace(1559)	unregister slip, view id : 25258380
2026-01-07 06:14:07	INFO	pool-15-thread-2	Thread.getStackTrace(1559)	unregister slip progress, view id : 25258380
2026-01-07 06:14:19	INFO	SvTableMsgReceiver Thread-13524	Thread.getStackTrace(1559)	recieve message cmdcode:12639
2026-01-07 06:14:19	INFO	SvTableMsgReceiver Thread-15575	Thread.getStackTrace(1559)	recieve message cmdcode:12639
2026-01-07 06:14:19	INFO	SvTableMsgReceiver Thread-47090	Thread.getStackTrace(1559)	recieve message cmdcode:12639
2026-01-07 06:14:19	INFO	SvTableMsgReceiver Thread-51227	Thread.getStackTrace(1559)	recieve message cmdcode:12639
2026-01-07 06:14:19	INFO	SvTableMsgReceiver Thread-25674	Thread.getStackTrace(1559)	recieve message cmdcode:12639
2026-01-07 06:14:19	INFO	SvTableMsgReceiver Thread-25674	Thread.getStackTrace(1559)	can not find SvTablePanel : 12073391
2026-01-07 06:14:19	INFO	SvTableMsgReceiver Thread-13524	Thread.getStackTrace(1559)	can not find SvTablePanel : 12073391
2026-01-07 06:14:19	INFO	SvTableMsgReceiver Thread-51227	Thread.getStackTrace(1559)	can not find SvTablePanel : 12073391
2026-01-07 06:14:19	INFO	SvTableMsgReceiver Thread-52429	Thread.getStackTrace(1559)	recieve message cmdcode:12639
2026-01-07 06:14:19	INFO	SvTableMsgReceiver Thread-47090	Thread.getStackTrace(1559)	can not find SvTablePanel : 12073391
2026-01-07 06:14:19	INFO	SvTableMsgReceiver Thread-49167	Thread.getStackTrace(1559)	recieve message cmdcode:12639
2026-01-07 06:14:19	INFO	SvTableMsgReceiver Thread-25676	Thread.getStackTrace(1559)	recieve message cmdcode:12639
2026-01-07 06:14:19	INFO	SvTableMsgReceiver Thread-25675	Thread.getStackTrace(1559)	recieve message cmdcode:12639
2026-01-07 06:14:19	INFO	SvTableMsgReceiver Thread-15575	Thread.getStackTrace(1559)	can not find SvTablePanel : 12073391
2026-01-07 06:14:19	INFO	SvTableMsgReceiver Thread-25675	Thread.getStackTrace(1559)	can not find SvTablePanel : 12073391
2026-01-07 06:14:19	INFO	SvTableMsgReceiver Thread-25676	Thread.getStackTrace(1559)	can not find SvTablePanel : 12073391
2026-01-07 06:14:19	INFO	SvTableMsgReceiver Thread-49167	Thread.getStackTrace(1559)	can not find SvTablePanel : 12073391
2026-01-07 06:14:19	INFO	SvTableMsgReceiver Thread-52429	Thread.getStackTrace(1559)	can not find SvTablePanel : 12073391
2026-01-07 06:14:21	INFO	SvTableMsgReceiver Thread-13524	Thread.getStackTrace(1559)	recieve message cmdcode:12639
2026-01-07 06:14:21	INFO	SvTableMsgReceiver Thread-13524	Thread.getStackTrace(1559)	can not find SvTablePanel : 14850073
2026-01-07 06:14:21	INFO	SvTableMsgReceiver Thread-15575	Thread.getStackTrace(1559)	recieve message cmdcode:12639
2026-01-07 06:14:21	INFO	SvTableMsgReceiver Thread-51227	Thread.getStackTrace(1559)	recieve message cmdcode:12639
2026-01-07 06:14:21	INFO	SvTableMsgReceiver Thread-15575	Thread.getStackTrace(1559)	can not find SvTablePanel : 14850073
2026-01-07 06:14:21	INFO	SvTableMsgReceiver Thread-52429	Thread.getStackTrace(1559)	recieve message cmdcode:12639
2026-01-07 06:14:21	INFO	SvTableMsgReceiver Thread-49167	Thread.getStackTrace(1559)	recieve message cmdcode:12639
2026-01-07 06:14:21	INFO	SvTableMsgReceiver Thread-25676	Thread.getStackTrace(1559)	recieve message cmdcode:12639
2026-01-07 06:14:21	INFO	SvTableMsgReceiver Thread-25676	Thread.getStackTrace(1559)	can not find SvTablePanel : 14850073
2026-01-07 06:14:21	INFO	SvTableMsgReceiver Thread-25675	Thread.getStackTrace(1559)	recieve message cmdcode:12639
2026-01-07 06:14:21	INFO	SvTableMsgReceiver Thread-25675	Thread.getStackTrace(1559)	can not find SvTablePanel : 14850073
2026-01-07 06:14:21	INFO	SvTableMsgReceiver Thread-47090	Thread.getStackTrace(1559)	recieve message cmdcode:12639
2026-01-07 06:14:21	INFO	SvTableMsgReceiver Thread-25674	Thread.getStackTrace(1559)	recieve message cmdcode:12639
2026-01-07 06:14:21	INFO	SvTableMsgReceiver Thread-47090	Thread.getStackTrace(1559)	can not find SvTablePanel : 14850073
2026-01-07 06:14:21	INFO	SvTableMsgReceiver Thread-49167	Thread.getStackTrace(1559)	can not find SvTablePanel : 14850073
2026-01-07 06:14:21	INFO	SvTableMsgReceiver Thread-52429	Thread.getStackTrace(1559)	can not find SvTablePanel : 14850073
2026-01-07 06:14:21	INFO	SvTableMsgReceiver Thread-51227	Thread.getStackTrace(1559)	can not find SvTablePanel : 14850073
2026-01-07 06:14:21	INFO	SvTableMsgReceiver Thread-25674	Thread.getStackTrace(1559)	can not find SvTablePanel : 14850073
2026-01-07 06:14:28	INFO	AWT-EventQueue-0	Thread.getStackTrace(1559)	unregister slip, view id : 28320887
2026-01-07 06:14:28	INFO	AWT-EventQueue-0	Thread.getStackTrace(1559)	unregister slip progress, view id : 28320887
2026-01-07 06:14:33	INFO	AWT-EventQueue-0	Thread.getStackTrace(1559)	create new SvTablePanel instance, view id :32797542
2026-01-07 06:14:33	INFO	AWT-EventQueue-0	Thread.getStackTrace(1559)	register slip progress, view id : 32797542
2026-01-07 06:14:33	INFO	SlipWinThread_com.huawei.u2000.ucbb.table.slip.SlipTableMsgService	Thread.getStackTrace(1559)	register slip , return result/ view id : 1 / 32797542
2026-01-07 06:15:12	INFO	AWT-EventQueue-0	Thread.getStackTrace(1559)	unregister slip, view id : 32797542
2026-01-07 06:15:12	INFO	AWT-EventQueue-0	Thread.getStackTrace(1559)	unregister slip progress, view id : 32797542
2026-01-07 06:15:17	INFO	AWT-EventQueue-0	Thread.getStackTrace(1559)	create new SvTablePanel instance, view id :18981199
2026-01-07 06:15:17	INFO	AWT-EventQueue-0	Thread.getStackTrace(1559)	register slip progress, view id : 18981199
2026-01-07 06:15:17	INFO	SlipWinThread_com.huawei.u2000.ucbb.table.slip.SlipTableMsgService	Thread.getStackTrace(1559)	register slip , return result/ view id : 1 / 18981199
2026-01-07 06:15:18	INFO	SvTableMsgReceiver Thread-13524	Thread.getStackTrace(1559)	recieve message cmdcode:12639
2026-01-07 06:15:18	INFO	SvTableMsgReceiver Thread-25674	Thread.getStackTrace(1559)	recieve message cmdcode:12639
2026-01-07 06:15:18	INFO	SvTableMsgReceiver Thread-25675	Thread.getStackTrace(1559)	recieve message cmdcode:12639
2026-01-07 06:15:18	INFO	SvTableMsgReceiver Thread-52429	Thread.getStackTrace(1559)	recieve message cmdcode:12639
2026-01-07 06:15:18	INFO	SvTableMsgReceiver Thread-51227	Thread.getStackTrace(1559)	recieve message cmdcode:12639
2026-01-07 06:15:18	INFO	SvTableMsgReceiver Thread-47090	Thread.getStackTrace(1559)	recieve message cmdcode:12639
2026-01-07 06:15:18	INFO	SvTableMsgReceiver Thread-49167	Thread.getStackTrace(1559)	recieve message cmdcode:12639
2026-01-07 06:15:18	INFO	SvTableMsgReceiver Thread-25676	Thread.getStackTrace(1559)	recieve message cmdcode:12639
2026-01-07 06:15:18	INFO	SvTableMsgReceiver Thread-63576	Thread.getStackTrace(1559)	recieve message cmdcode:12639
2026-01-07 06:15:22	INFO	SvTableMsgReceiver Thread-13524	Thread.getStackTrace(1559)	recieve message cmdcode:12639
2026-01-07 06:15:22	INFO	SvTableMsgReceiver Thread-25674	Thread.getStackTrace(1559)	recieve message cmdcode:12639
2026-01-07 06:15:22	INFO	SvTableMsgReceiver Thread-47090	Thread.getStackTrace(1559)	recieve message cmdcode:12639
2026-01-07 06:15:22	INFO	SvTableMsgReceiver Thread-25675	Thread.getStackTrace(1559)	recieve message cmdcode:12639
2026-01-07 06:15:22	INFO	SvTableMsgReceiver Thread-51227	Thread.getStackTrace(1559)	recieve message cmdcode:12639
2026-01-07 06:15:22	INFO	SvTableMsgReceiver Thread-52429	Thread.getStackTrace(1559)	recieve message cmdcode:12639
2026-01-07 06:15:22	INFO	SvTableMsgReceiver Thread-49167	Thread.getStackTrace(1559)	recieve message cmdcode:12639
2026-01-07 06:15:22	INFO	SvTableMsgReceiver Thread-25676	Thread.getStackTrace(1559)	recieve message cmdcode:12639
2026-01-07 06:15:22	INFO	SvTableMsgReceiver Thread-63576	Thread.getStackTrace(1559)	recieve message cmdcode:12639
2026-01-07 06:15:24	INFO	SvTableMsgReceiver Thread-13524	Thread.getStackTrace(1559)	recieve message cmdcode:12639
2026-01-07 06:15:24	INFO	SvTableMsgReceiver Thread-25674	Thread.getStackTrace(1559)	recieve message cmdcode:12639
2026-01-07 06:15:24	INFO	SvTableMsgReceiver Thread-47090	Thread.getStackTrace(1559)	recieve message cmdcode:12639
2026-01-07 06:15:24	INFO	SvTableMsgReceiver Thread-51227	Thread.getStackTrace(1559)	recieve message cmdcode:12639
2026-01-07 06:15:24	INFO	SvTableMsgReceiver Thread-52429	Thread.getStackTrace(1559)	recieve message cmdcode:12639
2026-01-07 06:15:24	INFO	SvTableMsgReceiver Thread-49167	Thread.getStackTrace(1559)	recieve message cmdcode:12639
2026-01-07 06:15:24	INFO	SvTableMsgReceiver Thread-25676	Thread.getStackTrace(1559)	recieve message cmdcode:12639
2026-01-07 06:15:24	INFO	SvTableMsgReceiver Thread-25675	Thread.getStackTrace(1559)	recieve message cmdcode:12639
2026-01-07 06:15:24	INFO	SvTableMsgReceiver Thread-63576	Thread.getStackTrace(1559)	recieve message cmdcode:12639
2026-01-07 06:15:27	INFO	SvTableMsgReceiver Thread-13524	Thread.getStackTrace(1559)	recieve message cmdcode:12639
2026-01-07 06:15:27	INFO	SvTableMsgReceiver Thread-25674	Thread.getStackTrace(1559)	recieve message cmdcode:12639
2026-01-07 06:15:27	INFO	SvTableMsgReceiver Thread-47090	Thread.getStackTrace(1559)	recieve message cmdcode:12639
2026-01-07 06:15:27	INFO	SvTableMsgReceiver Thread-25676	Thread.getStackTrace(1559)	recieve message cmdcode:12639
2026-01-07 06:15:27	INFO	SvTableMsgReceiver Thread-52429	Thread.getStackTrace(1559)	recieve message cmdcode:12639
2026-01-07 06:15:27	INFO	SvTableMsgReceiver Thread-51227	Thread.getStackTrace(1559)	recieve message cmdcode:12639
2026-01-07 06:15:27	INFO	SvTableMsgReceiver Thread-49167	Thread.getStackTrace(1559)	recieve message cmdcode:12639
2026-01-07 06:15:27	INFO	SvTableMsgReceiver Thread-25675	Thread.getStackTrace(1559)	recieve message cmdcode:12639
2026-01-07 06:15:27	INFO	SvTableMsgReceiver Thread-63576	Thread.getStackTrace(1559)	recieve message cmdcode:12639
2026-01-07 06:15:30	INFO	SvTableMsgReceiver Thread-13524	Thread.getStackTrace(1559)	recieve message cmdcode:12639
2026-01-07 06:15:30	INFO	SvTableMsgReceiver Thread-25674	Thread.getStackTrace(1559)	recieve message cmdcode:12639
2026-01-07 06:15:30	INFO	SvTableMsgReceiver Thread-47090	Thread.getStackTrace(1559)	recieve message cmdcode:12639
2026-01-07 06:15:30	INFO	SvTableMsgReceiver Thread-51227	Thread.getStackTrace(1559)	recieve message cmdcode:12639
2026-01-07 06:15:30	INFO	SvTableMsgReceiver Thread-52429	Thread.getStackTrace(1559)	recieve message cmdcode:12639
2026-01-07 06:15:30	INFO	SvTableMsgReceiver Thread-49167	Thread.getStackTrace(1559)	recieve message cmdcode:12639
2026-01-07 06:15:30	INFO	SvTableMsgReceiver Thread-25676	Thread.getStackTrace(1559)	recieve message cmdcode:12639
2026-01-07 06:15:30	INFO	SvTableMsgReceiver Thread-25675	Thread.getStackTrace(1559)	recieve message cmdcode:12639
2026-01-07 06:15:30	INFO	SvTableMsgReceiver Thread-63576	Thread.getStackTrace(1559)	recieve message cmdcode:12639
2026-01-07 06:15:33	INFO	SvTableMsgReceiver Thread-13524	Thread.getStackTrace(1559)	recieve message cmdcode:12639
2026-01-07 06:15:33	INFO	SvTableMsgReceiver Thread-25674	Thread.getStackTrace(1559)	recieve message cmdcode:12639
2026-01-07 06:15:33	INFO	SvTableMsgReceiver Thread-47090	Thread.getStackTrace(1559)	recieve message cmdcode:12639
2026-01-07 06:15:33	INFO	SvTableMsgReceiver Thread-25675	Thread.getStackTrace(1559)	recieve message cmdcode:12639
2026-01-07 06:15:33	INFO	SvTableMsgReceiver Thread-25676	Thread.getStackTrace(1559)	recieve message cmdcode:12639
2026-01-07 06:15:33	INFO	SvTableMsgReceiver Thread-49167	Thread.getStackTrace(1559)	recieve message cmdcode:12639
2026-01-07 06:15:33	INFO	SvTableMsgReceiver Thread-51227	Thread.getStackTrace(1559)	recieve message cmdcode:12639
2026-01-07 06:15:33	INFO	SvTableMsgReceiver Thread-63576	Thread.getStackTrace(1559)	recieve message cmdcode:12639
2026-01-07 06:15:33	INFO	SvTableMsgReceiver Thread-52429	Thread.getStackTrace(1559)	recieve message cmdcode:12639
2026-01-07 06:15:36	INFO	SvTableMsgReceiver Thread-13524	Thread.getStackTrace(1559)	recieve message cmdcode:12639
2026-01-07 06:15:36	INFO	SvTableMsgReceiver Thread-25674	Thread.getStackTrace(1559)	recieve message cmdcode:12639
2026-01-07 06:15:36	INFO	SvTableMsgReceiver Thread-52429	Thread.getStackTrace(1559)	recieve message cmdcode:12639
2026-01-07 06:15:36	INFO	SvTableMsgReceiver Thread-51227	Thread.getStackTrace(1559)	recieve message cmdcode:12639
2026-01-07 06:15:36	INFO	SvTableMsgReceiver Thread-25676	Thread.getStackTrace(1559)	recieve message cmdcode:12639
2026-01-07 06:15:36	INFO	SvTableMsgReceiver Thread-49167	Thread.getStackTrace(1559)	recieve message cmdcode:12639
2026-01-07 06:15:36	INFO	SvTableMsgReceiver Thread-25675	Thread.getStackTrace(1559)	recieve message cmdcode:12639
2026-01-07 06:15:36	INFO	SvTableMsgReceiver Thread-47090	Thread.getStackTrace(1559)	recieve message cmdcode:12639
2026-01-07 06:15:36	INFO	SvTableMsgReceiver Thread-63576	Thread.getStackTrace(1559)	recieve message cmdcode:12639
2026-01-07 06:15:38	INFO	AWT-EventQueue-0	Thread.getStackTrace(1559)	unregister slip, view id : 18981199
2026-01-07 06:15:38	INFO	AWT-EventQueue-0	Thread.getStackTrace(1559)	unregister slip progress, view id : 18981199
2026-01-07 06:15:42	INFO	AWT-EventQueue-0	Thread.getStackTrace(1559)	create new SvTablePanel instance, view id :25293943
2026-01-07 06:15:42	INFO	AWT-EventQueue-0	Thread.getStackTrace(1559)	register slip progress, view id : 25293943
2026-01-07 06:15:42	INFO	SlipWinThread_com.huawei.u2000.ucbb.table.slip.SlipTableMsgService	Thread.getStackTrace(1559)	register slip , return result/ view id : 1 / 25293943
2026-01-07 06:15:42	INFO	AWT-EventQueue-0	Thread.getStackTrace(1559)	unregister slip, view id : 25293943
2026-01-07 06:15:42	INFO	AWT-EventQueue-0	Thread.getStackTrace(1559)	unregister slip progress, view id : 25293943
2026-01-07 06:15:43	INFO	AWT-EventQueue-0	Thread.getStackTrace(1559)	create new SvTablePanel instance, view id :10897560
2026-01-07 06:15:43	INFO	AWT-EventQueue-0	Thread.getStackTrace(1559)	register slip progress, view id : 10897560
2026-01-07 06:15:43	INFO	SlipWinThread_com.huawei.u2000.ucbb.table.slip.SlipTableMsgService	Thread.getStackTrace(1559)	register slip , return result/ view id : 1 / 10897560
2026-01-07 06:15:43	INFO	SvTableMsgReceiver Thread-13524	Thread.getStackTrace(1559)	recieve message cmdcode:12639
2026-01-07 06:15:43	INFO	SvTableMsgReceiver Thread-47090	Thread.getStackTrace(1559)	recieve message cmdcode:12639
2026-01-07 06:15:43	INFO	SvTableMsgReceiver Thread-49167	Thread.getStackTrace(1559)	recieve message cmdcode:12639
2026-01-07 06:15:43	INFO	SvTableMsgReceiver Thread-25676	Thread.getStackTrace(1559)	recieve message cmdcode:12639
2026-01-07 06:15:43	INFO	SvTableMsgReceiver Thread-25675	Thread.getStackTrace(1559)	recieve message cmdcode:12639
2026-01-07 06:15:43	INFO	SvTableMsgReceiver Thread-25675	Thread.getStackTrace(1559)	can not find SvTablePanel : 25293943
2026-01-07 06:15:43	INFO	SvTableMsgReceiver Thread-13524	Thread.getStackTrace(1559)	can not find SvTablePanel : 25293943
2026-01-07 06:15:43	INFO	SvTableMsgReceiver Thread-25674	Thread.getStackTrace(1559)	recieve message cmdcode:12639
2026-01-07 06:15:43	INFO	SvTableMsgReceiver Thread-25676	Thread.getStackTrace(1559)	can not find SvTablePanel : 25293943
2026-01-07 06:15:43	INFO	SvTableMsgReceiver Thread-49167	Thread.getStackTrace(1559)	can not find SvTablePanel : 25293943
2026-01-07 06:15:43	INFO	SvTableMsgReceiver Thread-52429	Thread.getStackTrace(1559)	recieve message cmdcode:12639
2026-01-07 06:15:43	INFO	SvTableMsgReceiver Thread-47090	Thread.getStackTrace(1559)	can not find SvTablePanel : 25293943
2026-01-07 06:15:43	INFO	SvTableMsgReceiver Thread-51227	Thread.getStackTrace(1559)	recieve message cmdcode:12639
2026-01-07 06:15:43	INFO	SvTableMsgReceiver Thread-52429	Thread.getStackTrace(1559)	can not find SvTablePanel : 25293943
2026-01-07 06:15:43	INFO	SvTableMsgReceiver Thread-66263	Thread.getStackTrace(1559)	recieve message cmdcode:12639
2026-01-07 06:15:43	INFO	SvTableMsgReceiver Thread-25674	Thread.getStackTrace(1559)	can not find SvTablePanel : 25293943
2026-01-07 06:15:43	INFO	SvTableMsgReceiver Thread-66263	Thread.getStackTrace(1559)	can not find SvTablePanel : 25293943
2026-01-07 06:15:43	INFO	SvTableMsgReceiver Thread-51227	Thread.getStackTrace(1559)	can not find SvTablePanel : 25293943
2026-01-07 06:15:44	INFO	SvTableMsgReceiver Thread-13524	Thread.getStackTrace(1559)	recieve message cmdcode:12639
2026-01-07 06:15:44	INFO	SvTableMsgReceiver Thread-51227	Thread.getStackTrace(1559)	recieve message cmdcode:12639
2026-01-07 06:15:44	INFO	SvTableMsgReceiver Thread-52429	Thread.getStackTrace(1559)	recieve message cmdcode:12639
2026-01-07 06:15:44	INFO	SvTableMsgReceiver Thread-49167	Thread.getStackTrace(1559)	recieve message cmdcode:12639
2026-01-07 06:15:44	INFO	SvTableMsgReceiver Thread-25676	Thread.getStackTrace(1559)	recieve message cmdcode:12639
2026-01-07 06:15:44	INFO	SvTableMsgReceiver Thread-25675	Thread.getStackTrace(1559)	recieve message cmdcode:12639
2026-01-07 06:15:44	INFO	SvTableMsgReceiver Thread-47090	Thread.getStackTrace(1559)	recieve message cmdcode:12639
2026-01-07 06:15:44	INFO	SvTableMsgReceiver Thread-25674	Thread.getStackTrace(1559)	recieve message cmdcode:12639
2026-01-07 06:15:44	INFO	SvTableMsgReceiver Thread-66263	Thread.getStackTrace(1559)	recieve message cmdcode:12639
2026-01-07 06:15:56	INFO	SvTableMsgReceiver Thread-13524	Thread.getStackTrace(1559)	recieve message cmdcode:12639
2026-01-07 06:15:56	INFO	SvTableMsgReceiver Thread-25674	Thread.getStackTrace(1559)	recieve message cmdcode:12639
2026-01-07 06:15:56	INFO	SvTableMsgReceiver Thread-25675	Thread.getStackTrace(1559)	recieve message cmdcode:12639
2026-01-07 06:15:56	INFO	SvTableMsgReceiver Thread-47090	Thread.getStackTrace(1559)	recieve message cmdcode:12639
2026-01-07 06:15:56	INFO	SvTableMsgReceiver Thread-52429	Thread.getStackTrace(1559)	recieve message cmdcode:12639
2026-01-07 06:15:56	INFO	SvTableMsgReceiver Thread-51227	Thread.getStackTrace(1559)	recieve message cmdcode:12639
2026-01-07 06:15:56	INFO	SvTableMsgReceiver Thread-49167	Thread.getStackTrace(1559)	recieve message cmdcode:12639
2026-01-07 06:15:56	INFO	SvTableMsgReceiver Thread-25676	Thread.getStackTrace(1559)	recieve message cmdcode:12639
2026-01-07 06:15:56	INFO	SvTableMsgReceiver Thread-66263	Thread.getStackTrace(1559)	recieve message cmdcode:12639
2026-01-07 06:16:00	INFO	SvTableMsgReceiver Thread-13524	Thread.getStackTrace(1559)	recieve message cmdcode:12639
2026-01-07 06:16:00	INFO	SvTableMsgReceiver Thread-25674	Thread.getStackTrace(1559)	recieve message cmdcode:12639
2026-01-07 06:16:00	INFO	SvTableMsgReceiver Thread-25675	Thread.getStackTrace(1559)	recieve message cmdcode:12639
2026-01-07 06:16:00	INFO	SvTableMsgReceiver Thread-51227	Thread.getStackTrace(1559)	recieve message cmdcode:12639
2026-01-07 06:16:00	INFO	SvTableMsgReceiver Thread-47090	Thread.getStackTrace(1559)	recieve message cmdcode:12639
2026-01-07 06:16:00	INFO	SvTableMsgReceiver Thread-52429	Thread.getStackTrace(1559)	recieve message cmdcode:12639
2026-01-07 06:16:00	INFO	SvTableMsgReceiver Thread-49167	Thread.getStackTrace(1559)	recieve message cmdcode:12639
2026-01-07 06:16:00	INFO	SvTableMsgReceiver Thread-25676	Thread.getStackTrace(1559)	recieve message cmdcode:12639
2026-01-07 06:16:00	INFO	SvTableMsgReceiver Thread-66263	Thread.getStackTrace(1559)	recieve message cmdcode:12639
2026-01-07 06:16:06	INFO	SvTableMsgReceiver Thread-13524	Thread.getStackTrace(1559)	recieve message cmdcode:12639
2026-01-07 06:16:06	INFO	SvTableMsgReceiver Thread-51227	Thread.getStackTrace(1559)	recieve message cmdcode:12639
2026-01-07 06:16:06	INFO	SvTableMsgReceiver Thread-49167	Thread.getStackTrace(1559)	recieve message cmdcode:12639
2026-01-07 06:16:06	INFO	SvTableMsgReceiver Thread-25676	Thread.getStackTrace(1559)	recieve message cmdcode:12639
2026-01-07 06:16:06	INFO	SvTableMsgReceiver Thread-25675	Thread.getStackTrace(1559)	recieve message cmdcode:12639
2026-01-07 06:16:06	INFO	SvTableMsgReceiver Thread-47090	Thread.getStackTrace(1559)	recieve message cmdcode:12639
2026-01-07 06:16:06	INFO	SvTableMsgReceiver Thread-25674	Thread.getStackTrace(1559)	recieve message cmdcode:12639
2026-01-07 06:16:06	INFO	SvTableMsgReceiver Thread-52429	Thread.getStackTrace(1559)	recieve message cmdcode:12639
2026-01-07 06:16:06	INFO	SvTableMsgReceiver Thread-66263	Thread.getStackTrace(1559)	recieve message cmdcode:12639
2026-01-07 06:16:10	INFO	SvTableMsgReceiver Thread-13524	Thread.getStackTrace(1559)	recieve message cmdcode:12639
2026-01-07 06:16:10	INFO	SvTableMsgReceiver Thread-47090	Thread.getStackTrace(1559)	recieve message cmdcode:12639
2026-01-07 06:16:10	INFO	SvTableMsgReceiver Thread-25676	Thread.getStackTrace(1559)	recieve message cmdcode:12639
2026-01-07 06:16:10	INFO	SvTableMsgReceiver Thread-25675	Thread.getStackTrace(1559)	recieve message cmdcode:12639
2026-01-07 06:16:10	INFO	SvTableMsgReceiver Thread-25674	Thread.getStackTrace(1559)	recieve message cmdcode:12639
2026-01-07 06:16:10	INFO	SvTableMsgReceiver Thread-52429	Thread.getStackTrace(1559)	recieve message cmdcode:12639
2026-01-07 06:16:10	INFO	SvTableMsgReceiver Thread-49167	Thread.getStackTrace(1559)	recieve message cmdcode:12639
2026-01-07 06:16:10	INFO	SvTableMsgReceiver Thread-51227	Thread.getStackTrace(1559)	recieve message cmdcode:12639
2026-01-07 06:16:10	INFO	SvTableMsgReceiver Thread-66263	Thread.getStackTrace(1559)	recieve message cmdcode:12639
2026-01-07 06:16:16	INFO	SvTableMsgReceiver Thread-13524	Thread.getStackTrace(1559)	recieve message cmdcode:12639
2026-01-07 06:16:16	INFO	SvTableMsgReceiver Thread-47090	Thread.getStackTrace(1559)	recieve message cmdcode:12639
2026-01-07 06:16:16	INFO	SvTableMsgReceiver Thread-25675	Thread.getStackTrace(1559)	recieve message cmdcode:12639
2026-01-07 06:16:16	INFO	SvTableMsgReceiver Thread-25674	Thread.getStackTrace(1559)	recieve message cmdcode:12639
2026-01-07 06:16:16	INFO	SvTableMsgReceiver Thread-52429	Thread.getStackTrace(1559)	recieve message cmdcode:12639
2026-01-07 06:16:16	INFO	SvTableMsgReceiver Thread-51227	Thread.getStackTrace(1559)	recieve message cmdcode:12639
2026-01-07 06:16:16	INFO	SvTableMsgReceiver Thread-49167	Thread.getStackTrace(1559)	recieve message cmdcode:12639
2026-01-07 06:16:16	INFO	SvTableMsgReceiver Thread-25676	Thread.getStackTrace(1559)	recieve message cmdcode:12639
2026-01-07 06:16:16	INFO	SvTableMsgReceiver Thread-66263	Thread.getStackTrace(1559)	recieve message cmdcode:12639
2026-01-07 06:16:24	INFO	SvTableMsgReceiver Thread-13524	Thread.getStackTrace(1559)	recieve message cmdcode:12639
2026-01-07 06:16:24	INFO	SvTableMsgReceiver Thread-25674	Thread.getStackTrace(1559)	recieve message cmdcode:12639
2026-01-07 06:16:24	INFO	SvTableMsgReceiver Thread-51227	Thread.getStackTrace(1559)	recieve message cmdcode:12639
2026-01-07 06:16:24	INFO	SvTableMsgReceiver Thread-25676	Thread.getStackTrace(1559)	recieve message cmdcode:12639
2026-01-07 06:16:24	INFO	SvTableMsgReceiver Thread-25675	Thread.getStackTrace(1559)	recieve message cmdcode:12639
2026-01-07 06:16:24	INFO	SvTableMsgReceiver Thread-49167	Thread.getStackTrace(1559)	recieve message cmdcode:12639
2026-01-07 06:16:24	INFO	SvTableMsgReceiver Thread-47090	Thread.getStackTrace(1559)	recieve message cmdcode:12639
2026-01-07 06:16:24	INFO	SvTableMsgReceiver Thread-52429	Thread.getStackTrace(1559)	recieve message cmdcode:12639
2026-01-07 06:16:24	INFO	SvTableMsgReceiver Thread-66263	Thread.getStackTrace(1559)	recieve message cmdcode:12639
2026-01-07 06:16:40	INFO	SvTableMsgReceiver Thread-25674	Thread.getStackTrace(1559)	recieve message cmdcode:12639
2026-01-07 06:16:40	INFO	SvTableMsgReceiver Thread-51227	Thread.getStackTrace(1559)	recieve message cmdcode:12639
2026-01-07 06:16:40	INFO	SvTableMsgReceiver Thread-49167	Thread.getStackTrace(1559)	recieve message cmdcode:12639
2026-01-07 06:16:40	INFO	SvTableMsgReceiver Thread-25676	Thread.getStackTrace(1559)	recieve message cmdcode:12639
2026-01-07 06:16:40	INFO	SvTableMsgReceiver Thread-25675	Thread.getStackTrace(1559)	recieve message cmdcode:12639
2026-01-07 06:16:40	INFO	SvTableMsgReceiver Thread-47090	Thread.getStackTrace(1559)	recieve message cmdcode:12639
2026-01-07 06:16:40	INFO	SvTableMsgReceiver Thread-13524	Thread.getStackTrace(1559)	recieve message cmdcode:12639
2026-01-07 06:16:40	INFO	SvTableMsgReceiver Thread-52429	Thread.getStackTrace(1559)	recieve message cmdcode:12639
2026-01-07 06:16:40	INFO	SvTableMsgReceiver Thread-66263	Thread.getStackTrace(1559)	recieve message cmdcode:12639
2026-01-07 06:16:44	INFO	SvTableMsgReceiver Thread-13524	Thread.getStackTrace(1559)	recieve message cmdcode:12639
2026-01-07 06:16:44	INFO	SvTableMsgReceiver Thread-47090	Thread.getStackTrace(1559)	recieve message cmdcode:12639
2026-01-07 06:16:44	INFO	SvTableMsgReceiver Thread-25675	Thread.getStackTrace(1559)	recieve message cmdcode:12639
2026-01-07 06:16:44	INFO	SvTableMsgReceiver Thread-49167	Thread.getStackTrace(1559)	recieve message cmdcode:12639
2026-01-07 06:16:44	INFO	SvTableMsgReceiver Thread-25674	Thread.getStackTrace(1559)	recieve message cmdcode:12639
2026-01-07 06:16:44	INFO	SvTableMsgReceiver Thread-52429	Thread.getStackTrace(1559)	recieve message cmdcode:12639
2026-01-07 06:16:44	INFO	SvTableMsgReceiver Thread-51227	Thread.getStackTrace(1559)	recieve message cmdcode:12639
2026-01-07 06:16:44	INFO	SvTableMsgReceiver Thread-25676	Thread.getStackTrace(1559)	recieve message cmdcode:12639
2026-01-07 06:16:44	INFO	SvTableMsgReceiver Thread-66263	Thread.getStackTrace(1559)	recieve message cmdcode:12639
2026-01-07 06:16:46	INFO	SvTableMsgReceiver Thread-13524	Thread.getStackTrace(1559)	recieve message cmdcode:12639
2026-01-07 06:16:46	INFO	SvTableMsgReceiver Thread-47090	Thread.getStackTrace(1559)	recieve message cmdcode:12639
2026-01-07 06:16:46	INFO	SvTableMsgReceiver Thread-49167	Thread.getStackTrace(1559)	recieve message cmdcode:12639
2026-01-07 06:16:46	INFO	SvTableMsgReceiver Thread-25676	Thread.getStackTrace(1559)	recieve message cmdcode:12639
2026-01-07 06:16:46	INFO	SvTableMsgReceiver Thread-25675	Thread.getStackTrace(1559)	recieve message cmdcode:12639
2026-01-07 06:16:46	INFO	SvTableMsgReceiver Thread-25674	Thread.getStackTrace(1559)	recieve message cmdcode:12639
2026-01-07 06:16:46	INFO	SvTableMsgReceiver Thread-52429	Thread.getStackTrace(1559)	recieve message cmdcode:12639
2026-01-07 06:16:46	INFO	SvTableMsgReceiver Thread-51227	Thread.getStackTrace(1559)	recieve message cmdcode:12639
2026-01-07 06:16:46	INFO	SvTableMsgReceiver Thread-66263	Thread.getStackTrace(1559)	recieve message cmdcode:12639
2026-01-07 06:16:50	INFO	SvTableMsgReceiver Thread-25674	Thread.getStackTrace(1559)	recieve message cmdcode:12639
2026-01-07 06:16:50	INFO	SvTableMsgReceiver Thread-52429	Thread.getStackTrace(1559)	recieve message cmdcode:12639
2026-01-07 06:16:50	INFO	SvTableMsgReceiver Thread-51227	Thread.getStackTrace(1559)	recieve message cmdcode:12639
2026-01-07 06:16:50	INFO	SvTableMsgReceiver Thread-49167	Thread.getStackTrace(1559)	recieve message cmdcode:12639
2026-01-07 06:16:50	INFO	SvTableMsgReceiver Thread-25676	Thread.getStackTrace(1559)	recieve message cmdcode:12639
2026-01-07 06:16:50	INFO	SvTableMsgReceiver Thread-25675	Thread.getStackTrace(1559)	recieve message cmdcode:12639
2026-01-07 06:16:50	INFO	SvTableMsgReceiver Thread-47090	Thread.getStackTrace(1559)	recieve message cmdcode:12639
2026-01-07 06:16:50	INFO	SvTableMsgReceiver Thread-13524	Thread.getStackTrace(1559)	recieve message cmdcode:12639
2026-01-07 06:16:50	INFO	SvTableMsgReceiver Thread-66263	Thread.getStackTrace(1559)	recieve message cmdcode:12639
2026-01-07 06:17:29	INFO	AWT-EventQueue-0	Thread.getStackTrace(1559)	unregister slip, view id : 10897560
2026-01-07 06:17:29	INFO	AWT-EventQueue-0	Thread.getStackTrace(1559)	unregister slip progress, view id : 10897560
2026-01-07 06:22:36	INFO	SwingWorker-pool-29-thread-9	Thread.getStackTrace(1559)	create new SvTablePanel instance, view id :32881325
2026-01-07 06:22:36	INFO	SwingWorker-pool-29-thread-9	Thread.getStackTrace(1559)	register slip progress, view id : 32881325
2026-01-07 06:22:36	INFO	SlipWinThread_com.huawei.u2000.pf.frame.ui.slipTable.SlipTableMsgService	Thread.getStackTrace(1559)	register slip , return result/ view id : 1 / 32881325
2026-01-07 06:24:27	INFO	AWT-EventQueue-0	Thread.getStackTrace(1559)	create new SvTablePanel instance, view id :16675995
2026-01-07 06:24:27	INFO	AWT-EventQueue-0	Thread.getStackTrace(1559)	register slip progress, view id : 16675995
2026-01-07 06:24:27	INFO	SlipWinThread_com.huawei.u2000.ucbb.table.slip.SlipTableMsgService	Thread.getStackTrace(1559)	register slip , return result/ view id : 1 / 16675995
2026-01-07 06:24:28	INFO	SvTableMsgReceiver Thread-13524	Thread.getStackTrace(1559)	recieve message cmdcode:12639
2026-01-07 06:24:28	INFO	SvTableMsgReceiver Thread-49167	Thread.getStackTrace(1559)	recieve message cmdcode:12639
2026-01-07 06:24:28	INFO	SvTableMsgReceiver Thread-25676	Thread.getStackTrace(1559)	recieve message cmdcode:12639
2026-01-07 06:24:28	INFO	SvTableMsgReceiver Thread-47090	Thread.getStackTrace(1559)	recieve message cmdcode:12639
2026-01-07 06:24:28	INFO	SvTableMsgReceiver Thread-52429	Thread.getStackTrace(1559)	recieve message cmdcode:12639
2026-01-07 06:24:28	INFO	SvTableMsgReceiver Thread-25675	Thread.getStackTrace(1559)	recieve message cmdcode:12639
2026-01-07 06:24:28	INFO	SvTableMsgReceiver Thread-51227	Thread.getStackTrace(1559)	recieve message cmdcode:12639
2026-01-07 06:24:28	INFO	SvTableMsgReceiver Thread-25674	Thread.getStackTrace(1559)	recieve message cmdcode:12639
2026-01-07 06:24:28	INFO	SvTableMsgReceiver Thread-86877	Thread.getStackTrace(1559)	recieve message cmdcode:12639
2026-01-07 06:24:28	INFO	SvTableMsgReceiver Thread-96937	Thread.getStackTrace(1559)	recieve message cmdcode:12639
2026-01-07 06:25:05	INFO	AWT-EventQueue-0	Thread.getStackTrace(1559)	create new SvTablePanel instance, view id :26691066
2026-01-07 06:25:05	INFO	AWT-EventQueue-0	Thread.getStackTrace(1559)	create new SvTablePanel instance, view id :25967601
2026-01-07 06:25:05	INFO	AWT-EventQueue-0	Thread.getStackTrace(1559)	create new SvTablePanel instance, view id :29370197
2026-01-07 06:25:05	INFO	AWT-EventQueue-0	Thread.getStackTrace(1559)	register slip progress, view id : 26691066
2026-01-07 06:25:05	INFO	SlipWinThread_com.huawei.u2000.pf.frame.ui.slipTable.SlipTableMsgService	Thread.getStackTrace(1559)	register slip , return result/ view id : 1 / 26691066
2026-01-07 06:25:05	INFO	pool-15-thread-6	Thread.getStackTrace(1559)	unregister slip, view id : 1608953
2026-01-07 06:25:05	INFO	pool-15-thread-6	Thread.getStackTrace(1559)	unregister slip progress, view id : 1608953
2026-01-07 06:25:06	INFO	pool-15-thread-3	Thread.getStackTrace(1559)	unregister slip, view id : 4294654
2026-01-07 06:25:06	INFO	pool-15-thread-9	Thread.getStackTrace(1559)	unregister slip, view id : 3588224
2026-01-07 06:25:06	INFO	pool-15-thread-3	Thread.getStackTrace(1559)	unregister slip progress, view id : 4294654
2026-01-07 06:25:06	INFO	pool-15-thread-9	Thread.getStackTrace(1559)	unregister slip progress, view id : 3588224
2026-01-07 06:25:20	INFO	SvTableMsgReceiver Thread-13524	Thread.getStackTrace(1559)	recieve message cmdcode:12639
2026-01-07 06:25:20	INFO	SvTableMsgReceiver Thread-47090	Thread.getStackTrace(1559)	recieve message cmdcode:12639
2026-01-07 06:25:20	INFO	SvTableMsgReceiver Thread-13524	Thread.getStackTrace(1559)	can not find SvTablePanel : 28927350
2026-01-07 06:25:20	INFO	SvTableMsgReceiver Thread-47090	Thread.getStackTrace(1559)	can not find SvTablePanel : 28927350
2026-01-07 06:25:20	INFO	SvTableMsgReceiver Thread-51227	Thread.getStackTrace(1559)	recieve message cmdcode:12639
2026-01-07 06:25:20	INFO	SvTableMsgReceiver Thread-49167	Thread.getStackTrace(1559)	recieve message cmdcode:12639
2026-01-07 06:25:20	INFO	SvTableMsgReceiver Thread-49167	Thread.getStackTrace(1559)	can not find SvTablePanel : 28927350
2026-01-07 06:25:20	INFO	SvTableMsgReceiver Thread-51227	Thread.getStackTrace(1559)	can not find SvTablePanel : 28927350
2026-01-07 06:25:20	INFO	SvTableMsgReceiver Thread-52429	Thread.getStackTrace(1559)	recieve message cmdcode:12639
2026-01-07 06:25:20	INFO	SvTableMsgReceiver Thread-86877	Thread.getStackTrace(1559)	recieve message cmdcode:12639
2026-01-07 06:25:20	INFO	SvTableMsgReceiver Thread-52429	Thread.getStackTrace(1559)	can not find SvTablePanel : 28927350
2026-01-07 06:25:20	INFO	SvTableMsgReceiver Thread-96937	Thread.getStackTrace(1559)	recieve message cmdcode:12639
2026-01-07 06:25:20	INFO	SvTableMsgReceiver Thread-86877	Thread.getStackTrace(1559)	can not find SvTablePanel : 28927350
2026-01-07 06:25:20	INFO	SvTableMsgReceiver Thread-96937	Thread.getStackTrace(1559)	can not find SvTablePanel : 28927350
2026-01-07 06:25:20	INFO	SvTableMsgReceiver Thread-100156	Thread.getStackTrace(1559)	recieve message cmdcode:12639
2026-01-07 06:25:20	INFO	SvTableMsgReceiver Thread-100156	Thread.getStackTrace(1559)	can not find SvTablePanel : 28927350
2026-01-07 06:25:23	INFO	pool-15-thread-9	Thread.getStackTrace(1559)	unregister slip, view id : 26691066
2026-01-07 06:25:23	INFO	pool-15-thread-9	Thread.getStackTrace(1559)	unregister slip progress, view id : 26691066
2026-01-07 06:25:43	INFO	AWT-EventQueue-0	Thread.getStackTrace(1559)	create new SvTablePanel instance, view id :32437022
2026-01-07 06:25:43	INFO	AWT-EventQueue-0	Thread.getStackTrace(1559)	create new SvTablePanel instance, view id :33138778
2026-01-07 06:25:43	INFO	AWT-EventQueue-0	Thread.getStackTrace(1559)	create new SvTablePanel instance, view id :2375794
2026-01-07 06:25:43	INFO	AWT-EventQueue-0	Thread.getStackTrace(1559)	create new SvTablePanel instance, view id :16337080
2026-01-07 06:25:43	INFO	AWT-EventQueue-0	Thread.getStackTrace(1559)	create new SvTablePanel instance, view id :13410556
2026-01-07 06:25:43	INFO	AWT-EventQueue-0	Thread.getStackTrace(1559)	register slip progress, view id : 32437022
2026-01-07 06:25:43	INFO	SlipWinThread_com.huawei.u2000.pf.frame.ui.slipTable.SlipTableMsgService	Thread.getStackTrace(1559)	register slip , return result/ view id : 1 / 32437022
2026-01-07 06:26:04	INFO	AWT-EventQueue-0	Thread.getStackTrace(1559)	create new SvTablePanel instance, view id :3738295
2026-01-07 06:26:04	INFO	AWT-EventQueue-0	Thread.getStackTrace(1559)	register slip progress, view id : 3738295
2026-01-07 06:26:04	INFO	SlipWinThread_com.huawei.u2000.ucbb.table.slip.SlipTableMsgService	Thread.getStackTrace(1559)	register slip , return result/ view id : 1 / 3738295
2026-01-07 06:26:10	INFO	AWT-EventQueue-0	Thread.getStackTrace(1559)	unregister slip, view id : 3738295
2026-01-07 06:26:10	INFO	AWT-EventQueue-0	Thread.getStackTrace(1559)	unregister slip progress, view id : 3738295
2026-01-07 06:26:23	INFO	AWT-EventQueue-0	Thread.getStackTrace(1559)	create new SvTablePanel instance, view id :25810801
2026-01-07 06:26:23	INFO	AWT-EventQueue-0	Thread.getStackTrace(1559)	register slip progress, view id : 25810801
2026-01-07 06:26:23	INFO	SlipWinThread_com.huawei.u2000.ucbb.table.slip.SlipTableMsgService	Thread.getStackTrace(1559)	register slip , return result/ view id : 1 / 25810801
2026-01-07 06:26:28	INFO	AWT-EventQueue-0	Thread.getStackTrace(1559)	unregister slip, view id : 25810801
2026-01-07 06:26:28	INFO	AWT-EventQueue-0	Thread.getStackTrace(1559)	unregister slip progress, view id : 25810801
2026-01-07 06:27:14	INFO	AWT-EventQueue-0	Thread.getStackTrace(1559)	create new SvTablePanel instance, view id :26273008
2026-01-07 06:27:14	INFO	AWT-EventQueue-0	Thread.getStackTrace(1559)	create new SvTablePanel instance, view id :28336258
2026-01-07 06:27:14	INFO	AWT-EventQueue-0	Thread.getStackTrace(1559)	create new SvTablePanel instance, view id :5330671
2026-01-07 06:27:14	INFO	AWT-EventQueue-0	Thread.getStackTrace(1559)	register slip progress, view id : 26273008
2026-01-07 06:27:14	INFO	SlipWinThread_com.huawei.u2000.pf.frame.ui.slipTable.SlipTableMsgService	Thread.getStackTrace(1559)	register slip , return result/ view id : 1 / 26273008
2026-01-07 06:27:14	INFO	pool-15-thread-16	Thread.getStackTrace(1559)	unregister slip, view id : 32437022
2026-01-07 06:27:14	INFO	pool-15-thread-16	Thread.getStackTrace(1559)	unregister slip progress, view id : 32437022
2026-01-07 06:27:15	INFO	SvTableMsgReceiver Thread-13524	Thread.getStackTrace(1559)	recieve message cmdcode:12639
2026-01-07 06:27:15	INFO	SvTableMsgReceiver Thread-47090	Thread.getStackTrace(1559)	recieve message cmdcode:12639
2026-01-07 06:27:15	INFO	SvTableMsgReceiver Thread-86877	Thread.getStackTrace(1559)	recieve message cmdcode:12639
2026-01-07 06:27:15	INFO	SvTableMsgReceiver Thread-52429	Thread.getStackTrace(1559)	recieve message cmdcode:12639
2026-01-07 06:27:15	INFO	SvTableMsgReceiver Thread-51227	Thread.getStackTrace(1559)	recieve message cmdcode:12639
2026-01-07 06:27:15	INFO	SvTableMsgReceiver Thread-49167	Thread.getStackTrace(1559)	recieve message cmdcode:12639
2026-01-07 06:27:15	INFO	SvTableMsgReceiver Thread-96937	Thread.getStackTrace(1559)	recieve message cmdcode:12639
2026-01-07 06:27:15	INFO	SvTableMsgReceiver Thread-107558	Thread.getStackTrace(1559)	recieve message cmdcode:12639
2026-01-07 06:27:52	INFO	AWT-EventQueue-0	Thread.getStackTrace(1559)	create new SvTablePanel instance, view id :24646670
2026-01-07 06:27:52	INFO	AWT-EventQueue-0	Thread.getStackTrace(1559)	create new SvTablePanel instance, view id :20802221
2026-01-07 06:27:52	INFO	AWT-EventQueue-0	Thread.getStackTrace(1559)	create new SvTablePanel instance, view id :26398773
2026-01-07 06:27:52	INFO	AWT-EventQueue-0	Thread.getStackTrace(1559)	register slip progress, view id : 24646670
2026-01-07 06:27:52	INFO	SlipWinThread_com.huawei.u2000.pf.frame.ui.slipTable.SlipTableMsgService	Thread.getStackTrace(1559)	register slip , return result/ view id : 1 / 24646670
2026-01-07 06:27:52	INFO	pool-15-thread-16	Thread.getStackTrace(1559)	unregister slip, view id : 26273008
2026-01-07 06:27:52	INFO	pool-15-thread-16	Thread.getStackTrace(1559)	unregister slip progress, view id : 26273008
2026-01-07 06:27:55	INFO	AWT-EventQueue-0	Thread.getStackTrace(1559)	create new SvTablePanel instance, view id :29287610
2026-01-07 06:27:55	INFO	AWT-EventQueue-0	Thread.getStackTrace(1559)	create new SvTablePanel instance, view id :32797026
2026-01-07 06:27:55	INFO	AWT-EventQueue-0	Thread.getStackTrace(1559)	create new SvTablePanel instance, view id :30293433
2026-01-07 06:27:55	INFO	AWT-EventQueue-0	Thread.getStackTrace(1559)	register slip progress, view id : 29287610
2026-01-07 06:27:55	INFO	SlipWinThread_com.huawei.u2000.pf.frame.ui.slipTable.SlipTableMsgService	Thread.getStackTrace(1559)	register slip , return result/ view id : 1 / 29287610
2026-01-07 06:27:56	INFO	AWT-EventQueue-0	Thread.getStackTrace(1559)	create new SvTablePanel instance, view id :11907512
2026-01-07 06:27:56	INFO	AWT-EventQueue-0	Thread.getStackTrace(1559)	create new SvTablePanel instance, view id :15149875
2026-01-07 06:27:56	INFO	AWT-EventQueue-0	Thread.getStackTrace(1559)	create new SvTablePanel instance, view id :8881305
2026-01-07 06:27:56	INFO	AWT-EventQueue-0	Thread.getStackTrace(1559)	register slip progress, view id : 11907512
2026-01-07 06:27:56	INFO	SlipWinThread_com.huawei.u2000.pf.frame.ui.slipTable.SlipTableMsgService	Thread.getStackTrace(1559)	register slip , return result/ view id : 1 / 11907512
2026-01-07 06:27:57	INFO	SvTableMsgReceiver Thread-13524	Thread.getStackTrace(1559)	recieve message cmdcode:12639
2026-01-07 06:27:57	INFO	SvTableMsgReceiver Thread-49167	Thread.getStackTrace(1559)	recieve message cmdcode:12639
2026-01-07 06:27:57	INFO	SvTableMsgReceiver Thread-52429	Thread.getStackTrace(1559)	recieve message cmdcode:12639
2026-01-07 06:27:57	INFO	SvTableMsgReceiver Thread-86877	Thread.getStackTrace(1559)	recieve message cmdcode:12639
2026-01-07 06:27:57	INFO	SvTableMsgReceiver Thread-51227	Thread.getStackTrace(1559)	recieve message cmdcode:12639
2026-01-07 06:27:57	INFO	SvTableMsgReceiver Thread-47090	Thread.getStackTrace(1559)	recieve message cmdcode:12639
2026-01-07 06:27:57	INFO	SvTableMsgReceiver Thread-96937	Thread.getStackTrace(1559)	recieve message cmdcode:12639
2026-01-07 06:27:57	INFO	SvTableMsgReceiver Thread-109279	Thread.getStackTrace(1559)	recieve message cmdcode:12639
2026-01-07 06:27:57	INFO	SvTableMsgReceiver Thread-109616	Thread.getStackTrace(1559)	recieve message cmdcode:12639
2026-01-07 06:27:57	INFO	SvTableMsgReceiver Thread-109679	Thread.getStackTrace(1559)	recieve message cmdcode:12639
2026-01-07 06:27:59	INFO	AWT-EventQueue-0	Thread.getStackTrace(1559)	create new SvTablePanel instance, view id :8919458
2026-01-07 06:27:59	INFO	AWT-EventQueue-0	Thread.getStackTrace(1559)	create new SvTablePanel instance, view id :8636322
2026-01-07 06:27:59	INFO	AWT-EventQueue-0	Thread.getStackTrace(1559)	create new SvTablePanel instance, view id :6820162
2026-01-07 06:27:59	INFO	AWT-EventQueue-0	Thread.getStackTrace(1559)	register slip progress, view id : 8919458
2026-01-07 06:27:59	INFO	SlipWinThread_com.huawei.u2000.pf.frame.ui.slipTable.SlipTableMsgService	Thread.getStackTrace(1559)	register slip , return result/ view id : 1 / 8919458
2026-01-07 06:27:59	INFO	AWT-EventQueue-0	Thread.getStackTrace(1559)	create new SvTablePanel instance, view id :28808561
2026-01-07 06:27:59	INFO	AWT-EventQueue-0	Thread.getStackTrace(1559)	create new SvTablePanel instance, view id :23626186
2026-01-07 06:28:00	INFO	AWT-EventQueue-0	Thread.getStackTrace(1559)	create new SvTablePanel instance, view id :22705736
2026-01-07 06:28:00	INFO	AWT-EventQueue-0	Thread.getStackTrace(1559)	register slip progress, view id : 28808561
2026-01-07 06:28:00	INFO	SlipWinThread_com.huawei.u2000.pf.frame.ui.slipTable.SlipTableMsgService	Thread.getStackTrace(1559)	register slip , return result/ view id : 1 / 28808561
2026-01-07 06:28:00	INFO	AWT-EventQueue-0	Thread.getStackTrace(1559)	create new SvTablePanel instance, view id :347908
2026-01-07 06:28:00	INFO	AWT-EventQueue-0	Thread.getStackTrace(1559)	create new SvTablePanel instance, view id :11766219
2026-01-07 06:28:00	INFO	AWT-EventQueue-0	Thread.getStackTrace(1559)	create new SvTablePanel instance, view id :1258643
2026-01-07 06:28:00	INFO	AWT-EventQueue-0	Thread.getStackTrace(1559)	register slip progress, view id : 347908
2026-01-07 06:28:00	INFO	SlipWinThread_com.huawei.u2000.pf.frame.ui.slipTable.SlipTableMsgService	Thread.getStackTrace(1559)	register slip , return result/ view id : 1 / 347908
2026-01-07 06:28:01	INFO	AWT-EventQueue-0	Thread.getStackTrace(1559)	create new SvTablePanel instance, view id :23723092
2026-01-07 06:28:01	INFO	AWT-EventQueue-0	Thread.getStackTrace(1559)	create new SvTablePanel instance, view id :24070757
2026-01-07 06:28:01	INFO	AWT-EventQueue-0	Thread.getStackTrace(1559)	create new SvTablePanel instance, view id :9230794
2026-01-07 06:28:01	INFO	AWT-EventQueue-0	Thread.getStackTrace(1559)	register slip progress, view id : 23723092
2026-01-07 06:28:01	INFO	SlipWinThread_com.huawei.u2000.pf.frame.ui.slipTable.SlipTableMsgService	Thread.getStackTrace(1559)	register slip , return result/ view id : 1 / 23723092
2026-01-07 06:28:04	INFO	AWT-EventQueue-0	Thread.getStackTrace(1559)	create new SvTablePanel instance, view id :22589817
2026-01-07 06:28:04	INFO	AWT-EventQueue-0	Thread.getStackTrace(1559)	create new SvTablePanel instance, view id :11398058
2026-01-07 06:28:04	INFO	AWT-EventQueue-0	Thread.getStackTrace(1559)	create new SvTablePanel instance, view id :11044204
2026-01-07 06:28:04	INFO	AWT-EventQueue-0	Thread.getStackTrace(1559)	register slip progress, view id : 22589817
2026-01-07 06:28:04	INFO	SlipWinThread_com.huawei.u2000.pf.frame.ui.slipTable.SlipTableMsgService	Thread.getStackTrace(1559)	register slip , return result/ view id : 1 / 22589817
2026-01-07 06:28:04	INFO	pool-15-thread-16	Thread.getStackTrace(1559)	unregister slip, view id : 24646670
2026-01-07 06:28:04	INFO	pool-15-thread-16	Thread.getStackTrace(1559)	unregister slip progress, view id : 24646670
2026-01-07 06:28:04	INFO	pool-15-thread-5	Thread.getStackTrace(1559)	unregister slip, view id : 29287610
2026-01-07 06:28:04	INFO	pool-15-thread-14	Thread.getStackTrace(1559)	unregister slip, view id : 11907512
2026-01-07 06:28:04	INFO	pool-15-thread-19	Thread.getStackTrace(1559)	unregister slip, view id : 23723092
2026-01-07 06:28:04	INFO	pool-15-thread-14	Thread.getStackTrace(1559)	unregister slip progress, view id : 11907512
2026-01-07 06:28:04	INFO	pool-15-thread-5	Thread.getStackTrace(1559)	unregister slip progress, view id : 29287610
2026-01-07 06:28:04	INFO	pool-15-thread-15	Thread.getStackTrace(1559)	unregister slip, view id : 28808561
2026-01-07 06:28:04	INFO	pool-15-thread-12	Thread.getStackTrace(1559)	unregister slip, view id : 8919458
2026-01-07 06:28:04	INFO	pool-15-thread-19	Thread.getStackTrace(1559)	unregister slip progress, view id : 23723092
2026-01-07 06:28:04	INFO	pool-15-thread-1	Thread.getStackTrace(1559)	unregister slip, view id : 347908
2026-01-07 06:28:04	INFO	pool-15-thread-15	Thread.getStackTrace(1559)	unregister slip progress, view id : 28808561
2026-01-07 06:28:04	INFO	pool-15-thread-12	Thread.getStackTrace(1559)	unregister slip progress, view id : 8919458
2026-01-07 06:28:04	INFO	pool-15-thread-1	Thread.getStackTrace(1559)	unregister slip progress, view id : 347908
2026-01-07 06:28:05	INFO	SvTableMsgReceiver Thread-47090	Thread.getStackTrace(1559)	recieve message cmdcode:12639
2026-01-07 06:28:05	INFO	SvTableMsgReceiver Thread-13524	Thread.getStackTrace(1559)	recieve message cmdcode:12639
2026-01-07 06:28:05	INFO	SvTableMsgReceiver Thread-86877	Thread.getStackTrace(1559)	recieve message cmdcode:12639
2026-01-07 06:28:05	INFO	SvTableMsgReceiver Thread-52429	Thread.getStackTrace(1559)	recieve message cmdcode:12639
2026-01-07 06:28:05	INFO	SvTableMsgReceiver Thread-49167	Thread.getStackTrace(1559)	recieve message cmdcode:12639
2026-01-07 06:28:05	INFO	SvTableMsgReceiver Thread-51227	Thread.getStackTrace(1559)	recieve message cmdcode:12639
2026-01-07 06:28:05	INFO	SvTableMsgReceiver Thread-96937	Thread.getStackTrace(1559)	recieve message cmdcode:12639
2026-01-07 06:28:05	INFO	SvTableMsgReceiver Thread-110276	Thread.getStackTrace(1559)	recieve message cmdcode:12639
2026-01-07 06:28:18	INFO	AWT-EventQueue-0	Thread.getStackTrace(1559)	create new SvTablePanel instance, view id :9943714
2026-01-07 06:28:19	INFO	AWT-EventQueue-0	Thread.getStackTrace(1559)	create new SvTablePanel instance, view id :31710913
2026-01-07 06:28:19	INFO	AWT-EventQueue-0	Thread.getStackTrace(1559)	create new SvTablePanel instance, view id :20919032
2026-01-07 06:28:19	INFO	AWT-EventQueue-0	Thread.getStackTrace(1559)	register slip progress, view id : 9943714
2026-01-07 06:28:19	INFO	SlipWinThread_com.huawei.u2000.pf.frame.ui.slipTable.SlipTableMsgService	Thread.getStackTrace(1559)	register slip , return result/ view id : 1 / 9943714
2026-01-07 06:28:19	INFO	pool-15-thread-1	Thread.getStackTrace(1559)	unregister slip, view id : 22589817
2026-01-07 06:28:19	INFO	pool-15-thread-1	Thread.getStackTrace(1559)	unregister slip progress, view id : 22589817
2026-01-07 06:28:22	INFO	AWT-EventQueue-0	Thread.getStackTrace(1559)	create new SvTablePanel instance, view id :15576152
2026-01-07 06:28:22	INFO	AWT-EventQueue-0	Thread.getStackTrace(1559)	create new SvTablePanel instance, view id :22651462
2026-01-07 06:28:22	INFO	AWT-EventQueue-0	Thread.getStackTrace(1559)	create new SvTablePanel instance, view id :3428047
2026-01-07 06:28:22	INFO	AWT-EventQueue-0	Thread.getStackTrace(1559)	register slip progress, view id : 15576152
2026-01-07 06:28:22	INFO	SlipWinThread_com.huawei.u2000.pf.frame.ui.slipTable.SlipTableMsgService	Thread.getStackTrace(1559)	register slip , return result/ view id : 1 / 15576152
2026-01-07 06:28:23	INFO	AWT-EventQueue-0	Thread.getStackTrace(1559)	create new SvTablePanel instance, view id :16864529
2026-01-07 06:28:23	INFO	AWT-EventQueue-0	Thread.getStackTrace(1559)	create new SvTablePanel instance, view id :5988224
2026-01-07 06:28:23	INFO	AWT-EventQueue-0	Thread.getStackTrace(1559)	create new SvTablePanel instance, view id :21047926
2026-01-07 06:28:23	INFO	AWT-EventQueue-0	Thread.getStackTrace(1559)	register slip progress, view id : 16864529
2026-01-07 06:28:23	INFO	SlipWinThread_com.huawei.u2000.pf.frame.ui.slipTable.SlipTableMsgService	Thread.getStackTrace(1559)	register slip , return result/ view id : 1 / 16864529
2026-01-07 06:28:24	INFO	SvTableMsgReceiver Thread-13524	Thread.getStackTrace(1559)	recieve message cmdcode:12639
2026-01-07 06:28:24	INFO	SvTableMsgReceiver Thread-51227	Thread.getStackTrace(1559)	recieve message cmdcode:12639
2026-01-07 06:28:24	INFO	SvTableMsgReceiver Thread-86877	Thread.getStackTrace(1559)	recieve message cmdcode:12639
2026-01-07 06:28:24	INFO	SvTableMsgReceiver Thread-52429	Thread.getStackTrace(1559)	recieve message cmdcode:12639
2026-01-07 06:28:24	INFO	SvTableMsgReceiver Thread-49167	Thread.getStackTrace(1559)	recieve message cmdcode:12639
2026-01-07 06:28:24	INFO	SvTableMsgReceiver Thread-47090	Thread.getStackTrace(1559)	recieve message cmdcode:12639
2026-01-07 06:28:24	INFO	SvTableMsgReceiver Thread-96937	Thread.getStackTrace(1559)	recieve message cmdcode:12639
2026-01-07 06:28:24	INFO	SvTableMsgReceiver Thread-110895	Thread.getStackTrace(1559)	recieve message cmdcode:12639
2026-01-07 06:28:24	INFO	SvTableMsgReceiver Thread-111360	Thread.getStackTrace(1559)	recieve message cmdcode:12639
2026-01-07 06:28:24	INFO	SvTableMsgReceiver Thread-111399	Thread.getStackTrace(1559)	recieve message cmdcode:12639
2026-01-07 06:28:31	INFO	AWT-EventQueue-0	Thread.getStackTrace(1559)	create new SvTablePanel instance, view id :14523168
2026-01-07 06:28:31	INFO	AWT-EventQueue-0	Thread.getStackTrace(1559)	create new SvTablePanel instance, view id :32653901
2026-01-07 06:28:31	INFO	AWT-EventQueue-0	Thread.getStackTrace(1559)	create new SvTablePanel instance, view id :3984771
2026-01-07 06:28:31	INFO	AWT-EventQueue-0	Thread.getStackTrace(1559)	register slip progress, view id : 14523168
2026-01-07 06:28:31	INFO	SlipWinThread_com.huawei.u2000.pf.frame.ui.slipTable.SlipTableMsgService	Thread.getStackTrace(1559)	register slip , return result/ view id : 1 / 14523168
2026-01-07 06:28:31	INFO	pool-15-thread-1	Thread.getStackTrace(1559)	unregister slip, view id : 9943714
2026-01-07 06:28:31	INFO	pool-15-thread-1	Thread.getStackTrace(1559)	unregister slip progress, view id : 9943714
2026-01-07 06:28:31	INFO	pool-15-thread-16	Thread.getStackTrace(1559)	unregister slip, view id : 16864529
2026-01-07 06:28:31	INFO	pool-15-thread-19	Thread.getStackTrace(1559)	unregister slip, view id : 15576152
2026-01-07 06:28:31	INFO	pool-15-thread-16	Thread.getStackTrace(1559)	unregister slip progress, view id : 16864529
2026-01-07 06:28:31	INFO	pool-15-thread-19	Thread.getStackTrace(1559)	unregister slip progress, view id : 15576152
2026-01-07 06:28:32	INFO	SvTableMsgReceiver Thread-13524	Thread.getStackTrace(1559)	recieve message cmdcode:12639
2026-01-07 06:28:32	INFO	SvTableMsgReceiver Thread-49167	Thread.getStackTrace(1559)	recieve message cmdcode:12639
2026-01-07 06:28:32	INFO	SvTableMsgReceiver Thread-86877	Thread.getStackTrace(1559)	recieve message cmdcode:12639
2026-01-07 06:28:32	INFO	SvTableMsgReceiver Thread-96937	Thread.getStackTrace(1559)	recieve message cmdcode:12639
2026-01-07 06:28:32	INFO	SvTableMsgReceiver Thread-47090	Thread.getStackTrace(1559)	recieve message cmdcode:12639
2026-01-07 06:28:32	INFO	SvTableMsgReceiver Thread-52429	Thread.getStackTrace(1559)	recieve message cmdcode:12639
2026-01-07 06:28:32	INFO	SvTableMsgReceiver Thread-51227	Thread.getStackTrace(1559)	recieve message cmdcode:12639
2026-01-07 06:28:32	INFO	SvTableMsgReceiver Thread-111900	Thread.getStackTrace(1559)	recieve message cmdcode:12639
2026-01-07 06:28:35	INFO	AWT-EventQueue-0	Thread.getStackTrace(1559)	register slip progress, view id : 32653901
2026-01-07 06:28:35	INFO	SlipWinThread_com.huawei.u2000.pf.frame.ui.slipTable.SlipTableMsgService	Thread.getStackTrace(1559)	register slip , return result/ view id : 1 / 32653901
2026-01-07 06:28:36	INFO	SvTableMsgReceiver Thread-13524	Thread.getStackTrace(1559)	recieve message cmdcode:12639
2026-01-07 06:28:36	INFO	SvTableMsgReceiver Thread-49167	Thread.getStackTrace(1559)	recieve message cmdcode:12639
2026-01-07 06:28:36	INFO	SvTableMsgReceiver Thread-52429	Thread.getStackTrace(1559)	recieve message cmdcode:12639
2026-01-07 06:28:36	INFO	SvTableMsgReceiver Thread-86877	Thread.getStackTrace(1559)	recieve message cmdcode:12639
2026-01-07 06:28:36	INFO	SvTableMsgReceiver Thread-51227	Thread.getStackTrace(1559)	recieve message cmdcode:12639
2026-01-07 06:28:36	INFO	SvTableMsgReceiver Thread-47090	Thread.getStackTrace(1559)	recieve message cmdcode:12639
2026-01-07 06:28:36	INFO	SvTableMsgReceiver Thread-96937	Thread.getStackTrace(1559)	recieve message cmdcode:12639
2026-01-07 06:28:36	INFO	SvTableMsgReceiver Thread-111900	Thread.getStackTrace(1559)	recieve message cmdcode:12639
2026-01-07 06:28:36	INFO	SvTableMsgReceiver Thread-111901	Thread.getStackTrace(1559)	recieve message cmdcode:12639
2026-01-07 06:28:38	INFO	AWT-EventQueue-0	Thread.getStackTrace(1559)	register slip progress, view id : 3984771
2026-01-07 06:28:38	INFO	SlipWinThread_com.huawei.u2000.pf.frame.ui.slipTable.SlipTableMsgService	Thread.getStackTrace(1559)	register slip , return result/ view id : 1 / 3984771
2026-01-07 06:28:39	INFO	SvTableMsgReceiver Thread-47090	Thread.getStackTrace(1559)	recieve message cmdcode:12639
2026-01-07 06:28:39	INFO	SvTableMsgReceiver Thread-49167	Thread.getStackTrace(1559)	recieve message cmdcode:12639
2026-01-07 06:28:39	INFO	SvTableMsgReceiver Thread-51227	Thread.getStackTrace(1559)	recieve message cmdcode:12639
2026-01-07 06:28:39	INFO	SvTableMsgReceiver Thread-86877	Thread.getStackTrace(1559)	recieve message cmdcode:12639
2026-01-07 06:28:39	INFO	SvTableMsgReceiver Thread-52429	Thread.getStackTrace(1559)	recieve message cmdcode:12639
2026-01-07 06:28:39	INFO	SvTableMsgReceiver Thread-13524	Thread.getStackTrace(1559)	recieve message cmdcode:12639
2026-01-07 06:28:39	INFO	SvTableMsgReceiver Thread-96937	Thread.getStackTrace(1559)	recieve message cmdcode:12639
2026-01-07 06:28:39	INFO	SvTableMsgReceiver Thread-111901	Thread.getStackTrace(1559)	recieve message cmdcode:12639
2026-01-07 06:28:39	INFO	SvTableMsgReceiver Thread-111900	Thread.getStackTrace(1559)	recieve message cmdcode:12639
2026-01-07 06:28:39	INFO	SvTableMsgReceiver Thread-111902	Thread.getStackTrace(1559)	recieve message cmdcode:12639
2026-01-07 06:28:46	INFO	SvTableMsgReceiver Thread-13524	Thread.getStackTrace(1559)	recieve message cmdcode:12639
2026-01-07 06:28:46	INFO	SvTableMsgReceiver Thread-49167	Thread.getStackTrace(1559)	recieve message cmdcode:12639
2026-01-07 06:28:46	INFO	SvTableMsgReceiver Thread-86877	Thread.getStackTrace(1559)	recieve message cmdcode:12639
2026-01-07 06:28:46	INFO	SvTableMsgReceiver Thread-52429	Thread.getStackTrace(1559)	recieve message cmdcode:12639
2026-01-07 06:28:46	INFO	SvTableMsgReceiver Thread-51227	Thread.getStackTrace(1559)	recieve message cmdcode:12639
2026-01-07 06:28:46	INFO	SvTableMsgReceiver Thread-47090	Thread.getStackTrace(1559)	recieve message cmdcode:12639
2026-01-07 06:28:46	INFO	SvTableMsgReceiver Thread-96937	Thread.getStackTrace(1559)	recieve message cmdcode:12639
2026-01-07 06:28:46	INFO	SvTableMsgReceiver Thread-111900	Thread.getStackTrace(1559)	recieve message cmdcode:12639
2026-01-07 06:28:46	INFO	SvTableMsgReceiver Thread-111901	Thread.getStackTrace(1559)	recieve message cmdcode:12639
2026-01-07 06:28:46	INFO	SvTableMsgReceiver Thread-111902	Thread.getStackTrace(1559)	recieve message cmdcode:12639
2026-01-07 06:29:08	INFO	SwingWorker-pool-29-thread-3	Thread.getStackTrace(1559)	create new SvTablePanel instance, view id :33464293
2026-01-07 06:29:08	INFO	SwingWorker-pool-29-thread-3	Thread.getStackTrace(1559)	register slip progress, view id : 33464293
2026-01-07 06:29:08	INFO	SlipWinThread_com.huawei.u2000.pf.frame.ui.slipTable.SlipTableMsgService	Thread.getStackTrace(1559)	register slip , return result/ view id : 1 / 33464293
2026-01-07 06:29:09	INFO	SvTableMsgReceiver Thread-13524	Thread.getStackTrace(1559)	recieve message cmdcode:12639
2026-01-07 06:29:09	INFO	SvTableMsgReceiver Thread-47090	Thread.getStackTrace(1559)	recieve message cmdcode:12639
2026-01-07 06:29:09	INFO	SvTableMsgReceiver Thread-49167	Thread.getStackTrace(1559)	recieve message cmdcode:12639
2026-01-07 06:29:09	INFO	SvTableMsgReceiver Thread-86877	Thread.getStackTrace(1559)	recieve message cmdcode:12639
2026-01-07 06:29:09	INFO	SvTableMsgReceiver Thread-52429	Thread.getStackTrace(1559)	recieve message cmdcode:12639
2026-01-07 06:29:09	INFO	SvTableMsgReceiver Thread-51227	Thread.getStackTrace(1559)	recieve message cmdcode:12639
2026-01-07 06:29:09	INFO	SvTableMsgReceiver Thread-96937	Thread.getStackTrace(1559)	recieve message cmdcode:12639
2026-01-07 06:29:09	INFO	SvTableMsgReceiver Thread-111900	Thread.getStackTrace(1559)	recieve message cmdcode:12639
2026-01-07 06:29:09	INFO	SvTableMsgReceiver Thread-111901	Thread.getStackTrace(1559)	recieve message cmdcode:12639
2026-01-07 06:29:09	INFO	SvTableMsgReceiver Thread-114628	Thread.getStackTrace(1559)	recieve message cmdcode:12639
2026-01-07 06:29:09	INFO	SvTableMsgReceiver Thread-111902	Thread.getStackTrace(1559)	recieve message cmdcode:12639
2026-01-07 06:30:42	INFO	SwingWorker-pool-29-thread-5	Thread.getStackTrace(1559)	create new SvTablePanel instance, view id :20716648
2026-01-07 06:30:42	INFO	SwingWorker-pool-29-thread-5	Thread.getStackTrace(1559)	register slip progress, view id : 20716648
2026-01-07 06:30:42	INFO	SlipWinThread_com.huawei.u2000.pf.frame.ui.slipTable.SlipTableMsgService	Thread.getStackTrace(1559)	register slip , return result/ view id : 1 / 20716648
2026-01-07 06:30:43	INFO	SwingWorker-pool-29-thread-6	Thread.getStackTrace(1559)	create new SvTablePanel instance, view id :7286557
2026-01-07 06:30:43	INFO	SwingWorker-pool-29-thread-6	Thread.getStackTrace(1559)	register slip progress, view id : 7286557
2026-01-07 06:30:43	INFO	SlipWinThread_com.huawei.u2000.pf.frame.ui.slipTable.SlipTableMsgService	Thread.getStackTrace(1559)	register slip , return result/ view id : 1 / 7286557
2026-01-07 06:30:44	INFO	SvTableMsgReceiver Thread-13524	Thread.getStackTrace(1559)	recieve message cmdcode:12639
2026-01-07 06:30:44	INFO	SvTableMsgReceiver Thread-49167	Thread.getStackTrace(1559)	recieve message cmdcode:12639
2026-01-07 06:30:44	INFO	SvTableMsgReceiver Thread-86877	Thread.getStackTrace(1559)	recieve message cmdcode:12639
2026-01-07 06:30:44	INFO	SvTableMsgReceiver Thread-52429	Thread.getStackTrace(1559)	recieve message cmdcode:12639
2026-01-07 06:30:44	INFO	SvTableMsgReceiver Thread-111900	Thread.getStackTrace(1559)	recieve message cmdcode:12639
2026-01-07 06:30:44	INFO	SvTableMsgReceiver Thread-51227	Thread.getStackTrace(1559)	recieve message cmdcode:12639
2026-01-07 06:30:44	INFO	SvTableMsgReceiver Thread-47090	Thread.getStackTrace(1559)	recieve message cmdcode:12639
2026-01-07 06:30:44	INFO	SvTableMsgReceiver Thread-119779	Thread.getStackTrace(1559)	recieve message cmdcode:12639
2026-01-07 06:30:44	INFO	SvTableMsgReceiver Thread-111902	Thread.getStackTrace(1559)	recieve message cmdcode:12639
2026-01-07 06:30:44	INFO	SvTableMsgReceiver Thread-114628	Thread.getStackTrace(1559)	recieve message cmdcode:12639
2026-01-07 06:30:44	INFO	SvTableMsgReceiver Thread-119748	Thread.getStackTrace(1559)	recieve message cmdcode:12639
2026-01-07 06:30:44	INFO	SvTableMsgReceiver Thread-111901	Thread.getStackTrace(1559)	recieve message cmdcode:12639
2026-01-07 06:30:44	INFO	SvTableMsgReceiver Thread-96937	Thread.getStackTrace(1559)	recieve message cmdcode:12639
2026-01-07 06:30:44	INFO	SwingWorker-pool-29-thread-7	Thread.getStackTrace(1559)	create new SvTablePanel instance, view id :9008675
2026-01-07 06:30:44	INFO	SwingWorker-pool-29-thread-7	Thread.getStackTrace(1559)	register slip progress, view id : 9008675
2026-01-07 06:30:44	INFO	SlipWinThread_com.huawei.u2000.pf.frame.ui.slipTable.SlipTableMsgService	Thread.getStackTrace(1559)	register slip , return result/ view id : 1 / 9008675
2026-01-07 06:30:45	INFO	AWT-EventQueue-0	Thread.getStackTrace(1559)	unregister slip, view id : 1250568
2026-01-07 06:30:45	INFO	AWT-EventQueue-0	Thread.getStackTrace(1559)	unregister slip progress, view id : 1250568
2026-01-07 06:30:45	INFO	SwingWorker-pool-29-thread-8	Thread.getStackTrace(1559)	create new SvTablePanel instance, view id :25174097
2026-01-07 06:30:45	INFO	SvTableMsgReceiver Thread-13524	Thread.getStackTrace(1559)	recieve message cmdcode:12639
2026-01-07 06:30:45	INFO	SvTableMsgReceiver Thread-47090	Thread.getStackTrace(1559)	recieve message cmdcode:12639
2026-01-07 06:30:45	INFO	SvTableMsgReceiver Thread-51227	Thread.getStackTrace(1559)	recieve message cmdcode:12639
2026-01-07 06:30:45	INFO	SvTableMsgReceiver Thread-52429	Thread.getStackTrace(1559)	recieve message cmdcode:12639
2026-01-07 06:30:45	INFO	SvTableMsgReceiver Thread-86877	Thread.getStackTrace(1559)	recieve message cmdcode:12639
2026-01-07 06:30:45	INFO	SvTableMsgReceiver Thread-96937	Thread.getStackTrace(1559)	recieve message cmdcode:12639
2026-01-07 06:30:45	INFO	SvTableMsgReceiver Thread-111900	Thread.getStackTrace(1559)	recieve message cmdcode:12639
2026-01-07 06:30:45	INFO	SvTableMsgReceiver Thread-119748	Thread.getStackTrace(1559)	recieve message cmdcode:12639
2026-01-07 06:30:45	INFO	SvTableMsgReceiver Thread-114628	Thread.getStackTrace(1559)	recieve message cmdcode:12639
2026-01-07 06:30:45	INFO	SvTableMsgReceiver Thread-119779	Thread.getStackTrace(1559)	recieve message cmdcode:12639
2026-01-07 06:30:45	INFO	SvTableMsgReceiver Thread-119812	Thread.getStackTrace(1559)	recieve message cmdcode:12639
2026-01-07 06:30:45	INFO	SvTableMsgReceiver Thread-111901	Thread.getStackTrace(1559)	recieve message cmdcode:12639
2026-01-07 06:30:45	INFO	SvTableMsgReceiver Thread-111902	Thread.getStackTrace(1559)	recieve message cmdcode:12639
2026-01-07 06:30:45	INFO	SwingWorker-pool-29-thread-8	Thread.getStackTrace(1559)	create new SvTablePanel instance, view id :29209141
2026-01-07 06:30:45	INFO	SwingWorker-pool-29-thread-8	Thread.getStackTrace(1559)	create new SvTablePanel instance, view id :5680520
2026-01-07 06:30:45	INFO	SwingWorker-pool-29-thread-8	Thread.getStackTrace(1559)	register slip progress, view id : 25174097
2026-01-07 06:30:46	INFO	SlipWinThread_com.huawei.u2000.pf.frame.ui.slipTable.SlipTableMsgService	Thread.getStackTrace(1559)	register slip , return result/ view id : 1 / 25174097
2026-01-07 06:30:46	INFO	pool-15-thread-16	Thread.getStackTrace(1559)	unregister slip, view id : 33464293
2026-01-07 06:30:46	INFO	pool-15-thread-16	Thread.getStackTrace(1559)	unregister slip progress, view id : 33464293
2026-01-07 06:30:46	INFO	SwingWorker-pool-29-thread-9	Thread.getStackTrace(1559)	create new SvTablePanel instance, view id :10879676
2026-01-07 06:30:46	INFO	SwingWorker-pool-29-thread-9	Thread.getStackTrace(1559)	register slip progress, view id : 10879676
2026-01-07 06:30:46	INFO	SlipWinThread_com.huawei.u2000.pf.frame.ui.slipTable.SlipTableMsgService	Thread.getStackTrace(1559)	register slip , return result/ view id : 1 / 10879676
2026-01-07 06:30:47	INFO	SvTableMsgReceiver Thread-13524	Thread.getStackTrace(1559)	recieve message cmdcode:12639
2026-01-07 06:30:47	INFO	SvTableMsgReceiver Thread-47090	Thread.getStackTrace(1559)	recieve message cmdcode:12639
2026-01-07 06:30:47	INFO	SvTableMsgReceiver Thread-86877	Thread.getStackTrace(1559)	recieve message cmdcode:12639
2026-01-07 06:30:47	INFO	SvTableMsgReceiver Thread-52429	Thread.getStackTrace(1559)	recieve message cmdcode:12639
2026-01-07 06:30:47	INFO	SvTableMsgReceiver Thread-51227	Thread.getStackTrace(1559)	recieve message cmdcode:12639
2026-01-07 06:30:47	INFO	SvTableMsgReceiver Thread-111900	Thread.getStackTrace(1559)	recieve message cmdcode:12639
2026-01-07 06:30:47	INFO	SvTableMsgReceiver Thread-111901	Thread.getStackTrace(1559)	recieve message cmdcode:12639
2026-01-07 06:30:47	INFO	SvTableMsgReceiver Thread-119779	Thread.getStackTrace(1559)	recieve message cmdcode:12639
2026-01-07 06:30:47	INFO	SvTableMsgReceiver Thread-96937	Thread.getStackTrace(1559)	recieve message cmdcode:12639
2026-01-07 06:30:47	INFO	SvTableMsgReceiver Thread-119855	Thread.getStackTrace(1559)	recieve message cmdcode:12639
2026-01-07 06:30:47	INFO	SvTableMsgReceiver Thread-119812	Thread.getStackTrace(1559)	recieve message cmdcode:12639
2026-01-07 06:30:47	INFO	SvTableMsgReceiver Thread-119748	Thread.getStackTrace(1559)	recieve message cmdcode:12639
2026-01-07 06:30:47	INFO	SvTableMsgReceiver Thread-111902	Thread.getStackTrace(1559)	recieve message cmdcode:12639
2026-01-07 06:30:47	INFO	SvTableMsgReceiver Thread-119903	Thread.getStackTrace(1559)	recieve message cmdcode:12639
2026-01-07 06:30:54	INFO	pool-15-thread-16	Thread.getStackTrace(1559)	unregister slip, view id : 20716648
2026-01-07 06:30:54	INFO	pool-15-thread-16	Thread.getStackTrace(1559)	unregister slip progress, view id : 20716648
2026-01-07 06:30:54	INFO	SwingWorker-pool-29-thread-10	Thread.getStackTrace(1559)	create new SvTablePanel instance, view id :32718534
2026-01-07 06:30:54	INFO	SwingWorker-pool-29-thread-10	Thread.getStackTrace(1559)	register slip progress, view id : 32718534
2026-01-07 06:30:54	INFO	SlipWinThread_com.huawei.u2000.pf.frame.ui.slipTable.SlipTableMsgService	Thread.getStackTrace(1559)	register slip , return result/ view id : 1 / 32718534
2026-01-07 06:30:55	INFO	SvTableMsgReceiver Thread-13524	Thread.getStackTrace(1559)	recieve message cmdcode:12639
2026-01-07 06:30:55	INFO	SvTableMsgReceiver Thread-51227	Thread.getStackTrace(1559)	recieve message cmdcode:12639
2026-01-07 06:30:55	INFO	SvTableMsgReceiver Thread-86877	Thread.getStackTrace(1559)	recieve message cmdcode:12639
2026-01-07 06:30:55	INFO	SvTableMsgReceiver Thread-52429	Thread.getStackTrace(1559)	recieve message cmdcode:12639
2026-01-07 06:30:55	INFO	SvTableMsgReceiver Thread-47090	Thread.getStackTrace(1559)	recieve message cmdcode:12639
2026-01-07 06:30:55	INFO	SvTableMsgReceiver Thread-111900	Thread.getStackTrace(1559)	recieve message cmdcode:12639
2026-01-07 06:30:55	INFO	SvTableMsgReceiver Thread-96937	Thread.getStackTrace(1559)	recieve message cmdcode:12639
2026-01-07 06:30:55	INFO	SvTableMsgReceiver Thread-119855	Thread.getStackTrace(1559)	recieve message cmdcode:12639
2026-01-07 06:30:55	INFO	SvTableMsgReceiver Thread-119812	Thread.getStackTrace(1559)	recieve message cmdcode:12639
2026-01-07 06:30:55	INFO	SvTableMsgReceiver Thread-119779	Thread.getStackTrace(1559)	recieve message cmdcode:12639
2026-01-07 06:30:55	INFO	SvTableMsgReceiver Thread-111902	Thread.getStackTrace(1559)	recieve message cmdcode:12639
2026-01-07 06:30:55	INFO	SvTableMsgReceiver Thread-111901	Thread.getStackTrace(1559)	recieve message cmdcode:12639
2026-01-07 06:30:55	INFO	SvTableMsgReceiver Thread-119903	Thread.getStackTrace(1559)	recieve message cmdcode:12639
2026-01-07 06:30:55	INFO	SvTableMsgReceiver Thread-120220	Thread.getStackTrace(1559)	recieve message cmdcode:12639
2026-01-07 06:30:58	INFO	pool-15-thread-16	Thread.getStackTrace(1559)	unregister slip, view id : 7286557
2026-01-07 06:30:58	INFO	pool-15-thread-16	Thread.getStackTrace(1559)	unregister slip progress, view id : 7286557
2026-01-07 06:31:03	INFO	pool-15-thread-5	Thread.getStackTrace(1559)	unregister slip, view id : 9008675
2026-01-07 06:31:03	INFO	pool-15-thread-5	Thread.getStackTrace(1559)	unregister slip progress, view id : 9008675
2026-01-07 06:31:09	INFO	AWT-EventQueue-0	Thread.getStackTrace(1559)	create new SvTablePanel instance, view id :2211106
2026-01-07 06:31:09	INFO	AWT-EventQueue-0	Thread.getStackTrace(1559)	register slip progress, view id : 2211106
2026-01-07 06:31:09	INFO	SlipWinThread_com.huawei.u2000.ucbb.table.slip.SlipTableMsgService	Thread.getStackTrace(1559)	register slip , return result/ view id : 1 / 2211106
2026-01-07 06:31:50	INFO	pool-15-thread-19	Thread.getStackTrace(1559)	unregister slip, view id : 25174097
2026-01-07 06:31:50	INFO	pool-15-thread-19	Thread.getStackTrace(1559)	unregister slip progress, view id : 25174097
2026-01-07 06:31:50	INFO	SwingWorker-pool-29-thread-4	Thread.getStackTrace(1559)	create new SvTablePanel instance, view id :21237338
2026-01-07 06:31:50	INFO	SwingWorker-pool-29-thread-4	Thread.getStackTrace(1559)	register slip progress, view id : 21237338
2026-01-07 06:31:50	INFO	SlipWinThread_com.huawei.u2000.pf.frame.ui.slipTable.SlipTableMsgService	Thread.getStackTrace(1559)	register slip , return result/ view id : 1 / 21237338
2026-01-07 06:31:51	INFO	SvTableMsgReceiver Thread-13524	Thread.getStackTrace(1559)	recieve message cmdcode:12639
2026-01-07 06:31:51	INFO	SvTableMsgReceiver Thread-47090	Thread.getStackTrace(1559)	recieve message cmdcode:12639
2026-01-07 06:31:51	INFO	SvTableMsgReceiver Thread-51227	Thread.getStackTrace(1559)	recieve message cmdcode:12639
2026-01-07 06:31:51	INFO	SvTableMsgReceiver Thread-86877	Thread.getStackTrace(1559)	recieve message cmdcode:12639
2026-01-07 06:31:51	INFO	SvTableMsgReceiver Thread-96937	Thread.getStackTrace(1559)	recieve message cmdcode:12639
2026-01-07 06:31:51	INFO	SvTableMsgReceiver Thread-52429	Thread.getStackTrace(1559)	recieve message cmdcode:12639
2026-01-07 06:31:51	INFO	SvTableMsgReceiver Thread-111902	Thread.getStackTrace(1559)	recieve message cmdcode:12639
2026-01-07 06:31:51	INFO	SvTableMsgReceiver Thread-111901	Thread.getStackTrace(1559)	recieve message cmdcode:12639
2026-01-07 06:31:51	INFO	SvTableMsgReceiver Thread-111900	Thread.getStackTrace(1559)	recieve message cmdcode:12639
2026-01-07 06:31:51	INFO	SvTableMsgReceiver Thread-119903	Thread.getStackTrace(1559)	recieve message cmdcode:12639
2026-01-07 06:31:51	INFO	SvTableMsgReceiver Thread-123384	Thread.getStackTrace(1559)	recieve message cmdcode:12639
2026-01-07 06:31:51	INFO	SvTableMsgReceiver Thread-121428	Thread.getStackTrace(1559)	recieve message cmdcode:12639
2026-01-07 06:31:51	INFO	SvTableMsgReceiver Thread-120220	Thread.getStackTrace(1559)	recieve message cmdcode:12639
2026-01-07 06:33:13	INFO	AWT-EventQueue-0	Thread.getStackTrace(1559)	create new SvTablePanel instance, view id :9507259
2026-01-07 06:33:13	INFO	AWT-EventQueue-0	Thread.getStackTrace(1559)	register slip progress, view id : 9507259
2026-01-07 06:33:13	INFO	SlipWinThread_com.huawei.u2000.ucbb.table.slip.SlipTableMsgService	Thread.getStackTrace(1559)	register slip , return result/ view id : 1 / 9507259
2026-01-07 06:33:14	INFO	SvTableMsgReceiver Thread-47090	Thread.getStackTrace(1559)	recieve message cmdcode:12639
2026-01-07 06:33:14	INFO	SvTableMsgReceiver Thread-51227	Thread.getStackTrace(1559)	recieve message cmdcode:12639
2026-01-07 06:33:14	INFO	SvTableMsgReceiver Thread-13524	Thread.getStackTrace(1559)	recieve message cmdcode:12639
2026-01-07 06:33:14	INFO	SvTableMsgReceiver Thread-86877	Thread.getStackTrace(1559)	recieve message cmdcode:12639
2026-01-07 06:33:14	INFO	SvTableMsgReceiver Thread-96937	Thread.getStackTrace(1559)	recieve message cmdcode:12639
2026-01-07 06:33:14	INFO	SvTableMsgReceiver Thread-52429	Thread.getStackTrace(1559)	recieve message cmdcode:12639
2026-01-07 06:33:14	INFO	SvTableMsgReceiver Thread-111901	Thread.getStackTrace(1559)	recieve message cmdcode:12639
2026-01-07 06:33:14	INFO	SvTableMsgReceiver Thread-111902	Thread.getStackTrace(1559)	recieve message cmdcode:12639
2026-01-07 06:33:14	INFO	SvTableMsgReceiver Thread-111900	Thread.getStackTrace(1559)	recieve message cmdcode:12639
2026-01-07 06:33:14	INFO	SvTableMsgReceiver Thread-119903	Thread.getStackTrace(1559)	recieve message cmdcode:12639
2026-01-07 06:33:14	INFO	SvTableMsgReceiver Thread-120220	Thread.getStackTrace(1559)	recieve message cmdcode:12639
2026-01-07 06:33:14	INFO	SvTableMsgReceiver Thread-126718	Thread.getStackTrace(1559)	recieve message cmdcode:12639
2026-01-07 06:33:14	INFO	SvTableMsgReceiver Thread-123384	Thread.getStackTrace(1559)	recieve message cmdcode:12639
2026-01-07 06:33:14	INFO	SvTableMsgReceiver Thread-121428	Thread.getStackTrace(1559)	recieve message cmdcode:12639
2026-01-07 06:34:30	INFO	SvTableMsgReceiver Thread-13524	Thread.getStackTrace(1559)	recieve message cmdcode:12639
2026-01-07 06:34:30	INFO	SvTableMsgReceiver Thread-51227	Thread.getStackTrace(1559)	recieve message cmdcode:12639
2026-01-07 06:34:30	INFO	SvTableMsgReceiver Thread-86877	Thread.getStackTrace(1559)	recieve message cmdcode:12639
2026-01-07 06:34:30	INFO	SvTableMsgReceiver Thread-52429	Thread.getStackTrace(1559)	recieve message cmdcode:12639
2026-01-07 06:34:30	INFO	SvTableMsgReceiver Thread-47090	Thread.getStackTrace(1559)	recieve message cmdcode:12639
2026-01-07 06:34:30	INFO	SvTableMsgReceiver Thread-111902	Thread.getStackTrace(1559)	recieve message cmdcode:12639
2026-01-07 06:34:30	INFO	SvTableMsgReceiver Thread-111901	Thread.getStackTrace(1559)	recieve message cmdcode:12639
2026-01-07 06:34:30	INFO	SvTableMsgReceiver Thread-111900	Thread.getStackTrace(1559)	recieve message cmdcode:12639
2026-01-07 06:34:30	INFO	SvTableMsgReceiver Thread-96937	Thread.getStackTrace(1559)	recieve message cmdcode:12639
2026-01-07 06:34:30	INFO	SvTableMsgReceiver Thread-119903	Thread.getStackTrace(1559)	recieve message cmdcode:12639
2026-01-07 06:34:30	INFO	SvTableMsgReceiver Thread-126718	Thread.getStackTrace(1559)	recieve message cmdcode:12639
2026-01-07 06:34:30	INFO	SvTableMsgReceiver Thread-123384	Thread.getStackTrace(1559)	recieve message cmdcode:12639
2026-01-07 06:34:30	INFO	SvTableMsgReceiver Thread-121428	Thread.getStackTrace(1559)	recieve message cmdcode:12639
2026-01-07 06:34:30	INFO	SvTableMsgReceiver Thread-120220	Thread.getStackTrace(1559)	recieve message cmdcode:12639
2026-01-07 06:36:12	INFO	SvTableMsgReceiver Thread-13524	Thread.getStackTrace(1559)	recieve message cmdcode:12639
2026-01-07 06:36:12	INFO	SvTableMsgReceiver Thread-52429	Thread.getStackTrace(1559)	recieve message cmdcode:12639
2026-01-07 06:36:12	INFO	SvTableMsgReceiver Thread-111900	Thread.getStackTrace(1559)	recieve message cmdcode:12639
2026-01-07 06:36:12	INFO	SvTableMsgReceiver Thread-47090	Thread.getStackTrace(1559)	recieve message cmdcode:12639
2026-01-07 06:36:12	INFO	SvTableMsgReceiver Thread-51227	Thread.getStackTrace(1559)	recieve message cmdcode:12639
2026-01-07 06:36:12	INFO	SvTableMsgReceiver Thread-126718	Thread.getStackTrace(1559)	recieve message cmdcode:12639
2026-01-07 06:36:12	INFO	SvTableMsgReceiver Thread-123384	Thread.getStackTrace(1559)	recieve message cmdcode:12639
2026-01-07 06:36:12	INFO	SvTableMsgReceiver Thread-120220	Thread.getStackTrace(1559)	recieve message cmdcode:12639
2026-01-07 06:36:12	INFO	SvTableMsgReceiver Thread-121428	Thread.getStackTrace(1559)	recieve message cmdcode:12639
2026-01-07 06:36:12	INFO	SvTableMsgReceiver Thread-119903	Thread.getStackTrace(1559)	recieve message cmdcode:12639
2026-01-07 06:36:12	INFO	SvTableMsgReceiver Thread-111902	Thread.getStackTrace(1559)	recieve message cmdcode:12639
2026-01-07 06:36:12	INFO	SvTableMsgReceiver Thread-111901	Thread.getStackTrace(1559)	recieve message cmdcode:12639
2026-01-07 06:36:12	INFO	SvTableMsgReceiver Thread-96937	Thread.getStackTrace(1559)	recieve message cmdcode:12639
2026-01-07 06:36:12	INFO	SvTableMsgReceiver Thread-86877	Thread.getStackTrace(1559)	recieve message cmdcode:12639
2026-01-07 06:38:25	INFO	SvTableMsgReceiver Thread-13524	Thread.getStackTrace(1559)	recieve message cmdcode:12639
2026-01-07 06:38:25	INFO	SvTableMsgReceiver Thread-52429	Thread.getStackTrace(1559)	recieve message cmdcode:12639
2026-01-07 06:38:25	INFO	SvTableMsgReceiver Thread-51227	Thread.getStackTrace(1559)	recieve message cmdcode:12639
2026-01-07 06:38:25	INFO	SvTableMsgReceiver Thread-47090	Thread.getStackTrace(1559)	recieve message cmdcode:12639
2026-01-07 06:38:25	INFO	SvTableMsgReceiver Thread-119903	Thread.getStackTrace(1559)	recieve message cmdcode:12639
2026-01-07 06:38:25	INFO	SvTableMsgReceiver Thread-111902	Thread.getStackTrace(1559)	recieve message cmdcode:12639
2026-01-07 06:38:25	INFO	SvTableMsgReceiver Thread-111901	Thread.getStackTrace(1559)	recieve message cmdcode:12639
2026-01-07 06:38:25	INFO	SvTableMsgReceiver Thread-111900	Thread.getStackTrace(1559)	recieve message cmdcode:12639
2026-01-07 06:38:25	INFO	SvTableMsgReceiver Thread-96937	Thread.getStackTrace(1559)	recieve message cmdcode:12639
2026-01-07 06:38:25	INFO	SvTableMsgReceiver Thread-86877	Thread.getStackTrace(1559)	recieve message cmdcode:12639
2026-01-07 06:38:25	INFO	SvTableMsgReceiver Thread-126718	Thread.getStackTrace(1559)	recieve message cmdcode:12639
2026-01-07 06:38:25	INFO	SvTableMsgReceiver Thread-123384	Thread.getStackTrace(1559)	recieve message cmdcode:12639
2026-01-07 06:38:25	INFO	SvTableMsgReceiver Thread-121428	Thread.getStackTrace(1559)	recieve message cmdcode:12639
2026-01-07 06:38:25	INFO	SvTableMsgReceiver Thread-120220	Thread.getStackTrace(1559)	recieve message cmdcode:12639
2026-01-07 06:39:40	INFO	AWT-EventQueue-0	Thread.getStackTrace(1559)	unregister slip, view id : 9507259
2026-01-07 06:39:40	INFO	AWT-EventQueue-0	Thread.getStackTrace(1559)	unregister slip progress, view id : 9507259
2026-01-07 06:40:19	INFO	AWT-EventQueue-0	Thread.getStackTrace(1559)	create new SvTablePanel instance, view id :3663788
2026-01-07 06:40:19	INFO	AWT-EventQueue-0	Thread.getStackTrace(1559)	register slip progress, view id : 3663788
2026-01-07 06:40:19	INFO	SlipWinThread_com.huawei.u2000.pf.frame.ui.slipTable.SlipTableMsgService	Thread.getStackTrace(1559)	register slip , return result/ view id : 1 / 3663788
2026-01-07 06:40:20	INFO	SvTableMsgReceiver Thread-13524	Thread.getStackTrace(1559)	recieve message cmdcode:12639
2026-01-07 06:40:20	INFO	SvTableMsgReceiver Thread-51227	Thread.getStackTrace(1559)	recieve message cmdcode:12639
2026-01-07 06:40:20	INFO	SvTableMsgReceiver Thread-86877	Thread.getStackTrace(1559)	recieve message cmdcode:12639
2026-01-07 06:40:20	INFO	SvTableMsgReceiver Thread-52429	Thread.getStackTrace(1559)	recieve message cmdcode:12639
2026-01-07 06:40:20	INFO	SvTableMsgReceiver Thread-123384	Thread.getStackTrace(1559)	recieve message cmdcode:12639
2026-01-07 06:40:20	INFO	SvTableMsgReceiver Thread-47090	Thread.getStackTrace(1559)	recieve message cmdcode:12639
2026-01-07 06:40:20	INFO	SvTableMsgReceiver Thread-121428	Thread.getStackTrace(1559)	recieve message cmdcode:12639
2026-01-07 06:40:20	INFO	SvTableMsgReceiver Thread-111901	Thread.getStackTrace(1559)	recieve message cmdcode:12639
2026-01-07 06:40:20	INFO	SvTableMsgReceiver Thread-119903	Thread.getStackTrace(1559)	recieve message cmdcode:12639
2026-01-07 06:40:20	INFO	SvTableMsgReceiver Thread-111900	Thread.getStackTrace(1559)	recieve message cmdcode:12639
2026-01-07 06:40:20	INFO	SvTableMsgReceiver Thread-120220	Thread.getStackTrace(1559)	recieve message cmdcode:12639
2026-01-07 06:40:20	INFO	SvTableMsgReceiver Thread-111902	Thread.getStackTrace(1559)	recieve message cmdcode:12639
2026-01-07 06:40:20	INFO	SvTableMsgReceiver Thread-96937	Thread.getStackTrace(1559)	recieve message cmdcode:12639
2026-01-07 06:40:20	INFO	SvTableMsgReceiver Thread-148075	Thread.getStackTrace(1559)	recieve message cmdcode:12639
2026-01-07 06:40:24	INFO	pool-15-thread-1	Thread.getStackTrace(1559)	unregister slip, view id : 3663788
2026-01-07 06:40:24	INFO	pool-15-thread-1	Thread.getStackTrace(1559)	unregister slip progress, view id : 3663788
2026-01-07 06:41:58	INFO	AWT-EventQueue-0	Thread.getStackTrace(1559)	create new SvTablePanel instance, view id :8961571
2026-01-07 06:41:58	INFO	AWT-EventQueue-0	Thread.getStackTrace(1559)	register slip progress, view id : 8961571
2026-01-07 06:41:58	INFO	SlipWinThread_com.huawei.u2000.pf.frame.ui.slipTable.SlipTableMsgService	Thread.getStackTrace(1559)	register slip , return result/ view id : 1 / 8961571
2026-01-07 06:41:59	INFO	SvTableMsgReceiver Thread-13524	Thread.getStackTrace(1559)	recieve message cmdcode:12639
2026-01-07 06:41:59	INFO	SvTableMsgReceiver Thread-51227	Thread.getStackTrace(1559)	recieve message cmdcode:12639
2026-01-07 06:41:59	INFO	SvTableMsgReceiver Thread-111900	Thread.getStackTrace(1559)	recieve message cmdcode:12639
2026-01-07 06:41:59	INFO	SvTableMsgReceiver Thread-119903	Thread.getStackTrace(1559)	recieve message cmdcode:12639
2026-01-07 06:41:59	INFO	SvTableMsgReceiver Thread-123384	Thread.getStackTrace(1559)	recieve message cmdcode:12639
2026-01-07 06:41:59	INFO	SvTableMsgReceiver Thread-153927	Thread.getStackTrace(1559)	recieve message cmdcode:12639
2026-01-07 06:41:59	INFO	SvTableMsgReceiver Thread-96937	Thread.getStackTrace(1559)	recieve message cmdcode:12639
2026-01-07 06:41:59	INFO	SvTableMsgReceiver Thread-86877	Thread.getStackTrace(1559)	recieve message cmdcode:12639
2026-01-07 06:41:59	INFO	SvTableMsgReceiver Thread-52429	Thread.getStackTrace(1559)	recieve message cmdcode:12639
2026-01-07 06:41:59	INFO	SvTableMsgReceiver Thread-47090	Thread.getStackTrace(1559)	recieve message cmdcode:12639
2026-01-07 06:41:59	INFO	SvTableMsgReceiver Thread-121428	Thread.getStackTrace(1559)	recieve message cmdcode:12639
2026-01-07 06:41:59	INFO	SvTableMsgReceiver Thread-120220	Thread.getStackTrace(1559)	recieve message cmdcode:12639
2026-01-07 06:41:59	INFO	SvTableMsgReceiver Thread-111902	Thread.getStackTrace(1559)	recieve message cmdcode:12639
2026-01-07 06:41:59	INFO	SvTableMsgReceiver Thread-111901	Thread.getStackTrace(1559)	recieve message cmdcode:12639
2026-01-07 06:42:01	INFO	pool-15-thread-1	Thread.getStackTrace(1559)	unregister slip, view id : 8961571
2026-01-07 06:42:01	INFO	pool-15-thread-1	Thread.getStackTrace(1559)	unregister slip progress, view id : 8961571
2026-01-07 06:42:02	INFO	AWT-EventQueue-0	Thread.getStackTrace(1559)	create new SvTablePanel instance, view id :33165568
2026-01-07 06:42:02	INFO	AWT-EventQueue-0	Thread.getStackTrace(1559)	register slip progress, view id : 33165568
2026-01-07 06:42:02	INFO	SlipWinThread_com.huawei.u2000.pf.frame.ui.slipTable.SlipTableMsgService	Thread.getStackTrace(1559)	register slip , return result/ view id : 1 / 33165568
2026-01-07 06:42:03	INFO	SvTableMsgReceiver Thread-13524	Thread.getStackTrace(1559)	recieve message cmdcode:12639
2026-01-07 06:42:03	INFO	SvTableMsgReceiver Thread-51227	Thread.getStackTrace(1559)	recieve message cmdcode:12639
2026-01-07 06:42:03	INFO	SvTableMsgReceiver Thread-52429	Thread.getStackTrace(1559)	recieve message cmdcode:12639
2026-01-07 06:42:03	INFO	SvTableMsgReceiver Thread-96937	Thread.getStackTrace(1559)	recieve message cmdcode:12639
2026-01-07 06:42:03	INFO	SvTableMsgReceiver Thread-111900	Thread.getStackTrace(1559)	recieve message cmdcode:12639
2026-01-07 06:42:03	INFO	SvTableMsgReceiver Thread-111901	Thread.getStackTrace(1559)	recieve message cmdcode:12639
2026-01-07 06:42:03	INFO	SvTableMsgReceiver Thread-123384	Thread.getStackTrace(1559)	recieve message cmdcode:12639
2026-01-07 06:42:03	INFO	SvTableMsgReceiver Thread-47090	Thread.getStackTrace(1559)	recieve message cmdcode:12639
2026-01-07 06:42:03	INFO	SvTableMsgReceiver Thread-86877	Thread.getStackTrace(1559)	recieve message cmdcode:12639
2026-01-07 06:42:03	INFO	SvTableMsgReceiver Thread-154348	Thread.getStackTrace(1559)	recieve message cmdcode:12639
2026-01-07 06:42:03	INFO	SvTableMsgReceiver Thread-121428	Thread.getStackTrace(1559)	recieve message cmdcode:12639
2026-01-07 06:42:03	INFO	SvTableMsgReceiver Thread-120220	Thread.getStackTrace(1559)	recieve message cmdcode:12639
2026-01-07 06:42:03	INFO	SvTableMsgReceiver Thread-119903	Thread.getStackTrace(1559)	recieve message cmdcode:12639
2026-01-07 06:42:03	INFO	SvTableMsgReceiver Thread-111902	Thread.getStackTrace(1559)	recieve message cmdcode:12639
2026-01-07 06:42:04	INFO	pool-15-thread-1	Thread.getStackTrace(1559)	unregister slip, view id : 33165568
2026-01-07 06:42:04	INFO	pool-15-thread-1	Thread.getStackTrace(1559)	unregister slip progress, view id : 33165568
2026-01-07 06:42:14	INFO	SvTableMsgReceiver Thread-13524	Thread.getStackTrace(1559)	recieve message cmdcode:12639
2026-01-07 06:42:14	INFO	SvTableMsgReceiver Thread-51227	Thread.getStackTrace(1559)	recieve message cmdcode:12639
2026-01-07 06:42:14	INFO	SvTableMsgReceiver Thread-96937	Thread.getStackTrace(1559)	recieve message cmdcode:12639
2026-01-07 06:42:14	INFO	SvTableMsgReceiver Thread-119903	Thread.getStackTrace(1559)	recieve message cmdcode:12639
2026-01-07 06:42:14	INFO	SvTableMsgReceiver Thread-123384	Thread.getStackTrace(1559)	recieve message cmdcode:12639
2026-01-07 06:42:14	INFO	SvTableMsgReceiver Thread-13524	Thread.getStackTrace(1559)	can not find SvTablePanel : 20097732
2026-01-07 06:42:14	INFO	SvTableMsgReceiver Thread-86877	Thread.getStackTrace(1559)	recieve message cmdcode:12639
2026-01-07 06:42:14	INFO	SvTableMsgReceiver Thread-86877	Thread.getStackTrace(1559)	can not find SvTablePanel : 20097732
2026-01-07 06:42:14	INFO	SvTableMsgReceiver Thread-52429	Thread.getStackTrace(1559)	recieve message cmdcode:12639
2026-01-07 06:42:14	INFO	SvTableMsgReceiver Thread-47090	Thread.getStackTrace(1559)	recieve message cmdcode:12639
2026-01-07 06:42:14	INFO	SvTableMsgReceiver Thread-52429	Thread.getStackTrace(1559)	can not find SvTablePanel : 20097732
2026-01-07 06:42:14	INFO	SvTableMsgReceiver Thread-123384	Thread.getStackTrace(1559)	can not find SvTablePanel : 20097732
2026-01-07 06:42:14	INFO	SvTableMsgReceiver Thread-119903	Thread.getStackTrace(1559)	can not find SvTablePanel : 20097732
2026-01-07 06:42:14	INFO	SvTableMsgReceiver Thread-121428	Thread.getStackTrace(1559)	recieve message cmdcode:12639
2026-01-07 06:42:14	INFO	SvTableMsgReceiver Thread-120220	Thread.getStackTrace(1559)	recieve message cmdcode:12639
2026-01-07 06:42:14	INFO	SvTableMsgReceiver Thread-96937	Thread.getStackTrace(1559)	can not find SvTablePanel : 20097732
2026-01-07 06:42:14	INFO	SvTableMsgReceiver Thread-111902	Thread.getStackTrace(1559)	recieve message cmdcode:12639
2026-01-07 06:42:14	INFO	SvTableMsgReceiver Thread-111901	Thread.getStackTrace(1559)	recieve message cmdcode:12639
2026-01-07 06:42:14	INFO	SvTableMsgReceiver Thread-111901	Thread.getStackTrace(1559)	can not find SvTablePanel : 20097732
2026-01-07 06:42:14	INFO	SvTableMsgReceiver Thread-111900	Thread.getStackTrace(1559)	recieve message cmdcode:12639
2026-01-07 06:42:14	INFO	SvTableMsgReceiver Thread-111900	Thread.getStackTrace(1559)	can not find SvTablePanel : 20097732
2026-01-07 06:42:14	INFO	SvTableMsgReceiver Thread-51227	Thread.getStackTrace(1559)	can not find SvTablePanel : 20097732
2026-01-07 06:42:14	INFO	SvTableMsgReceiver Thread-111902	Thread.getStackTrace(1559)	can not find SvTablePanel : 20097732
2026-01-07 06:42:14	INFO	SvTableMsgReceiver Thread-120220	Thread.getStackTrace(1559)	can not find SvTablePanel : 20097732
2026-01-07 06:42:14	INFO	SvTableMsgReceiver Thread-121428	Thread.getStackTrace(1559)	can not find SvTablePanel : 20097732
2026-01-07 06:42:14	INFO	SvTableMsgReceiver Thread-47090	Thread.getStackTrace(1559)	can not find SvTablePanel : 20097732
2026-01-07 06:42:17	INFO	SvTableMsgReceiver Thread-13524	Thread.getStackTrace(1559)	recieve message cmdcode:12639
2026-01-07 06:42:17	INFO	SvTableMsgReceiver Thread-51227	Thread.getStackTrace(1559)	recieve message cmdcode:12639
2026-01-07 06:42:17	INFO	SvTableMsgReceiver Thread-96937	Thread.getStackTrace(1559)	recieve message cmdcode:12639
2026-01-07 06:42:17	INFO	SvTableMsgReceiver Thread-86877	Thread.getStackTrace(1559)	recieve message cmdcode:12639
2026-01-07 06:42:17	INFO	SvTableMsgReceiver Thread-123384	Thread.getStackTrace(1559)	recieve message cmdcode:12639
2026-01-07 06:42:17	INFO	SvTableMsgReceiver Thread-123384	Thread.getStackTrace(1559)	can not find SvTablePanel : 11982126
2026-01-07 06:42:17	INFO	SvTableMsgReceiver Thread-13524	Thread.getStackTrace(1559)	can not find SvTablePanel : 11982126
2026-01-07 06:42:17	INFO	SvTableMsgReceiver Thread-52429	Thread.getStackTrace(1559)	recieve message cmdcode:12639
2026-01-07 06:42:17	INFO	SvTableMsgReceiver Thread-47090	Thread.getStackTrace(1559)	recieve message cmdcode:12639
2026-01-07 06:42:17	INFO	SvTableMsgReceiver Thread-52429	Thread.getStackTrace(1559)	can not find SvTablePanel : 11982126
2026-01-07 06:42:17	INFO	SvTableMsgReceiver Thread-86877	Thread.getStackTrace(1559)	can not find SvTablePanel : 11982126
2026-01-07 06:42:17	INFO	SvTableMsgReceiver Thread-121428	Thread.getStackTrace(1559)	recieve message cmdcode:12639
2026-01-07 06:42:17	INFO	SvTableMsgReceiver Thread-120220	Thread.getStackTrace(1559)	recieve message cmdcode:12639
2026-01-07 06:42:17	INFO	SvTableMsgReceiver Thread-119903	Thread.getStackTrace(1559)	recieve message cmdcode:12639
2026-01-07 06:42:17	INFO	SvTableMsgReceiver Thread-119903	Thread.getStackTrace(1559)	can not find SvTablePanel : 11982126
2026-01-07 06:42:17	INFO	SvTableMsgReceiver Thread-96937	Thread.getStackTrace(1559)	can not find SvTablePanel : 11982126
2026-01-07 06:42:17	INFO	SvTableMsgReceiver Thread-111902	Thread.getStackTrace(1559)	recieve message cmdcode:12639
2026-01-07 06:42:17	INFO	SvTableMsgReceiver Thread-111902	Thread.getStackTrace(1559)	can not find SvTablePanel : 11982126
2026-01-07 06:42:17	INFO	SvTableMsgReceiver Thread-111901	Thread.getStackTrace(1559)	recieve message cmdcode:12639
2026-01-07 06:42:17	INFO	SvTableMsgReceiver Thread-111900	Thread.getStackTrace(1559)	recieve message cmdcode:12639
2026-01-07 06:42:17	INFO	SvTableMsgReceiver Thread-51227	Thread.getStackTrace(1559)	can not find SvTablePanel : 11982126
2026-01-07 06:42:17	INFO	SvTableMsgReceiver Thread-111900	Thread.getStackTrace(1559)	can not find SvTablePanel : 11982126
2026-01-07 06:42:17	INFO	SvTableMsgReceiver Thread-111901	Thread.getStackTrace(1559)	can not find SvTablePanel : 11982126
2026-01-07 06:42:17	INFO	SvTableMsgReceiver Thread-120220	Thread.getStackTrace(1559)	can not find SvTablePanel : 11982126
2026-01-07 06:42:17	INFO	SvTableMsgReceiver Thread-121428	Thread.getStackTrace(1559)	can not find SvTablePanel : 11982126
2026-01-07 06:42:17	INFO	SvTableMsgReceiver Thread-47090	Thread.getStackTrace(1559)	can not find SvTablePanel : 11982126
2026-01-07 06:42:28	INFO	AWT-EventQueue-0	Thread.getStackTrace(1559)	create new SvTablePanel instance, view id :19704393
2026-01-07 06:42:29	INFO	AWT-EventQueue-0	Thread.getStackTrace(1559)	register slip progress, view id : 19704393
2026-01-07 06:42:29	INFO	SlipWinThread_com.huawei.u2000.ucbb.table.slip.SlipTableMsgService	Thread.getStackTrace(1559)	register slip , return result/ view id : 1 / 19704393
2026-01-07 06:43:08	INFO	SvTableMsgReceiver Thread-13524	Thread.getStackTrace(1559)	recieve message cmdcode:12639
2026-01-07 06:43:08	INFO	SvTableMsgReceiver Thread-47090	Thread.getStackTrace(1559)	recieve message cmdcode:12639
2026-01-07 06:43:08	INFO	SvTableMsgReceiver Thread-111900	Thread.getStackTrace(1559)	recieve message cmdcode:12639
2026-01-07 06:43:08	INFO	SvTableMsgReceiver Thread-111901	Thread.getStackTrace(1559)	recieve message cmdcode:12639
2026-01-07 06:43:08	INFO	SvTableMsgReceiver Thread-96937	Thread.getStackTrace(1559)	recieve message cmdcode:12639
2026-01-07 06:43:08	INFO	SvTableMsgReceiver Thread-52429	Thread.getStackTrace(1559)	recieve message cmdcode:12639
2026-01-07 06:43:08	INFO	SvTableMsgReceiver Thread-86877	Thread.getStackTrace(1559)	recieve message cmdcode:12639
2026-01-07 06:43:08	INFO	SvTableMsgReceiver Thread-51227	Thread.getStackTrace(1559)	recieve message cmdcode:12639
2026-01-07 06:43:08	INFO	SvTableMsgReceiver Thread-156828	Thread.getStackTrace(1559)	recieve message cmdcode:12639
2026-01-07 06:43:08	INFO	SvTableMsgReceiver Thread-123384	Thread.getStackTrace(1559)	recieve message cmdcode:12639
2026-01-07 06:43:08	INFO	SvTableMsgReceiver Thread-121428	Thread.getStackTrace(1559)	recieve message cmdcode:12639
2026-01-07 06:43:08	INFO	SvTableMsgReceiver Thread-120220	Thread.getStackTrace(1559)	recieve message cmdcode:12639
2026-01-07 06:43:08	INFO	SvTableMsgReceiver Thread-119903	Thread.getStackTrace(1559)	recieve message cmdcode:12639
2026-01-07 06:43:08	INFO	SvTableMsgReceiver Thread-111902	Thread.getStackTrace(1559)	recieve message cmdcode:12639
2026-01-07 06:43:12	INFO	AWT-EventQueue-0	Thread.getStackTrace(1559)	unregister slip, view id : 19704393
2026-01-07 06:43:12	INFO	AWT-EventQueue-0	Thread.getStackTrace(1559)	unregister slip progress, view id : 19704393
2026-01-07 06:44:09	INFO	AWT-EventQueue-0	Thread.getStackTrace(1559)	create new SvTablePanel instance, view id :14973065
2026-01-07 06:44:09	INFO	AWT-EventQueue-0	Thread.getStackTrace(1559)	register slip progress, view id : 14973065
2026-01-07 06:44:09	INFO	SlipWinThread_com.huawei.u2000.ucbb.table.slip.SlipTableMsgService	Thread.getStackTrace(1559)	register slip , return result/ view id : 1 / 14973065
2026-01-07 06:44:11	INFO	SvTableMsgReceiver Thread-13524	Thread.getStackTrace(1559)	recieve message cmdcode:12639
2026-01-07 06:44:11	INFO	SvTableMsgReceiver Thread-51227	Thread.getStackTrace(1559)	recieve message cmdcode:12639
2026-01-07 06:44:11	INFO	SvTableMsgReceiver Thread-47090	Thread.getStackTrace(1559)	recieve message cmdcode:12639
2026-01-07 06:44:11	INFO	SvTableMsgReceiver Thread-52429	Thread.getStackTrace(1559)	recieve message cmdcode:12639
2026-01-07 06:44:11	INFO	SvTableMsgReceiver Thread-111902	Thread.getStackTrace(1559)	recieve message cmdcode:12639
2026-01-07 06:44:11	INFO	SvTableMsgReceiver Thread-111901	Thread.getStackTrace(1559)	recieve message cmdcode:12639
2026-01-07 06:44:11	INFO	SvTableMsgReceiver Thread-96937	Thread.getStackTrace(1559)	recieve message cmdcode:12639
2026-01-07 06:44:11	INFO	SvTableMsgReceiver Thread-111900	Thread.getStackTrace(1559)	recieve message cmdcode:12639
2026-01-07 06:44:11	INFO	SvTableMsgReceiver Thread-86877	Thread.getStackTrace(1559)	recieve message cmdcode:12639
2026-01-07 06:44:11	INFO	SvTableMsgReceiver Thread-123384	Thread.getStackTrace(1559)	recieve message cmdcode:12639
2026-01-07 06:44:11	INFO	SvTableMsgReceiver Thread-121428	Thread.getStackTrace(1559)	recieve message cmdcode:12639
2026-01-07 06:44:11	INFO	SvTableMsgReceiver Thread-120220	Thread.getStackTrace(1559)	recieve message cmdcode:12639
2026-01-07 06:44:11	INFO	SvTableMsgReceiver Thread-119903	Thread.getStackTrace(1559)	recieve message cmdcode:12639
2026-01-07 06:44:11	INFO	SvTableMsgReceiver Thread-161007	Thread.getStackTrace(1559)	recieve message cmdcode:12639
2026-01-07 06:44:31	INFO	SvTableMsgReceiver Thread-13524	Thread.getStackTrace(1559)	recieve message cmdcode:12639
2026-01-07 06:44:31	INFO	SvTableMsgReceiver Thread-52429	Thread.getStackTrace(1559)	recieve message cmdcode:12639
2026-01-07 06:44:31	INFO	SvTableMsgReceiver Thread-111902	Thread.getStackTrace(1559)	recieve message cmdcode:12639
2026-01-07 06:44:31	INFO	SvTableMsgReceiver Thread-123384	Thread.getStackTrace(1559)	recieve message cmdcode:12639
2026-01-07 06:44:31	INFO	SvTableMsgReceiver Thread-111901	Thread.getStackTrace(1559)	recieve message cmdcode:12639
2026-01-07 06:44:31	INFO	SvTableMsgReceiver Thread-111900	Thread.getStackTrace(1559)	recieve message cmdcode:12639
2026-01-07 06:44:31	INFO	SvTableMsgReceiver Thread-96937	Thread.getStackTrace(1559)	recieve message cmdcode:12639
2026-01-07 06:44:31	INFO	SvTableMsgReceiver Thread-51227	Thread.getStackTrace(1559)	recieve message cmdcode:12639
2026-01-07 06:44:31	INFO	SvTableMsgReceiver Thread-86877	Thread.getStackTrace(1559)	recieve message cmdcode:12639
2026-01-07 06:44:31	INFO	SvTableMsgReceiver Thread-47090	Thread.getStackTrace(1559)	recieve message cmdcode:12639
2026-01-07 06:44:31	INFO	SvTableMsgReceiver Thread-121428	Thread.getStackTrace(1559)	recieve message cmdcode:12639
2026-01-07 06:44:31	INFO	SvTableMsgReceiver Thread-161007	Thread.getStackTrace(1559)	recieve message cmdcode:12639
2026-01-07 06:44:31	INFO	SvTableMsgReceiver Thread-120220	Thread.getStackTrace(1559)	recieve message cmdcode:12639
2026-01-07 06:44:31	INFO	SvTableMsgReceiver Thread-119903	Thread.getStackTrace(1559)	recieve message cmdcode:12639
2026-01-07 06:46:36	INFO	AWT-EventQueue-0	Thread.getStackTrace(1559)	unregister slip, view id : 14973065
2026-01-07 06:46:36	INFO	AWT-EventQueue-0	Thread.getStackTrace(1559)	unregister slip progress, view id : 14973065
2026-01-07 06:47:00	INFO	AWT-EventQueue-0	Thread.getStackTrace(1559)	create new SvTablePanel instance, view id :3478125
2026-01-07 06:47:00	INFO	AWT-EventQueue-0	Thread.getStackTrace(1559)	register slip progress, view id : 3478125
2026-01-07 06:47:00	INFO	SlipWinThread_com.huawei.u2000.ucbb.table.slip.SlipTableMsgService	Thread.getStackTrace(1559)	register slip , return result/ view id : 1 / 3478125
2026-01-07 06:47:01	INFO	SvTableMsgReceiver Thread-47090	Thread.getStackTrace(1559)	recieve message cmdcode:12639
2026-01-07 06:47:01	INFO	SvTableMsgReceiver Thread-51227	Thread.getStackTrace(1559)	recieve message cmdcode:12639
2026-01-07 06:47:01	INFO	SvTableMsgReceiver Thread-111900	Thread.getStackTrace(1559)	recieve message cmdcode:12639
2026-01-07 06:47:01	INFO	SvTableMsgReceiver Thread-96937	Thread.getStackTrace(1559)	recieve message cmdcode:12639
2026-01-07 06:47:01	INFO	SvTableMsgReceiver Thread-120220	Thread.getStackTrace(1559)	recieve message cmdcode:12639
2026-01-07 06:47:01	INFO	SvTableMsgReceiver Thread-86877	Thread.getStackTrace(1559)	recieve message cmdcode:12639
2026-01-07 06:47:01	INFO	SvTableMsgReceiver Thread-52429	Thread.getStackTrace(1559)	recieve message cmdcode:12639
2026-01-07 06:47:01	INFO	SvTableMsgReceiver Thread-13524	Thread.getStackTrace(1559)	recieve message cmdcode:12639
2026-01-07 06:47:01	INFO	SvTableMsgReceiver Thread-123384	Thread.getStackTrace(1559)	recieve message cmdcode:12639
2026-01-07 06:47:01	INFO	SvTableMsgReceiver Thread-121428	Thread.getStackTrace(1559)	recieve message cmdcode:12639
2026-01-07 06:47:01	INFO	SvTableMsgReceiver Thread-119903	Thread.getStackTrace(1559)	recieve message cmdcode:12639
2026-01-07 06:47:01	INFO	SvTableMsgReceiver Thread-111902	Thread.getStackTrace(1559)	recieve message cmdcode:12639
2026-01-07 06:47:01	INFO	SvTableMsgReceiver Thread-111901	Thread.getStackTrace(1559)	recieve message cmdcode:12639
2026-01-07 06:47:01	INFO	SvTableMsgReceiver Thread-163420	Thread.getStackTrace(1559)	recieve message cmdcode:12639
2026-01-07 06:47:29	INFO	SvTableMsgReceiver Thread-13524	Thread.getStackTrace(1559)	recieve message cmdcode:12639
2026-01-07 06:47:29	INFO	SvTableMsgReceiver Thread-47090	Thread.getStackTrace(1559)	recieve message cmdcode:12639
2026-01-07 06:47:29	INFO	SvTableMsgReceiver Thread-51227	Thread.getStackTrace(1559)	recieve message cmdcode:12639
2026-01-07 06:47:29	INFO	SvTableMsgReceiver Thread-96937	Thread.getStackTrace(1559)	recieve message cmdcode:12639
2026-01-07 06:47:29	INFO	SvTableMsgReceiver Thread-111901	Thread.getStackTrace(1559)	recieve message cmdcode:12639
2026-01-07 06:47:29	INFO	SvTableMsgReceiver Thread-86877	Thread.getStackTrace(1559)	recieve message cmdcode:12639
2026-01-07 06:47:29	INFO	SvTableMsgReceiver Thread-52429	Thread.getStackTrace(1559)	recieve message cmdcode:12639
2026-01-07 06:47:29	INFO	SvTableMsgReceiver Thread-163420	Thread.getStackTrace(1559)	recieve message cmdcode:12639
2026-01-07 06:47:29	INFO	SvTableMsgReceiver Thread-123384	Thread.getStackTrace(1559)	recieve message cmdcode:12639
2026-01-07 06:47:29	INFO	SvTableMsgReceiver Thread-120220	Thread.getStackTrace(1559)	recieve message cmdcode:12639
2026-01-07 06:47:29	INFO	SvTableMsgReceiver Thread-121428	Thread.getStackTrace(1559)	recieve message cmdcode:12639
2026-01-07 06:47:29	INFO	SvTableMsgReceiver Thread-111902	Thread.getStackTrace(1559)	recieve message cmdcode:12639
2026-01-07 06:47:29	INFO	SvTableMsgReceiver Thread-119903	Thread.getStackTrace(1559)	recieve message cmdcode:12639
2026-01-07 06:47:29	INFO	SvTableMsgReceiver Thread-111900	Thread.getStackTrace(1559)	recieve message cmdcode:12639
2026-01-07 06:47:43	INFO	SvTableMsgReceiver Thread-13524	Thread.getStackTrace(1559)	recieve message cmdcode:12639
2026-01-07 06:47:43	INFO	SvTableMsgReceiver Thread-47090	Thread.getStackTrace(1559)	recieve message cmdcode:12639
2026-01-07 06:47:43	INFO	SvTableMsgReceiver Thread-86877	Thread.getStackTrace(1559)	recieve message cmdcode:12639
2026-01-07 06:47:43	INFO	SvTableMsgReceiver Thread-52429	Thread.getStackTrace(1559)	recieve message cmdcode:12639
2026-01-07 06:47:43	INFO	SvTableMsgReceiver Thread-111901	Thread.getStackTrace(1559)	recieve message cmdcode:12639
2026-01-07 06:47:43	INFO	SvTableMsgReceiver Thread-51227	Thread.getStackTrace(1559)	recieve message cmdcode:12639
2026-01-07 06:47:43	INFO	SvTableMsgReceiver Thread-121428	Thread.getStackTrace(1559)	recieve message cmdcode:12639
2026-01-07 06:47:43	INFO	SvTableMsgReceiver Thread-120220	Thread.getStackTrace(1559)	recieve message cmdcode:12639
2026-01-07 06:47:43	INFO	SvTableMsgReceiver Thread-119903	Thread.getStackTrace(1559)	recieve message cmdcode:12639
2026-01-07 06:47:43	INFO	SvTableMsgReceiver Thread-111902	Thread.getStackTrace(1559)	recieve message cmdcode:12639
2026-01-07 06:47:43	INFO	SvTableMsgReceiver Thread-111900	Thread.getStackTrace(1559)	recieve message cmdcode:12639
2026-01-07 06:47:43	INFO	SvTableMsgReceiver Thread-96937	Thread.getStackTrace(1559)	recieve message cmdcode:12639
2026-01-07 06:47:43	INFO	SvTableMsgReceiver Thread-163420	Thread.getStackTrace(1559)	recieve message cmdcode:12639
2026-01-07 06:47:43	INFO	SvTableMsgReceiver Thread-123384	Thread.getStackTrace(1559)	recieve message cmdcode:12639
2026-01-07 06:48:29	INFO	SvTableMsgReceiver Thread-13524	Thread.getStackTrace(1559)	recieve message cmdcode:12639
2026-01-07 06:48:29	INFO	SvTableMsgReceiver Thread-51227	Thread.getStackTrace(1559)	recieve message cmdcode:12639
2026-01-07 06:48:29	INFO	SvTableMsgReceiver Thread-96937	Thread.getStackTrace(1559)	recieve message cmdcode:12639
2026-01-07 06:48:29	INFO	SvTableMsgReceiver Thread-86877	Thread.getStackTrace(1559)	recieve message cmdcode:12639
2026-01-07 06:48:29	INFO	SvTableMsgReceiver Thread-121428	Thread.getStackTrace(1559)	recieve message cmdcode:12639
2026-01-07 06:48:29	INFO	SvTableMsgReceiver Thread-52429	Thread.getStackTrace(1559)	recieve message cmdcode:12639
2026-01-07 06:48:29	INFO	SvTableMsgReceiver Thread-47090	Thread.getStackTrace(1559)	recieve message cmdcode:12639
2026-01-07 06:48:29	INFO	SvTableMsgReceiver Thread-123384	Thread.getStackTrace(1559)	recieve message cmdcode:12639
2026-01-07 06:48:29	INFO	SvTableMsgReceiver Thread-120220	Thread.getStackTrace(1559)	recieve message cmdcode:12639
2026-01-07 06:48:29	INFO	SvTableMsgReceiver Thread-119903	Thread.getStackTrace(1559)	recieve message cmdcode:12639
2026-01-07 06:48:29	INFO	SvTableMsgReceiver Thread-111902	Thread.getStackTrace(1559)	recieve message cmdcode:12639
2026-01-07 06:48:29	INFO	SvTableMsgReceiver Thread-111901	Thread.getStackTrace(1559)	recieve message cmdcode:12639
2026-01-07 06:48:29	INFO	SvTableMsgReceiver Thread-111900	Thread.getStackTrace(1559)	recieve message cmdcode:12639
2026-01-07 06:48:29	INFO	SvTableMsgReceiver Thread-163420	Thread.getStackTrace(1559)	recieve message cmdcode:12639
2026-01-07 06:49:37	INFO	AWT-EventQueue-0	Thread.getStackTrace(1559)	unregister slip, view id : 3478125
2026-01-07 06:49:37	INFO	AWT-EventQueue-0	Thread.getStackTrace(1559)	unregister slip progress, view id : 3478125
2026-01-07 06:51:55	INFO	AWT-EventQueue-0	Thread.getStackTrace(1559)	create new SvTablePanel instance, view id :15267039
2026-01-07 06:51:55	INFO	AWT-EventQueue-0	Thread.getStackTrace(1559)	register slip progress, view id : 15267039
2026-01-07 06:51:55	INFO	SlipWinThread_com.huawei.u2000.ucbb.table.slip.SlipTableMsgService	Thread.getStackTrace(1559)	register slip , return result/ view id : 1 / 15267039
2026-01-07 06:51:56	INFO	SvTableMsgReceiver Thread-13524	Thread.getStackTrace(1559)	recieve message cmdcode:12639
2026-01-07 06:51:56	INFO	SvTableMsgReceiver Thread-47090	Thread.getStackTrace(1559)	recieve message cmdcode:12639
2026-01-07 06:51:56	INFO	SvTableMsgReceiver Thread-52429	Thread.getStackTrace(1559)	recieve message cmdcode:12639
2026-01-07 06:51:56	INFO	SvTableMsgReceiver Thread-51227	Thread.getStackTrace(1559)	recieve message cmdcode:12639
2026-01-07 06:51:56	INFO	SvTableMsgReceiver Thread-120220	Thread.getStackTrace(1559)	recieve message cmdcode:12639
2026-01-07 06:51:56	INFO	SvTableMsgReceiver Thread-173546	Thread.getStackTrace(1559)	recieve message cmdcode:12639
2026-01-07 06:51:56	INFO	SvTableMsgReceiver Thread-119903	Thread.getStackTrace(1559)	recieve message cmdcode:12639
2026-01-07 06:51:56	INFO	SvTableMsgReceiver Thread-111902	Thread.getStackTrace(1559)	recieve message cmdcode:12639
2026-01-07 06:51:56	INFO	SvTableMsgReceiver Thread-111901	Thread.getStackTrace(1559)	recieve message cmdcode:12639
2026-01-07 06:51:56	INFO	SvTableMsgReceiver Thread-111900	Thread.getStackTrace(1559)	recieve message cmdcode:12639
2026-01-07 06:51:56	INFO	SvTableMsgReceiver Thread-96937	Thread.getStackTrace(1559)	recieve message cmdcode:12639
2026-01-07 06:51:56	INFO	SvTableMsgReceiver Thread-86877	Thread.getStackTrace(1559)	recieve message cmdcode:12639
2026-01-07 06:51:56	INFO	SvTableMsgReceiver Thread-123384	Thread.getStackTrace(1559)	recieve message cmdcode:12639
2026-01-07 06:51:56	INFO	SvTableMsgReceiver Thread-121428	Thread.getStackTrace(1559)	recieve message cmdcode:12639
2026-01-07 07:41:26	INFO	SvTableMsgReceiver Thread-13524	Thread.getStackTrace(1559)	recieve message cmdcode:12639
2026-01-07 07:41:26	INFO	SvTableMsgReceiver Thread-111900	Thread.getStackTrace(1559)	recieve message cmdcode:12639
2026-01-07 07:41:26	INFO	SvTableMsgReceiver Thread-111902	Thread.getStackTrace(1559)	recieve message cmdcode:12639
2026-01-07 07:41:26	INFO	SvTableMsgReceiver Thread-119903	Thread.getStackTrace(1559)	recieve message cmdcode:12639
2026-01-07 07:41:26	INFO	SvTableMsgReceiver Thread-111901	Thread.getStackTrace(1559)	recieve message cmdcode:12639
2026-01-07 07:41:26	INFO	SvTableMsgReceiver Thread-96937	Thread.getStackTrace(1559)	recieve message cmdcode:12639
2026-01-07 07:41:26	INFO	SvTableMsgReceiver Thread-86877	Thread.getStackTrace(1559)	recieve message cmdcode:12639
2026-01-07 07:41:26	INFO	SvTableMsgReceiver Thread-52429	Thread.getStackTrace(1559)	recieve message cmdcode:12639
2026-01-07 07:41:26	INFO	SvTableMsgReceiver Thread-47090	Thread.getStackTrace(1559)	recieve message cmdcode:12639
2026-01-07 07:41:26	INFO	SvTableMsgReceiver Thread-51227	Thread.getStackTrace(1559)	recieve message cmdcode:12639
2026-01-07 07:41:26	INFO	SvTableMsgReceiver Thread-173546	Thread.getStackTrace(1559)	recieve message cmdcode:12639
2026-01-07 07:41:26	INFO	SvTableMsgReceiver Thread-123384	Thread.getStackTrace(1559)	recieve message cmdcode:12639
2026-01-07 07:41:26	INFO	SvTableMsgReceiver Thread-121428	Thread.getStackTrace(1559)	recieve message cmdcode:12639
2026-01-07 07:41:26	INFO	SvTableMsgReceiver Thread-120220	Thread.getStackTrace(1559)	recieve message cmdcode:12639
2026-01-07 07:43:01	INFO	SwingWorker-pool-29-thread-9	Thread.getStackTrace(1559)	create new SvTablePanel instance, view id :21666381
2026-01-07 07:43:01	INFO	SwingWorker-pool-29-thread-9	Thread.getStackTrace(1559)	register slip progress, view id : 21666381
2026-01-07 07:43:01	INFO	SlipWinThread_com.huawei.u2000.pf.frame.ui.slipTable.SlipTableMsgService	Thread.getStackTrace(1559)	register slip , return result/ view id : 1 / 21666381
2026-01-07 07:43:02	INFO	SvTableMsgReceiver Thread-13524	Thread.getStackTrace(1559)	recieve message cmdcode:12639
2026-01-07 07:43:02	INFO	SvTableMsgReceiver Thread-51227	Thread.getStackTrace(1559)	recieve message cmdcode:12639
2026-01-07 07:43:02	INFO	SvTableMsgReceiver Thread-86877	Thread.getStackTrace(1559)	recieve message cmdcode:12639
2026-01-07 07:43:02	INFO	SvTableMsgReceiver Thread-52429	Thread.getStackTrace(1559)	recieve message cmdcode:12639
2026-01-07 07:43:02	INFO	SvTableMsgReceiver Thread-123384	Thread.getStackTrace(1559)	recieve message cmdcode:12639
2026-01-07 07:43:02	INFO	SvTableMsgReceiver Thread-173546	Thread.getStackTrace(1559)	recieve message cmdcode:12639
2026-01-07 07:43:02	INFO	SvTableMsgReceiver Thread-47090	Thread.getStackTrace(1559)	recieve message cmdcode:12639
2026-01-07 07:43:02	INFO	SvTableMsgReceiver Thread-180199	Thread.getStackTrace(1559)	recieve message cmdcode:12639
2026-01-07 07:43:02	INFO	SvTableMsgReceiver Thread-121428	Thread.getStackTrace(1559)	recieve message cmdcode:12639
2026-01-07 07:43:02	INFO	SvTableMsgReceiver Thread-120220	Thread.getStackTrace(1559)	recieve message cmdcode:12639
2026-01-07 07:43:02	INFO	SvTableMsgReceiver Thread-119903	Thread.getStackTrace(1559)	recieve message cmdcode:12639
2026-01-07 07:43:02	INFO	SvTableMsgReceiver Thread-111902	Thread.getStackTrace(1559)	recieve message cmdcode:12639
2026-01-07 07:43:02	INFO	SvTableMsgReceiver Thread-111901	Thread.getStackTrace(1559)	recieve message cmdcode:12639
2026-01-07 07:43:02	INFO	SvTableMsgReceiver Thread-111900	Thread.getStackTrace(1559)	recieve message cmdcode:12639
2026-01-07 07:43:02	INFO	SvTableMsgReceiver Thread-96937	Thread.getStackTrace(1559)	recieve message cmdcode:12639
2026-01-07 07:43:05	INFO	AWT-EventQueue-0	Thread.getStackTrace(1559)	create new SvTablePanel instance, view id :28616537
2026-01-07 07:43:05	INFO	AWT-EventQueue-0	Thread.getStackTrace(1559)	register slip progress, view id : 28616537
2026-01-07 07:43:05	INFO	SlipWinThread_com.huawei.u2000.pf.frame.ui.slipTable.SlipTableMsgService	Thread.getStackTrace(1559)	register slip , return result/ view id : 1 / 28616537
2026-01-07 07:43:06	INFO	SvTableMsgReceiver Thread-13524	Thread.getStackTrace(1559)	recieve message cmdcode:12639
2026-01-07 07:43:06	INFO	SvTableMsgReceiver Thread-51227	Thread.getStackTrace(1559)	recieve message cmdcode:12639
2026-01-07 07:43:06	INFO	SvTableMsgReceiver Thread-47090	Thread.getStackTrace(1559)	recieve message cmdcode:12639
2026-01-07 07:43:06	INFO	SvTableMsgReceiver Thread-180199	Thread.getStackTrace(1559)	recieve message cmdcode:12639
2026-01-07 07:43:06	INFO	SvTableMsgReceiver Thread-173546	Thread.getStackTrace(1559)	recieve message cmdcode:12639
2026-01-07 07:43:06	INFO	SvTableMsgReceiver Thread-123384	Thread.getStackTrace(1559)	recieve message cmdcode:12639
2026-01-07 07:43:06	INFO	SvTableMsgReceiver Thread-121428	Thread.getStackTrace(1559)	recieve message cmdcode:12639
2026-01-07 07:43:06	INFO	SvTableMsgReceiver Thread-120220	Thread.getStackTrace(1559)	recieve message cmdcode:12639
2026-01-07 07:43:06	INFO	SvTableMsgReceiver Thread-111901	Thread.getStackTrace(1559)	recieve message cmdcode:12639
2026-01-07 07:43:06	INFO	SvTableMsgReceiver Thread-111902	Thread.getStackTrace(1559)	recieve message cmdcode:12639
2026-01-07 07:43:06	INFO	SvTableMsgReceiver Thread-111900	Thread.getStackTrace(1559)	recieve message cmdcode:12639
2026-01-07 07:43:06	INFO	SvTableMsgReceiver Thread-119903	Thread.getStackTrace(1559)	recieve message cmdcode:12639
2026-01-07 07:43:06	INFO	SvTableMsgReceiver Thread-96937	Thread.getStackTrace(1559)	recieve message cmdcode:12639
2026-01-07 07:43:06	INFO	SvTableMsgReceiver Thread-86877	Thread.getStackTrace(1559)	recieve message cmdcode:12639
2026-01-07 07:43:06	INFO	SvTableMsgReceiver Thread-52429	Thread.getStackTrace(1559)	recieve message cmdcode:12639
2026-01-07 07:43:06	INFO	SvTableMsgReceiver Thread-180333	Thread.getStackTrace(1559)	recieve message cmdcode:12639
2026-01-07 07:43:39	INFO	AWT-EventQueue-0	Thread.getStackTrace(1559)	create new SvTablePanel instance, view id :17473056
2026-01-07 07:43:39	INFO	AWT-EventQueue-0	Thread.getStackTrace(1559)	create new SvTablePanel instance, view id :8600508
2026-01-07 07:43:39	INFO	AWT-EventQueue-0	Thread.getStackTrace(1559)	create new SvTablePanel instance, view id :28784438
2026-01-07 07:43:39	INFO	AWT-EventQueue-0	Thread.getStackTrace(1559)	register slip progress, view id : 17473056
2026-01-07 07:43:39	INFO	SlipWinThread_com.huawei.u2000.pf.frame.ui.slipTable.SlipTableMsgService	Thread.getStackTrace(1559)	register slip , return result/ view id : 1 / 17473056
2026-01-07 07:43:40	INFO	SvTableMsgReceiver Thread-13524	Thread.getStackTrace(1559)	recieve message cmdcode:12639
2026-01-07 07:43:40	INFO	SvTableMsgReceiver Thread-47090	Thread.getStackTrace(1559)	recieve message cmdcode:12639
2026-01-07 07:43:40	INFO	SvTableMsgReceiver Thread-111901	Thread.getStackTrace(1559)	recieve message cmdcode:12639
2026-01-07 07:43:40	INFO	SvTableMsgReceiver Thread-51227	Thread.getStackTrace(1559)	recieve message cmdcode:12639
2026-01-07 07:43:40	INFO	SvTableMsgReceiver Thread-180333	Thread.getStackTrace(1559)	recieve message cmdcode:12639
2026-01-07 07:43:40	INFO	SvTableMsgReceiver Thread-181541	Thread.getStackTrace(1559)	recieve message cmdcode:12639
2026-01-07 07:43:40	INFO	SvTableMsgReceiver Thread-111900	Thread.getStackTrace(1559)	recieve message cmdcode:12639
2026-01-07 07:43:40	INFO	SvTableMsgReceiver Thread-180199	Thread.getStackTrace(1559)	recieve message cmdcode:12639
2026-01-07 07:43:40	INFO	SvTableMsgReceiver Thread-111902	Thread.getStackTrace(1559)	recieve message cmdcode:12639
2026-01-07 07:43:40	INFO	SvTableMsgReceiver Thread-123384	Thread.getStackTrace(1559)	recieve message cmdcode:12639
2026-01-07 07:43:40	INFO	SvTableMsgReceiver Thread-173546	Thread.getStackTrace(1559)	recieve message cmdcode:12639
2026-01-07 07:43:40	INFO	SvTableMsgReceiver Thread-121428	Thread.getStackTrace(1559)	recieve message cmdcode:12639
2026-01-07 07:43:40	INFO	SvTableMsgReceiver Thread-119903	Thread.getStackTrace(1559)	recieve message cmdcode:12639
2026-01-07 07:43:40	INFO	SvTableMsgReceiver Thread-52429	Thread.getStackTrace(1559)	recieve message cmdcode:12639
2026-01-07 07:43:40	INFO	SvTableMsgReceiver Thread-120220	Thread.getStackTrace(1559)	recieve message cmdcode:12639
2026-01-07 07:43:40	INFO	SvTableMsgReceiver Thread-86877	Thread.getStackTrace(1559)	recieve message cmdcode:12639
2026-01-07 07:43:40	INFO	SvTableMsgReceiver Thread-96937	Thread.getStackTrace(1559)	recieve message cmdcode:12639
2026-01-07 07:43:53	INFO	pool-15-thread-8	Thread.getStackTrace(1559)	unregister slip, view id : 17473056
2026-01-07 07:43:53	INFO	pool-15-thread-8	Thread.getStackTrace(1559)	unregister slip progress, view id : 17473056
2026-01-07 07:44:49	INFO	AWT-EventQueue-0	Thread.getStackTrace(1559)	unregister slip, view id : 15267039
2026-01-07 07:44:49	INFO	AWT-EventQueue-0	Thread.getStackTrace(1559)	unregister slip progress, view id : 15267039
2026-01-07 07:45:01	INFO	AWT-EventQueue-0	Thread.getStackTrace(1559)	create new SvTablePanel instance, view id :4249390
2026-01-07 07:45:01	INFO	AWT-EventQueue-0	Thread.getStackTrace(1559)	register slip progress, view id : 4249390
2026-01-07 07:45:01	INFO	SlipWinThread_com.huawei.u2000.ucbb.table.slip.SlipTableMsgService	Thread.getStackTrace(1559)	register slip , return result/ view id : 1 / 4249390
2026-01-07 07:45:02	INFO	SvTableMsgReceiver Thread-47090	Thread.getStackTrace(1559)	recieve message cmdcode:12639
2026-01-07 07:45:02	INFO	SvTableMsgReceiver Thread-51227	Thread.getStackTrace(1559)	recieve message cmdcode:12639
2026-01-07 07:45:02	INFO	SvTableMsgReceiver Thread-96937	Thread.getStackTrace(1559)	recieve message cmdcode:12639
2026-01-07 07:45:02	INFO	SvTableMsgReceiver Thread-86877	Thread.getStackTrace(1559)	recieve message cmdcode:12639
2026-01-07 07:45:02	INFO	SvTableMsgReceiver Thread-52429	Thread.getStackTrace(1559)	recieve message cmdcode:12639
2026-01-07 07:45:02	INFO	SvTableMsgReceiver Thread-13524	Thread.getStackTrace(1559)	recieve message cmdcode:12639
2026-01-07 07:45:02	INFO	SvTableMsgReceiver Thread-123384	Thread.getStackTrace(1559)	recieve message cmdcode:12639
2026-01-07 07:45:02	INFO	SvTableMsgReceiver Thread-121428	Thread.getStackTrace(1559)	recieve message cmdcode:12639
2026-01-07 07:45:02	INFO	SvTableMsgReceiver Thread-120220	Thread.getStackTrace(1559)	recieve message cmdcode:12639
2026-01-07 07:45:02	INFO	SvTableMsgReceiver Thread-111902	Thread.getStackTrace(1559)	recieve message cmdcode:12639
2026-01-07 07:45:02	INFO	SvTableMsgReceiver Thread-119903	Thread.getStackTrace(1559)	recieve message cmdcode:12639
2026-01-07 07:45:02	INFO	SvTableMsgReceiver Thread-111901	Thread.getStackTrace(1559)	recieve message cmdcode:12639
2026-01-07 07:45:02	INFO	SvTableMsgReceiver Thread-111900	Thread.getStackTrace(1559)	recieve message cmdcode:12639
2026-01-07 07:45:02	INFO	SvTableMsgReceiver Thread-186850	Thread.getStackTrace(1559)	recieve message cmdcode:12639
2026-01-07 07:45:02	INFO	SvTableMsgReceiver Thread-180333	Thread.getStackTrace(1559)	recieve message cmdcode:12639
2026-01-07 07:45:02	INFO	SvTableMsgReceiver Thread-180199	Thread.getStackTrace(1559)	recieve message cmdcode:12639
2026-01-07 07:47:18	INFO	AWT-EventQueue-0	Thread.getStackTrace(1559)	create new SvTablePanel instance, view id :30094818
2026-01-07 07:47:18	INFO	AWT-EventQueue-0	Thread.getStackTrace(1559)	register slip progress, view id : 30094818
2026-01-07 07:47:18	INFO	SlipWinThread_com.huawei.u2000.pf.frame.ui.slipTable.SlipTableMsgService	Thread.getStackTrace(1559)	register slip , return result/ view id : 1 / 30094818
2026-01-07 07:47:19	INFO	SvTableMsgReceiver Thread-47090	Thread.getStackTrace(1559)	recieve message cmdcode:12639
2026-01-07 07:47:19	INFO	SvTableMsgReceiver Thread-13524	Thread.getStackTrace(1559)	recieve message cmdcode:12639
2026-01-07 07:47:19	INFO	SvTableMsgReceiver Thread-96937	Thread.getStackTrace(1559)	recieve message cmdcode:12639
2026-01-07 07:47:19	INFO	SvTableMsgReceiver Thread-119903	Thread.getStackTrace(1559)	recieve message cmdcode:12639
2026-01-07 07:47:19	INFO	SvTableMsgReceiver Thread-180333	Thread.getStackTrace(1559)	recieve message cmdcode:12639
2026-01-07 07:47:19	INFO	SvTableMsgReceiver Thread-86877	Thread.getStackTrace(1559)	recieve message cmdcode:12639
2026-01-07 07:47:19	INFO	SvTableMsgReceiver Thread-52429	Thread.getStackTrace(1559)	recieve message cmdcode:12639
2026-01-07 07:47:19	INFO	SvTableMsgReceiver Thread-51227	Thread.getStackTrace(1559)	recieve message cmdcode:12639
2026-01-07 07:47:19	INFO	SvTableMsgReceiver Thread-192902	Thread.getStackTrace(1559)	recieve message cmdcode:12639
2026-01-07 07:47:19	INFO	SvTableMsgReceiver Thread-186850	Thread.getStackTrace(1559)	recieve message cmdcode:12639
2026-01-07 07:47:19	INFO	SvTableMsgReceiver Thread-180199	Thread.getStackTrace(1559)	recieve message cmdcode:12639
2026-01-07 07:47:19	INFO	SvTableMsgReceiver Thread-123384	Thread.getStackTrace(1559)	recieve message cmdcode:12639
2026-01-07 07:47:19	INFO	SvTableMsgReceiver Thread-121428	Thread.getStackTrace(1559)	recieve message cmdcode:12639
2026-01-07 07:47:19	INFO	SvTableMsgReceiver Thread-120220	Thread.getStackTrace(1559)	recieve message cmdcode:12639
2026-01-07 07:47:19	INFO	SvTableMsgReceiver Thread-111902	Thread.getStackTrace(1559)	recieve message cmdcode:12639
2026-01-07 07:47:19	INFO	SvTableMsgReceiver Thread-111901	Thread.getStackTrace(1559)	recieve message cmdcode:12639
2026-01-07 07:47:19	INFO	SvTableMsgReceiver Thread-111900	Thread.getStackTrace(1559)	recieve message cmdcode:12639
2026-01-07 07:47:20	INFO	pool-15-thread-12	Thread.getStackTrace(1559)	unregister slip, view id : 30094818
2026-01-07 07:47:20	INFO	pool-15-thread-12	Thread.getStackTrace(1559)	unregister slip progress, view id : 30094818
2026-01-07 07:47:26	INFO	AWT-EventQueue-0	Thread.getStackTrace(1559)	unregister slip, view id : 4249390
2026-01-07 07:47:26	INFO	AWT-EventQueue-0	Thread.getStackTrace(1559)	unregister slip progress, view id : 4249390
2026-01-07 07:49:09	INFO	AWT-EventQueue-0	Thread.getStackTrace(1559)	create new SvTablePanel instance, view id :29683023
2026-01-07 07:49:09	INFO	AWT-EventQueue-0	Thread.getStackTrace(1559)	register slip progress, view id : 29683023
2026-01-07 07:49:09	INFO	SlipWinThread_com.huawei.u2000.pf.frame.ui.slipTable.SlipTableMsgService	Thread.getStackTrace(1559)	register slip , return result/ view id : 1 / 29683023
2026-01-07 07:49:10	INFO	SvTableMsgReceiver Thread-47090	Thread.getStackTrace(1559)	recieve message cmdcode:12639
2026-01-07 07:49:10	INFO	SvTableMsgReceiver Thread-13524	Thread.getStackTrace(1559)	recieve message cmdcode:12639
2026-01-07 07:49:10	INFO	SvTableMsgReceiver Thread-96937	Thread.getStackTrace(1559)	recieve message cmdcode:12639
2026-01-07 07:49:10	INFO	SvTableMsgReceiver Thread-111900	Thread.getStackTrace(1559)	recieve message cmdcode:12639
2026-01-07 07:49:10	INFO	SvTableMsgReceiver Thread-123384	Thread.getStackTrace(1559)	recieve message cmdcode:12639
2026-01-07 07:49:10	INFO	SvTableMsgReceiver Thread-86877	Thread.getStackTrace(1559)	recieve message cmdcode:12639
2026-01-07 07:49:10	INFO	SvTableMsgReceiver Thread-52429	Thread.getStackTrace(1559)	recieve message cmdcode:12639
2026-01-07 07:49:10	INFO	SvTableMsgReceiver Thread-51227	Thread.getStackTrace(1559)	recieve message cmdcode:12639
2026-01-07 07:49:10	INFO	SvTableMsgReceiver Thread-180333	Thread.getStackTrace(1559)	recieve message cmdcode:12639
2026-01-07 07:49:10	INFO	SvTableMsgReceiver Thread-180199	Thread.getStackTrace(1559)	recieve message cmdcode:12639
2026-01-07 07:49:10	INFO	SvTableMsgReceiver Thread-111901	Thread.getStackTrace(1559)	recieve message cmdcode:12639
2026-01-07 07:49:10	INFO	SvTableMsgReceiver Thread-121428	Thread.getStackTrace(1559)	recieve message cmdcode:12639
2026-01-07 07:49:10	INFO	SvTableMsgReceiver Thread-120220	Thread.getStackTrace(1559)	recieve message cmdcode:12639
2026-01-07 07:49:10	INFO	SvTableMsgReceiver Thread-119903	Thread.getStackTrace(1559)	recieve message cmdcode:12639
2026-01-07 07:49:10	INFO	SvTableMsgReceiver Thread-111902	Thread.getStackTrace(1559)	recieve message cmdcode:12639
2026-01-07 07:49:10	INFO	SvTableMsgReceiver Thread-195424	Thread.getStackTrace(1559)	recieve message cmdcode:12639
2026-01-07 07:49:11	INFO	pool-15-thread-12	Thread.getStackTrace(1559)	unregister slip, view id : 29683023
2026-01-07 07:49:12	INFO	pool-15-thread-12	Thread.getStackTrace(1559)	unregister slip progress, view id : 29683023
2026-01-07 11:00:46	INFO	pool-15-thread-22	Thread.getStackTrace(1559)	unregister slip, view id : 10879676
2026-01-07 11:00:46	INFO	pool-15-thread-22	Thread.getStackTrace(1559)	unregister slip progress, view id : 10879676
2026-01-07 11:00:47	INFO	AWT-EventQueue-0	Thread.getStackTrace(1559)	unregister slip, view id : 2211106
2026-01-07 11:00:47	INFO	pool-15-thread-14	Thread.getStackTrace(1559)	unregister slip, view id : 32718534
2026-01-07 11:00:47	INFO	AWT-EventQueue-0	Thread.getStackTrace(1559)	unregister slip progress, view id : 2211106
2026-01-07 11:00:47	INFO	pool-15-thread-14	Thread.getStackTrace(1559)	unregister slip progress, view id : 32718534
2026-01-07 11:00:47	INFO	pool-15-thread-15	Thread.getStackTrace(1559)	unregister slip, view id : 21237338
2026-01-07 11:00:47	INFO	pool-15-thread-15	Thread.getStackTrace(1559)	unregister slip progress, view id : 21237338
2026-01-07 11:00:47	INFO	AWT-EventQueue-0	Thread.getStackTrace(1559)	unregister slip, view id : 5224572
2026-01-07 11:00:47	INFO	AWT-EventQueue-0	Thread.getStackTrace(1559)	unregister slip progress, view id : 5224572
2026-01-07 11:00:47	INFO	pool-15-thread-14	Thread.getStackTrace(1559)	unregister slip, view id : 28616537
2026-01-07 11:00:47	INFO	pool-15-thread-22	Thread.getStackTrace(1559)	unregister slip, view id : 21666381
2026-01-07 11:00:47	INFO	pool-15-thread-14	Thread.getStackTrace(1559)	unregister slip progress, view id : 28616537
2026-01-07 11:00:47	INFO	pool-15-thread-22	Thread.getStackTrace(1559)	unregister slip progress, view id : 21666381
2026-01-07 11:00:47	INFO	AWT-EventQueue-0	Thread.getStackTrace(1559)	unregister slip, view id : 9335063
2026-01-07 11:00:47	INFO	AWT-EventQueue-0	Thread.getStackTrace(1559)	unregister slip progress, view id : 9335063
2026-01-07 11:00:47	INFO	pool-15-thread-12	Thread.getStackTrace(1559)	unregister slip, view id : 32881325
2026-01-07 11:00:47	INFO	pool-15-thread-14	Thread.getStackTrace(1559)	unregister slip, view id : 28609865
2026-01-07 11:00:47	INFO	pool-15-thread-15	Thread.getStackTrace(1559)	unregister slip, view id : 3120898
2026-01-07 11:00:47	INFO	pool-15-thread-12	Thread.getStackTrace(1559)	unregister slip progress, view id : 32881325
2026-01-07 11:00:47	INFO	pool-15-thread-14	Thread.getStackTrace(1559)	unregister slip progress, view id : 28609865
2026-01-07 11:00:47	INFO	pool-15-thread-15	Thread.getStackTrace(1559)	unregister slip progress, view id : 3120898
2026-01-07 11:00:47	INFO	AWT-EventQueue-0	Thread.getStackTrace(1559)	unregister slip, view id : 16675995
2026-01-07 11:00:47	INFO	AWT-EventQueue-0	Thread.getStackTrace(1559)	unregister slip progress, view id : 16675995
2026-01-07 11:00:47	INFO	pool-15-thread-22	Thread.getStackTrace(1559)	unregister slip, view id : 14523168
2026-01-07 11:00:47	INFO	pool-15-thread-22	Thread.getStackTrace(1559)	unregister slip progress, view id : 14523168
2026-01-07 11:00:47	INFO	pool-15-thread-15	Thread.getStackTrace(1559)	unregister slip, view id : 32653901
2026-01-07 11:00:47	INFO	pool-15-thread-14	Thread.getStackTrace(1559)	unregister slip, view id : 3984771
2026-01-07 11:00:47	INFO	pool-15-thread-15	Thread.getStackTrace(1559)	unregister slip progress, view id : 32653901
2026-01-07 11:00:47	INFO	pool-15-thread-14	Thread.getStackTrace(1559)	unregister slip progress, view id : 3984771
2026-01-07 12:13:37	INFO	AWT-EventQueue-0	Thread.getStackTrace(1559)	start slip view
2026-01-07 12:13:37	INFO	AWT-EventQueue-0	Thread.getStackTrace(1559)	create new SvTablePanel instance, view id :8821872
2026-01-07 12:13:37	INFO	AWT-EventQueue-0	Thread.getStackTrace(1559)	register slip progress, view id : 8821872
2026-01-07 12:13:37	INFO	SlipWinThread_com.huawei.u2000.ucbb.table.slip.SlipTableMsgService	Thread.getStackTrace(1559)	register slip , return result/ view id : 1 / 8821872
2026-01-07 12:14:25	INFO	SvTableMsgReceiver Thread-3580	Thread.getStackTrace(1559)	recieve message cmdcode:12639
2026-01-07 12:16:01	INFO	SvTableMsgReceiver Thread-3580	Thread.getStackTrace(1559)	recieve message cmdcode:12639
2026-01-07 12:20:29	INFO	AWT-EventQueue-0	Thread.getStackTrace(1559)	unregister slip, view id : 8821872
2026-01-07 12:20:29	INFO	AWT-EventQueue-0	Thread.getStackTrace(1559)	unregister slip progress, view id : 8821872
2026-01-07 12:23:26	INFO	AWT-EventQueue-0	Thread.getStackTrace(1559)	create new SvTablePanel instance, view id :18162896
2026-01-07 12:23:26	INFO	AWT-EventQueue-0	Thread.getStackTrace(1559)	register slip progress, view id : 18162896
2026-01-07 12:23:26	INFO	SlipWinThread_com.huawei.u2000.ucbb.table.slip.SlipTableMsgService	Thread.getStackTrace(1559)	register slip , return result/ view id : 1 / 18162896
2026-01-07 12:23:27	INFO	SvTableMsgReceiver Thread-9565	Thread.getStackTrace(1559)	recieve message cmdcode:12639
2026-01-07 12:29:46	INFO	AWT-EventQueue-0	Thread.getStackTrace(1559)	unregister slip, view id : 18162896
2026-01-07 12:29:46	INFO	AWT-EventQueue-0	Thread.getStackTrace(1559)	unregister slip progress, view id : 18162896
2026-01-07 12:33:34	INFO	AWT-EventQueue-0	Thread.getStackTrace(1559)	create new SvTablePanel instance, view id :395586
2026-01-07 12:33:34	INFO	AWT-EventQueue-0	Thread.getStackTrace(1559)	register slip progress, view id : 395586
2026-01-07 12:33:34	INFO	SlipWinThread_com.huawei.u2000.ucbb.table.slip.SlipTableMsgService	Thread.getStackTrace(1559)	register slip , return result/ view id : 1 / 395586
2026-01-08 05:08:59	INFO	AWT-EventQueue-0	Thread.getStackTrace(1559)	start slip view
2026-01-08 05:08:59	INFO	AWT-EventQueue-0	Thread.getStackTrace(1559)	create new SvTablePanel instance, view id :19454895
2026-01-08 05:08:59	INFO	AWT-EventQueue-0	Thread.getStackTrace(1559)	register slip progress, view id : 19454895
2026-01-08 05:08:59	INFO	SlipWinThread_com.huawei.u2000.pf.frame.ui.slipTable.SlipTableMsgService	Thread.getStackTrace(1559)	register slip , return result/ view id : 1 / 19454895
2026-01-08 05:09:01	INFO	SvTableMsgReceiver Thread-5557	Thread.getStackTrace(1559)	recieve message cmdcode:12639
2026-01-08 05:09:02	INFO	pool-15-thread-14	Thread.getStackTrace(1559)	unregister slip, view id : 19454895
2026-01-08 05:09:02	INFO	pool-15-thread-14	Thread.getStackTrace(1559)	unregister slip progress, view id : 19454895
2026-01-08 05:09:03	INFO	AWT-EventQueue-0	Thread.getStackTrace(1559)	create new SvTablePanel instance, view id :32244478
2026-01-08 05:09:03	INFO	AWT-EventQueue-0	Thread.getStackTrace(1559)	register slip progress, view id : 32244478
2026-01-08 05:09:03	INFO	SlipWinThread_com.huawei.u2000.pf.frame.ui.slipTable.SlipTableMsgService	Thread.getStackTrace(1559)	register slip , return result/ view id : 1 / 32244478
2026-01-08 05:09:04	INFO	SvTableMsgReceiver Thread-5991	Thread.getStackTrace(1559)	recieve message cmdcode:12639
2026-01-08 05:09:05	INFO	pool-15-thread-14	Thread.getStackTrace(1559)	unregister slip, view id : 32244478
2026-01-08 05:09:05	INFO	pool-15-thread-14	Thread.getStackTrace(1559)	unregister slip progress, view id : 32244478
2026-01-08 05:09:17	INFO	AWT-EventQueue-0	Thread.getStackTrace(1559)	create new SvTablePanel instance, view id :23050736
2026-01-08 05:09:17	INFO	AWT-EventQueue-0	Thread.getStackTrace(1559)	register slip progress, view id : 23050736
2026-01-08 05:09:17	INFO	SlipWinThread_com.huawei.u2000.ucbb.table.slip.SlipTableMsgService	Thread.getStackTrace(1559)	register slip , return result/ view id : 1 / 23050736
2026-01-08 05:11:49	INFO	AWT-EventQueue-0	Thread.getStackTrace(1559)	unregister slip, view id : 23050736
2026-01-08 05:11:49	INFO	AWT-EventQueue-0	Thread.getStackTrace(1559)	unregister slip progress, view id : 23050736
2026-01-08 05:21:41	INFO	AWT-EventQueue-0	Thread.getStackTrace(1559)	create new SvTablePanel instance, view id :8732700
2026-01-08 05:21:41	INFO	AWT-EventQueue-0	Thread.getStackTrace(1559)	register slip progress, view id : 8732700
2026-01-08 05:21:41	INFO	SlipWinThread_com.huawei.u2000.ucbb.table.slip.SlipTableMsgService	Thread.getStackTrace(1559)	register slip , return result/ view id : 1 / 8732700
2026-01-08 05:21:42	INFO	SvTableMsgReceiver Thread-21149	Thread.getStackTrace(1559)	recieve message cmdcode:12639
2026-01-08 05:23:19	INFO	SvTableMsgReceiver Thread-21149	Thread.getStackTrace(1559)	recieve message cmdcode:12639
2026-01-08 05:56:11	INFO	AWT-EventQueue-0	Thread.getStackTrace(1559)	create new SvTablePanel instance, view id :14996328
2026-01-08 05:56:11	INFO	AWT-EventQueue-0	Thread.getStackTrace(1559)	register slip progress, view id : 14996328
2026-01-08 05:56:11	INFO	SlipWinThread_com.huawei.u2000.pf.frame.ui.slipTable.SlipTableMsgService	Thread.getStackTrace(1559)	register slip , return result/ view id : 1 / 14996328
2026-01-08 05:56:12	INFO	SvTableMsgReceiver Thread-21149	Thread.getStackTrace(1559)	recieve message cmdcode:12639
2026-01-08 05:56:12	INFO	SvTableMsgReceiver Thread-40663	Thread.getStackTrace(1559)	recieve message cmdcode:12639
2026-01-08 05:56:30	INFO	pool-15-thread-9	Thread.getStackTrace(1559)	unregister slip, view id : 14996328
2026-01-08 05:56:30	INFO	pool-15-thread-9	Thread.getStackTrace(1559)	unregister slip progress, view id : 14996328
2026-01-08 05:56:31	INFO	AWT-EventQueue-0	Thread.getStackTrace(1559)	create new SvTablePanel instance, view id :25721170
2026-01-08 05:56:31	INFO	AWT-EventQueue-0	Thread.getStackTrace(1559)	register slip progress, view id : 25721170
2026-01-08 05:56:31	INFO	SlipWinThread_com.huawei.u2000.pf.frame.ui.slipTable.SlipTableMsgService	Thread.getStackTrace(1559)	register slip , return result/ view id : 1 / 25721170
2026-01-08 05:56:32	INFO	SvTableMsgReceiver Thread-21149	Thread.getStackTrace(1559)	recieve message cmdcode:12639
2026-01-08 05:56:32	INFO	SvTableMsgReceiver Thread-41309	Thread.getStackTrace(1559)	recieve message cmdcode:12639
2026-01-08 05:56:34	INFO	pool-15-thread-9	Thread.getStackTrace(1559)	unregister slip, view id : 25721170
2026-01-08 05:56:34	INFO	pool-15-thread-9	Thread.getStackTrace(1559)	unregister slip progress, view id : 25721170
2026-01-08 05:56:51	INFO	AWT-EventQueue-0	Thread.getStackTrace(1559)	create new SvTablePanel instance, view id :3524497
2026-01-08 05:56:51	INFO	AWT-EventQueue-0	Thread.getStackTrace(1559)	register slip progress, view id : 3524497
2026-01-08 05:56:51	INFO	SlipWinThread_com.huawei.u2000.ucbb.table.slip.SlipTableMsgService	Thread.getStackTrace(1559)	register slip , return result/ view id : 1 / 3524497
2026-01-08 05:59:19	INFO	SvTableMsgReceiver Thread-21149	Thread.getStackTrace(1559)	recieve message cmdcode:12639
2026-01-08 05:59:19	INFO	SvTableMsgReceiver Thread-42632	Thread.getStackTrace(1559)	recieve message cmdcode:12639
2026-01-08 05:59:32	INFO	AWT-EventQueue-0	Thread.getStackTrace(1559)	unregister slip, view id : 3524497
2026-01-08 05:59:32	INFO	AWT-EventQueue-0	Thread.getStackTrace(1559)	unregister slip progress, view id : 3524497
2026-01-08 05:59:33	INFO	SvTableMsgReceiver Thread-21149	Thread.getStackTrace(1559)	recieve message cmdcode:12639
2026-01-08 05:59:33	INFO	SvTableMsgReceiver Thread-21149	Thread.getStackTrace(1559)	can not find SvTablePanel : 3524497
2026-01-08 06:01:06	INFO	AWT-EventQueue-0	Thread.getStackTrace(1559)	create new SvTablePanel instance, view id :32129608
2026-01-08 06:01:06	INFO	AWT-EventQueue-0	Thread.getStackTrace(1559)	register slip progress, view id : 32129608
2026-01-08 06:01:06	INFO	SlipWinThread_com.huawei.u2000.ucbb.table.slip.SlipTableMsgService	Thread.getStackTrace(1559)	register slip , return result/ view id : 1 / 32129608
2026-01-08 06:01:07	INFO	SvTableMsgReceiver Thread-21149	Thread.getStackTrace(1559)	recieve message cmdcode:12639
2026-01-08 06:01:07	INFO	SvTableMsgReceiver Thread-48308	Thread.getStackTrace(1559)	recieve message cmdcode:12639
2026-01-08 06:01:57	INFO	AWT-EventQueue-0	Thread.getStackTrace(1559)	unregister slip, view id : 32129608
2026-01-08 06:01:57	INFO	AWT-EventQueue-0	Thread.getStackTrace(1559)	unregister slip progress, view id : 32129608
2026-01-08 06:01:57	INFO	AWT-EventQueue-0	Thread.getStackTrace(1559)	create new SvTablePanel instance, view id :4612080
2026-01-08 06:01:57	INFO	AWT-EventQueue-0	Thread.getStackTrace(1559)	register slip progress, view id : 4612080
2026-01-08 06:01:57	INFO	SlipWinThread_com.huawei.u2000.ucbb.table.slip.SlipTableMsgService	Thread.getStackTrace(1559)	register slip , return result/ view id : 1 / 4612080
2026-01-08 06:01:58	INFO	SvTableMsgReceiver Thread-21149	Thread.getStackTrace(1559)	recieve message cmdcode:12639
2026-01-08 06:01:58	INFO	SvTableMsgReceiver Thread-50658	Thread.getStackTrace(1559)	recieve message cmdcode:12639
2026-01-08 06:06:42	INFO	SvTableMsgReceiver Thread-21149	Thread.getStackTrace(1559)	recieve message cmdcode:12639
2026-01-08 06:06:42	INFO	SvTableMsgReceiver Thread-50658	Thread.getStackTrace(1559)	recieve message cmdcode:12639
2026-01-08 06:06:46	INFO	SvTableMsgReceiver Thread-21149	Thread.getStackTrace(1559)	recieve message cmdcode:12639
2026-01-08 06:06:46	INFO	SvTableMsgReceiver Thread-50658	Thread.getStackTrace(1559)	recieve message cmdcode:12639
2026-01-08 09:54:45	INFO	AWT-EventQueue-0	Thread.getStackTrace(1559)	start slip view
2026-01-08 09:54:45	INFO	AWT-EventQueue-0	Thread.getStackTrace(1559)	create new SvTablePanel instance, view id :5008197
2026-01-08 09:54:45	INFO	AWT-EventQueue-0	Thread.getStackTrace(1559)	register slip progress, view id : 5008197
2026-01-08 09:54:45	INFO	SlipWinThread_com.huawei.u2000.ucbb.table.slip.SlipTableMsgService	Thread.getStackTrace(1559)	register slip , return result/ view id : 1 / 5008197
2026-01-08 09:55:03	INFO	AWT-EventQueue-0	Thread.getStackTrace(1559)	unregister slip, view id : 5008197
2026-01-08 09:55:03	INFO	AWT-EventQueue-0	Thread.getStackTrace(1559)	unregister slip progress, view id : 5008197
2026-01-08 11:37:12	INFO	AWT-EventQueue-0	Thread.getStackTrace(1559)	start slip view
2026-01-08 11:37:12	INFO	AWT-EventQueue-0	Thread.getStackTrace(1559)	create new SvTablePanel instance, view id :12556843
2026-01-08 11:37:12	INFO	AWT-EventQueue-0	Thread.getStackTrace(1559)	register slip progress, view id : 12556843
2026-01-08 11:37:12	INFO	SlipWinThread_com.huawei.u2000.ucbb.table.slip.SlipTableMsgService	Thread.getStackTrace(1559)	register slip , return result/ view id : 1 / 12556843
2026-01-08 11:37:13	INFO	SvTableMsgReceiver Thread-3505	Thread.getStackTrace(1559)	recieve message cmdcode:12639
2026-01-08 11:37:22	INFO	AWT-EventQueue-0	Thread.getStackTrace(1559)	unregister slip, view id : 12556843
2026-01-08 11:37:22	INFO	AWT-EventQueue-0	Thread.getStackTrace(1559)	unregister slip progress, view id : 12556843
2026-01-09 10:14:55	INFO	AWT-EventQueue-0	Thread.getStackTrace(1559)	create new SvTablePanel instance, view id :27105531
2026-01-09 10:14:55	INFO	AWT-EventQueue-0	Thread.getStackTrace(1559)	register slip progress, view id : 27105531
2026-01-09 10:14:55	INFO	SlipWinThread_com.huawei.u2000.ucbb.table.slip.SlipTableMsgService	Thread.getStackTrace(1559)	register slip , return result/ view id : 1 / 27105531
2026-01-09 10:14:56	INFO	SvTableMsgReceiver Thread-123465	Thread.getStackTrace(1559)	recieve message cmdcode:12639
2026-01-09 10:19:10	INFO	SvTableMsgReceiver Thread-123465	Thread.getStackTrace(1559)	recieve message cmdcode:12639
2026-01-12 10:31:32	INFO	AWT-EventQueue-0	Thread.getStackTrace(1559)	start slip view
2026-01-12 10:31:32	INFO	AWT-EventQueue-0	Thread.getStackTrace(1559)	create new SvTablePanel instance, view id :17405969
2026-01-12 10:31:32	INFO	AWT-EventQueue-0	Thread.getStackTrace(1559)	register slip progress, view id : 17405969
2026-01-12 10:31:32	INFO	SlipWinThread_com.huawei.u2000.ucbb.table.slip.SlipTableMsgService	Thread.getStackTrace(1559)	register slip , return result/ view id : 1 / 17405969
2026-01-15 05:06:05	INFO	AWT-EventQueue-0	Thread.getStackTrace(1559)	start slip view
2026-01-15 05:06:05	INFO	AWT-EventQueue-0	Thread.getStackTrace(1559)	create new SvTablePanel instance, view id :2451499
2026-01-15 05:06:05	INFO	AWT-EventQueue-0	Thread.getStackTrace(1559)	register slip progress, view id : 2451499
2026-01-15 05:06:05	INFO	SlipWinThread_com.huawei.u2000.ucbb.table.slip.SlipTableMsgService	Thread.getStackTrace(1559)	register slip , return result/ view id : 1 / 2451499
2026-01-15 05:06:06	INFO	SvTableMsgReceiver Thread-14302	Thread.getStackTrace(1559)	recieve message cmdcode:12639
2026-01-15 05:10:19	INFO	AWT-EventQueue-0	Thread.getStackTrace(1559)	create new SvTablePanel instance, view id :24563039
2026-01-15 05:10:19	INFO	AWT-EventQueue-0	Thread.getStackTrace(1559)	register slip progress, view id : 24563039
2026-01-15 05:10:19	INFO	SlipWinThread_com.huawei.u2000.ucbb.table.slip.SlipTableMsgService	Thread.getStackTrace(1559)	register slip , return result/ view id : 1 / 24563039
2026-01-15 05:11:08	INFO	SvTableMsgReceiver Thread-14302	Thread.getStackTrace(1559)	recieve message cmdcode:12639
2026-01-15 05:11:08	INFO	SvTableMsgReceiver Thread-18881	Thread.getStackTrace(1559)	recieve message cmdcode:12639
2026-01-15 09:59:06	INFO	SvTableMsgReceiver Thread-14302	Thread.getStackTrace(1559)	recieve message cmdcode:12639
2026-01-15 09:59:06	INFO	SvTableMsgReceiver Thread-18881	Thread.getStackTrace(1559)	recieve message cmdcode:12639
2026-01-16 05:10:00	INFO	AWT-EventQueue-0	Thread.getStackTrace(1559)	unregister slip, view id : 24563039
2026-01-16 05:10:00	INFO	AWT-EventQueue-0	Thread.getStackTrace(1559)	unregister slip progress, view id : 24563039
2026-01-19 04:32:03	INFO	AWT-EventQueue-0	Thread.getStackTrace(1559)	start slip view
2026-01-19 04:32:03	INFO	AWT-EventQueue-0	Thread.getStackTrace(1559)	create new SvTablePanel instance, view id :10378091
2026-01-19 04:32:03	INFO	AWT-EventQueue-0	Thread.getStackTrace(1559)	register slip progress, view id : 10378091
2026-01-19 04:32:03	INFO	SlipWinThread_com.huawei.u2000.ucbb.table.slip.SlipTableMsgService	Thread.getStackTrace(1559)	register slip , return result/ view id : 1 / 10378091
2026-01-19 04:32:04	INFO	SvTableMsgReceiver Thread-91149	Thread.getStackTrace(1559)	recieve message cmdcode:12639
2026-01-19 04:32:36	INFO	AWT-EventQueue-0	Thread.getStackTrace(1559)	unregister slip, view id : 10378091
2026-01-19 04:32:36	INFO	AWT-EventQueue-0	Thread.getStackTrace(1559)	unregister slip progress, view id : 10378091
2026-01-19 04:32:36	INFO	AWT-EventQueue-0	Thread.getStackTrace(1559)	create new SvTablePanel instance, view id :18045470
2026-01-19 04:32:36	INFO	AWT-EventQueue-0	Thread.getStackTrace(1559)	register slip progress, view id : 18045470
2026-01-19 04:32:36	INFO	SlipWinThread_com.huawei.u2000.ucbb.table.slip.SlipTableMsgService	Thread.getStackTrace(1559)	register slip , return result/ view id : 1 / 18045470
2026-01-19 04:32:37	INFO	SvTableMsgReceiver Thread-94281	Thread.getStackTrace(1559)	recieve message cmdcode:12639
2026-01-19 04:32:39	INFO	AWT-EventQueue-0	Thread.getStackTrace(1559)	unregister slip, view id : 18045470
2026-01-19 04:32:39	INFO	AWT-EventQueue-0	Thread.getStackTrace(1559)	unregister slip progress, view id : 18045470
2026-01-19 09:41:13	INFO	AWT-EventQueue-0	Thread.getStackTrace(1559)	create new SvTablePanel instance, view id :10723477
2026-01-19 09:41:13	INFO	AWT-EventQueue-0	Thread.getStackTrace(1559)	register slip progress, view id : 10723477
2026-01-19 09:41:13	INFO	SlipWinThread_com.huawei.u2000.ucbb.table.slip.SlipTableMsgService	Thread.getStackTrace(1559)	register slip , return result/ view id : 1 / 10723477
2026-01-19 09:41:14	INFO	SvTableMsgReceiver Thread-166914	Thread.getStackTrace(1559)	recieve message cmdcode:12639
2026-01-19 09:50:06	INFO	SvTableMsgReceiver Thread-166914	Thread.getStackTrace(1559)	recieve message cmdcode:12639
2026-01-19 09:51:07	INFO	SvTableMsgReceiver Thread-166914	Thread.getStackTrace(1559)	recieve message cmdcode:12639
2026-01-19 09:54:35	INFO	SvTableMsgReceiver Thread-166914	Thread.getStackTrace(1559)	recieve message cmdcode:12639
2026-01-19 09:54:48	INFO	AWT-EventQueue-0	Thread.getStackTrace(1559)	create new SvTablePanel instance, view id :24785939
2026-01-19 09:54:48	INFO	AWT-EventQueue-0	Thread.getStackTrace(1559)	register slip progress, view id : 24785939
2026-01-19 09:54:48	INFO	SlipWinThread_com.huawei.u2000.ucbb.table.slip.SlipTableMsgService	Thread.getStackTrace(1559)	register slip , return result/ view id : 1 / 24785939
2026-01-19 10:19:55	INFO	AWT-EventQueue-0	Thread.getStackTrace(1559)	unregister slip, view id : 10723477
2026-01-19 10:19:55	INFO	AWT-EventQueue-0	Thread.getStackTrace(1559)	unregister slip progress, view id : 10723477
2026-01-20 08:13:31	INFO	AWT-EventQueue-0	Thread.getStackTrace(1559)	start slip view
2026-01-20 08:13:31	INFO	AWT-EventQueue-0	Thread.getStackTrace(1559)	create new SvTablePanel instance, view id :22597978
2026-01-20 08:13:31	INFO	AWT-EventQueue-0	Thread.getStackTrace(1559)	register slip progress, view id : 22597978
2026-01-20 08:13:31	INFO	SlipWinThread_com.huawei.u2000.ucbb.table.slip.SlipTableMsgService	Thread.getStackTrace(1559)	register slip , return result/ view id : 1 / 22597978
2026-01-20 08:13:32	INFO	SvTableMsgReceiver Thread-42957	Thread.getStackTrace(1559)	recieve message cmdcode:12639
2026-01-20 08:18:45	INFO	SvTableMsgReceiver Thread-42957	Thread.getStackTrace(1559)	recieve message cmdcode:12639
2026-01-20 08:19:06	INFO	AWT-EventQueue-0	Thread.getStackTrace(1559)	create new SvTablePanel instance, view id :13746802
2026-01-20 08:19:06	INFO	AWT-EventQueue-0	Thread.getStackTrace(1559)	register slip progress, view id : 13746802
2026-01-20 08:19:06	INFO	SlipWinThread_com.huawei.u2000.ucbb.table.slip.SlipTableMsgService	Thread.getStackTrace(1559)	register slip , return result/ view id : 1 / 13746802
2026-01-25 03:39:50	INFO	AWT-EventQueue-0	Thread.getStackTrace(1559)	start slip view
2026-01-25 03:39:50	INFO	AWT-EventQueue-0	Thread.getStackTrace(1559)	create new SvTablePanel instance, view id :1616616
2026-01-25 03:39:50	INFO	AWT-EventQueue-0	Thread.getStackTrace(1559)	register slip progress, view id : 1616616
2026-01-25 03:39:50	INFO	SlipWinThread_com.huawei.u2000.ucbb.table.slip.SlipTableMsgService	Thread.getStackTrace(1559)	register slip , return result/ view id : 1 / 1616616
2026-01-25 03:39:51	INFO	SvTableMsgReceiver Thread-17495	Thread.getStackTrace(1559)	recieve message cmdcode:12639
2026-01-25 03:53:35	INFO	AWT-EventQueue-0	Thread.getStackTrace(1559)	unregister slip, view id : 1616616
2026-01-25 03:53:35	INFO	AWT-EventQueue-0	Thread.getStackTrace(1559)	unregister slip progress, view id : 1616616
2026-01-25 16:13:52	INFO	AWT-EventQueue-0	Thread.getStackTrace(1559)	create new SvTablePanel instance, view id :33389421
2026-01-25 16:13:52	INFO	AWT-EventQueue-0	Thread.getStackTrace(1559)	create new SvTablePanel instance, view id :28103636
2026-01-25 16:13:52	INFO	AWT-EventQueue-0	Thread.getStackTrace(1559)	create new SvTablePanel instance, view id :23050713
2026-01-25 16:13:52	INFO	AWT-EventQueue-0	Thread.getStackTrace(1559)	create new SvTablePanel instance, view id :30545167
2026-01-25 16:13:52	INFO	AWT-EventQueue-0	Thread.getStackTrace(1559)	create new SvTablePanel instance, view id :28674330
2026-01-25 16:13:52	INFO	AWT-EventQueue-0	Thread.getStackTrace(1559)	create new SvTablePanel instance, view id :28164126
2026-01-25 16:13:52	INFO	AWT-EventQueue-0	Thread.getStackTrace(1559)	create new SvTablePanel instance, view id :14927703
2026-01-25 16:13:52	INFO	AWT-EventQueue-0	Thread.getStackTrace(1559)	register slip progress, view id : 33389421
2026-01-25 16:13:52	INFO	AWT-EventQueue-0	Thread.getStackTrace(1559)	register slip progress, view id : 23050713
2026-01-25 16:13:52	INFO	AWT-EventQueue-0	Thread.getStackTrace(1559)	register slip progress, view id : 28103636
2026-01-25 16:13:52	INFO	SlipWinThread_com.huawei.u2000.ucbb.table.slip.SlipTableMsgService	Thread.getStackTrace(1559)	register slip , return result/ view id : 1 / 33389421
2026-01-25 16:13:52	INFO	AWT-EventQueue-0	Thread.getStackTrace(1559)	register slip progress, view id : 30545167
2026-01-25 16:13:52	INFO	SlipWinThread_com.huawei.u2000.ucbb.table.slip.SlipTableMsgService	Thread.getStackTrace(1559)	register slip , return result/ view id : 1 / 23050713
2026-01-25 16:13:52	INFO	AWT-EventQueue-0	Thread.getStackTrace(1559)	register slip progress, view id : 28674330
2026-01-25 16:13:52	INFO	SlipWinThread_com.huawei.u2000.ucbb.table.slip.SlipTableMsgService	Thread.getStackTrace(1559)	register slip , return result/ view id : 1 / 28103636
2026-01-25 16:13:52	INFO	AWT-EventQueue-0	Thread.getStackTrace(1559)	register slip progress, view id : 28164126
2026-01-25 16:13:52	INFO	SlipWinThread_com.huawei.u2000.ucbb.table.slip.SlipTableMsgService	Thread.getStackTrace(1559)	register slip , return result/ view id : 1 / 30545167
2026-01-25 16:13:52	INFO	SlipWinThread_com.huawei.u2000.ucbb.table.slip.SlipTableMsgService	Thread.getStackTrace(1559)	register slip , return result/ view id : 1 / 28674330
2026-01-25 16:13:52	INFO	SlipWinThread_com.huawei.u2000.ucbb.table.slip.SlipTableMsgService	Thread.getStackTrace(1559)	register slip , return result/ view id : 1 / 28164126
2026-01-25 17:51:11	INFO	AWT-EventQueue-0	Thread.getStackTrace(1559)	create new SvTablePanel instance, view id :10404690
2026-01-25 17:51:11	INFO	AWT-EventQueue-0	Thread.getStackTrace(1559)	register slip progress, view id : 10404690
2026-01-25 17:51:11	INFO	SlipWinThread_com.huawei.u2000.ucbb.table.slip.SlipTableMsgService	Thread.getStackTrace(1559)	register slip , return result/ view id : 1 / 10404690
2026-01-25 17:51:12	INFO	SvTableMsgReceiver Thread-181622	Thread.getStackTrace(1559)	recieve message cmdcode:12639
2026-01-25 17:51:12	INFO	SvTableMsgReceiver Thread-181624	Thread.getStackTrace(1559)	recieve message cmdcode:12639
2026-01-25 17:51:12	INFO	SvTableMsgReceiver Thread-181626	Thread.getStackTrace(1559)	recieve message cmdcode:12639
2026-01-25 17:51:12	INFO	SvTableMsgReceiver Thread-181623	Thread.getStackTrace(1559)	recieve message cmdcode:12639
2026-01-25 17:51:12	INFO	SvTableMsgReceiver Thread-181625	Thread.getStackTrace(1559)	recieve message cmdcode:12639
2026-01-25 17:51:12	INFO	SvTableMsgReceiver Thread-198854	Thread.getStackTrace(1559)	recieve message cmdcode:12639
2026-01-25 17:51:12	INFO	SvTableMsgReceiver Thread-181627	Thread.getStackTrace(1559)	recieve message cmdcode:12639
2026-01-25 17:51:21	INFO	SvTableMsgReceiver Thread-181624	Thread.getStackTrace(1559)	recieve message cmdcode:12639
2026-01-25 17:51:21	INFO	SvTableMsgReceiver Thread-181623	Thread.getStackTrace(1559)	recieve message cmdcode:12639
2026-01-25 17:51:21	INFO	SvTableMsgReceiver Thread-198854	Thread.getStackTrace(1559)	recieve message cmdcode:12639
2026-01-25 17:51:21	INFO	SvTableMsgReceiver Thread-181627	Thread.getStackTrace(1559)	recieve message cmdcode:12639
2026-01-25 17:51:21	INFO	SvTableMsgReceiver Thread-181626	Thread.getStackTrace(1559)	recieve message cmdcode:12639
2026-01-25 17:51:21	INFO	SvTableMsgReceiver Thread-181625	Thread.getStackTrace(1559)	recieve message cmdcode:12639
2026-01-25 17:51:21	INFO	SvTableMsgReceiver Thread-181622	Thread.getStackTrace(1559)	recieve message cmdcode:12639
2026-01-25 17:51:43	INFO	SvTableMsgReceiver Thread-181622	Thread.getStackTrace(1559)	recieve message cmdcode:12639
2026-01-25 17:51:43	INFO	SvTableMsgReceiver Thread-181625	Thread.getStackTrace(1559)	recieve message cmdcode:12639
2026-01-25 17:51:43	INFO	SvTableMsgReceiver Thread-181623	Thread.getStackTrace(1559)	recieve message cmdcode:12639
2026-01-25 17:51:43	INFO	SvTableMsgReceiver Thread-181624	Thread.getStackTrace(1559)	recieve message cmdcode:12639
2026-01-25 17:51:43	INFO	SvTableMsgReceiver Thread-181627	Thread.getStackTrace(1559)	recieve message cmdcode:12639
2026-01-25 17:51:43	INFO	SvTableMsgReceiver Thread-198854	Thread.getStackTrace(1559)	recieve message cmdcode:12639
2026-01-25 17:51:43	INFO	SvTableMsgReceiver Thread-181626	Thread.getStackTrace(1559)	recieve message cmdcode:12639
2026-01-25 17:51:47	INFO	SvTableMsgReceiver Thread-181624	Thread.getStackTrace(1559)	recieve message cmdcode:12639
2026-01-25 17:51:47	INFO	SvTableMsgReceiver Thread-181623	Thread.getStackTrace(1559)	recieve message cmdcode:12639
2026-01-25 17:51:47	INFO	SvTableMsgReceiver Thread-198854	Thread.getStackTrace(1559)	recieve message cmdcode:12639
2026-01-25 17:51:47	INFO	SvTableMsgReceiver Thread-181622	Thread.getStackTrace(1559)	recieve message cmdcode:12639
2026-01-25 17:51:47	INFO	SvTableMsgReceiver Thread-181627	Thread.getStackTrace(1559)	recieve message cmdcode:12639
2026-01-25 17:51:47	INFO	SvTableMsgReceiver Thread-181626	Thread.getStackTrace(1559)	recieve message cmdcode:12639
2026-01-25 17:51:47	INFO	SvTableMsgReceiver Thread-181625	Thread.getStackTrace(1559)	recieve message cmdcode:12639
2026-01-25 17:51:51	INFO	SvTableMsgReceiver Thread-181624	Thread.getStackTrace(1559)	recieve message cmdcode:12639
2026-01-25 17:51:51	INFO	SvTableMsgReceiver Thread-181623	Thread.getStackTrace(1559)	recieve message cmdcode:12639
2026-01-25 17:51:51	INFO	SvTableMsgReceiver Thread-181627	Thread.getStackTrace(1559)	recieve message cmdcode:12639
2026-01-25 17:51:51	INFO	SvTableMsgReceiver Thread-181626	Thread.getStackTrace(1559)	recieve message cmdcode:12639
2026-01-25 17:51:51	INFO	SvTableMsgReceiver Thread-181625	Thread.getStackTrace(1559)	recieve message cmdcode:12639
2026-01-25 17:51:51	INFO	SvTableMsgReceiver Thread-181622	Thread.getStackTrace(1559)	recieve message cmdcode:12639
2026-01-25 17:51:51	INFO	SvTableMsgReceiver Thread-198854	Thread.getStackTrace(1559)	recieve message cmdcode:12639
2026-01-25 17:52:08	INFO	SvTableMsgReceiver Thread-181624	Thread.getStackTrace(1559)	recieve message cmdcode:12639
2026-01-25 17:52:08	INFO	SvTableMsgReceiver Thread-181623	Thread.getStackTrace(1559)	recieve message cmdcode:12639
2026-01-25 17:52:08	INFO	SvTableMsgReceiver Thread-198854	Thread.getStackTrace(1559)	recieve message cmdcode:12639
2026-01-25 17:52:08	INFO	SvTableMsgReceiver Thread-181627	Thread.getStackTrace(1559)	recieve message cmdcode:12639
2026-01-25 17:52:08	INFO	SvTableMsgReceiver Thread-181626	Thread.getStackTrace(1559)	recieve message cmdcode:12639
2026-01-25 17:52:08	INFO	SvTableMsgReceiver Thread-181625	Thread.getStackTrace(1559)	recieve message cmdcode:12639
2026-01-25 17:52:08	INFO	SvTableMsgReceiver Thread-181622	Thread.getStackTrace(1559)	recieve message cmdcode:12639
2026-01-25 17:52:14	INFO	SvTableMsgReceiver Thread-181622	Thread.getStackTrace(1559)	recieve message cmdcode:12639
2026-01-25 17:52:14	INFO	SvTableMsgReceiver Thread-181623	Thread.getStackTrace(1559)	recieve message cmdcode:12639
2026-01-25 17:52:14	INFO	SvTableMsgReceiver Thread-181624	Thread.getStackTrace(1559)	recieve message cmdcode:12639
2026-01-25 17:52:14	INFO	SvTableMsgReceiver Thread-181625	Thread.getStackTrace(1559)	recieve message cmdcode:12639
2026-01-25 17:52:14	INFO	SvTableMsgReceiver Thread-181626	Thread.getStackTrace(1559)	recieve message cmdcode:12639
2026-01-25 17:52:14	INFO	SvTableMsgReceiver Thread-181627	Thread.getStackTrace(1559)	recieve message cmdcode:12639
2026-01-25 17:52:14	INFO	SvTableMsgReceiver Thread-198854	Thread.getStackTrace(1559)	recieve message cmdcode:12639
2026-01-25 17:52:15	INFO	SvTableMsgReceiver Thread-181624	Thread.getStackTrace(1559)	recieve message cmdcode:12639
2026-01-25 17:52:15	INFO	SvTableMsgReceiver Thread-181626	Thread.getStackTrace(1559)	recieve message cmdcode:12639
2026-01-25 17:52:15	INFO	SvTableMsgReceiver Thread-198854	Thread.getStackTrace(1559)	recieve message cmdcode:12639
2026-01-25 17:52:15	INFO	SvTableMsgReceiver Thread-181627	Thread.getStackTrace(1559)	recieve message cmdcode:12639
2026-01-25 17:52:15	INFO	SvTableMsgReceiver Thread-181625	Thread.getStackTrace(1559)	recieve message cmdcode:12639
2026-01-25 17:52:15	INFO	SvTableMsgReceiver Thread-181623	Thread.getStackTrace(1559)	recieve message cmdcode:12639
2026-01-25 17:52:15	INFO	SvTableMsgReceiver Thread-181622	Thread.getStackTrace(1559)	recieve message cmdcode:12639
2026-01-25 17:52:19	INFO	SvTableMsgReceiver Thread-181622	Thread.getStackTrace(1559)	recieve message cmdcode:12639
2026-01-25 17:52:19	INFO	SvTableMsgReceiver Thread-181623	Thread.getStackTrace(1559)	recieve message cmdcode:12639
2026-01-25 17:52:19	INFO	SvTableMsgReceiver Thread-181627	Thread.getStackTrace(1559)	recieve message cmdcode:12639
2026-01-25 17:52:19	INFO	SvTableMsgReceiver Thread-181626	Thread.getStackTrace(1559)	recieve message cmdcode:12639
2026-01-25 17:52:19	INFO	SvTableMsgReceiver Thread-181625	Thread.getStackTrace(1559)	recieve message cmdcode:12639
2026-01-25 17:52:19	INFO	SvTableMsgReceiver Thread-181624	Thread.getStackTrace(1559)	recieve message cmdcode:12639
2026-01-25 17:52:19	INFO	SvTableMsgReceiver Thread-198854	Thread.getStackTrace(1559)	recieve message cmdcode:12639
2026-01-25 17:52:57	INFO	SvTableMsgReceiver Thread-181624	Thread.getStackTrace(1559)	recieve message cmdcode:12639
2026-01-25 17:52:57	INFO	SvTableMsgReceiver Thread-181623	Thread.getStackTrace(1559)	recieve message cmdcode:12639
2026-01-25 17:52:57	INFO	SvTableMsgReceiver Thread-198854	Thread.getStackTrace(1559)	recieve message cmdcode:12639
2026-01-25 17:52:57	INFO	SvTableMsgReceiver Thread-181622	Thread.getStackTrace(1559)	recieve message cmdcode:12639
2026-01-25 17:52:57	INFO	SvTableMsgReceiver Thread-181626	Thread.getStackTrace(1559)	recieve message cmdcode:12639
2026-01-25 17:52:57	INFO	SvTableMsgReceiver Thread-181627	Thread.getStackTrace(1559)	recieve message cmdcode:12639
2026-01-25 17:52:57	INFO	SvTableMsgReceiver Thread-181625	Thread.getStackTrace(1559)	recieve message cmdcode:12639
2026-01-25 17:53:01	INFO	SvTableMsgReceiver Thread-181622	Thread.getStackTrace(1559)	recieve message cmdcode:12639
2026-01-25 17:53:01	INFO	SvTableMsgReceiver Thread-181624	Thread.getStackTrace(1559)	recieve message cmdcode:12639
2026-01-25 17:53:01	INFO	SvTableMsgReceiver Thread-181623	Thread.getStackTrace(1559)	recieve message cmdcode:12639
2026-01-25 17:53:01	INFO	SvTableMsgReceiver Thread-198854	Thread.getStackTrace(1559)	recieve message cmdcode:12639
2026-01-25 17:53:01	INFO	SvTableMsgReceiver Thread-181627	Thread.getStackTrace(1559)	recieve message cmdcode:12639
2026-01-25 17:53:01	INFO	SvTableMsgReceiver Thread-181626	Thread.getStackTrace(1559)	recieve message cmdcode:12639
2026-01-25 17:53:01	INFO	SvTableMsgReceiver Thread-181625	Thread.getStackTrace(1559)	recieve message cmdcode:12639
2026-01-25 17:53:04	INFO	SvTableMsgReceiver Thread-181622	Thread.getStackTrace(1559)	recieve message cmdcode:12639
2026-01-25 17:53:04	INFO	SvTableMsgReceiver Thread-181623	Thread.getStackTrace(1559)	recieve message cmdcode:12639
2026-01-25 17:53:04	INFO	SvTableMsgReceiver Thread-198854	Thread.getStackTrace(1559)	recieve message cmdcode:12639
2026-01-25 17:53:04	INFO	SvTableMsgReceiver Thread-181627	Thread.getStackTrace(1559)	recieve message cmdcode:12639
2026-01-25 17:53:04	INFO	SvTableMsgReceiver Thread-181626	Thread.getStackTrace(1559)	recieve message cmdcode:12639
2026-01-25 17:53:04	INFO	SvTableMsgReceiver Thread-181625	Thread.getStackTrace(1559)	recieve message cmdcode:12639
2026-01-25 17:53:04	INFO	SvTableMsgReceiver Thread-181624	Thread.getStackTrace(1559)	recieve message cmdcode:12639
2026-01-25 17:53:08	INFO	SvTableMsgReceiver Thread-181622	Thread.getStackTrace(1559)	recieve message cmdcode:12639
2026-01-25 17:53:08	INFO	SvTableMsgReceiver Thread-181623	Thread.getStackTrace(1559)	recieve message cmdcode:12639
2026-01-25 17:53:08	INFO	SvTableMsgReceiver Thread-198854	Thread.getStackTrace(1559)	recieve message cmdcode:12639
2026-01-25 17:53:08	INFO	SvTableMsgReceiver Thread-181627	Thread.getStackTrace(1559)	recieve message cmdcode:12639
2026-01-25 17:53:08	INFO	SvTableMsgReceiver Thread-181625	Thread.getStackTrace(1559)	recieve message cmdcode:12639
2026-01-25 17:53:08	INFO	SvTableMsgReceiver Thread-181626	Thread.getStackTrace(1559)	recieve message cmdcode:12639
2026-01-25 17:53:08	INFO	SvTableMsgReceiver Thread-181624	Thread.getStackTrace(1559)	recieve message cmdcode:12639
2026-01-25 17:53:13	INFO	SvTableMsgReceiver Thread-181622	Thread.getStackTrace(1559)	recieve message cmdcode:12639
2026-01-25 17:53:13	INFO	SvTableMsgReceiver Thread-181624	Thread.getStackTrace(1559)	recieve message cmdcode:12639
2026-01-25 17:53:13	INFO	SvTableMsgReceiver Thread-198854	Thread.getStackTrace(1559)	recieve message cmdcode:12639
2026-01-25 17:53:13	INFO	SvTableMsgReceiver Thread-181626	Thread.getStackTrace(1559)	recieve message cmdcode:12639
2026-01-25 17:53:13	INFO	SvTableMsgReceiver Thread-181627	Thread.getStackTrace(1559)	recieve message cmdcode:12639
2026-01-25 17:53:13	INFO	SvTableMsgReceiver Thread-181623	Thread.getStackTrace(1559)	recieve message cmdcode:12639
2026-01-25 17:53:13	INFO	SvTableMsgReceiver Thread-181625	Thread.getStackTrace(1559)	recieve message cmdcode:12639
2026-01-25 17:53:17	INFO	SvTableMsgReceiver Thread-181622	Thread.getStackTrace(1559)	recieve message cmdcode:12639
2026-01-25 17:53:17	INFO	SvTableMsgReceiver Thread-181624	Thread.getStackTrace(1559)	recieve message cmdcode:12639
2026-01-25 17:53:17	INFO	SvTableMsgReceiver Thread-198854	Thread.getStackTrace(1559)	recieve message cmdcode:12639
2026-01-25 17:53:17	INFO	SvTableMsgReceiver Thread-181627	Thread.getStackTrace(1559)	recieve message cmdcode:12639
2026-01-25 17:53:17	INFO	SvTableMsgReceiver Thread-181625	Thread.getStackTrace(1559)	recieve message cmdcode:12639
2026-01-25 17:53:17	INFO	SvTableMsgReceiver Thread-181626	Thread.getStackTrace(1559)	recieve message cmdcode:12639
2026-01-25 17:53:17	INFO	SvTableMsgReceiver Thread-181623	Thread.getStackTrace(1559)	recieve message cmdcode:12639
2026-01-25 17:53:21	INFO	SvTableMsgReceiver Thread-181622	Thread.getStackTrace(1559)	recieve message cmdcode:12639
2026-01-25 17:53:21	INFO	SvTableMsgReceiver Thread-181624	Thread.getStackTrace(1559)	recieve message cmdcode:12639
2026-01-25 17:53:21	INFO	SvTableMsgReceiver Thread-181623	Thread.getStackTrace(1559)	recieve message cmdcode:12639
2026-01-25 17:53:21	INFO	SvTableMsgReceiver Thread-198854	Thread.getStackTrace(1559)	recieve message cmdcode:12639
2026-01-25 17:53:21	INFO	SvTableMsgReceiver Thread-181626	Thread.getStackTrace(1559)	recieve message cmdcode:12639
2026-01-25 17:53:21	INFO	SvTableMsgReceiver Thread-181627	Thread.getStackTrace(1559)	recieve message cmdcode:12639
2026-01-25 17:53:21	INFO	SvTableMsgReceiver Thread-181625	Thread.getStackTrace(1559)	recieve message cmdcode:12639
2026-01-25 17:53:29	INFO	SvTableMsgReceiver Thread-181622	Thread.getStackTrace(1559)	recieve message cmdcode:12639
2026-01-25 17:53:29	INFO	SvTableMsgReceiver Thread-181623	Thread.getStackTrace(1559)	recieve message cmdcode:12639
2026-01-25 17:53:29	INFO	SvTableMsgReceiver Thread-198854	Thread.getStackTrace(1559)	recieve message cmdcode:12639
2026-01-25 17:53:29	INFO	SvTableMsgReceiver Thread-181627	Thread.getStackTrace(1559)	recieve message cmdcode:12639
2026-01-25 17:53:29	INFO	SvTableMsgReceiver Thread-181626	Thread.getStackTrace(1559)	recieve message cmdcode:12639
2026-01-25 17:53:29	INFO	SvTableMsgReceiver Thread-181625	Thread.getStackTrace(1559)	recieve message cmdcode:12639
2026-01-25 17:53:29	INFO	SvTableMsgReceiver Thread-181624	Thread.getStackTrace(1559)	recieve message cmdcode:12639
2026-01-25 17:53:35	INFO	SvTableMsgReceiver Thread-181624	Thread.getStackTrace(1559)	recieve message cmdcode:12639
2026-01-25 17:53:35	INFO	SvTableMsgReceiver Thread-181622	Thread.getStackTrace(1559)	recieve message cmdcode:12639
2026-01-25 17:53:35	INFO	SvTableMsgReceiver Thread-198854	Thread.getStackTrace(1559)	recieve message cmdcode:12639
2026-01-25 17:53:35	INFO	SvTableMsgReceiver Thread-181627	Thread.getStackTrace(1559)	recieve message cmdcode:12639
2026-01-25 17:53:35	INFO	SvTableMsgReceiver Thread-181626	Thread.getStackTrace(1559)	recieve message cmdcode:12639
2026-01-25 17:53:35	INFO	SvTableMsgReceiver Thread-181623	Thread.getStackTrace(1559)	recieve message cmdcode:12639
2026-01-25 17:53:35	INFO	SvTableMsgReceiver Thread-181625	Thread.getStackTrace(1559)	recieve message cmdcode:12639
2026-01-25 17:53:37	INFO	SvTableMsgReceiver Thread-181624	Thread.getStackTrace(1559)	recieve message cmdcode:12639
2026-01-25 17:53:37	INFO	SvTableMsgReceiver Thread-181623	Thread.getStackTrace(1559)	recieve message cmdcode:12639
2026-01-25 17:53:37	INFO	SvTableMsgReceiver Thread-198854	Thread.getStackTrace(1559)	recieve message cmdcode:12639
2026-01-25 17:53:37	INFO	SvTableMsgReceiver Thread-181627	Thread.getStackTrace(1559)	recieve message cmdcode:12639
2026-01-25 17:53:37	INFO	SvTableMsgReceiver Thread-181625	Thread.getStackTrace(1559)	recieve message cmdcode:12639
2026-01-25 17:53:37	INFO	SvTableMsgReceiver Thread-181626	Thread.getStackTrace(1559)	recieve message cmdcode:12639
2026-01-25 17:53:37	INFO	SvTableMsgReceiver Thread-181622	Thread.getStackTrace(1559)	recieve message cmdcode:12639
2026-01-25 17:53:46	INFO	SvTableMsgReceiver Thread-181622	Thread.getStackTrace(1559)	recieve message cmdcode:12639
2026-01-25 17:53:46	INFO	SvTableMsgReceiver Thread-181627	Thread.getStackTrace(1559)	recieve message cmdcode:12639
2026-01-25 17:53:46	INFO	SvTableMsgReceiver Thread-181626	Thread.getStackTrace(1559)	recieve message cmdcode:12639
2026-01-25 17:53:46	INFO	SvTableMsgReceiver Thread-181625	Thread.getStackTrace(1559)	recieve message cmdcode:12639
2026-01-25 17:53:46	INFO	SvTableMsgReceiver Thread-181623	Thread.getStackTrace(1559)	recieve message cmdcode:12639
2026-01-25 17:53:46	INFO	SvTableMsgReceiver Thread-181624	Thread.getStackTrace(1559)	recieve message cmdcode:12639
2026-01-25 17:53:46	INFO	SvTableMsgReceiver Thread-198854	Thread.getStackTrace(1559)	recieve message cmdcode:12639
2026-01-25 17:54:10	INFO	SvTableMsgReceiver Thread-181624	Thread.getStackTrace(1559)	recieve message cmdcode:12639
2026-01-25 17:54:10	INFO	SvTableMsgReceiver Thread-198854	Thread.getStackTrace(1559)	recieve message cmdcode:12639
2026-01-25 17:54:10	INFO	SvTableMsgReceiver Thread-181627	Thread.getStackTrace(1559)	recieve message cmdcode:12639
2026-01-25 17:54:10	INFO	SvTableMsgReceiver Thread-181626	Thread.getStackTrace(1559)	recieve message cmdcode:12639
2026-01-25 17:54:10	INFO	SvTableMsgReceiver Thread-181625	Thread.getStackTrace(1559)	recieve message cmdcode:12639
2026-01-25 17:54:10	INFO	SvTableMsgReceiver Thread-181623	Thread.getStackTrace(1559)	recieve message cmdcode:12639
2026-01-25 17:54:10	INFO	SvTableMsgReceiver Thread-181622	Thread.getStackTrace(1559)	recieve message cmdcode:12639
2026-01-25 17:54:19	INFO	SvTableMsgReceiver Thread-181622	Thread.getStackTrace(1559)	recieve message cmdcode:12639
2026-01-25 17:54:19	INFO	SvTableMsgReceiver Thread-198854	Thread.getStackTrace(1559)	recieve message cmdcode:12639
2026-01-25 17:54:19	INFO	SvTableMsgReceiver Thread-181627	Thread.getStackTrace(1559)	recieve message cmdcode:12639
2026-01-25 17:54:19	INFO	SvTableMsgReceiver Thread-181626	Thread.getStackTrace(1559)	recieve message cmdcode:12639
2026-01-25 17:54:19	INFO	SvTableMsgReceiver Thread-181625	Thread.getStackTrace(1559)	recieve message cmdcode:12639
2026-01-25 17:54:19	INFO	SvTableMsgReceiver Thread-181623	Thread.getStackTrace(1559)	recieve message cmdcode:12639
2026-01-25 17:54:19	INFO	SvTableMsgReceiver Thread-181624	Thread.getStackTrace(1559)	recieve message cmdcode:12639
2026-01-25 17:54:24	INFO	SvTableMsgReceiver Thread-181622	Thread.getStackTrace(1559)	recieve message cmdcode:12639
2026-01-25 17:54:24	INFO	SvTableMsgReceiver Thread-181623	Thread.getStackTrace(1559)	recieve message cmdcode:12639
2026-01-25 17:54:24	INFO	SvTableMsgReceiver Thread-198854	Thread.getStackTrace(1559)	recieve message cmdcode:12639
2026-01-25 17:54:24	INFO	SvTableMsgReceiver Thread-181627	Thread.getStackTrace(1559)	recieve message cmdcode:12639
2026-01-25 17:54:24	INFO	SvTableMsgReceiver Thread-181626	Thread.getStackTrace(1559)	recieve message cmdcode:12639
2026-01-25 17:54:24	INFO	SvTableMsgReceiver Thread-181625	Thread.getStackTrace(1559)	recieve message cmdcode:12639
2026-01-25 17:54:24	INFO	SvTableMsgReceiver Thread-181624	Thread.getStackTrace(1559)	recieve message cmdcode:12639
2026-01-25 17:54:25	INFO	SvTableMsgReceiver Thread-181624	Thread.getStackTrace(1559)	recieve message cmdcode:12639
2026-01-25 17:54:25	INFO	SvTableMsgReceiver Thread-181623	Thread.getStackTrace(1559)	recieve message cmdcode:12639
2026-01-25 17:54:25	INFO	SvTableMsgReceiver Thread-198854	Thread.getStackTrace(1559)	recieve message cmdcode:12639
2026-01-25 17:54:25	INFO	SvTableMsgReceiver Thread-181627	Thread.getStackTrace(1559)	recieve message cmdcode:12639
2026-01-25 17:54:25	INFO	SvTableMsgReceiver Thread-181626	Thread.getStackTrace(1559)	recieve message cmdcode:12639
2026-01-25 17:54:25	INFO	SvTableMsgReceiver Thread-181625	Thread.getStackTrace(1559)	recieve message cmdcode:12639
2026-01-25 17:54:25	INFO	SvTableMsgReceiver Thread-181622	Thread.getStackTrace(1559)	recieve message cmdcode:12639
2026-01-25 17:54:34	INFO	SvTableMsgReceiver Thread-181624	Thread.getStackTrace(1559)	recieve message cmdcode:12639
2026-01-25 17:54:34	INFO	SvTableMsgReceiver Thread-181623	Thread.getStackTrace(1559)	recieve message cmdcode:12639
2026-01-25 17:54:34	INFO	SvTableMsgReceiver Thread-198854	Thread.getStackTrace(1559)	recieve message cmdcode:12639
2026-01-25 17:54:34	INFO	SvTableMsgReceiver Thread-181627	Thread.getStackTrace(1559)	recieve message cmdcode:12639
2026-01-25 17:54:34	INFO	SvTableMsgReceiver Thread-181626	Thread.getStackTrace(1559)	recieve message cmdcode:12639
2026-01-25 17:54:34	INFO	SvTableMsgReceiver Thread-181625	Thread.getStackTrace(1559)	recieve message cmdcode:12639
2026-01-25 17:54:34	INFO	SvTableMsgReceiver Thread-181622	Thread.getStackTrace(1559)	recieve message cmdcode:12639
2026-01-25 17:54:39	INFO	SvTableMsgReceiver Thread-181622	Thread.getStackTrace(1559)	recieve message cmdcode:12639
2026-01-25 17:54:39	INFO	SvTableMsgReceiver Thread-181623	Thread.getStackTrace(1559)	recieve message cmdcode:12639
2026-01-25 17:54:39	INFO	SvTableMsgReceiver Thread-181624	Thread.getStackTrace(1559)	recieve message cmdcode:12639
2026-01-25 17:54:39	INFO	SvTableMsgReceiver Thread-198854	Thread.getStackTrace(1559)	recieve message cmdcode:12639
2026-01-25 17:54:39	INFO	SvTableMsgReceiver Thread-181627	Thread.getStackTrace(1559)	recieve message cmdcode:12639
2026-01-25 17:54:39	INFO	SvTableMsgReceiver Thread-181626	Thread.getStackTrace(1559)	recieve message cmdcode:12639
2026-01-25 17:54:39	INFO	SvTableMsgReceiver Thread-181625	Thread.getStackTrace(1559)	recieve message cmdcode:12639
2026-01-25 17:54:43	INFO	SvTableMsgReceiver Thread-181622	Thread.getStackTrace(1559)	recieve message cmdcode:12639
2026-01-25 17:54:43	INFO	SvTableMsgReceiver Thread-181624	Thread.getStackTrace(1559)	recieve message cmdcode:12639
2026-01-25 17:54:43	INFO	SvTableMsgReceiver Thread-181623	Thread.getStackTrace(1559)	recieve message cmdcode:12639
2026-01-25 17:54:43	INFO	SvTableMsgReceiver Thread-198854	Thread.getStackTrace(1559)	recieve message cmdcode:12639
2026-01-25 17:54:43	INFO	SvTableMsgReceiver Thread-181627	Thread.getStackTrace(1559)	recieve message cmdcode:12639
2026-01-25 17:54:43	INFO	SvTableMsgReceiver Thread-181626	Thread.getStackTrace(1559)	recieve message cmdcode:12639
2026-01-25 17:54:43	INFO	SvTableMsgReceiver Thread-181625	Thread.getStackTrace(1559)	recieve message cmdcode:12639
2026-01-25 17:54:48	INFO	SvTableMsgReceiver Thread-181622	Thread.getStackTrace(1559)	recieve message cmdcode:12639
2026-01-25 17:54:48	INFO	SvTableMsgReceiver Thread-181623	Thread.getStackTrace(1559)	recieve message cmdcode:12639
2026-01-25 17:54:48	INFO	SvTableMsgReceiver Thread-198854	Thread.getStackTrace(1559)	recieve message cmdcode:12639
2026-01-25 17:54:48	INFO	SvTableMsgReceiver Thread-181627	Thread.getStackTrace(1559)	recieve message cmdcode:12639
2026-01-25 17:54:48	INFO	SvTableMsgReceiver Thread-181626	Thread.getStackTrace(1559)	recieve message cmdcode:12639
2026-01-25 17:54:48	INFO	SvTableMsgReceiver Thread-181625	Thread.getStackTrace(1559)	recieve message cmdcode:12639
2026-01-25 17:54:48	INFO	SvTableMsgReceiver Thread-181624	Thread.getStackTrace(1559)	recieve message cmdcode:12639
2026-01-25 17:54:53	INFO	SvTableMsgReceiver Thread-181622	Thread.getStackTrace(1559)	recieve message cmdcode:12639
2026-01-25 17:54:53	INFO	SvTableMsgReceiver Thread-181624	Thread.getStackTrace(1559)	recieve message cmdcode:12639
2026-01-25 17:54:53	INFO	SvTableMsgReceiver Thread-181623	Thread.getStackTrace(1559)	recieve message cmdcode:12639
2026-01-25 17:54:53	INFO	SvTableMsgReceiver Thread-198854	Thread.getStackTrace(1559)	recieve message cmdcode:12639
2026-01-25 17:54:53	INFO	SvTableMsgReceiver Thread-181627	Thread.getStackTrace(1559)	recieve message cmdcode:12639
2026-01-25 17:54:53	INFO	SvTableMsgReceiver Thread-181626	Thread.getStackTrace(1559)	recieve message cmdcode:12639
2026-01-25 17:54:53	INFO	SvTableMsgReceiver Thread-181625	Thread.getStackTrace(1559)	recieve message cmdcode:12639
2026-01-25 17:55:19	INFO	SvTableMsgReceiver Thread-181622	Thread.getStackTrace(1559)	recieve message cmdcode:12639
2026-01-25 17:55:19	INFO	SvTableMsgReceiver Thread-181624	Thread.getStackTrace(1559)	recieve message cmdcode:12639
2026-01-25 17:55:19	INFO	SvTableMsgReceiver Thread-181627	Thread.getStackTrace(1559)	recieve message cmdcode:12639
2026-01-25 17:55:19	INFO	SvTableMsgReceiver Thread-198854	Thread.getStackTrace(1559)	recieve message cmdcode:12639
2026-01-25 17:55:19	INFO	SvTableMsgReceiver Thread-181625	Thread.getStackTrace(1559)	recieve message cmdcode:12639
2026-01-25 17:55:19	INFO	SvTableMsgReceiver Thread-181623	Thread.getStackTrace(1559)	recieve message cmdcode:12639
2026-01-25 17:55:19	INFO	SvTableMsgReceiver Thread-181626	Thread.getStackTrace(1559)	recieve message cmdcode:12639
2026-01-25 17:56:46	INFO	AWT-EventQueue-0	Thread.getStackTrace(1559)	create new SvTablePanel instance, view id :24010487
2026-01-25 17:56:46	INFO	AWT-EventQueue-0	Thread.getStackTrace(1559)	register slip progress, view id : 24010487
2026-01-25 17:56:46	INFO	SlipWinThread_com.huawei.u2000.ucbb.table.slip.SlipTableMsgService	Thread.getStackTrace(1559)	register slip , return result/ view id : 1 / 24010487
2026-01-25 17:56:50	INFO	SvTableMsgReceiver Thread-181622	Thread.getStackTrace(1559)	recieve message cmdcode:12639
2026-01-25 17:56:50	INFO	SvTableMsgReceiver Thread-181624	Thread.getStackTrace(1559)	recieve message cmdcode:12639
2026-01-25 17:56:50	INFO	SvTableMsgReceiver Thread-181625	Thread.getStackTrace(1559)	recieve message cmdcode:12639
2026-01-25 17:56:50	INFO	SvTableMsgReceiver Thread-198854	Thread.getStackTrace(1559)	recieve message cmdcode:12639
2026-01-25 17:56:50	INFO	SvTableMsgReceiver Thread-181623	Thread.getStackTrace(1559)	recieve message cmdcode:12639
2026-01-25 17:56:50	INFO	SvTableMsgReceiver Thread-181626	Thread.getStackTrace(1559)	recieve message cmdcode:12639
2026-01-25 17:56:50	INFO	SvTableMsgReceiver Thread-181627	Thread.getStackTrace(1559)	recieve message cmdcode:12639
2026-01-25 17:56:50	INFO	SvTableMsgReceiver Thread-215742	Thread.getStackTrace(1559)	recieve message cmdcode:12639
2026-01-25 17:56:56	INFO	SvTableMsgReceiver Thread-181622	Thread.getStackTrace(1559)	recieve message cmdcode:12639
2026-01-25 17:56:56	INFO	SvTableMsgReceiver Thread-181623	Thread.getStackTrace(1559)	recieve message cmdcode:12639
2026-01-25 17:56:56	INFO	SvTableMsgReceiver Thread-181626	Thread.getStackTrace(1559)	recieve message cmdcode:12639
2026-01-25 17:56:56	INFO	SvTableMsgReceiver Thread-181627	Thread.getStackTrace(1559)	recieve message cmdcode:12639
2026-01-25 17:56:56	INFO	SvTableMsgReceiver Thread-181624	Thread.getStackTrace(1559)	recieve message cmdcode:12639
2026-01-25 17:56:56	INFO	SvTableMsgReceiver Thread-215742	Thread.getStackTrace(1559)	recieve message cmdcode:12639
2026-01-25 17:56:56	INFO	SvTableMsgReceiver Thread-198854	Thread.getStackTrace(1559)	recieve message cmdcode:12639
2026-01-25 17:56:56	INFO	SvTableMsgReceiver Thread-181625	Thread.getStackTrace(1559)	recieve message cmdcode:12639
2026-01-25 17:57:47	INFO	SvTableMsgReceiver Thread-181624	Thread.getStackTrace(1559)	recieve message cmdcode:12639
2026-01-25 17:57:47	INFO	SvTableMsgReceiver Thread-198854	Thread.getStackTrace(1559)	recieve message cmdcode:12639
2026-01-25 17:57:47	INFO	SvTableMsgReceiver Thread-215742	Thread.getStackTrace(1559)	recieve message cmdcode:12639
2026-01-25 17:57:47	INFO	SvTableMsgReceiver Thread-181627	Thread.getStackTrace(1559)	recieve message cmdcode:12639
2026-01-25 17:57:47	INFO	SvTableMsgReceiver Thread-181626	Thread.getStackTrace(1559)	recieve message cmdcode:12639
2026-01-25 17:57:47	INFO	SvTableMsgReceiver Thread-181625	Thread.getStackTrace(1559)	recieve message cmdcode:12639
2026-01-25 17:57:47	INFO	SvTableMsgReceiver Thread-181623	Thread.getStackTrace(1559)	recieve message cmdcode:12639
2026-01-25 17:57:47	INFO	SvTableMsgReceiver Thread-181622	Thread.getStackTrace(1559)	recieve message cmdcode:12639
2026-01-25 17:57:50	INFO	SvTableMsgReceiver Thread-181622	Thread.getStackTrace(1559)	recieve message cmdcode:12639
2026-01-25 17:57:50	INFO	SvTableMsgReceiver Thread-181624	Thread.getStackTrace(1559)	recieve message cmdcode:12639
2026-01-25 17:57:50	INFO	SvTableMsgReceiver Thread-181623	Thread.getStackTrace(1559)	recieve message cmdcode:12639
2026-01-25 17:57:50	INFO	SvTableMsgReceiver Thread-181626	Thread.getStackTrace(1559)	recieve message cmdcode:12639
2026-01-25 17:57:50	INFO	SvTableMsgReceiver Thread-215742	Thread.getStackTrace(1559)	recieve message cmdcode:12639
2026-01-25 17:57:50	INFO	SvTableMsgReceiver Thread-198854	Thread.getStackTrace(1559)	recieve message cmdcode:12639
2026-01-25 17:57:50	INFO	SvTableMsgReceiver Thread-181627	Thread.getStackTrace(1559)	recieve message cmdcode:12639
2026-01-25 17:57:50	INFO	SvTableMsgReceiver Thread-181625	Thread.getStackTrace(1559)	recieve message cmdcode:12639
2026-01-25 17:58:27	INFO	SvTableMsgReceiver Thread-181624	Thread.getStackTrace(1559)	recieve message cmdcode:12639
2026-01-25 17:58:27	INFO	SvTableMsgReceiver Thread-181623	Thread.getStackTrace(1559)	recieve message cmdcode:12639
2026-01-25 17:58:27	INFO	SvTableMsgReceiver Thread-215742	Thread.getStackTrace(1559)	recieve message cmdcode:12639
2026-01-25 17:58:27	INFO	SvTableMsgReceiver Thread-198854	Thread.getStackTrace(1559)	recieve message cmdcode:12639
2026-01-25 17:58:27	INFO	SvTableMsgReceiver Thread-181627	Thread.getStackTrace(1559)	recieve message cmdcode:12639
2026-01-25 17:58:27	INFO	SvTableMsgReceiver Thread-181626	Thread.getStackTrace(1559)	recieve message cmdcode:12639
2026-01-25 17:58:27	INFO	SvTableMsgReceiver Thread-181625	Thread.getStackTrace(1559)	recieve message cmdcode:12639
2026-01-25 17:58:27	INFO	SvTableMsgReceiver Thread-181622	Thread.getStackTrace(1559)	recieve message cmdcode:12639
2026-01-25 17:58:30	INFO	SvTableMsgReceiver Thread-181622	Thread.getStackTrace(1559)	recieve message cmdcode:12639
2026-01-25 17:58:30	INFO	SvTableMsgReceiver Thread-181623	Thread.getStackTrace(1559)	recieve message cmdcode:12639
2026-01-25 17:58:30	INFO	SvTableMsgReceiver Thread-215742	Thread.getStackTrace(1559)	recieve message cmdcode:12639
2026-01-25 17:58:30	INFO	SvTableMsgReceiver Thread-198854	Thread.getStackTrace(1559)	recieve message cmdcode:12639
2026-01-25 17:58:30	INFO	SvTableMsgReceiver Thread-181626	Thread.getStackTrace(1559)	recieve message cmdcode:12639
2026-01-25 17:58:30	INFO	SvTableMsgReceiver Thread-181627	Thread.getStackTrace(1559)	recieve message cmdcode:12639
2026-01-25 17:58:30	INFO	SvTableMsgReceiver Thread-181625	Thread.getStackTrace(1559)	recieve message cmdcode:12639
2026-01-25 17:58:30	INFO	SvTableMsgReceiver Thread-181624	Thread.getStackTrace(1559)	recieve message cmdcode:12639
2026-01-25 17:58:33	INFO	SvTableMsgReceiver Thread-181622	Thread.getStackTrace(1559)	recieve message cmdcode:12639
2026-01-25 17:58:33	INFO	SvTableMsgReceiver Thread-181624	Thread.getStackTrace(1559)	recieve message cmdcode:12639
2026-01-25 17:58:33	INFO	SvTableMsgReceiver Thread-181623	Thread.getStackTrace(1559)	recieve message cmdcode:12639
2026-01-25 17:58:33	INFO	SvTableMsgReceiver Thread-198854	Thread.getStackTrace(1559)	recieve message cmdcode:12639
2026-01-25 17:58:33	INFO	SvTableMsgReceiver Thread-181626	Thread.getStackTrace(1559)	recieve message cmdcode:12639
2026-01-25 17:58:33	INFO	SvTableMsgReceiver Thread-181627	Thread.getStackTrace(1559)	recieve message cmdcode:12639
2026-01-25 17:58:33	INFO	SvTableMsgReceiver Thread-181625	Thread.getStackTrace(1559)	recieve message cmdcode:12639
2026-01-25 17:58:33	INFO	SvTableMsgReceiver Thread-215742	Thread.getStackTrace(1559)	recieve message cmdcode:12639
2026-01-25 17:58:53	INFO	SvTableMsgReceiver Thread-181622	Thread.getStackTrace(1559)	recieve message cmdcode:12639
2026-01-25 17:58:53	INFO	SvTableMsgReceiver Thread-198854	Thread.getStackTrace(1559)	recieve message cmdcode:12639
2026-01-25 17:58:53	INFO	SvTableMsgReceiver Thread-181627	Thread.getStackTrace(1559)	recieve message cmdcode:12639
2026-01-25 17:58:53	INFO	SvTableMsgReceiver Thread-181626	Thread.getStackTrace(1559)	recieve message cmdcode:12639
2026-01-25 17:58:53	INFO	SvTableMsgReceiver Thread-181625	Thread.getStackTrace(1559)	recieve message cmdcode:12639
2026-01-25 17:58:53	INFO	SvTableMsgReceiver Thread-181623	Thread.getStackTrace(1559)	recieve message cmdcode:12639
2026-01-25 17:58:53	INFO	SvTableMsgReceiver Thread-181624	Thread.getStackTrace(1559)	recieve message cmdcode:12639
2026-01-25 17:58:53	INFO	SvTableMsgReceiver Thread-215742	Thread.getStackTrace(1559)	recieve message cmdcode:12639
2026-01-25 17:58:57	INFO	SvTableMsgReceiver Thread-181624	Thread.getStackTrace(1559)	recieve message cmdcode:12639
2026-01-25 17:58:57	INFO	SvTableMsgReceiver Thread-181623	Thread.getStackTrace(1559)	recieve message cmdcode:12639
2026-01-25 17:58:57	INFO	SvTableMsgReceiver Thread-215742	Thread.getStackTrace(1559)	recieve message cmdcode:12639
2026-01-25 17:58:57	INFO	SvTableMsgReceiver Thread-198854	Thread.getStackTrace(1559)	recieve message cmdcode:12639
2026-01-25 17:58:57	INFO	SvTableMsgReceiver Thread-181627	Thread.getStackTrace(1559)	recieve message cmdcode:12639
2026-01-25 17:58:57	INFO	SvTableMsgReceiver Thread-181626	Thread.getStackTrace(1559)	recieve message cmdcode:12639
2026-01-25 17:58:57	INFO	SvTableMsgReceiver Thread-181625	Thread.getStackTrace(1559)	recieve message cmdcode:12639
2026-01-25 17:58:57	INFO	SvTableMsgReceiver Thread-181622	Thread.getStackTrace(1559)	recieve message cmdcode:12639
2026-01-25 17:59:01	INFO	SvTableMsgReceiver Thread-181622	Thread.getStackTrace(1559)	recieve message cmdcode:12639
2026-01-25 17:59:01	INFO	SvTableMsgReceiver Thread-181624	Thread.getStackTrace(1559)	recieve message cmdcode:12639
2026-01-25 17:59:01	INFO	SvTableMsgReceiver Thread-198854	Thread.getStackTrace(1559)	recieve message cmdcode:12639
2026-01-25 17:59:01	INFO	SvTableMsgReceiver Thread-181627	Thread.getStackTrace(1559)	recieve message cmdcode:12639
2026-01-25 17:59:01	INFO	SvTableMsgReceiver Thread-181626	Thread.getStackTrace(1559)	recieve message cmdcode:12639
2026-01-25 17:59:01	INFO	SvTableMsgReceiver Thread-181625	Thread.getStackTrace(1559)	recieve message cmdcode:12639
2026-01-25 17:59:01	INFO	SvTableMsgReceiver Thread-181623	Thread.getStackTrace(1559)	recieve message cmdcode:12639
2026-01-25 17:59:01	INFO	SvTableMsgReceiver Thread-215742	Thread.getStackTrace(1559)	recieve message cmdcode:12639
2026-01-25 17:59:05	INFO	SvTableMsgReceiver Thread-181624	Thread.getStackTrace(1559)	recieve message cmdcode:12639
2026-01-25 17:59:05	INFO	SvTableMsgReceiver Thread-181622	Thread.getStackTrace(1559)	recieve message cmdcode:12639
2026-01-25 17:59:05	INFO	SvTableMsgReceiver Thread-215742	Thread.getStackTrace(1559)	recieve message cmdcode:12639
2026-01-25 17:59:05	INFO	SvTableMsgReceiver Thread-198854	Thread.getStackTrace(1559)	recieve message cmdcode:12639
2026-01-25 17:59:05	INFO	SvTableMsgReceiver Thread-181627	Thread.getStackTrace(1559)	recieve message cmdcode:12639
2026-01-25 17:59:05	INFO	SvTableMsgReceiver Thread-181626	Thread.getStackTrace(1559)	recieve message cmdcode:12639
2026-01-25 17:59:05	INFO	SvTableMsgReceiver Thread-181625	Thread.getStackTrace(1559)	recieve message cmdcode:12639
2026-01-25 17:59:05	INFO	SvTableMsgReceiver Thread-181623	Thread.getStackTrace(1559)	recieve message cmdcode:12639
2026-01-25 17:59:10	INFO	SvTableMsgReceiver Thread-181622	Thread.getStackTrace(1559)	recieve message cmdcode:12639
2026-01-25 17:59:10	INFO	SvTableMsgReceiver Thread-181623	Thread.getStackTrace(1559)	recieve message cmdcode:12639
2026-01-25 17:59:10	INFO	SvTableMsgReceiver Thread-198854	Thread.getStackTrace(1559)	recieve message cmdcode:12639
2026-01-25 17:59:10	INFO	SvTableMsgReceiver Thread-181627	Thread.getStackTrace(1559)	recieve message cmdcode:12639
2026-01-25 17:59:10	INFO	SvTableMsgReceiver Thread-181624	Thread.getStackTrace(1559)	recieve message cmdcode:12639
2026-01-25 17:59:10	INFO	SvTableMsgReceiver Thread-181625	Thread.getStackTrace(1559)	recieve message cmdcode:12639
2026-01-25 17:59:10	INFO	SvTableMsgReceiver Thread-181626	Thread.getStackTrace(1559)	recieve message cmdcode:12639
2026-01-25 17:59:10	INFO	SvTableMsgReceiver Thread-215742	Thread.getStackTrace(1559)	recieve message cmdcode:12639
2026-01-25 17:59:13	INFO	SvTableMsgReceiver Thread-181624	Thread.getStackTrace(1559)	recieve message cmdcode:12639
2026-01-25 17:59:13	INFO	SvTableMsgReceiver Thread-181623	Thread.getStackTrace(1559)	recieve message cmdcode:12639
2026-01-25 17:59:13	INFO	SvTableMsgReceiver Thread-198854	Thread.getStackTrace(1559)	recieve message cmdcode:12639
2026-01-25 17:59:13	INFO	SvTableMsgReceiver Thread-181627	Thread.getStackTrace(1559)	recieve message cmdcode:12639
2026-01-25 17:59:13	INFO	SvTableMsgReceiver Thread-181626	Thread.getStackTrace(1559)	recieve message cmdcode:12639
2026-01-25 17:59:13	INFO	SvTableMsgReceiver Thread-181625	Thread.getStackTrace(1559)	recieve message cmdcode:12639
2026-01-25 17:59:13	INFO	SvTableMsgReceiver Thread-181622	Thread.getStackTrace(1559)	recieve message cmdcode:12639
2026-01-25 17:59:13	INFO	SvTableMsgReceiver Thread-215742	Thread.getStackTrace(1559)	recieve message cmdcode:12639
2026-01-25 17:59:16	INFO	SvTableMsgReceiver Thread-181624	Thread.getStackTrace(1559)	recieve message cmdcode:12639
2026-01-25 17:59:16	INFO	SvTableMsgReceiver Thread-198854	Thread.getStackTrace(1559)	recieve message cmdcode:12639
2026-01-25 17:59:16	INFO	SvTableMsgReceiver Thread-215742	Thread.getStackTrace(1559)	recieve message cmdcode:12639
2026-01-25 17:59:16	INFO	SvTableMsgReceiver Thread-181627	Thread.getStackTrace(1559)	recieve message cmdcode:12639
2026-01-25 17:59:16	INFO	SvTableMsgReceiver Thread-181626	Thread.getStackTrace(1559)	recieve message cmdcode:12639
2026-01-25 17:59:16	INFO	SvTableMsgReceiver Thread-181625	Thread.getStackTrace(1559)	recieve message cmdcode:12639
2026-01-25 17:59:16	INFO	SvTableMsgReceiver Thread-181623	Thread.getStackTrace(1559)	recieve message cmdcode:12639
2026-01-25 17:59:16	INFO	SvTableMsgReceiver Thread-181622	Thread.getStackTrace(1559)	recieve message cmdcode:12639
2026-01-25 17:59:51	INFO	SvTableMsgReceiver Thread-181622	Thread.getStackTrace(1559)	recieve message cmdcode:12639
2026-01-25 17:59:51	INFO	SvTableMsgReceiver Thread-181623	Thread.getStackTrace(1559)	recieve message cmdcode:12639
2026-01-25 17:59:51	INFO	SvTableMsgReceiver Thread-181627	Thread.getStackTrace(1559)	recieve message cmdcode:12639
2026-01-25 17:59:51	INFO	SvTableMsgReceiver Thread-181626	Thread.getStackTrace(1559)	recieve message cmdcode:12639
2026-01-25 17:59:51	INFO	SvTableMsgReceiver Thread-181625	Thread.getStackTrace(1559)	recieve message cmdcode:12639
2026-01-25 17:59:51	INFO	SvTableMsgReceiver Thread-181624	Thread.getStackTrace(1559)	recieve message cmdcode:12639
2026-01-25 17:59:51	INFO	SvTableMsgReceiver Thread-215742	Thread.getStackTrace(1559)	recieve message cmdcode:12639
2026-01-25 17:59:51	INFO	SvTableMsgReceiver Thread-198854	Thread.getStackTrace(1559)	recieve message cmdcode:12639
2026-01-25 18:00:25	INFO	SvTableMsgReceiver Thread-181622	Thread.getStackTrace(1559)	recieve message cmdcode:12639
2026-01-25 18:00:25	INFO	SvTableMsgReceiver Thread-181624	Thread.getStackTrace(1559)	recieve message cmdcode:12639
2026-01-25 18:00:25	INFO	SvTableMsgReceiver Thread-215742	Thread.getStackTrace(1559)	recieve message cmdcode:12639
2026-01-25 18:00:25	INFO	SvTableMsgReceiver Thread-198854	Thread.getStackTrace(1559)	recieve message cmdcode:12639
2026-01-25 18:00:25	INFO	SvTableMsgReceiver Thread-181627	Thread.getStackTrace(1559)	recieve message cmdcode:12639
2026-01-25 18:00:25	INFO	SvTableMsgReceiver Thread-181626	Thread.getStackTrace(1559)	recieve message cmdcode:12639
2026-01-25 18:00:25	INFO	SvTableMsgReceiver Thread-181623	Thread.getStackTrace(1559)	recieve message cmdcode:12639
2026-01-25 18:00:25	INFO	SvTableMsgReceiver Thread-181625	Thread.getStackTrace(1559)	recieve message cmdcode:12639
2026-01-25 18:00:59	INFO	SvTableMsgReceiver Thread-181622	Thread.getStackTrace(1559)	recieve message cmdcode:12639
2026-01-25 18:00:59	INFO	SvTableMsgReceiver Thread-215742	Thread.getStackTrace(1559)	recieve message cmdcode:12639
2026-01-25 18:00:59	INFO	SvTableMsgReceiver Thread-198854	Thread.getStackTrace(1559)	recieve message cmdcode:12639
2026-01-25 18:00:59	INFO	SvTableMsgReceiver Thread-181627	Thread.getStackTrace(1559)	recieve message cmdcode:12639
2026-01-25 18:00:59	INFO	SvTableMsgReceiver Thread-181626	Thread.getStackTrace(1559)	recieve message cmdcode:12639
2026-01-25 18:00:59	INFO	SvTableMsgReceiver Thread-181625	Thread.getStackTrace(1559)	recieve message cmdcode:12639
2026-01-25 18:00:59	INFO	SvTableMsgReceiver Thread-181623	Thread.getStackTrace(1559)	recieve message cmdcode:12639
2026-01-25 18:00:59	INFO	SvTableMsgReceiver Thread-181624	Thread.getStackTrace(1559)	recieve message cmdcode:12639
2026-01-25 18:01:25	INFO	SvTableMsgReceiver Thread-181622	Thread.getStackTrace(1559)	recieve message cmdcode:12639
2026-01-25 18:01:25	INFO	SvTableMsgReceiver Thread-181624	Thread.getStackTrace(1559)	recieve message cmdcode:12639
2026-01-25 18:01:25	INFO	SvTableMsgReceiver Thread-181627	Thread.getStackTrace(1559)	recieve message cmdcode:12639
2026-01-25 18:01:25	INFO	SvTableMsgReceiver Thread-198854	Thread.getStackTrace(1559)	recieve message cmdcode:12639
2026-01-25 18:01:25	INFO	SvTableMsgReceiver Thread-181626	Thread.getStackTrace(1559)	recieve message cmdcode:12639
2026-01-25 18:01:25	INFO	SvTableMsgReceiver Thread-181625	Thread.getStackTrace(1559)	recieve message cmdcode:12639
2026-01-25 18:01:25	INFO	SvTableMsgReceiver Thread-181623	Thread.getStackTrace(1559)	recieve message cmdcode:12639
2026-01-25 18:01:25	INFO	SvTableMsgReceiver Thread-215742	Thread.getStackTrace(1559)	recieve message cmdcode:12639
2026-01-25 18:01:30	INFO	SvTableMsgReceiver Thread-181622	Thread.getStackTrace(1559)	recieve message cmdcode:12639
2026-01-25 18:01:30	INFO	SvTableMsgReceiver Thread-181623	Thread.getStackTrace(1559)	recieve message cmdcode:12639
2026-01-25 18:01:30	INFO	SvTableMsgReceiver Thread-198854	Thread.getStackTrace(1559)	recieve message cmdcode:12639
2026-01-25 18:01:30	INFO	SvTableMsgReceiver Thread-181627	Thread.getStackTrace(1559)	recieve message cmdcode:12639
2026-01-25 18:01:30	INFO	SvTableMsgReceiver Thread-181625	Thread.getStackTrace(1559)	recieve message cmdcode:12639
2026-01-25 18:01:30	INFO	SvTableMsgReceiver Thread-181626	Thread.getStackTrace(1559)	recieve message cmdcode:12639
2026-01-25 18:01:30	INFO	SvTableMsgReceiver Thread-181624	Thread.getStackTrace(1559)	recieve message cmdcode:12639
2026-01-25 18:01:30	INFO	SvTableMsgReceiver Thread-215742	Thread.getStackTrace(1559)	recieve message cmdcode:12639
2026-01-25 18:01:34	INFO	SvTableMsgReceiver Thread-181624	Thread.getStackTrace(1559)	recieve message cmdcode:12639
2026-01-25 18:01:34	INFO	SvTableMsgReceiver Thread-181625	Thread.getStackTrace(1559)	recieve message cmdcode:12639
2026-01-25 18:01:34	INFO	SvTableMsgReceiver Thread-181626	Thread.getStackTrace(1559)	recieve message cmdcode:12639
2026-01-25 18:01:34	INFO	SvTableMsgReceiver Thread-181622	Thread.getStackTrace(1559)	recieve message cmdcode:12639
2026-01-25 18:01:34	INFO	SvTableMsgReceiver Thread-215742	Thread.getStackTrace(1559)	recieve message cmdcode:12639
2026-01-25 18:01:34	INFO	SvTableMsgReceiver Thread-198854	Thread.getStackTrace(1559)	recieve message cmdcode:12639
2026-01-25 18:01:34	INFO	SvTableMsgReceiver Thread-181627	Thread.getStackTrace(1559)	recieve message cmdcode:12639
2026-01-25 18:01:34	INFO	SvTableMsgReceiver Thread-181623	Thread.getStackTrace(1559)	recieve message cmdcode:12639
2026-01-25 18:01:59	INFO	SvTableMsgReceiver Thread-181622	Thread.getStackTrace(1559)	recieve message cmdcode:12639
2026-01-25 18:01:59	INFO	SvTableMsgReceiver Thread-181624	Thread.getStackTrace(1559)	recieve message cmdcode:12639
2026-01-25 18:01:59	INFO	SvTableMsgReceiver Thread-215742	Thread.getStackTrace(1559)	recieve message cmdcode:12639
2026-01-25 18:01:59	INFO	SvTableMsgReceiver Thread-198854	Thread.getStackTrace(1559)	recieve message cmdcode:12639
2026-01-25 18:01:59	INFO	SvTableMsgReceiver Thread-181627	Thread.getStackTrace(1559)	recieve message cmdcode:12639
2026-01-25 18:01:59	INFO	SvTableMsgReceiver Thread-181626	Thread.getStackTrace(1559)	recieve message cmdcode:12639
2026-01-25 18:01:59	INFO	SvTableMsgReceiver Thread-181623	Thread.getStackTrace(1559)	recieve message cmdcode:12639
2026-01-25 18:01:59	INFO	SvTableMsgReceiver Thread-181625	Thread.getStackTrace(1559)	recieve message cmdcode:12639
2026-01-25 18:02:19	INFO	SvTableMsgReceiver Thread-181624	Thread.getStackTrace(1559)	recieve message cmdcode:12639
2026-01-25 18:02:19	INFO	SvTableMsgReceiver Thread-181623	Thread.getStackTrace(1559)	recieve message cmdcode:12639
2026-01-25 18:02:19	INFO	SvTableMsgReceiver Thread-215742	Thread.getStackTrace(1559)	recieve message cmdcode:12639
2026-01-25 18:02:19	INFO	SvTableMsgReceiver Thread-198854	Thread.getStackTrace(1559)	recieve message cmdcode:12639
2026-01-25 18:02:19	INFO	SvTableMsgReceiver Thread-181627	Thread.getStackTrace(1559)	recieve message cmdcode:12639
2026-01-25 18:02:19	INFO	SvTableMsgReceiver Thread-181626	Thread.getStackTrace(1559)	recieve message cmdcode:12639
2026-01-25 18:02:19	INFO	SvTableMsgReceiver Thread-181625	Thread.getStackTrace(1559)	recieve message cmdcode:12639
2026-01-25 18:02:19	INFO	SvTableMsgReceiver Thread-181622	Thread.getStackTrace(1559)	recieve message cmdcode:12639
2026-01-25 18:02:43	INFO	SvTableMsgReceiver Thread-181622	Thread.getStackTrace(1559)	recieve message cmdcode:12639
2026-01-25 18:02:43	INFO	SvTableMsgReceiver Thread-181623	Thread.getStackTrace(1559)	recieve message cmdcode:12639
2026-01-25 18:02:43	INFO	SvTableMsgReceiver Thread-181625	Thread.getStackTrace(1559)	recieve message cmdcode:12639
2026-01-25 18:02:43	INFO	SvTableMsgReceiver Thread-181624	Thread.getStackTrace(1559)	recieve message cmdcode:12639
2026-01-25 18:02:43	INFO	SvTableMsgReceiver Thread-215742	Thread.getStackTrace(1559)	recieve message cmdcode:12639
2026-01-25 18:02:43	INFO	SvTableMsgReceiver Thread-181627	Thread.getStackTrace(1559)	recieve message cmdcode:12639
2026-01-25 18:02:43	INFO	SvTableMsgReceiver Thread-198854	Thread.getStackTrace(1559)	recieve message cmdcode:12639
2026-01-25 18:02:43	INFO	SvTableMsgReceiver Thread-181626	Thread.getStackTrace(1559)	recieve message cmdcode:12639
2026-01-25 18:03:06	INFO	SvTableMsgReceiver Thread-181622	Thread.getStackTrace(1559)	recieve message cmdcode:12639
2026-01-25 18:03:06	INFO	SvTableMsgReceiver Thread-181624	Thread.getStackTrace(1559)	recieve message cmdcode:12639
2026-01-25 18:03:06	INFO	SvTableMsgReceiver Thread-181623	Thread.getStackTrace(1559)	recieve message cmdcode:12639
2026-01-25 18:03:06	INFO	SvTableMsgReceiver Thread-181627	Thread.getStackTrace(1559)	recieve message cmdcode:12639
2026-01-25 18:03:06	INFO	SvTableMsgReceiver Thread-181626	Thread.getStackTrace(1559)	recieve message cmdcode:12639
2026-01-25 18:03:06	INFO	SvTableMsgReceiver Thread-181625	Thread.getStackTrace(1559)	recieve message cmdcode:12639
2026-01-25 18:03:06	INFO	SvTableMsgReceiver Thread-215742	Thread.getStackTrace(1559)	recieve message cmdcode:12639
2026-01-25 18:03:06	INFO	SvTableMsgReceiver Thread-198854	Thread.getStackTrace(1559)	recieve message cmdcode:12639
2026-01-25 18:03:10	INFO	SvTableMsgReceiver Thread-181622	Thread.getStackTrace(1559)	recieve message cmdcode:12639
2026-01-25 18:03:10	INFO	SvTableMsgReceiver Thread-181624	Thread.getStackTrace(1559)	recieve message cmdcode:12639
2026-01-25 18:03:10	INFO	SvTableMsgReceiver Thread-198854	Thread.getStackTrace(1559)	recieve message cmdcode:12639
2026-01-25 18:03:10	INFO	SvTableMsgReceiver Thread-215742	Thread.getStackTrace(1559)	recieve message cmdcode:12639
2026-01-25 18:03:10	INFO	SvTableMsgReceiver Thread-181627	Thread.getStackTrace(1559)	recieve message cmdcode:12639
2026-01-25 18:03:10	INFO	SvTableMsgReceiver Thread-181625	Thread.getStackTrace(1559)	recieve message cmdcode:12639
2026-01-25 18:03:10	INFO	SvTableMsgReceiver Thread-181626	Thread.getStackTrace(1559)	recieve message cmdcode:12639
2026-01-25 18:03:10	INFO	SvTableMsgReceiver Thread-181623	Thread.getStackTrace(1559)	recieve message cmdcode:12639
2026-01-25 18:03:14	INFO	SvTableMsgReceiver Thread-181622	Thread.getStackTrace(1559)	recieve message cmdcode:12639
2026-01-25 18:03:14	INFO	SvTableMsgReceiver Thread-181624	Thread.getStackTrace(1559)	recieve message cmdcode:12639
2026-01-25 18:03:14	INFO	SvTableMsgReceiver Thread-198854	Thread.getStackTrace(1559)	recieve message cmdcode:12639
2026-01-25 18:03:14	INFO	SvTableMsgReceiver Thread-215742	Thread.getStackTrace(1559)	recieve message cmdcode:12639
2026-01-25 18:03:14	INFO	SvTableMsgReceiver Thread-181627	Thread.getStackTrace(1559)	recieve message cmdcode:12639
2026-01-25 18:03:14	INFO	SvTableMsgReceiver Thread-181626	Thread.getStackTrace(1559)	recieve message cmdcode:12639
2026-01-25 18:03:14	INFO	SvTableMsgReceiver Thread-181625	Thread.getStackTrace(1559)	recieve message cmdcode:12639
2026-01-25 18:03:14	INFO	SvTableMsgReceiver Thread-181623	Thread.getStackTrace(1559)	recieve message cmdcode:12639
2026-01-25 18:03:21	INFO	SvTableMsgReceiver Thread-181624	Thread.getStackTrace(1559)	recieve message cmdcode:12639
2026-01-25 18:03:21	INFO	SvTableMsgReceiver Thread-181623	Thread.getStackTrace(1559)	recieve message cmdcode:12639
2026-01-25 18:03:21	INFO	SvTableMsgReceiver Thread-181622	Thread.getStackTrace(1559)	recieve message cmdcode:12639
2026-01-25 18:03:21	INFO	SvTableMsgReceiver Thread-215742	Thread.getStackTrace(1559)	recieve message cmdcode:12639
2026-01-25 18:03:21	INFO	SvTableMsgReceiver Thread-198854	Thread.getStackTrace(1559)	recieve message cmdcode:12639
2026-01-25 18:03:21	INFO	SvTableMsgReceiver Thread-181627	Thread.getStackTrace(1559)	recieve message cmdcode:12639
2026-01-25 18:03:21	INFO	SvTableMsgReceiver Thread-181625	Thread.getStackTrace(1559)	recieve message cmdcode:12639
2026-01-25 18:03:21	INFO	SvTableMsgReceiver Thread-181626	Thread.getStackTrace(1559)	recieve message cmdcode:12639
2026-01-25 18:04:07	INFO	SvTableMsgReceiver Thread-181624	Thread.getStackTrace(1559)	recieve message cmdcode:12639
2026-01-25 18:04:07	INFO	SvTableMsgReceiver Thread-181627	Thread.getStackTrace(1559)	recieve message cmdcode:12639
2026-01-25 18:04:07	INFO	SvTableMsgReceiver Thread-215742	Thread.getStackTrace(1559)	recieve message cmdcode:12639
2026-01-25 18:04:07	INFO	SvTableMsgReceiver Thread-198854	Thread.getStackTrace(1559)	recieve message cmdcode:12639
2026-01-25 18:04:07	INFO	SvTableMsgReceiver Thread-181626	Thread.getStackTrace(1559)	recieve message cmdcode:12639
2026-01-25 18:04:07	INFO	SvTableMsgReceiver Thread-181623	Thread.getStackTrace(1559)	recieve message cmdcode:12639
2026-01-25 18:04:07	INFO	SvTableMsgReceiver Thread-181625	Thread.getStackTrace(1559)	recieve message cmdcode:12639
2026-01-25 18:04:07	INFO	SvTableMsgReceiver Thread-181622	Thread.getStackTrace(1559)	recieve message cmdcode:12639
2026-01-25 18:04:59	INFO	SvTableMsgReceiver Thread-181622	Thread.getStackTrace(1559)	recieve message cmdcode:12639
2026-01-25 18:04:59	INFO	SvTableMsgReceiver Thread-198854	Thread.getStackTrace(1559)	recieve message cmdcode:12639
2026-01-25 18:04:59	INFO	SvTableMsgReceiver Thread-181627	Thread.getStackTrace(1559)	recieve message cmdcode:12639
2026-01-25 18:04:59	INFO	SvTableMsgReceiver Thread-181626	Thread.getStackTrace(1559)	recieve message cmdcode:12639
2026-01-25 18:04:59	INFO	SvTableMsgReceiver Thread-181625	Thread.getStackTrace(1559)	recieve message cmdcode:12639
2026-01-25 18:04:59	INFO	SvTableMsgReceiver Thread-181623	Thread.getStackTrace(1559)	recieve message cmdcode:12639
2026-01-25 18:04:59	INFO	SvTableMsgReceiver Thread-181624	Thread.getStackTrace(1559)	recieve message cmdcode:12639
2026-01-25 18:04:59	INFO	SvTableMsgReceiver Thread-215742	Thread.getStackTrace(1559)	recieve message cmdcode:12639
2026-01-25 18:05:36	INFO	SvTableMsgReceiver Thread-181624	Thread.getStackTrace(1559)	recieve message cmdcode:12639
2026-01-25 18:05:36	INFO	SvTableMsgReceiver Thread-181623	Thread.getStackTrace(1559)	recieve message cmdcode:12639
2026-01-25 18:05:36	INFO	SvTableMsgReceiver Thread-198854	Thread.getStackTrace(1559)	recieve message cmdcode:12639
2026-01-25 18:05:36	INFO	SvTableMsgReceiver Thread-181627	Thread.getStackTrace(1559)	recieve message cmdcode:12639
2026-01-25 18:05:36	INFO	SvTableMsgReceiver Thread-181626	Thread.getStackTrace(1559)	recieve message cmdcode:12639
2026-01-25 18:05:36	INFO	SvTableMsgReceiver Thread-181625	Thread.getStackTrace(1559)	recieve message cmdcode:12639
2026-01-25 18:05:36	INFO	SvTableMsgReceiver Thread-181622	Thread.getStackTrace(1559)	recieve message cmdcode:12639
2026-01-25 18:05:36	INFO	SvTableMsgReceiver Thread-215742	Thread.getStackTrace(1559)	recieve message cmdcode:12639
2026-01-25 18:06:21	INFO	SvTableMsgReceiver Thread-181624	Thread.getStackTrace(1559)	recieve message cmdcode:12639
2026-01-25 18:06:21	INFO	SvTableMsgReceiver Thread-181623	Thread.getStackTrace(1559)	recieve message cmdcode:12639
2026-01-25 18:06:21	INFO	SvTableMsgReceiver Thread-215742	Thread.getStackTrace(1559)	recieve message cmdcode:12639
2026-01-25 18:06:21	INFO	SvTableMsgReceiver Thread-198854	Thread.getStackTrace(1559)	recieve message cmdcode:12639
2026-01-25 18:06:21	INFO	SvTableMsgReceiver Thread-181627	Thread.getStackTrace(1559)	recieve message cmdcode:12639
2026-01-25 18:06:21	INFO	SvTableMsgReceiver Thread-181626	Thread.getStackTrace(1559)	recieve message cmdcode:12639
2026-01-25 18:06:21	INFO	SvTableMsgReceiver Thread-181625	Thread.getStackTrace(1559)	recieve message cmdcode:12639
2026-01-25 18:06:21	INFO	SvTableMsgReceiver Thread-181622	Thread.getStackTrace(1559)	recieve message cmdcode:12639
2026-01-25 18:06:48	INFO	SvTableMsgReceiver Thread-181622	Thread.getStackTrace(1559)	recieve message cmdcode:12639
2026-01-25 18:06:48	INFO	SvTableMsgReceiver Thread-181623	Thread.getStackTrace(1559)	recieve message cmdcode:12639
2026-01-25 18:06:48	INFO	SvTableMsgReceiver Thread-198854	Thread.getStackTrace(1559)	recieve message cmdcode:12639
2026-01-25 18:06:48	INFO	SvTableMsgReceiver Thread-181627	Thread.getStackTrace(1559)	recieve message cmdcode:12639
2026-01-25 18:06:48	INFO	SvTableMsgReceiver Thread-181626	Thread.getStackTrace(1559)	recieve message cmdcode:12639
2026-01-25 18:06:48	INFO	SvTableMsgReceiver Thread-181625	Thread.getStackTrace(1559)	recieve message cmdcode:12639
2026-01-25 18:06:48	INFO	SvTableMsgReceiver Thread-181624	Thread.getStackTrace(1559)	recieve message cmdcode:12639
2026-01-25 18:06:48	INFO	SvTableMsgReceiver Thread-215742	Thread.getStackTrace(1559)	recieve message cmdcode:12639
2026-01-25 18:06:54	INFO	SvTableMsgReceiver Thread-181624	Thread.getStackTrace(1559)	recieve message cmdcode:12639
2026-01-25 18:06:54	INFO	SvTableMsgReceiver Thread-181622	Thread.getStackTrace(1559)	recieve message cmdcode:12639
2026-01-25 18:06:54	INFO	SvTableMsgReceiver Thread-181627	Thread.getStackTrace(1559)	recieve message cmdcode:12639
2026-01-25 18:06:54	INFO	SvTableMsgReceiver Thread-181623	Thread.getStackTrace(1559)	recieve message cmdcode:12639
2026-01-25 18:06:54	INFO	SvTableMsgReceiver Thread-181626	Thread.getStackTrace(1559)	recieve message cmdcode:12639
2026-01-25 18:06:54	INFO	SvTableMsgReceiver Thread-181625	Thread.getStackTrace(1559)	recieve message cmdcode:12639
2026-01-25 18:06:54	INFO	SvTableMsgReceiver Thread-215742	Thread.getStackTrace(1559)	recieve message cmdcode:12639
2026-01-25 18:06:54	INFO	SvTableMsgReceiver Thread-198854	Thread.getStackTrace(1559)	recieve message cmdcode:12639
2026-01-25 18:07:00	INFO	SvTableMsgReceiver Thread-181622	Thread.getStackTrace(1559)	recieve message cmdcode:12639
2026-01-25 18:07:00	INFO	SvTableMsgReceiver Thread-181623	Thread.getStackTrace(1559)	recieve message cmdcode:12639
2026-01-25 18:07:00	INFO	SvTableMsgReceiver Thread-181624	Thread.getStackTrace(1559)	recieve message cmdcode:12639
2026-01-25 18:07:00	INFO	SvTableMsgReceiver Thread-215742	Thread.getStackTrace(1559)	recieve message cmdcode:12639
2026-01-25 18:07:00	INFO	SvTableMsgReceiver Thread-198854	Thread.getStackTrace(1559)	recieve message cmdcode:12639
2026-01-25 18:07:00	INFO	SvTableMsgReceiver Thread-181625	Thread.getStackTrace(1559)	recieve message cmdcode:12639
2026-01-25 18:07:00	INFO	SvTableMsgReceiver Thread-181627	Thread.getStackTrace(1559)	recieve message cmdcode:12639
2026-01-25 18:07:00	INFO	SvTableMsgReceiver Thread-181626	Thread.getStackTrace(1559)	recieve message cmdcode:12639
2026-01-25 18:07:39	INFO	SvTableMsgReceiver Thread-181622	Thread.getStackTrace(1559)	recieve message cmdcode:12639
2026-01-25 18:07:39	INFO	SvTableMsgReceiver Thread-181626	Thread.getStackTrace(1559)	recieve message cmdcode:12639
2026-01-25 18:07:39	INFO	SvTableMsgReceiver Thread-198854	Thread.getStackTrace(1559)	recieve message cmdcode:12639
2026-01-25 18:07:39	INFO	SvTableMsgReceiver Thread-215742	Thread.getStackTrace(1559)	recieve message cmdcode:12639
2026-01-25 18:07:39	INFO	SvTableMsgReceiver Thread-181627	Thread.getStackTrace(1559)	recieve message cmdcode:12639
2026-01-25 18:07:39	INFO	SvTableMsgReceiver Thread-181624	Thread.getStackTrace(1559)	recieve message cmdcode:12639
2026-01-25 18:07:39	INFO	SvTableMsgReceiver Thread-181625	Thread.getStackTrace(1559)	recieve message cmdcode:12639
2026-01-25 18:07:39	INFO	SvTableMsgReceiver Thread-181623	Thread.getStackTrace(1559)	recieve message cmdcode:12639
2026-01-25 18:08:08	INFO	SvTableMsgReceiver Thread-181622	Thread.getStackTrace(1559)	recieve message cmdcode:12639
2026-01-25 18:08:08	INFO	SvTableMsgReceiver Thread-181624	Thread.getStackTrace(1559)	recieve message cmdcode:12639
2026-01-25 18:08:08	INFO	SvTableMsgReceiver Thread-198854	Thread.getStackTrace(1559)	recieve message cmdcode:12639
2026-01-25 18:08:08	INFO	SvTableMsgReceiver Thread-181626	Thread.getStackTrace(1559)	recieve message cmdcode:12639
2026-01-25 18:08:08	INFO	SvTableMsgReceiver Thread-181627	Thread.getStackTrace(1559)	recieve message cmdcode:12639
2026-01-25 18:08:08	INFO	SvTableMsgReceiver Thread-181625	Thread.getStackTrace(1559)	recieve message cmdcode:12639
2026-01-25 18:08:08	INFO	SvTableMsgReceiver Thread-181623	Thread.getStackTrace(1559)	recieve message cmdcode:12639
2026-01-25 18:08:08	INFO	SvTableMsgReceiver Thread-215742	Thread.getStackTrace(1559)	recieve message cmdcode:12639
2026-01-25 18:08:34	INFO	SvTableMsgReceiver Thread-181622	Thread.getStackTrace(1559)	recieve message cmdcode:12639
2026-01-25 18:08:34	INFO	SvTableMsgReceiver Thread-181623	Thread.getStackTrace(1559)	recieve message cmdcode:12639
2026-01-25 18:08:34	INFO	SvTableMsgReceiver Thread-181624	Thread.getStackTrace(1559)	recieve message cmdcode:12639
2026-01-25 18:08:34	INFO	SvTableMsgReceiver Thread-198854	Thread.getStackTrace(1559)	recieve message cmdcode:12639
2026-01-25 18:08:34	INFO	SvTableMsgReceiver Thread-181627	Thread.getStackTrace(1559)	recieve message cmdcode:12639
2026-01-25 18:08:34	INFO	SvTableMsgReceiver Thread-181626	Thread.getStackTrace(1559)	recieve message cmdcode:12639
2026-01-25 18:08:34	INFO	SvTableMsgReceiver Thread-215742	Thread.getStackTrace(1559)	recieve message cmdcode:12639
2026-01-25 18:08:34	INFO	SvTableMsgReceiver Thread-181625	Thread.getStackTrace(1559)	recieve message cmdcode:12639
2026-01-25 18:09:00	INFO	SvTableMsgReceiver Thread-181622	Thread.getStackTrace(1559)	recieve message cmdcode:12639
2026-01-25 18:09:00	INFO	SvTableMsgReceiver Thread-181624	Thread.getStackTrace(1559)	recieve message cmdcode:12639
2026-01-25 18:09:00	INFO	SvTableMsgReceiver Thread-181625	Thread.getStackTrace(1559)	recieve message cmdcode:12639
2026-01-25 18:09:00	INFO	SvTableMsgReceiver Thread-198854	Thread.getStackTrace(1559)	recieve message cmdcode:12639
2026-01-25 18:09:00	INFO	SvTableMsgReceiver Thread-181627	Thread.getStackTrace(1559)	recieve message cmdcode:12639
2026-01-25 18:09:00	INFO	SvTableMsgReceiver Thread-181626	Thread.getStackTrace(1559)	recieve message cmdcode:12639
2026-01-25 18:09:00	INFO	SvTableMsgReceiver Thread-181623	Thread.getStackTrace(1559)	recieve message cmdcode:12639
2026-01-25 18:09:00	INFO	SvTableMsgReceiver Thread-215742	Thread.getStackTrace(1559)	recieve message cmdcode:12639
2026-01-25 18:09:52	INFO	SvTableMsgReceiver Thread-181622	Thread.getStackTrace(1559)	recieve message cmdcode:12639
2026-01-25 18:09:52	INFO	SvTableMsgReceiver Thread-181624	Thread.getStackTrace(1559)	recieve message cmdcode:12639
2026-01-25 18:09:52	INFO	SvTableMsgReceiver Thread-215742	Thread.getStackTrace(1559)	recieve message cmdcode:12639
2026-01-25 18:09:52	INFO	SvTableMsgReceiver Thread-198854	Thread.getStackTrace(1559)	recieve message cmdcode:12639
2026-01-25 18:09:52	INFO	SvTableMsgReceiver Thread-181627	Thread.getStackTrace(1559)	recieve message cmdcode:12639
2026-01-25 18:09:52	INFO	SvTableMsgReceiver Thread-181626	Thread.getStackTrace(1559)	recieve message cmdcode:12639
2026-01-25 18:09:52	INFO	SvTableMsgReceiver Thread-181625	Thread.getStackTrace(1559)	recieve message cmdcode:12639
2026-01-25 18:09:52	INFO	SvTableMsgReceiver Thread-181623	Thread.getStackTrace(1559)	recieve message cmdcode:12639
2026-01-25 18:10:44	INFO	SvTableMsgReceiver Thread-181622	Thread.getStackTrace(1559)	recieve message cmdcode:12639
2026-01-25 18:10:44	INFO	SvTableMsgReceiver Thread-181625	Thread.getStackTrace(1559)	recieve message cmdcode:12639
2026-01-25 18:10:44	INFO	SvTableMsgReceiver Thread-198854	Thread.getStackTrace(1559)	recieve message cmdcode:12639
2026-01-25 18:10:44	INFO	SvTableMsgReceiver Thread-181626	Thread.getStackTrace(1559)	recieve message cmdcode:12639
2026-01-25 18:10:44	INFO	SvTableMsgReceiver Thread-181627	Thread.getStackTrace(1559)	recieve message cmdcode:12639
2026-01-25 18:10:44	INFO	SvTableMsgReceiver Thread-181623	Thread.getStackTrace(1559)	recieve message cmdcode:12639
2026-01-25 18:10:44	INFO	SvTableMsgReceiver Thread-181624	Thread.getStackTrace(1559)	recieve message cmdcode:12639
2026-01-25 18:10:44	INFO	SvTableMsgReceiver Thread-215742	Thread.getStackTrace(1559)	recieve message cmdcode:12639
2026-01-25 18:11:12	INFO	SvTableMsgReceiver Thread-181622	Thread.getStackTrace(1559)	recieve message cmdcode:12639
2026-01-25 18:11:12	INFO	SvTableMsgReceiver Thread-181625	Thread.getStackTrace(1559)	recieve message cmdcode:12639
2026-01-25 18:11:12	INFO	SvTableMsgReceiver Thread-181624	Thread.getStackTrace(1559)	recieve message cmdcode:12639
2026-01-25 18:11:12	INFO	SvTableMsgReceiver Thread-215742	Thread.getStackTrace(1559)	recieve message cmdcode:12639
2026-01-25 18:11:12	INFO	SvTableMsgReceiver Thread-198854	Thread.getStackTrace(1559)	recieve message cmdcode:12639
2026-01-25 18:11:12	INFO	SvTableMsgReceiver Thread-181627	Thread.getStackTrace(1559)	recieve message cmdcode:12639
2026-01-25 18:11:12	INFO	SvTableMsgReceiver Thread-181626	Thread.getStackTrace(1559)	recieve message cmdcode:12639
2026-01-25 18:11:12	INFO	SvTableMsgReceiver Thread-181623	Thread.getStackTrace(1559)	recieve message cmdcode:12639
2026-01-25 18:17:00	INFO	SvTableMsgReceiver Thread-181622	Thread.getStackTrace(1559)	recieve message cmdcode:12639
2026-01-25 18:17:00	INFO	SvTableMsgReceiver Thread-181627	Thread.getStackTrace(1559)	recieve message cmdcode:12639
2026-01-25 18:17:00	INFO	SvTableMsgReceiver Thread-215742	Thread.getStackTrace(1559)	recieve message cmdcode:12639
2026-01-25 18:17:00	INFO	SvTableMsgReceiver Thread-198854	Thread.getStackTrace(1559)	recieve message cmdcode:12639
2026-01-25 18:17:00	INFO	SvTableMsgReceiver Thread-181625	Thread.getStackTrace(1559)	recieve message cmdcode:12639
2026-01-25 18:17:00	INFO	SvTableMsgReceiver Thread-181626	Thread.getStackTrace(1559)	recieve message cmdcode:12639
2026-01-25 18:17:00	INFO	SvTableMsgReceiver Thread-181623	Thread.getStackTrace(1559)	recieve message cmdcode:12639
2026-01-25 18:17:00	INFO	SvTableMsgReceiver Thread-181624	Thread.getStackTrace(1559)	recieve message cmdcode:12639
2026-01-25 18:23:02	INFO	SvTableMsgReceiver Thread-181622	Thread.getStackTrace(1559)	recieve message cmdcode:12639
2026-01-25 18:23:02	INFO	SvTableMsgReceiver Thread-181627	Thread.getStackTrace(1559)	recieve message cmdcode:12639
2026-01-25 18:23:02	INFO	SvTableMsgReceiver Thread-215742	Thread.getStackTrace(1559)	recieve message cmdcode:12639
2026-01-25 18:23:02	INFO	SvTableMsgReceiver Thread-198854	Thread.getStackTrace(1559)	recieve message cmdcode:12639
2026-01-25 18:23:02	INFO	SvTableMsgReceiver Thread-181626	Thread.getStackTrace(1559)	recieve message cmdcode:12639
2026-01-25 18:23:02	INFO	SvTableMsgReceiver Thread-181625	Thread.getStackTrace(1559)	recieve message cmdcode:12639
2026-01-25 18:23:02	INFO	SvTableMsgReceiver Thread-181623	Thread.getStackTrace(1559)	recieve message cmdcode:12639
2026-01-25 18:23:02	INFO	SvTableMsgReceiver Thread-181624	Thread.getStackTrace(1559)	recieve message cmdcode:12639
2026-01-25 18:23:05	INFO	SvTableMsgReceiver Thread-181622	Thread.getStackTrace(1559)	recieve message cmdcode:12639
2026-01-25 18:23:05	INFO	SvTableMsgReceiver Thread-181623	Thread.getStackTrace(1559)	recieve message cmdcode:12639
2026-01-25 18:23:05	INFO	SvTableMsgReceiver Thread-181624	Thread.getStackTrace(1559)	recieve message cmdcode:12639
2026-01-25 18:23:05	INFO	SvTableMsgReceiver Thread-215742	Thread.getStackTrace(1559)	recieve message cmdcode:12639
2026-01-25 18:23:05	INFO	SvTableMsgReceiver Thread-198854	Thread.getStackTrace(1559)	recieve message cmdcode:12639
2026-01-25 18:23:05	INFO	SvTableMsgReceiver Thread-181627	Thread.getStackTrace(1559)	recieve message cmdcode:12639
2026-01-25 18:23:05	INFO	SvTableMsgReceiver Thread-181626	Thread.getStackTrace(1559)	recieve message cmdcode:12639
2026-01-25 18:23:05	INFO	SvTableMsgReceiver Thread-181625	Thread.getStackTrace(1559)	recieve message cmdcode:12639
2026-01-26 04:34:26	INFO	AWT-EventQueue-0	Thread.getStackTrace(1559)	unregister slip, view id : 10404690
2026-01-26 04:34:26	INFO	AWT-EventQueue-0	Thread.getStackTrace(1559)	unregister slip progress, view id : 10404690
2026-01-26 04:34:26	INFO	AWT-EventQueue-0	Thread.getStackTrace(1559)	unregister slip, view id : 33389421
2026-01-26 04:34:26	INFO	AWT-EventQueue-0	Thread.getStackTrace(1559)	unregister slip progress, view id : 33389421
2026-01-26 04:34:26	INFO	AWT-EventQueue-0	Thread.getStackTrace(1559)	unregister slip, view id : 23050713
2026-01-26 04:34:26	INFO	AWT-EventQueue-0	Thread.getStackTrace(1559)	unregister slip progress, view id : 23050713
2026-01-26 04:34:26	INFO	AWT-EventQueue-0	Thread.getStackTrace(1559)	unregister slip, view id : 28103636
2026-01-26 04:34:26	INFO	AWT-EventQueue-0	Thread.getStackTrace(1559)	unregister slip progress, view id : 28103636
2026-01-26 04:34:26	INFO	AWT-EventQueue-0	Thread.getStackTrace(1559)	unregister slip, view id : 30545167
2026-01-26 04:34:26	INFO	AWT-EventQueue-0	Thread.getStackTrace(1559)	unregister slip progress, view id : 30545167
2026-01-26 04:34:26	INFO	AWT-EventQueue-0	Thread.getStackTrace(1559)	unregister slip, view id : 28674330
2026-01-26 04:34:26	INFO	AWT-EventQueue-0	Thread.getStackTrace(1559)	unregister slip progress, view id : 28674330
2026-01-26 04:34:26	INFO	AWT-EventQueue-0	Thread.getStackTrace(1559)	unregister slip, view id : 28164126
2026-01-26 04:34:26	INFO	AWT-EventQueue-0	Thread.getStackTrace(1559)	unregister slip progress, view id : 28164126
2026-01-26 04:34:26	INFO	AWT-EventQueue-0	Thread.getStackTrace(1559)	unregister slip, view id : 24010487
2026-01-26 04:34:26	INFO	AWT-EventQueue-0	Thread.getStackTrace(1559)	unregister slip progress, view id : 24010487
2026-01-26 05:45:47	INFO	pool-13-thread-27	Thread.getStackTrace(1559)	create new SvTablePanel instance, view id :4480828
2026-01-26 05:45:47	INFO	pool-13-thread-27	Thread.getStackTrace(1559)	register slip progress, view id : 4480828
2026-01-26 05:45:47	INFO	SlipWinThread_com.huawei.u2000.ucbb.table.slip.SlipTableMsgService	Thread.getStackTrace(1559)	register slip , return result/ view id : 1 / 4480828
2026-01-26 05:45:47	INFO	pool-13-thread-27	Thread.getStackTrace(1559)	unregister slip, view id : 4480828
2026-01-26 05:45:47	INFO	pool-13-thread-27	Thread.getStackTrace(1559)	unregister slip progress, view id : 4480828
2026-01-26 05:51:50	INFO	AWT-EventQueue-0	Thread.getStackTrace(1559)	create new SvTablePanel instance, view id :9416437
2026-01-26 05:51:50	INFO	AWT-EventQueue-0	Thread.getStackTrace(1559)	register slip progress, view id : 9416437
2026-01-26 05:51:50	INFO	SlipWinThread_com.huawei.u2000.ucbb.table.slip.SlipTableMsgService	Thread.getStackTrace(1559)	register slip , return result/ view id : 1 / 9416437
2026-01-26 05:53:14	INFO	AWT-EventQueue-0	Thread.getStackTrace(1559)	unregister slip, view id : 9416437
2026-01-26 05:53:14	INFO	AWT-EventQueue-0	Thread.getStackTrace(1559)	unregister slip progress, view id : 9416437
2026-01-26 06:36:01	INFO	AWT-EventQueue-0	Thread.getStackTrace(1559)	create new SvTablePanel instance, view id :24748447
2026-01-26 06:36:01	INFO	AWT-EventQueue-0	Thread.getStackTrace(1559)	register slip progress, view id : 24748447
2026-01-26 06:36:01	INFO	SlipWinThread_com.huawei.u2000.ucbb.table.slip.SlipTableMsgService	Thread.getStackTrace(1559)	register slip , return result/ view id : 1 / 24748447
2026-01-26 06:36:02	INFO	SvTableMsgReceiver Thread-358659	Thread.getStackTrace(1559)	recieve message cmdcode:12639
2026-01-26 06:36:21	INFO	SvTableMsgReceiver Thread-358659	Thread.getStackTrace(1559)	recieve message cmdcode:12639
2026-01-26 06:36:35	INFO	SvTableMsgReceiver Thread-358659	Thread.getStackTrace(1559)	recieve message cmdcode:12639
2026-01-26 06:36:43	INFO	SvTableMsgReceiver Thread-358659	Thread.getStackTrace(1559)	recieve message cmdcode:12639
2026-01-26 06:36:54	INFO	SvTableMsgReceiver Thread-358659	Thread.getStackTrace(1559)	recieve message cmdcode:12639
2026-01-26 06:36:59	INFO	SvTableMsgReceiver Thread-358659	Thread.getStackTrace(1559)	recieve message cmdcode:12639
2026-01-26 06:37:43	INFO	SvTableMsgReceiver Thread-358659	Thread.getStackTrace(1559)	recieve message cmdcode:12639
2026-01-26 06:37:49	INFO	SvTableMsgReceiver Thread-358659	Thread.getStackTrace(1559)	recieve message cmdcode:12639
2026-01-26 06:37:54	INFO	SvTableMsgReceiver Thread-358659	Thread.getStackTrace(1559)	recieve message cmdcode:12639
2026-01-26 06:38:23	INFO	SvTableMsgReceiver Thread-358659	Thread.getStackTrace(1559)	recieve message cmdcode:12639
2026-01-26 06:38:27	INFO	SvTableMsgReceiver Thread-358659	Thread.getStackTrace(1559)	recieve message cmdcode:12639
2026-01-26 06:38:31	INFO	SvTableMsgReceiver Thread-358659	Thread.getStackTrace(1559)	recieve message cmdcode:12639
2026-01-26 06:38:54	INFO	SvTableMsgReceiver Thread-358659	Thread.getStackTrace(1559)	recieve message cmdcode:12639
2026-01-26 06:39:28	INFO	SvTableMsgReceiver Thread-358659	Thread.getStackTrace(1559)	recieve message cmdcode:12639
2026-01-26 06:40:06	INFO	SvTableMsgReceiver Thread-358659	Thread.getStackTrace(1559)	recieve message cmdcode:12639
2026-01-26 06:40:13	INFO	SvTableMsgReceiver Thread-358659	Thread.getStackTrace(1559)	recieve message cmdcode:12639
2026-01-26 06:40:21	INFO	SvTableMsgReceiver Thread-358659	Thread.getStackTrace(1559)	recieve message cmdcode:12639
2026-01-26 06:40:30	INFO	SvTableMsgReceiver Thread-358659	Thread.getStackTrace(1559)	recieve message cmdcode:12639
2026-01-26 06:40:55	INFO	SvTableMsgReceiver Thread-358659	Thread.getStackTrace(1559)	recieve message cmdcode:12639
2026-01-26 06:41:23	INFO	SvTableMsgReceiver Thread-358659	Thread.getStackTrace(1559)	recieve message cmdcode:12639
2026-01-26 06:41:31	INFO	SvTableMsgReceiver Thread-358659	Thread.getStackTrace(1559)	recieve message cmdcode:12639
2026-01-27 09:39:35	INFO	AWT-EventQueue-0	Thread.getStackTrace(1559)	start slip view
2026-01-27 09:39:35	INFO	AWT-EventQueue-0	Thread.getStackTrace(1559)	create new SvTablePanel instance, view id :1083713
2026-01-27 09:39:35	INFO	AWT-EventQueue-0	Thread.getStackTrace(1559)	register slip progress, view id : 1083713
2026-01-27 09:39:35	INFO	SlipWinThread_com.huawei.u2000.ucbb.table.slip.SlipTableMsgService	Thread.getStackTrace(1559)	register slip , return result/ view id : 1 / 1083713
2026-01-27 09:44:09	INFO	AWT-EventQueue-0	Thread.getStackTrace(1559)	create new SvTablePanel instance, view id :25888729
2026-01-27 09:44:09	INFO	AWT-EventQueue-0	Thread.getStackTrace(1559)	register slip progress, view id : 25888729
2026-01-27 09:44:09	INFO	SlipWinThread_com.huawei.u2000.ucbb.table.slip.SlipTableMsgService	Thread.getStackTrace(1559)	register slip , return result/ view id : 1 / 25888729
2026-01-27 09:44:10	INFO	SvTableMsgReceiver Thread-18965	Thread.getStackTrace(1559)	recieve message cmdcode:12639
2026-01-27 09:44:10	INFO	SvTableMsgReceiver Thread-28670	Thread.getStackTrace(1559)	recieve message cmdcode:12639
2026-01-27 09:46:52	INFO	AWT-EventQueue-0	Thread.getStackTrace(1559)	unregister slip, view id : 25888729
2026-01-27 09:46:52	INFO	AWT-EventQueue-0	Thread.getStackTrace(1559)	unregister slip progress, view id : 25888729
2026-01-27 09:50:17	INFO	AWT-EventQueue-0	Thread.getStackTrace(1559)	create new SvTablePanel instance, view id :8733016
2026-01-27 09:50:17	INFO	AWT-EventQueue-0	Thread.getStackTrace(1559)	register slip progress, view id : 8733016
2026-01-27 09:50:17	INFO	SlipWinThread_com.huawei.u2000.ucbb.table.slip.SlipTableMsgService	Thread.getStackTrace(1559)	register slip , return result/ view id : 1 / 8733016
2026-01-27 11:01:18	INFO	AWT-EventQueue-0	Thread.getStackTrace(1559)	create new SvTablePanel instance, view id :13927970
2026-01-27 11:01:18	INFO	AWT-EventQueue-0	Thread.getStackTrace(1559)	register slip progress, view id : 13927970
2026-01-27 11:01:18	INFO	SlipWinThread_com.huawei.u2000.ucbb.table.slip.SlipTableMsgService	Thread.getStackTrace(1559)	register slip , return result/ view id : 1 / 13927970
2026-01-27 11:01:19	INFO	SvTableMsgReceiver Thread-52544	Thread.getStackTrace(1559)	recieve message cmdcode:12639
2026-01-27 11:01:19	INFO	SvTableMsgReceiver Thread-18965	Thread.getStackTrace(1559)	recieve message cmdcode:12639
2026-01-27 11:01:19	INFO	SvTableMsgReceiver Thread-62134	Thread.getStackTrace(1559)	recieve message cmdcode:12639
2026-01-29 06:30:27	INFO	AWT-EventQueue-0	Thread.getStackTrace(1559)	start slip view
2026-01-29 06:30:27	INFO	AWT-EventQueue-0	Thread.getStackTrace(1559)	create new SvTablePanel instance, view id :22302481
2026-01-29 06:30:27	INFO	AWT-EventQueue-0	Thread.getStackTrace(1559)	register slip progress, view id : 22302481
2026-01-29 06:30:27	INFO	SlipWinThread_com.huawei.u2000.ucbb.table.slip.SlipTableMsgService	Thread.getStackTrace(1559)	register slip , return result/ view id : 1 / 22302481
2026-01-29 06:30:31	INFO	SvTableMsgReceiver Thread-12417	Thread.getStackTrace(1559)	recieve message cmdcode:12639
2026-01-29 06:38:19	INFO	SvTableMsgReceiver Thread-12417	Thread.getStackTrace(1559)	recieve message cmdcode:12639
2026-01-29 06:40:44	INFO	AWT-EventQueue-0	Thread.getStackTrace(1559)	unregister slip, view id : 22302481
2026-01-29 06:40:44	INFO	AWT-EventQueue-0	Thread.getStackTrace(1559)	unregister slip progress, view id : 22302481
2026-01-29 06:40:44	INFO	AWT-EventQueue-0	Thread.getStackTrace(1559)	create new SvTablePanel instance, view id :32021345
2026-01-29 06:40:44	INFO	AWT-EventQueue-0	Thread.getStackTrace(1559)	register slip progress, view id : 32021345
2026-01-29 06:40:44	INFO	SlipWinThread_com.huawei.u2000.ucbb.table.slip.SlipTableMsgService	Thread.getStackTrace(1559)	register slip , return result/ view id : 1 / 32021345
2026-01-29 06:40:45	INFO	SvTableMsgReceiver Thread-20655	Thread.getStackTrace(1559)	recieve message cmdcode:12639
2026-01-29 07:33:03	INFO	AWT-EventQueue-0	Thread.getStackTrace(1559)	unregister slip, view id : 32021345
2026-01-29 07:33:03	INFO	AWT-EventQueue-0	Thread.getStackTrace(1559)	unregister slip progress, view id : 32021345
2026-01-29 07:33:04	INFO	AWT-EventQueue-0	Thread.getStackTrace(1559)	create new SvTablePanel instance, view id :9985250
2026-01-29 07:33:04	INFO	AWT-EventQueue-0	Thread.getStackTrace(1559)	register slip progress, view id : 9985250
2026-01-29 07:33:04	INFO	SlipWinThread_com.huawei.u2000.ucbb.table.slip.SlipTableMsgService	Thread.getStackTrace(1559)	register slip , return result/ view id : 1 / 9985250
2026-01-29 07:33:05	INFO	SvTableMsgReceiver Thread-21460	Thread.getStackTrace(1559)	recieve message cmdcode:12639
2026-01-29 07:33:38	INFO	AWT-EventQueue-0	Thread.getStackTrace(1559)	unregister slip, view id : 9985250
2026-01-29 07:33:38	INFO	AWT-EventQueue-0	Thread.getStackTrace(1559)	unregister slip progress, view id : 9985250
2026-01-29 15:08:17	INFO	AWT-EventQueue-0	Thread.getStackTrace(1559)	start slip view
2026-01-29 15:08:17	INFO	AWT-EventQueue-0	Thread.getStackTrace(1559)	create new SvTablePanel instance, view id :30932003
2026-01-29 15:08:17	INFO	AWT-EventQueue-0	Thread.getStackTrace(1559)	register slip progress, view id : 30932003
2026-01-29 15:08:18	INFO	SlipWinThread_com.huawei.u2000.ucbb.table.slip.SlipTableMsgService	Thread.getStackTrace(1559)	register slip , return result/ view id : 1 / 30932003
2026-01-29 15:08:19	INFO	SvTableMsgReceiver Thread-18325	Thread.getStackTrace(1559)	recieve message cmdcode:12639
2026-01-29 15:15:10	INFO	AWT-EventQueue-0	Thread.getStackTrace(1559)	create new SvTablePanel instance, view id :6051553
2026-01-29 15:15:10	INFO	AWT-EventQueue-0	Thread.getStackTrace(1559)	register slip progress, view id : 6051553
2026-01-29 15:15:10	INFO	SlipWinThread_com.huawei.u2000.ucbb.table.slip.SlipTableMsgService	Thread.getStackTrace(1559)	register slip , return result/ view id : 1 / 6051553
2026-01-29 15:15:11	INFO	SvTableMsgReceiver Thread-18325	Thread.getStackTrace(1559)	recieve message cmdcode:12639
2026-01-29 15:15:11	INFO	SvTableMsgReceiver Thread-30994	Thread.getStackTrace(1559)	recieve message cmdcode:12639
2026-01-29 16:02:45	INFO	AWT-EventQueue-0	Thread.getStackTrace(1559)	unregister slip, view id : 30932003
2026-01-29 16:02:45	INFO	AWT-EventQueue-0	Thread.getStackTrace(1559)	unregister slip progress, view id : 30932003
2026-01-30 11:23:58	INFO	AWT-EventQueue-0	Thread.getStackTrace(1559)	unregister slip, view id : 6051553
2026-01-30 11:23:58	INFO	AWT-EventQueue-0	Thread.getStackTrace(1559)	unregister slip progress, view id : 6051553
2026-01-30 12:10:35	INFO	AWT-EventQueue-0	Thread.getStackTrace(1559)	create new SvTablePanel instance, view id :30138210
2026-01-30 12:10:35	INFO	AWT-EventQueue-0	Thread.getStackTrace(1559)	register slip progress, view id : 30138210
2026-01-30 12:10:35	INFO	SlipWinThread_com.huawei.u2000.ucbb.table.slip.SlipTableMsgService	Thread.getStackTrace(1559)	register slip , return result/ view id : 1 / 30138210
2026-01-30 12:10:36	INFO	SvTableMsgReceiver Thread-110727	Thread.getStackTrace(1559)	recieve message cmdcode:12639
2026-01-30 12:20:31	INFO	SvTableMsgReceiver Thread-110727	Thread.getStackTrace(1559)	recieve message cmdcode:12639
2026-02-04 08:16:31	INFO	AWT-EventQueue-0	Thread.getStackTrace(1559)	start slip view
2026-02-04 08:16:31	INFO	AWT-EventQueue-0	Thread.getStackTrace(1559)	create new SvTablePanel instance, view id :29483602
2026-02-04 08:16:31	INFO	AWT-EventQueue-0	Thread.getStackTrace(1559)	register slip progress, view id : 29483602
2026-02-04 08:16:31	INFO	SlipWinThread_com.huawei.u2000.ucbb.table.slip.SlipTableMsgService	Thread.getStackTrace(1559)	register slip , return result/ view id : 1 / 29483602
2026-02-04 08:16:32	INFO	SvTableMsgReceiver Thread-6787	Thread.getStackTrace(1559)	recieve message cmdcode:12639
2026-02-05 06:45:24	INFO	AWT-EventQueue-0	Thread.getStackTrace(1559)	start slip view
2026-02-05 06:45:24	INFO	AWT-EventQueue-0	Thread.getStackTrace(1559)	create new SvTablePanel instance, view id :17524402
2026-02-05 06:45:24	INFO	AWT-EventQueue-0	Thread.getStackTrace(1559)	register slip progress, view id : 17524402
2026-02-05 06:45:24	INFO	SlipWinThread_com.huawei.u2000.ucbb.table.slip.SlipTableMsgService	Thread.getStackTrace(1559)	register slip , return result/ view id : 1 / 17524402
2026-02-05 06:45:56	INFO	SvTableMsgReceiver Thread-33779	Thread.getStackTrace(1559)	recieve message cmdcode:12639
2026-02-05 06:46:35	INFO	SvTableMsgReceiver Thread-33779	Thread.getStackTrace(1559)	recieve message cmdcode:12639
2026-02-05 06:48:29	INFO	AWT-EventQueue-0	Thread.getStackTrace(1559)	unregister slip, view id : 17524402
2026-02-05 06:48:29	INFO	AWT-EventQueue-0	Thread.getStackTrace(1559)	unregister slip progress, view id : 17524402
2026-02-05 06:48:34	INFO	AWT-EventQueue-0	Thread.getStackTrace(1559)	create new SvTablePanel instance, view id :5213932
2026-02-05 06:48:34	INFO	AWT-EventQueue-0	Thread.getStackTrace(1559)	register slip progress, view id : 5213932
2026-02-05 06:48:34	INFO	SlipWinThread_com.huawei.u2000.ucbb.table.slip.SlipTableMsgService	Thread.getStackTrace(1559)	register slip , return result/ view id : 1 / 5213932
2026-02-05 06:49:16	INFO	AWT-EventQueue-0	Thread.getStackTrace(1559)	create new SvTablePanel instance, view id :7473811
2026-02-05 06:49:16	INFO	AWT-EventQueue-0	Thread.getStackTrace(1559)	register slip progress, view id : 7473811
2026-02-05 06:49:16	INFO	SlipWinThread_com.huawei.u2000.ucbb.table.slip.SlipTableMsgService	Thread.getStackTrace(1559)	register slip , return result/ view id : 1 / 7473811
2026-02-05 06:49:57	INFO	SvTableMsgReceiver Thread-38680	Thread.getStackTrace(1559)	recieve message cmdcode:12639
2026-02-05 06:49:57	INFO	SvTableMsgReceiver Thread-42681	Thread.getStackTrace(1559)	recieve message cmdcode:12639
2026-02-05 06:50:01	INFO	SvTableMsgReceiver Thread-38680	Thread.getStackTrace(1559)	recieve message cmdcode:12639
2026-02-05 06:50:01	INFO	SvTableMsgReceiver Thread-42681	Thread.getStackTrace(1559)	recieve message cmdcode:12639
2026-02-05 06:50:03	INFO	SvTableMsgReceiver Thread-38680	Thread.getStackTrace(1559)	recieve message cmdcode:12639
2026-02-05 06:50:03	INFO	SvTableMsgReceiver Thread-42681	Thread.getStackTrace(1559)	recieve message cmdcode:12639
2026-02-05 06:59:35	INFO	AWT-EventQueue-0	Thread.getStackTrace(1559)	create new SvTablePanel instance, view id :12027019
2026-02-05 06:59:35	INFO	AWT-EventQueue-0	Thread.getStackTrace(1559)	register slip progress, view id : 12027019
2026-02-05 06:59:35	INFO	SlipWinThread_com.huawei.u2000.ucbb.table.slip.SlipTableMsgService	Thread.getStackTrace(1559)	register slip , return result/ view id : 1 / 12027019
2026-02-05 06:59:35	INFO	AWT-EventQueue-0	Thread.getStackTrace(1559)	unregister slip, view id : 7473811
2026-02-05 06:59:35	INFO	AWT-EventQueue-0	Thread.getStackTrace(1559)	unregister slip progress, view id : 7473811
2026-02-05 06:59:42	INFO	AWT-EventQueue-0	Thread.getStackTrace(1559)	create new SvTablePanel instance, view id :1683219
2026-02-05 06:59:42	INFO	AWT-EventQueue-0	Thread.getStackTrace(1559)	register slip progress, view id : 1683219
2026-02-05 06:59:42	INFO	SlipWinThread_com.huawei.u2000.ucbb.table.slip.SlipTableMsgService	Thread.getStackTrace(1559)	register slip , return result/ view id : 1 / 1683219
2026-02-05 06:59:42	INFO	AWT-EventQueue-0	Thread.getStackTrace(1559)	unregister slip, view id : 12027019
2026-02-05 06:59:42	INFO	AWT-EventQueue-0	Thread.getStackTrace(1559)	unregister slip progress, view id : 12027019
2026-02-05 06:59:42	INFO	AWT-EventQueue-0	Thread.getStackTrace(1559)	create new SvTablePanel instance, view id :32955804
2026-02-05 06:59:42	INFO	AWT-EventQueue-0	Thread.getStackTrace(1559)	register slip progress, view id : 32955804
2026-02-05 06:59:42	INFO	SlipWinThread_com.huawei.u2000.ucbb.table.slip.SlipTableMsgService	Thread.getStackTrace(1559)	register slip , return result/ view id : 1 / 32955804
2026-02-05 06:59:42	INFO	AWT-EventQueue-0	Thread.getStackTrace(1559)	unregister slip, view id : 1683219
2026-02-05 06:59:42	INFO	AWT-EventQueue-0	Thread.getStackTrace(1559)	unregister slip progress, view id : 1683219
2026-02-05 06:59:44	INFO	AWT-EventQueue-0	Thread.getStackTrace(1559)	create new SvTablePanel instance, view id :16440940
2026-02-05 06:59:44	INFO	AWT-EventQueue-0	Thread.getStackTrace(1559)	register slip progress, view id : 16440940
2026-02-05 06:59:44	INFO	SlipWinThread_com.huawei.u2000.ucbb.table.slip.SlipTableMsgService	Thread.getStackTrace(1559)	register slip , return result/ view id : 1 / 16440940
2026-02-05 06:59:44	INFO	AWT-EventQueue-0	Thread.getStackTrace(1559)	unregister slip, view id : 32955804
2026-02-05 06:59:44	INFO	AWT-EventQueue-0	Thread.getStackTrace(1559)	unregister slip progress, view id : 32955804
2026-02-05 06:59:50	INFO	AWT-EventQueue-0	Thread.getStackTrace(1559)	create new SvTablePanel instance, view id :27593761
2026-02-05 06:59:50	INFO	AWT-EventQueue-0	Thread.getStackTrace(1559)	register slip progress, view id : 27593761
2026-02-05 06:59:50	INFO	SlipWinThread_com.huawei.u2000.ucbb.table.slip.SlipTableMsgService	Thread.getStackTrace(1559)	register slip , return result/ view id : 1 / 27593761
2026-02-05 06:59:50	INFO	AWT-EventQueue-0	Thread.getStackTrace(1559)	unregister slip, view id : 16440940
2026-02-05 06:59:50	INFO	AWT-EventQueue-0	Thread.getStackTrace(1559)	unregister slip progress, view id : 16440940
2026-02-05 06:59:50	INFO	AWT-EventQueue-0	Thread.getStackTrace(1559)	create new SvTablePanel instance, view id :25195375
2026-02-05 06:59:50	INFO	AWT-EventQueue-0	Thread.getStackTrace(1559)	register slip progress, view id : 25195375
2026-02-05 06:59:50	INFO	SlipWinThread_com.huawei.u2000.ucbb.table.slip.SlipTableMsgService	Thread.getStackTrace(1559)	register slip , return result/ view id : 1 / 25195375
2026-02-05 06:59:50	INFO	AWT-EventQueue-0	Thread.getStackTrace(1559)	unregister slip, view id : 27593761
2026-02-05 06:59:50	INFO	AWT-EventQueue-0	Thread.getStackTrace(1559)	unregister slip progress, view id : 27593761
2026-02-05 06:59:51	INFO	AWT-EventQueue-0	Thread.getStackTrace(1559)	create new SvTablePanel instance, view id :27212999
2026-02-05 06:59:51	INFO	AWT-EventQueue-0	Thread.getStackTrace(1559)	register slip progress, view id : 27212999
2026-02-05 06:59:51	INFO	SlipWinThread_com.huawei.u2000.ucbb.table.slip.SlipTableMsgService	Thread.getStackTrace(1559)	register slip , return result/ view id : 1 / 27212999
2026-02-05 06:59:51	INFO	AWT-EventQueue-0	Thread.getStackTrace(1559)	unregister slip, view id : 25195375
2026-02-05 06:59:51	INFO	AWT-EventQueue-0	Thread.getStackTrace(1559)	unregister slip progress, view id : 25195375
2026-02-05 06:59:56	INFO	AWT-EventQueue-0	Thread.getStackTrace(1559)	create new SvTablePanel instance, view id :19369271
2026-02-05 06:59:56	INFO	AWT-EventQueue-0	Thread.getStackTrace(1559)	register slip progress, view id : 19369271
2026-02-05 06:59:56	INFO	SlipWinThread_com.huawei.u2000.ucbb.table.slip.SlipTableMsgService	Thread.getStackTrace(1559)	register slip , return result/ view id : 1 / 19369271
2026-02-05 06:59:56	INFO	AWT-EventQueue-0	Thread.getStackTrace(1559)	unregister slip, view id : 27212999
2026-02-05 06:59:56	INFO	AWT-EventQueue-0	Thread.getStackTrace(1559)	unregister slip progress, view id : 27212999
2026-02-05 06:59:56	INFO	AWT-EventQueue-0	Thread.getStackTrace(1559)	create new SvTablePanel instance, view id :17872888
2026-02-05 06:59:56	INFO	AWT-EventQueue-0	Thread.getStackTrace(1559)	register slip progress, view id : 17872888
2026-02-05 06:59:56	INFO	SlipWinThread_com.huawei.u2000.ucbb.table.slip.SlipTableMsgService	Thread.getStackTrace(1559)	register slip , return result/ view id : 1 / 17872888
2026-02-05 06:59:56	INFO	AWT-EventQueue-0	Thread.getStackTrace(1559)	unregister slip, view id : 19369271
2026-02-05 06:59:56	INFO	AWT-EventQueue-0	Thread.getStackTrace(1559)	unregister slip progress, view id : 19369271
2026-02-05 06:59:58	INFO	AWT-EventQueue-0	Thread.getStackTrace(1559)	create new SvTablePanel instance, view id :2449035
2026-02-05 06:59:58	INFO	AWT-EventQueue-0	Thread.getStackTrace(1559)	register slip progress, view id : 2449035
2026-02-05 06:59:58	INFO	SlipWinThread_com.huawei.u2000.ucbb.table.slip.SlipTableMsgService	Thread.getStackTrace(1559)	register slip , return result/ view id : 1 / 2449035
2026-02-05 06:59:58	INFO	AWT-EventQueue-0	Thread.getStackTrace(1559)	unregister slip, view id : 17872888
2026-02-05 06:59:58	INFO	AWT-EventQueue-0	Thread.getStackTrace(1559)	unregister slip progress, view id : 17872888
2026-02-05 07:00:03	INFO	AWT-EventQueue-0	Thread.getStackTrace(1559)	create new SvTablePanel instance, view id :24761258
2026-02-05 07:00:03	INFO	AWT-EventQueue-0	Thread.getStackTrace(1559)	register slip progress, view id : 24761258
2026-02-05 07:00:03	INFO	SlipWinThread_com.huawei.u2000.ucbb.table.slip.SlipTableMsgService	Thread.getStackTrace(1559)	register slip , return result/ view id : 1 / 24761258
2026-02-05 07:00:03	INFO	AWT-EventQueue-0	Thread.getStackTrace(1559)	unregister slip, view id : 2449035
2026-02-05 07:00:03	INFO	AWT-EventQueue-0	Thread.getStackTrace(1559)	unregister slip progress, view id : 2449035
2026-02-05 07:00:03	INFO	AWT-EventQueue-0	Thread.getStackTrace(1559)	create new SvTablePanel instance, view id :4293567
2026-02-05 07:00:03	INFO	AWT-EventQueue-0	Thread.getStackTrace(1559)	register slip progress, view id : 4293567
2026-02-05 07:00:03	INFO	SlipWinThread_com.huawei.u2000.ucbb.table.slip.SlipTableMsgService	Thread.getStackTrace(1559)	register slip , return result/ view id : 1 / 4293567
2026-02-05 07:00:03	INFO	AWT-EventQueue-0	Thread.getStackTrace(1559)	unregister slip, view id : 24761258
2026-02-05 07:00:03	INFO	AWT-EventQueue-0	Thread.getStackTrace(1559)	unregister slip progress, view id : 24761258
2026-02-05 07:19:59	INFO	AWT-EventQueue-0	Thread.getStackTrace(1559)	unregister slip, view id : 4293567
2026-02-05 07:19:59	INFO	AWT-EventQueue-0	Thread.getStackTrace(1559)	unregister slip progress, view id : 4293567
2026-02-05 07:20:03	INFO	AWT-EventQueue-0	Thread.getStackTrace(1559)	create new SvTablePanel instance, view id :10311415
2026-02-05 07:20:03	INFO	AWT-EventQueue-0	Thread.getStackTrace(1559)	register slip progress, view id : 10311415
2026-02-05 07:20:03	INFO	SlipWinThread_com.huawei.u2000.ucbb.table.slip.SlipTableMsgService	Thread.getStackTrace(1559)	register slip , return result/ view id : 1 / 10311415
2026-02-05 07:20:12	INFO	AWT-EventQueue-0	Thread.getStackTrace(1559)	create new SvTablePanel instance, view id :24881265
2026-02-05 07:20:12	INFO	AWT-EventQueue-0	Thread.getStackTrace(1559)	register slip progress, view id : 24881265
2026-02-05 07:20:12	INFO	SlipWinThread_com.huawei.u2000.ucbb.table.slip.SlipTableMsgService	Thread.getStackTrace(1559)	register slip , return result/ view id : 1 / 24881265
2026-02-05 07:20:12	INFO	AWT-EventQueue-0	Thread.getStackTrace(1559)	unregister slip, view id : 10311415
2026-02-05 07:20:12	INFO	AWT-EventQueue-0	Thread.getStackTrace(1559)	unregister slip progress, view id : 10311415
2026-02-05 07:20:18	INFO	AWT-EventQueue-0	Thread.getStackTrace(1559)	create new SvTablePanel instance, view id :10591830
2026-02-05 07:20:18	INFO	AWT-EventQueue-0	Thread.getStackTrace(1559)	register slip progress, view id : 10591830
2026-02-05 07:20:18	INFO	SlipWinThread_com.huawei.u2000.ucbb.table.slip.SlipTableMsgService	Thread.getStackTrace(1559)	register slip , return result/ view id : 1 / 10591830
2026-02-05 07:20:18	INFO	AWT-EventQueue-0	Thread.getStackTrace(1559)	unregister slip, view id : 24881265
2026-02-05 07:20:18	INFO	AWT-EventQueue-0	Thread.getStackTrace(1559)	unregister slip progress, view id : 24881265
2026-02-05 07:20:18	INFO	AWT-EventQueue-0	Thread.getStackTrace(1559)	create new SvTablePanel instance, view id :10850343
2026-02-05 07:20:18	INFO	AWT-EventQueue-0	Thread.getStackTrace(1559)	register slip progress, view id : 10850343
2026-02-05 07:20:18	INFO	SlipWinThread_com.huawei.u2000.ucbb.table.slip.SlipTableMsgService	Thread.getStackTrace(1559)	register slip , return result/ view id : 1 / 10850343
2026-02-05 07:20:19	INFO	AWT-EventQueue-0	Thread.getStackTrace(1559)	unregister slip, view id : 10591830
2026-02-05 07:20:19	INFO	AWT-EventQueue-0	Thread.getStackTrace(1559)	unregister slip progress, view id : 10591830
2026-02-05 07:20:20	INFO	AWT-EventQueue-0	Thread.getStackTrace(1559)	create new SvTablePanel instance, view id :26396332
2026-02-05 07:20:20	INFO	AWT-EventQueue-0	Thread.getStackTrace(1559)	register slip progress, view id : 26396332
2026-02-05 07:20:20	INFO	SlipWinThread_com.huawei.u2000.ucbb.table.slip.SlipTableMsgService	Thread.getStackTrace(1559)	register slip , return result/ view id : 1 / 26396332
2026-02-05 07:20:20	INFO	AWT-EventQueue-0	Thread.getStackTrace(1559)	unregister slip, view id : 10850343
2026-02-05 07:20:20	INFO	AWT-EventQueue-0	Thread.getStackTrace(1559)	unregister slip progress, view id : 10850343
2026-02-05 07:20:25	INFO	AWT-EventQueue-0	Thread.getStackTrace(1559)	create new SvTablePanel instance, view id :16090241
2026-02-05 07:20:25	INFO	AWT-EventQueue-0	Thread.getStackTrace(1559)	register slip progress, view id : 16090241
2026-02-05 07:20:25	INFO	SlipWinThread_com.huawei.u2000.ucbb.table.slip.SlipTableMsgService	Thread.getStackTrace(1559)	register slip , return result/ view id : 1 / 16090241
2026-02-05 07:20:25	INFO	AWT-EventQueue-0	Thread.getStackTrace(1559)	unregister slip, view id : 26396332
2026-02-05 07:20:25	INFO	AWT-EventQueue-0	Thread.getStackTrace(1559)	unregister slip progress, view id : 26396332
2026-02-05 07:20:25	INFO	AWT-EventQueue-0	Thread.getStackTrace(1559)	create new SvTablePanel instance, view id :31423846
2026-02-05 07:20:25	INFO	AWT-EventQueue-0	Thread.getStackTrace(1559)	register slip progress, view id : 31423846
2026-02-05 07:20:25	INFO	SlipWinThread_com.huawei.u2000.ucbb.table.slip.SlipTableMsgService	Thread.getStackTrace(1559)	register slip , return result/ view id : 1 / 31423846
2026-02-05 07:20:25	INFO	AWT-EventQueue-0	Thread.getStackTrace(1559)	unregister slip, view id : 16090241
2026-02-05 07:20:25	INFO	AWT-EventQueue-0	Thread.getStackTrace(1559)	unregister slip progress, view id : 16090241
2026-02-05 07:20:29	INFO	AWT-EventQueue-0	Thread.getStackTrace(1559)	create new SvTablePanel instance, view id :5636490
2026-02-05 07:20:29	INFO	AWT-EventQueue-0	Thread.getStackTrace(1559)	register slip progress, view id : 5636490
2026-02-05 07:20:29	INFO	SlipWinThread_com.huawei.u2000.ucbb.table.slip.SlipTableMsgService	Thread.getStackTrace(1559)	register slip , return result/ view id : 1 / 5636490
2026-02-05 07:20:29	INFO	AWT-EventQueue-0	Thread.getStackTrace(1559)	unregister slip, view id : 31423846
2026-02-05 07:20:29	INFO	AWT-EventQueue-0	Thread.getStackTrace(1559)	unregister slip progress, view id : 31423846
2026-02-05 07:20:39	INFO	AWT-EventQueue-0	Thread.getStackTrace(1559)	create new SvTablePanel instance, view id :32939633
2026-02-05 07:20:39	INFO	AWT-EventQueue-0	Thread.getStackTrace(1559)	register slip progress, view id : 32939633
2026-02-05 07:20:39	INFO	SlipWinThread_com.huawei.u2000.ucbb.table.slip.SlipTableMsgService	Thread.getStackTrace(1559)	register slip , return result/ view id : 1 / 32939633
2026-02-05 07:20:39	INFO	AWT-EventQueue-0	Thread.getStackTrace(1559)	unregister slip, view id : 5636490
2026-02-05 07:20:39	INFO	AWT-EventQueue-0	Thread.getStackTrace(1559)	unregister slip progress, view id : 5636490
2026-02-05 07:20:50	INFO	AWT-EventQueue-0	Thread.getStackTrace(1559)	create new SvTablePanel instance, view id :10291247
2026-02-05 07:20:50	INFO	AWT-EventQueue-0	Thread.getStackTrace(1559)	register slip progress, view id : 10291247
2026-02-05 07:20:50	INFO	SlipWinThread_com.huawei.u2000.ucbb.table.slip.SlipTableMsgService	Thread.getStackTrace(1559)	register slip , return result/ view id : 1 / 10291247
2026-02-05 07:20:50	INFO	AWT-EventQueue-0	Thread.getStackTrace(1559)	unregister slip, view id : 32939633
2026-02-05 07:20:50	INFO	AWT-EventQueue-0	Thread.getStackTrace(1559)	unregister slip progress, view id : 32939633
2026-02-05 07:20:51	INFO	AWT-EventQueue-0	Thread.getStackTrace(1559)	create new SvTablePanel instance, view id :26420307
2026-02-05 07:20:51	INFO	AWT-EventQueue-0	Thread.getStackTrace(1559)	register slip progress, view id : 26420307
2026-02-05 07:20:51	INFO	SlipWinThread_com.huawei.u2000.ucbb.table.slip.SlipTableMsgService	Thread.getStackTrace(1559)	register slip , return result/ view id : 1 / 26420307
2026-02-05 07:20:51	INFO	AWT-EventQueue-0	Thread.getStackTrace(1559)	unregister slip, view id : 10291247
2026-02-05 07:20:51	INFO	AWT-EventQueue-0	Thread.getStackTrace(1559)	unregister slip progress, view id : 10291247
2026-02-05 07:21:00	INFO	AWT-EventQueue-0	Thread.getStackTrace(1559)	create new SvTablePanel instance, view id :26520478
2026-02-05 07:21:00	INFO	AWT-EventQueue-0	Thread.getStackTrace(1559)	register slip progress, view id : 26520478
2026-02-05 07:21:00	INFO	SlipWinThread_com.huawei.u2000.ucbb.table.slip.SlipTableMsgService	Thread.getStackTrace(1559)	register slip , return result/ view id : 1 / 26520478
2026-02-05 07:21:00	INFO	AWT-EventQueue-0	Thread.getStackTrace(1559)	unregister slip, view id : 26420307
2026-02-05 07:21:00	INFO	AWT-EventQueue-0	Thread.getStackTrace(1559)	unregister slip progress, view id : 26420307
2026-02-05 07:21:06	INFO	AWT-EventQueue-0	Thread.getStackTrace(1559)	create new SvTablePanel instance, view id :8870634
2026-02-05 07:21:06	INFO	AWT-EventQueue-0	Thread.getStackTrace(1559)	register slip progress, view id : 8870634
2026-02-05 07:21:06	INFO	SlipWinThread_com.huawei.u2000.ucbb.table.slip.SlipTableMsgService	Thread.getStackTrace(1559)	register slip , return result/ view id : 1 / 8870634
2026-02-05 07:21:06	INFO	AWT-EventQueue-0	Thread.getStackTrace(1559)	unregister slip, view id : 26520478
2026-02-05 07:21:06	INFO	AWT-EventQueue-0	Thread.getStackTrace(1559)	unregister slip progress, view id : 26520478
2026-02-05 07:21:06	INFO	AWT-EventQueue-0	Thread.getStackTrace(1559)	create new SvTablePanel instance, view id :26412739
2026-02-05 07:21:06	INFO	AWT-EventQueue-0	Thread.getStackTrace(1559)	register slip progress, view id : 26412739
2026-02-05 07:21:06	INFO	SlipWinThread_com.huawei.u2000.ucbb.table.slip.SlipTableMsgService	Thread.getStackTrace(1559)	register slip , return result/ view id : 1 / 26412739
2026-02-05 07:21:06	INFO	AWT-EventQueue-0	Thread.getStackTrace(1559)	unregister slip, view id : 8870634
2026-02-05 07:21:06	INFO	AWT-EventQueue-0	Thread.getStackTrace(1559)	unregister slip progress, view id : 8870634
2026-02-05 07:21:08	INFO	AWT-EventQueue-0	Thread.getStackTrace(1559)	create new SvTablePanel instance, view id :13713500
2026-02-05 07:21:08	INFO	AWT-EventQueue-0	Thread.getStackTrace(1559)	register slip progress, view id : 13713500
2026-02-05 07:21:08	INFO	SlipWinThread_com.huawei.u2000.ucbb.table.slip.SlipTableMsgService	Thread.getStackTrace(1559)	register slip , return result/ view id : 1 / 13713500
2026-02-05 07:21:08	INFO	AWT-EventQueue-0	Thread.getStackTrace(1559)	unregister slip, view id : 26412739
2026-02-05 07:21:08	INFO	AWT-EventQueue-0	Thread.getStackTrace(1559)	unregister slip progress, view id : 26412739
2026-02-05 07:21:14	INFO	AWT-EventQueue-0	Thread.getStackTrace(1559)	create new SvTablePanel instance, view id :7952376
2026-02-05 07:21:14	INFO	AWT-EventQueue-0	Thread.getStackTrace(1559)	register slip progress, view id : 7952376
2026-02-05 07:21:14	INFO	SlipWinThread_com.huawei.u2000.ucbb.table.slip.SlipTableMsgService	Thread.getStackTrace(1559)	register slip , return result/ view id : 1 / 7952376
2026-02-05 07:21:14	INFO	AWT-EventQueue-0	Thread.getStackTrace(1559)	unregister slip, view id : 13713500
2026-02-05 07:21:14	INFO	AWT-EventQueue-0	Thread.getStackTrace(1559)	unregister slip progress, view id : 13713500
2026-02-05 07:21:14	INFO	AWT-EventQueue-0	Thread.getStackTrace(1559)	create new SvTablePanel instance, view id :3283734
2026-02-05 07:21:14	INFO	AWT-EventQueue-0	Thread.getStackTrace(1559)	register slip progress, view id : 3283734
2026-02-05 07:21:14	INFO	SlipWinThread_com.huawei.u2000.ucbb.table.slip.SlipTableMsgService	Thread.getStackTrace(1559)	register slip , return result/ view id : 1 / 3283734
2026-02-05 07:21:14	INFO	AWT-EventQueue-0	Thread.getStackTrace(1559)	unregister slip, view id : 7952376
2026-02-05 07:21:14	INFO	AWT-EventQueue-0	Thread.getStackTrace(1559)	unregister slip progress, view id : 7952376
2026-02-05 07:21:16	INFO	AWT-EventQueue-0	Thread.getStackTrace(1559)	create new SvTablePanel instance, view id :7979495
2026-02-05 07:21:16	INFO	AWT-EventQueue-0	Thread.getStackTrace(1559)	register slip progress, view id : 7979495
2026-02-05 07:21:16	INFO	SlipWinThread_com.huawei.u2000.ucbb.table.slip.SlipTableMsgService	Thread.getStackTrace(1559)	register slip , return result/ view id : 1 / 7979495
2026-02-05 07:21:16	INFO	AWT-EventQueue-0	Thread.getStackTrace(1559)	unregister slip, view id : 3283734
2026-02-05 07:21:16	INFO	AWT-EventQueue-0	Thread.getStackTrace(1559)	unregister slip progress, view id : 3283734
2026-02-05 07:21:21	INFO	AWT-EventQueue-0	Thread.getStackTrace(1559)	create new SvTablePanel instance, view id :18739697
2026-02-05 07:21:21	INFO	AWT-EventQueue-0	Thread.getStackTrace(1559)	register slip progress, view id : 18739697
2026-02-05 07:21:21	INFO	SlipWinThread_com.huawei.u2000.ucbb.table.slip.SlipTableMsgService	Thread.getStackTrace(1559)	register slip , return result/ view id : 1 / 18739697
2026-02-05 07:21:21	INFO	AWT-EventQueue-0	Thread.getStackTrace(1559)	unregister slip, view id : 7979495
2026-02-05 07:21:21	INFO	AWT-EventQueue-0	Thread.getStackTrace(1559)	unregister slip progress, view id : 7979495
2026-02-05 07:21:21	INFO	AWT-EventQueue-0	Thread.getStackTrace(1559)	create new SvTablePanel instance, view id :4740008
2026-02-05 07:21:21	INFO	AWT-EventQueue-0	Thread.getStackTrace(1559)	register slip progress, view id : 4740008
2026-02-05 07:21:21	INFO	SlipWinThread_com.huawei.u2000.ucbb.table.slip.SlipTableMsgService	Thread.getStackTrace(1559)	register slip , return result/ view id : 1 / 4740008
2026-02-05 07:21:21	INFO	AWT-EventQueue-0	Thread.getStackTrace(1559)	unregister slip, view id : 18739697
2026-02-05 07:21:21	INFO	AWT-EventQueue-0	Thread.getStackTrace(1559)	unregister slip progress, view id : 18739697
2026-02-05 07:21:23	INFO	AWT-EventQueue-0	Thread.getStackTrace(1559)	create new SvTablePanel instance, view id :18807031
2026-02-05 07:21:23	INFO	AWT-EventQueue-0	Thread.getStackTrace(1559)	register slip progress, view id : 18807031
2026-02-05 07:21:23	INFO	SlipWinThread_com.huawei.u2000.ucbb.table.slip.SlipTableMsgService	Thread.getStackTrace(1559)	register slip , return result/ view id : 1 / 18807031
2026-02-05 07:21:23	INFO	AWT-EventQueue-0	Thread.getStackTrace(1559)	unregister slip, view id : 4740008
2026-02-05 07:21:23	INFO	AWT-EventQueue-0	Thread.getStackTrace(1559)	unregister slip progress, view id : 4740008
2026-02-05 07:21:28	INFO	AWT-EventQueue-0	Thread.getStackTrace(1559)	create new SvTablePanel instance, view id :11448426
2026-02-05 07:21:28	INFO	AWT-EventQueue-0	Thread.getStackTrace(1559)	register slip progress, view id : 11448426
2026-02-05 07:21:28	INFO	SlipWinThread_com.huawei.u2000.ucbb.table.slip.SlipTableMsgService	Thread.getStackTrace(1559)	register slip , return result/ view id : 1 / 11448426
2026-02-05 07:21:28	INFO	AWT-EventQueue-0	Thread.getStackTrace(1559)	unregister slip, view id : 18807031
2026-02-05 07:21:28	INFO	AWT-EventQueue-0	Thread.getStackTrace(1559)	unregister slip progress, view id : 18807031
2026-02-05 07:21:28	INFO	AWT-EventQueue-0	Thread.getStackTrace(1559)	create new SvTablePanel instance, view id :5632170
2026-02-05 07:21:28	INFO	AWT-EventQueue-0	Thread.getStackTrace(1559)	register slip progress, view id : 5632170
2026-02-05 07:21:28	INFO	SlipWinThread_com.huawei.u2000.ucbb.table.slip.SlipTableMsgService	Thread.getStackTrace(1559)	register slip , return result/ view id : 1 / 5632170
2026-02-05 07:21:28	INFO	AWT-EventQueue-0	Thread.getStackTrace(1559)	unregister slip, view id : 11448426
2026-02-05 07:21:28	INFO	AWT-EventQueue-0	Thread.getStackTrace(1559)	unregister slip progress, view id : 11448426
2026-02-05 07:21:29	INFO	AWT-EventQueue-0	Thread.getStackTrace(1559)	create new SvTablePanel instance, view id :25268359
2026-02-05 07:21:29	INFO	AWT-EventQueue-0	Thread.getStackTrace(1559)	register slip progress, view id : 25268359
2026-02-05 07:21:29	INFO	SlipWinThread_com.huawei.u2000.ucbb.table.slip.SlipTableMsgService	Thread.getStackTrace(1559)	register slip , return result/ view id : 1 / 25268359
2026-02-05 07:21:29	INFO	AWT-EventQueue-0	Thread.getStackTrace(1559)	unregister slip, view id : 5632170
2026-02-05 07:21:29	INFO	AWT-EventQueue-0	Thread.getStackTrace(1559)	unregister slip progress, view id : 5632170
2026-02-05 07:21:29	INFO	AWT-EventQueue-0	Thread.getStackTrace(1559)	create new SvTablePanel instance, view id :28225022
2026-02-05 07:21:29	INFO	AWT-EventQueue-0	Thread.getStackTrace(1559)	register slip progress, view id : 28225022
2026-02-05 07:21:29	INFO	SlipWinThread_com.huawei.u2000.ucbb.table.slip.SlipTableMsgService	Thread.getStackTrace(1559)	register slip , return result/ view id : 1 / 28225022
2026-02-05 07:21:29	INFO	AWT-EventQueue-0	Thread.getStackTrace(1559)	unregister slip, view id : 25268359
2026-02-05 07:21:29	INFO	AWT-EventQueue-0	Thread.getStackTrace(1559)	unregister slip progress, view id : 25268359
2026-02-05 07:21:34	INFO	AWT-EventQueue-0	Thread.getStackTrace(1559)	create new SvTablePanel instance, view id :26977158
2026-02-05 07:21:34	INFO	AWT-EventQueue-0	Thread.getStackTrace(1559)	register slip progress, view id : 26977158
2026-02-05 07:21:34	INFO	SlipWinThread_com.huawei.u2000.ucbb.table.slip.SlipTableMsgService	Thread.getStackTrace(1559)	register slip , return result/ view id : 1 / 26977158
2026-02-05 07:21:34	INFO	AWT-EventQueue-0	Thread.getStackTrace(1559)	unregister slip, view id : 28225022
2026-02-05 07:21:34	INFO	AWT-EventQueue-0	Thread.getStackTrace(1559)	unregister slip progress, view id : 28225022
2026-02-05 07:21:34	INFO	AWT-EventQueue-0	Thread.getStackTrace(1559)	create new SvTablePanel instance, view id :27390562
2026-02-05 07:21:34	INFO	AWT-EventQueue-0	Thread.getStackTrace(1559)	register slip progress, view id : 27390562
2026-02-05 07:21:34	INFO	SlipWinThread_com.huawei.u2000.ucbb.table.slip.SlipTableMsgService	Thread.getStackTrace(1559)	register slip , return result/ view id : 1 / 27390562
2026-02-05 07:21:35	INFO	AWT-EventQueue-0	Thread.getStackTrace(1559)	unregister slip, view id : 26977158
2026-02-05 07:21:35	INFO	AWT-EventQueue-0	Thread.getStackTrace(1559)	unregister slip progress, view id : 26977158
2026-02-05 07:21:36	INFO	AWT-EventQueue-0	Thread.getStackTrace(1559)	create new SvTablePanel instance, view id :18983954
2026-02-05 07:21:36	INFO	AWT-EventQueue-0	Thread.getStackTrace(1559)	register slip progress, view id : 18983954
2026-02-05 07:21:36	INFO	SlipWinThread_com.huawei.u2000.ucbb.table.slip.SlipTableMsgService	Thread.getStackTrace(1559)	register slip , return result/ view id : 1 / 18983954
2026-02-05 07:21:36	INFO	AWT-EventQueue-0	Thread.getStackTrace(1559)	unregister slip, view id : 27390562
2026-02-05 07:21:36	INFO	AWT-EventQueue-0	Thread.getStackTrace(1559)	unregister slip progress, view id : 27390562
2026-02-05 07:21:40	INFO	AWT-EventQueue-0	Thread.getStackTrace(1559)	create new SvTablePanel instance, view id :18332085
2026-02-05 07:21:40	INFO	AWT-EventQueue-0	Thread.getStackTrace(1559)	register slip progress, view id : 18332085
2026-02-05 07:21:40	INFO	SlipWinThread_com.huawei.u2000.ucbb.table.slip.SlipTableMsgService	Thread.getStackTrace(1559)	register slip , return result/ view id : 1 / 18332085
2026-02-05 07:21:40	INFO	AWT-EventQueue-0	Thread.getStackTrace(1559)	unregister slip, view id : 18983954
2026-02-05 07:21:40	INFO	AWT-EventQueue-0	Thread.getStackTrace(1559)	unregister slip progress, view id : 18983954
2026-02-05 07:21:41	INFO	AWT-EventQueue-0	Thread.getStackTrace(1559)	create new SvTablePanel instance, view id :18202439
2026-02-05 07:21:41	INFO	AWT-EventQueue-0	Thread.getStackTrace(1559)	register slip progress, view id : 18202439
2026-02-05 07:21:41	INFO	SlipWinThread_com.huawei.u2000.ucbb.table.slip.SlipTableMsgService	Thread.getStackTrace(1559)	register slip , return result/ view id : 1 / 18202439
2026-02-05 07:21:41	INFO	AWT-EventQueue-0	Thread.getStackTrace(1559)	unregister slip, view id : 18332085
2026-02-05 07:21:41	INFO	AWT-EventQueue-0	Thread.getStackTrace(1559)	unregister slip progress, view id : 18332085
2026-02-05 07:21:42	INFO	AWT-EventQueue-0	Thread.getStackTrace(1559)	create new SvTablePanel instance, view id :24543584
2026-02-05 07:21:42	INFO	AWT-EventQueue-0	Thread.getStackTrace(1559)	register slip progress, view id : 24543584
2026-02-05 07:21:42	INFO	SlipWinThread_com.huawei.u2000.ucbb.table.slip.SlipTableMsgService	Thread.getStackTrace(1559)	register slip , return result/ view id : 1 / 24543584
2026-02-05 07:21:42	INFO	AWT-EventQueue-0	Thread.getStackTrace(1559)	unregister slip, view id : 18202439
2026-02-05 07:21:42	INFO	AWT-EventQueue-0	Thread.getStackTrace(1559)	unregister slip progress, view id : 18202439
2026-02-05 07:21:47	INFO	AWT-EventQueue-0	Thread.getStackTrace(1559)	create new SvTablePanel instance, view id :25186288
2026-02-05 07:21:47	INFO	AWT-EventQueue-0	Thread.getStackTrace(1559)	register slip progress, view id : 25186288
2026-02-05 07:21:47	INFO	SlipWinThread_com.huawei.u2000.ucbb.table.slip.SlipTableMsgService	Thread.getStackTrace(1559)	register slip , return result/ view id : 1 / 25186288
2026-02-05 07:21:47	INFO	AWT-EventQueue-0	Thread.getStackTrace(1559)	unregister slip, view id : 24543584
2026-02-05 07:21:47	INFO	AWT-EventQueue-0	Thread.getStackTrace(1559)	unregister slip progress, view id : 24543584
2026-02-05 07:21:47	INFO	AWT-EventQueue-0	Thread.getStackTrace(1559)	create new SvTablePanel instance, view id :9354368
2026-02-05 07:21:47	INFO	AWT-EventQueue-0	Thread.getStackTrace(1559)	register slip progress, view id : 9354368
2026-02-05 07:21:47	INFO	SlipWinThread_com.huawei.u2000.ucbb.table.slip.SlipTableMsgService	Thread.getStackTrace(1559)	register slip , return result/ view id : 1 / 9354368
2026-02-05 07:21:48	INFO	AWT-EventQueue-0	Thread.getStackTrace(1559)	unregister slip, view id : 25186288
2026-02-05 07:21:48	INFO	AWT-EventQueue-0	Thread.getStackTrace(1559)	unregister slip progress, view id : 25186288
2026-02-05 07:21:49	INFO	AWT-EventQueue-0	Thread.getStackTrace(1559)	create new SvTablePanel instance, view id :23123491
2026-02-05 07:21:49	INFO	AWT-EventQueue-0	Thread.getStackTrace(1559)	register slip progress, view id : 23123491
2026-02-05 07:21:49	INFO	SlipWinThread_com.huawei.u2000.ucbb.table.slip.SlipTableMsgService	Thread.getStackTrace(1559)	register slip , return result/ view id : 1 / 23123491
2026-02-05 07:21:49	INFO	AWT-EventQueue-0	Thread.getStackTrace(1559)	unregister slip, view id : 9354368
2026-02-05 07:21:49	INFO	AWT-EventQueue-0	Thread.getStackTrace(1559)	unregister slip progress, view id : 9354368
2026-02-05 07:21:53	INFO	AWT-EventQueue-0	Thread.getStackTrace(1559)	create new SvTablePanel instance, view id :5554502
2026-02-05 07:21:53	INFO	AWT-EventQueue-0	Thread.getStackTrace(1559)	register slip progress, view id : 5554502
2026-02-05 07:21:53	INFO	SlipWinThread_com.huawei.u2000.ucbb.table.slip.SlipTableMsgService	Thread.getStackTrace(1559)	register slip , return result/ view id : 1 / 5554502
2026-02-05 07:21:53	INFO	AWT-EventQueue-0	Thread.getStackTrace(1559)	unregister slip, view id : 23123491
2026-02-05 07:21:53	INFO	AWT-EventQueue-0	Thread.getStackTrace(1559)	unregister slip progress, view id : 23123491
2026-02-05 07:21:53	INFO	AWT-EventQueue-0	Thread.getStackTrace(1559)	create new SvTablePanel instance, view id :27131867
2026-02-05 07:21:54	INFO	AWT-EventQueue-0	Thread.getStackTrace(1559)	register slip progress, view id : 27131867
2026-02-05 07:21:54	INFO	SlipWinThread_com.huawei.u2000.ucbb.table.slip.SlipTableMsgService	Thread.getStackTrace(1559)	register slip , return result/ view id : 1 / 27131867
2026-02-05 07:21:54	INFO	AWT-EventQueue-0	Thread.getStackTrace(1559)	unregister slip, view id : 5554502
2026-02-05 07:21:54	INFO	AWT-EventQueue-0	Thread.getStackTrace(1559)	unregister slip progress, view id : 5554502
2026-02-05 07:21:55	INFO	AWT-EventQueue-0	Thread.getStackTrace(1559)	create new SvTablePanel instance, view id :14003330
2026-02-05 07:21:55	INFO	AWT-EventQueue-0	Thread.getStackTrace(1559)	register slip progress, view id : 14003330
2026-02-05 07:21:55	INFO	SlipWinThread_com.huawei.u2000.ucbb.table.slip.SlipTableMsgService	Thread.getStackTrace(1559)	register slip , return result/ view id : 1 / 14003330
2026-02-05 07:21:55	INFO	AWT-EventQueue-0	Thread.getStackTrace(1559)	unregister slip, view id : 27131867
2026-02-05 07:21:55	INFO	AWT-EventQueue-0	Thread.getStackTrace(1559)	unregister slip progress, view id : 27131867
2026-02-05 07:21:59	INFO	AWT-EventQueue-0	Thread.getStackTrace(1559)	create new SvTablePanel instance, view id :10376405
2026-02-05 07:21:59	INFO	AWT-EventQueue-0	Thread.getStackTrace(1559)	register slip progress, view id : 10376405
2026-02-05 07:21:59	INFO	SlipWinThread_com.huawei.u2000.ucbb.table.slip.SlipTableMsgService	Thread.getStackTrace(1559)	register slip , return result/ view id : 1 / 10376405
2026-02-05 07:21:59	INFO	AWT-EventQueue-0	Thread.getStackTrace(1559)	unregister slip, view id : 14003330
2026-02-05 07:21:59	INFO	AWT-EventQueue-0	Thread.getStackTrace(1559)	unregister slip progress, view id : 14003330
2026-02-05 07:21:59	INFO	AWT-EventQueue-0	Thread.getStackTrace(1559)	create new SvTablePanel instance, view id :721435
2026-02-05 07:21:59	INFO	AWT-EventQueue-0	Thread.getStackTrace(1559)	register slip progress, view id : 721435
2026-02-05 07:21:59	INFO	SlipWinThread_com.huawei.u2000.ucbb.table.slip.SlipTableMsgService	Thread.getStackTrace(1559)	register slip , return result/ view id : 1 / 721435
2026-02-05 07:21:59	INFO	AWT-EventQueue-0	Thread.getStackTrace(1559)	unregister slip, view id : 10376405
2026-02-05 07:21:59	INFO	AWT-EventQueue-0	Thread.getStackTrace(1559)	unregister slip progress, view id : 10376405
2026-02-05 07:22:01	INFO	AWT-EventQueue-0	Thread.getStackTrace(1559)	create new SvTablePanel instance, view id :29038847
2026-02-05 07:22:01	INFO	AWT-EventQueue-0	Thread.getStackTrace(1559)	register slip progress, view id : 29038847
2026-02-05 07:22:01	INFO	SlipWinThread_com.huawei.u2000.ucbb.table.slip.SlipTableMsgService	Thread.getStackTrace(1559)	register slip , return result/ view id : 1 / 29038847
2026-02-05 07:22:01	INFO	AWT-EventQueue-0	Thread.getStackTrace(1559)	unregister slip, view id : 721435
2026-02-05 07:22:01	INFO	AWT-EventQueue-0	Thread.getStackTrace(1559)	unregister slip progress, view id : 721435
2026-02-05 07:22:07	INFO	AWT-EventQueue-0	Thread.getStackTrace(1559)	create new SvTablePanel instance, view id :30452362
2026-02-05 07:22:07	INFO	AWT-EventQueue-0	Thread.getStackTrace(1559)	register slip progress, view id : 30452362
2026-02-05 07:22:07	INFO	SlipWinThread_com.huawei.u2000.ucbb.table.slip.SlipTableMsgService	Thread.getStackTrace(1559)	register slip , return result/ view id : 1 / 30452362
2026-02-05 07:22:07	INFO	AWT-EventQueue-0	Thread.getStackTrace(1559)	unregister slip, view id : 29038847
2026-02-05 07:22:07	INFO	AWT-EventQueue-0	Thread.getStackTrace(1559)	unregister slip progress, view id : 29038847
2026-02-05 07:22:07	INFO	AWT-EventQueue-0	Thread.getStackTrace(1559)	create new SvTablePanel instance, view id :24440811
2026-02-05 07:22:07	INFO	AWT-EventQueue-0	Thread.getStackTrace(1559)	register slip progress, view id : 24440811
2026-02-05 07:22:07	INFO	SlipWinThread_com.huawei.u2000.ucbb.table.slip.SlipTableMsgService	Thread.getStackTrace(1559)	register slip , return result/ view id : 1 / 24440811
2026-02-05 07:22:07	INFO	AWT-EventQueue-0	Thread.getStackTrace(1559)	unregister slip, view id : 30452362
2026-02-05 07:22:07	INFO	AWT-EventQueue-0	Thread.getStackTrace(1559)	unregister slip progress, view id : 30452362
2026-02-05 07:22:15	INFO	AWT-EventQueue-0	Thread.getStackTrace(1559)	create new SvTablePanel instance, view id :31448546
2026-02-05 07:22:15	INFO	AWT-EventQueue-0	Thread.getStackTrace(1559)	register slip progress, view id : 31448546
2026-02-05 07:22:15	INFO	SlipWinThread_com.huawei.u2000.ucbb.table.slip.SlipTableMsgService	Thread.getStackTrace(1559)	register slip , return result/ view id : 1 / 31448546
2026-02-05 07:22:15	INFO	AWT-EventQueue-0	Thread.getStackTrace(1559)	unregister slip, view id : 24440811
2026-02-05 07:22:15	INFO	AWT-EventQueue-0	Thread.getStackTrace(1559)	unregister slip progress, view id : 24440811
2026-02-05 07:22:15	INFO	AWT-EventQueue-0	Thread.getStackTrace(1559)	create new SvTablePanel instance, view id :13903700
2026-02-05 07:22:15	INFO	AWT-EventQueue-0	Thread.getStackTrace(1559)	register slip progress, view id : 13903700
2026-02-05 07:22:15	INFO	SlipWinThread_com.huawei.u2000.ucbb.table.slip.SlipTableMsgService	Thread.getStackTrace(1559)	register slip , return result/ view id : 1 / 13903700
2026-02-05 07:22:15	INFO	AWT-EventQueue-0	Thread.getStackTrace(1559)	unregister slip, view id : 31448546
2026-02-05 07:22:15	INFO	AWT-EventQueue-0	Thread.getStackTrace(1559)	unregister slip progress, view id : 31448546
2026-02-05 07:25:59	INFO	AWT-EventQueue-0	Thread.getStackTrace(1559)	create new SvTablePanel instance, view id :30168630
2026-02-05 07:25:59	INFO	AWT-EventQueue-0	Thread.getStackTrace(1559)	register slip progress, view id : 30168630
2026-02-05 07:25:59	INFO	SlipWinThread_com.huawei.u2000.ucbb.table.slip.SlipTableMsgService	Thread.getStackTrace(1559)	register slip , return result/ view id : 1 / 30168630
2026-02-05 07:26:00	INFO	SvTableMsgReceiver Thread-38680	Thread.getStackTrace(1559)	recieve message cmdcode:12639
2026-02-05 07:26:00	INFO	SvTableMsgReceiver Thread-77966	Thread.getStackTrace(1559)	recieve message cmdcode:12639
2026-02-05 07:26:00	INFO	SvTableMsgReceiver Thread-92298	Thread.getStackTrace(1559)	recieve message cmdcode:12639
2026-02-05 07:26:30	INFO	SvTableMsgReceiver Thread-38680	Thread.getStackTrace(1559)	recieve message cmdcode:12639
2026-02-05 07:26:30	INFO	SvTableMsgReceiver Thread-77966	Thread.getStackTrace(1559)	recieve message cmdcode:12639
2026-02-05 07:26:30	INFO	SvTableMsgReceiver Thread-92298	Thread.getStackTrace(1559)	recieve message cmdcode:12639
2026-02-05 07:29:41	INFO	SvTableMsgReceiver Thread-38680	Thread.getStackTrace(1559)	recieve message cmdcode:12639
2026-02-05 07:29:41	INFO	SvTableMsgReceiver Thread-92298	Thread.getStackTrace(1559)	recieve message cmdcode:12639
2026-02-05 07:29:41	INFO	SvTableMsgReceiver Thread-77966	Thread.getStackTrace(1559)	recieve message cmdcode:12639
2026-02-05 07:29:46	INFO	SvTableMsgReceiver Thread-38680	Thread.getStackTrace(1559)	recieve message cmdcode:12639
2026-02-05 07:29:46	INFO	SvTableMsgReceiver Thread-77966	Thread.getStackTrace(1559)	recieve message cmdcode:12639
2026-02-05 07:29:46	INFO	SvTableMsgReceiver Thread-92298	Thread.getStackTrace(1559)	recieve message cmdcode:12639
2026-02-05 07:29:53	INFO	SvTableMsgReceiver Thread-38680	Thread.getStackTrace(1559)	recieve message cmdcode:12639
2026-02-05 07:29:53	INFO	SvTableMsgReceiver Thread-77966	Thread.getStackTrace(1559)	recieve message cmdcode:12639
2026-02-05 07:29:53	INFO	SvTableMsgReceiver Thread-92298	Thread.getStackTrace(1559)	recieve message cmdcode:12639
2026-02-05 07:31:34	INFO	SvTableMsgReceiver Thread-38680	Thread.getStackTrace(1559)	recieve message cmdcode:12639
2026-02-05 07:31:34	INFO	SvTableMsgReceiver Thread-77966	Thread.getStackTrace(1559)	recieve message cmdcode:12639
2026-02-05 07:31:34	INFO	SvTableMsgReceiver Thread-92298	Thread.getStackTrace(1559)	recieve message cmdcode:12639
2026-02-05 07:31:38	INFO	SvTableMsgReceiver Thread-38680	Thread.getStackTrace(1559)	recieve message cmdcode:12639
2026-02-05 07:31:38	INFO	SvTableMsgReceiver Thread-77966	Thread.getStackTrace(1559)	recieve message cmdcode:12639
2026-02-05 07:31:38	INFO	SvTableMsgReceiver Thread-92298	Thread.getStackTrace(1559)	recieve message cmdcode:12639
2026-02-05 07:52:33	INFO	SvTableMsgReceiver Thread-77966	Thread.getStackTrace(1559)	recieve message cmdcode:12639
2026-02-05 07:52:33	INFO	SvTableMsgReceiver Thread-92298	Thread.getStackTrace(1559)	recieve message cmdcode:12639
2026-02-05 07:52:33	INFO	SvTableMsgReceiver Thread-38680	Thread.getStackTrace(1559)	recieve message cmdcode:12639
2026-02-05 07:52:42	INFO	SvTableMsgReceiver Thread-38680	Thread.getStackTrace(1559)	recieve message cmdcode:12639
2026-02-05 07:52:42	INFO	SvTableMsgReceiver Thread-77966	Thread.getStackTrace(1559)	recieve message cmdcode:12639
2026-02-05 07:52:42	INFO	SvTableMsgReceiver Thread-92298	Thread.getStackTrace(1559)	recieve message cmdcode:12639
2026-02-05 07:52:50	INFO	SvTableMsgReceiver Thread-38680	Thread.getStackTrace(1559)	recieve message cmdcode:12639
2026-02-05 07:52:50	INFO	SvTableMsgReceiver Thread-77966	Thread.getStackTrace(1559)	recieve message cmdcode:12639
2026-02-05 07:52:50	INFO	SvTableMsgReceiver Thread-92298	Thread.getStackTrace(1559)	recieve message cmdcode:12639
2026-02-05 07:52:55	INFO	SvTableMsgReceiver Thread-38680	Thread.getStackTrace(1559)	recieve message cmdcode:12639
2026-02-05 07:52:55	INFO	SvTableMsgReceiver Thread-77966	Thread.getStackTrace(1559)	recieve message cmdcode:12639
2026-02-05 07:52:55	INFO	SvTableMsgReceiver Thread-92298	Thread.getStackTrace(1559)	recieve message cmdcode:12639
2026-02-05 07:53:00	INFO	SvTableMsgReceiver Thread-38680	Thread.getStackTrace(1559)	recieve message cmdcode:12639
2026-02-05 07:53:00	INFO	SvTableMsgReceiver Thread-77966	Thread.getStackTrace(1559)	recieve message cmdcode:12639
2026-02-05 07:53:00	INFO	SvTableMsgReceiver Thread-92298	Thread.getStackTrace(1559)	recieve message cmdcode:12639
2026-02-05 07:53:16	INFO	SvTableMsgReceiver Thread-38680	Thread.getStackTrace(1559)	recieve message cmdcode:12639
2026-02-05 07:53:16	INFO	SvTableMsgReceiver Thread-92298	Thread.getStackTrace(1559)	recieve message cmdcode:12639
2026-02-05 07:53:16	INFO	SvTableMsgReceiver Thread-77966	Thread.getStackTrace(1559)	recieve message cmdcode:12639
2026-02-05 07:53:37	INFO	SvTableMsgReceiver Thread-38680	Thread.getStackTrace(1559)	recieve message cmdcode:12639
2026-02-05 07:53:37	INFO	SvTableMsgReceiver Thread-77966	Thread.getStackTrace(1559)	recieve message cmdcode:12639
2026-02-05 07:53:37	INFO	SvTableMsgReceiver Thread-92298	Thread.getStackTrace(1559)	recieve message cmdcode:12639
2026-02-05 07:53:50	INFO	SvTableMsgReceiver Thread-38680	Thread.getStackTrace(1559)	recieve message cmdcode:12639
2026-02-05 07:53:50	INFO	SvTableMsgReceiver Thread-77966	Thread.getStackTrace(1559)	recieve message cmdcode:12639
2026-02-05 07:53:50	INFO	SvTableMsgReceiver Thread-92298	Thread.getStackTrace(1559)	recieve message cmdcode:12639
2026-02-05 07:53:58	INFO	SvTableMsgReceiver Thread-38680	Thread.getStackTrace(1559)	recieve message cmdcode:12639
2026-02-05 07:53:58	INFO	SvTableMsgReceiver Thread-77966	Thread.getStackTrace(1559)	recieve message cmdcode:12639
2026-02-05 07:53:58	INFO	SvTableMsgReceiver Thread-92298	Thread.getStackTrace(1559)	recieve message cmdcode:12639
2026-02-05 07:55:44	INFO	SvTableMsgReceiver Thread-38680	Thread.getStackTrace(1559)	recieve message cmdcode:12639
2026-02-05 07:55:44	INFO	SvTableMsgReceiver Thread-92298	Thread.getStackTrace(1559)	recieve message cmdcode:12639
2026-02-05 07:55:44	INFO	SvTableMsgReceiver Thread-77966	Thread.getStackTrace(1559)	recieve message cmdcode:12639
2026-02-05 07:56:25	INFO	SvTableMsgReceiver Thread-38680	Thread.getStackTrace(1559)	recieve message cmdcode:12639
2026-02-05 07:56:25	INFO	SvTableMsgReceiver Thread-92298	Thread.getStackTrace(1559)	recieve message cmdcode:12639
2026-02-05 07:56:25	INFO	SvTableMsgReceiver Thread-77966	Thread.getStackTrace(1559)	recieve message cmdcode:12639
2026-02-05 07:56:28	INFO	SvTableMsgReceiver Thread-38680	Thread.getStackTrace(1559)	recieve message cmdcode:12639
2026-02-05 07:56:28	INFO	SvTableMsgReceiver Thread-77966	Thread.getStackTrace(1559)	recieve message cmdcode:12639
2026-02-05 07:56:28	INFO	SvTableMsgReceiver Thread-92298	Thread.getStackTrace(1559)	recieve message cmdcode:12639
2026-02-05 07:56:30	INFO	SvTableMsgReceiver Thread-38680	Thread.getStackTrace(1559)	recieve message cmdcode:12639
2026-02-05 07:56:30	INFO	SvTableMsgReceiver Thread-77966	Thread.getStackTrace(1559)	recieve message cmdcode:12639
2026-02-05 07:56:30	INFO	SvTableMsgReceiver Thread-92298	Thread.getStackTrace(1559)	recieve message cmdcode:12639
2026-02-05 07:56:33	INFO	SvTableMsgReceiver Thread-38680	Thread.getStackTrace(1559)	recieve message cmdcode:12639
2026-02-05 07:56:33	INFO	SvTableMsgReceiver Thread-77966	Thread.getStackTrace(1559)	recieve message cmdcode:12639
2026-02-05 07:56:33	INFO	SvTableMsgReceiver Thread-92298	Thread.getStackTrace(1559)	recieve message cmdcode:12639
2026-02-05 07:56:34	INFO	SvTableMsgReceiver Thread-38680	Thread.getStackTrace(1559)	recieve message cmdcode:12639
2026-02-05 07:56:34	INFO	SvTableMsgReceiver Thread-77966	Thread.getStackTrace(1559)	recieve message cmdcode:12639
2026-02-05 07:56:34	INFO	SvTableMsgReceiver Thread-92298	Thread.getStackTrace(1559)	recieve message cmdcode:12639
2026-02-05 07:56:36	INFO	SvTableMsgReceiver Thread-38680	Thread.getStackTrace(1559)	recieve message cmdcode:12639
2026-02-05 07:56:36	INFO	SvTableMsgReceiver Thread-77966	Thread.getStackTrace(1559)	recieve message cmdcode:12639
2026-02-05 07:56:36	INFO	SvTableMsgReceiver Thread-92298	Thread.getStackTrace(1559)	recieve message cmdcode:12639
2026-02-05 07:56:36	INFO	SvTableMsgReceiver Thread-38680	Thread.getStackTrace(1559)	recieve message cmdcode:12639
2026-02-05 07:56:36	INFO	SvTableMsgReceiver Thread-77966	Thread.getStackTrace(1559)	recieve message cmdcode:12639
2026-02-05 07:56:36	INFO	SvTableMsgReceiver Thread-92298	Thread.getStackTrace(1559)	recieve message cmdcode:12639
2026-02-05 07:56:39	INFO	SvTableMsgReceiver Thread-38680	Thread.getStackTrace(1559)	recieve message cmdcode:12639
2026-02-05 07:56:39	INFO	SvTableMsgReceiver Thread-77966	Thread.getStackTrace(1559)	recieve message cmdcode:12639
2026-02-05 07:56:39	INFO	SvTableMsgReceiver Thread-92298	Thread.getStackTrace(1559)	recieve message cmdcode:12639
2026-02-05 07:56:39	INFO	SvTableMsgReceiver Thread-38680	Thread.getStackTrace(1559)	recieve message cmdcode:12639
2026-02-05 07:56:39	INFO	SvTableMsgReceiver Thread-92298	Thread.getStackTrace(1559)	recieve message cmdcode:12639
2026-02-05 07:56:39	INFO	SvTableMsgReceiver Thread-77966	Thread.getStackTrace(1559)	recieve message cmdcode:12639
2026-02-05 08:26:10	INFO	SvTableMsgReceiver Thread-38680	Thread.getStackTrace(1559)	recieve message cmdcode:12639
2026-02-05 08:26:10	INFO	SvTableMsgReceiver Thread-77966	Thread.getStackTrace(1559)	recieve message cmdcode:12639
2026-02-05 08:26:10	INFO	SvTableMsgReceiver Thread-92298	Thread.getStackTrace(1559)	recieve message cmdcode:12639
2026-02-05 08:26:13	INFO	SvTableMsgReceiver Thread-38680	Thread.getStackTrace(1559)	recieve message cmdcode:12639
2026-02-05 08:26:13	INFO	SvTableMsgReceiver Thread-77966	Thread.getStackTrace(1559)	recieve message cmdcode:12639
2026-02-05 08:26:13	INFO	SvTableMsgReceiver Thread-92298	Thread.getStackTrace(1559)	recieve message cmdcode:12639
2026-02-05 08:26:18	INFO	SvTableMsgReceiver Thread-38680	Thread.getStackTrace(1559)	recieve message cmdcode:12639
2026-02-05 08:26:18	INFO	SvTableMsgReceiver Thread-77966	Thread.getStackTrace(1559)	recieve message cmdcode:12639
2026-02-05 08:26:18	INFO	SvTableMsgReceiver Thread-92298	Thread.getStackTrace(1559)	recieve message cmdcode:12639
2026-02-05 08:26:19	INFO	SvTableMsgReceiver Thread-38680	Thread.getStackTrace(1559)	recieve message cmdcode:12639
2026-02-05 08:26:19	INFO	SvTableMsgReceiver Thread-77966	Thread.getStackTrace(1559)	recieve message cmdcode:12639
2026-02-05 08:26:19	INFO	SvTableMsgReceiver Thread-92298	Thread.getStackTrace(1559)	recieve message cmdcode:12639
2026-02-05 08:26:27	INFO	SvTableMsgReceiver Thread-38680	Thread.getStackTrace(1559)	recieve message cmdcode:12639
2026-02-05 08:26:27	INFO	SvTableMsgReceiver Thread-92298	Thread.getStackTrace(1559)	recieve message cmdcode:12639
2026-02-05 08:26:27	INFO	SvTableMsgReceiver Thread-77966	Thread.getStackTrace(1559)	recieve message cmdcode:12639
2026-02-05 11:49:03	INFO	AWT-EventQueue-0	Thread.getStackTrace(1559)	start slip view
2026-02-05 11:49:03	INFO	AWT-EventQueue-0	Thread.getStackTrace(1559)	create new SvTablePanel instance, view id :21385501
2026-02-05 11:49:04	INFO	AWT-EventQueue-0	Thread.getStackTrace(1559)	register slip progress, view id : 21385501
2026-02-05 11:49:04	INFO	SlipWinThread_com.huawei.u2000.pf.frame.ui.slipTable.SlipTableMsgService	Thread.getStackTrace(1559)	register slip , return result/ view id : 1 / 21385501
2026-02-05 11:49:05	INFO	SvTableMsgReceiver Thread-1925	Thread.getStackTrace(1559)	recieve message cmdcode:12639
2026-02-05 11:49:11	INFO	pool-14-thread-12	Thread.getStackTrace(1559)	unregister slip, view id : 21385501
2026-02-05 11:49:11	INFO	pool-14-thread-12	Thread.getStackTrace(1559)	unregister slip progress, view id : 21385501
2026-02-05 11:49:12	INFO	AWT-EventQueue-0	Thread.getStackTrace(1559)	create new SvTablePanel instance, view id :27743211
2026-02-05 11:49:12	INFO	AWT-EventQueue-0	Thread.getStackTrace(1559)	register slip progress, view id : 27743211
2026-02-05 11:49:12	INFO	SlipWinThread_com.huawei.u2000.pf.frame.ui.slipTable.SlipTableMsgService	Thread.getStackTrace(1559)	register slip , return result/ view id : 1 / 27743211
2026-02-05 11:49:13	INFO	SvTableMsgReceiver Thread-2615	Thread.getStackTrace(1559)	recieve message cmdcode:12639
2026-02-05 11:49:20	INFO	pool-14-thread-12	Thread.getStackTrace(1559)	unregister slip, view id : 27743211
2026-02-05 11:49:20	INFO	pool-14-thread-12	Thread.getStackTrace(1559)	unregister slip progress, view id : 27743211
2026-02-05 11:53:25	INFO	AWT-EventQueue-0	Thread.getStackTrace(1559)	create new SvTablePanel instance, view id :22157283
2026-02-05 11:53:25	INFO	AWT-EventQueue-0	Thread.getStackTrace(1559)	register slip progress, view id : 22157283
2026-02-05 11:53:25	INFO	SlipWinThread_com.huawei.u2000.ucbb.table.slip.SlipTableMsgService	Thread.getStackTrace(1559)	register slip , return result/ view id : 1 / 22157283
2026-02-05 11:53:26	INFO	SvTableMsgReceiver Thread-4925	Thread.getStackTrace(1559)	recieve message cmdcode:12639
2026-02-05 11:54:04	INFO	SvTableMsgReceiver Thread-4925	Thread.getStackTrace(1559)	recieve message cmdcode:12639
2026-02-05 11:57:54	INFO	AWT-EventQueue-0	Thread.getStackTrace(1559)	create new SvTablePanel instance, view id :23890540
2026-02-05 11:57:54	INFO	AWT-EventQueue-0	Thread.getStackTrace(1559)	register slip progress, view id : 23890540
2026-02-05 11:57:54	INFO	SlipWinThread_com.huawei.u2000.ucbb.table.slip.SlipTableMsgService	Thread.getStackTrace(1559)	register slip , return result/ view id : 1 / 23890540
2026-02-05 11:57:55	INFO	SvTableMsgReceiver Thread-4925	Thread.getStackTrace(1559)	recieve message cmdcode:12639
2026-02-05 11:57:55	INFO	SvTableMsgReceiver Thread-18503	Thread.getStackTrace(1559)	recieve message cmdcode:12639
2026-02-05 11:58:09	INFO	SvTableMsgReceiver Thread-4925	Thread.getStackTrace(1559)	recieve message cmdcode:12639
2026-02-05 11:58:09	INFO	SvTableMsgReceiver Thread-18503	Thread.getStackTrace(1559)	recieve message cmdcode:12639
2026-02-05 11:58:24	INFO	AWT-EventQueue-0	Thread.getStackTrace(1559)	create new SvTablePanel instance, view id :5328132
2026-02-05 11:58:24	INFO	AWT-EventQueue-0	Thread.getStackTrace(1559)	register slip progress, view id : 5328132
2026-02-05 11:58:24	INFO	SlipWinThread_com.huawei.u2000.pf.frame.ui.slipTable.SlipTableMsgService	Thread.getStackTrace(1559)	register slip , return result/ view id : 1 / 5328132
2026-02-05 11:58:25	INFO	SvTableMsgReceiver Thread-4925	Thread.getStackTrace(1559)	recieve message cmdcode:12639
2026-02-05 11:58:25	INFO	SvTableMsgReceiver Thread-21108	Thread.getStackTrace(1559)	recieve message cmdcode:12639
2026-02-05 11:58:25	INFO	SvTableMsgReceiver Thread-18503	Thread.getStackTrace(1559)	recieve message cmdcode:12639
2026-02-05 11:58:29	INFO	pool-14-thread-16	Thread.getStackTrace(1559)	unregister slip, view id : 5328132
2026-02-05 11:58:29	INFO	pool-14-thread-16	Thread.getStackTrace(1559)	unregister slip progress, view id : 5328132
2026-02-05 11:58:30	INFO	AWT-EventQueue-0	Thread.getStackTrace(1559)	create new SvTablePanel instance, view id :6898476
2026-02-05 11:58:30	INFO	AWT-EventQueue-0	Thread.getStackTrace(1559)	register slip progress, view id : 6898476
2026-02-05 11:58:30	INFO	SlipWinThread_com.huawei.u2000.pf.frame.ui.slipTable.SlipTableMsgService	Thread.getStackTrace(1559)	register slip , return result/ view id : 1 / 6898476
2026-02-05 11:58:31	INFO	SvTableMsgReceiver Thread-4925	Thread.getStackTrace(1559)	recieve message cmdcode:12639
2026-02-05 11:58:31	INFO	SvTableMsgReceiver Thread-18503	Thread.getStackTrace(1559)	recieve message cmdcode:12639
2026-02-05 11:58:31	INFO	SvTableMsgReceiver Thread-21865	Thread.getStackTrace(1559)	recieve message cmdcode:12639
2026-02-05 11:58:32	INFO	pool-14-thread-16	Thread.getStackTrace(1559)	unregister slip, view id : 6898476
2026-02-05 11:58:32	INFO	pool-14-thread-16	Thread.getStackTrace(1559)	unregister slip progress, view id : 6898476
2026-02-05 11:58:35	INFO	AWT-EventQueue-0	Thread.getStackTrace(1559)	unregister slip, view id : 23890540
2026-02-05 11:58:35	INFO	AWT-EventQueue-0	Thread.getStackTrace(1559)	unregister slip progress, view id : 23890540
2026-02-05 11:58:35	INFO	AWT-EventQueue-0	Thread.getStackTrace(1559)	create new SvTablePanel instance, view id :26088051
2026-02-05 11:58:35	INFO	AWT-EventQueue-0	Thread.getStackTrace(1559)	register slip progress, view id : 26088051
2026-02-05 11:58:35	INFO	SlipWinThread_com.huawei.u2000.ucbb.table.slip.SlipTableMsgService	Thread.getStackTrace(1559)	register slip , return result/ view id : 1 / 26088051
2026-02-05 12:00:03	INFO	AWT-EventQueue-0	Thread.getStackTrace(1559)	create new SvTablePanel instance, view id :21801760
2026-02-05 12:00:04	INFO	AWT-EventQueue-0	Thread.getStackTrace(1559)	register slip progress, view id : 21801760
2026-02-05 12:00:04	INFO	SlipWinThread_com.huawei.u2000.pf.frame.ui.slipTable.SlipTableMsgService	Thread.getStackTrace(1559)	register slip , return result/ view id : 1 / 21801760
2026-02-05 12:00:05	INFO	SvTableMsgReceiver Thread-4925	Thread.getStackTrace(1559)	recieve message cmdcode:12639
2026-02-05 12:00:05	INFO	SvTableMsgReceiver Thread-22275	Thread.getStackTrace(1559)	recieve message cmdcode:12639
2026-02-05 12:00:05	INFO	SvTableMsgReceiver Thread-24894	Thread.getStackTrace(1559)	recieve message cmdcode:12639
2026-02-05 12:00:05	INFO	pool-14-thread-16	Thread.getStackTrace(1559)	unregister slip, view id : 21801760
2026-02-05 12:00:05	INFO	pool-14-thread-16	Thread.getStackTrace(1559)	unregister slip progress, view id : 21801760
2026-02-05 12:00:21	INFO	AWT-EventQueue-0	Thread.getStackTrace(1559)	create new SvTablePanel instance, view id :8313586
2026-02-05 12:00:21	INFO	AWT-EventQueue-0	Thread.getStackTrace(1559)	register slip progress, view id : 8313586
2026-02-05 12:00:21	INFO	SlipWinThread_com.huawei.u2000.pf.frame.ui.slipTable.SlipTableMsgService	Thread.getStackTrace(1559)	register slip , return result/ view id : 1 / 8313586
2026-02-05 12:00:22	INFO	SvTableMsgReceiver Thread-4925	Thread.getStackTrace(1559)	recieve message cmdcode:12639
2026-02-05 12:00:22	INFO	SvTableMsgReceiver Thread-22275	Thread.getStackTrace(1559)	recieve message cmdcode:12639
2026-02-05 12:00:22	INFO	SvTableMsgReceiver Thread-26421	Thread.getStackTrace(1559)	recieve message cmdcode:12639
2026-02-05 12:00:23	INFO	pool-14-thread-16	Thread.getStackTrace(1559)	unregister slip, view id : 8313586
2026-02-05 12:00:23	INFO	pool-14-thread-16	Thread.getStackTrace(1559)	unregister slip progress, view id : 8313586
2026-02-05 12:00:24	INFO	AWT-EventQueue-0	Thread.getStackTrace(1559)	create new SvTablePanel instance, view id :19280561
2026-02-05 12:00:24	INFO	AWT-EventQueue-0	Thread.getStackTrace(1559)	register slip progress, view id : 19280561
2026-02-05 12:00:24	INFO	SlipWinThread_com.huawei.u2000.pf.frame.ui.slipTable.SlipTableMsgService	Thread.getStackTrace(1559)	register slip , return result/ view id : 1 / 19280561
2026-02-05 12:00:25	INFO	SvTableMsgReceiver Thread-4925	Thread.getStackTrace(1559)	recieve message cmdcode:12639
2026-02-05 12:00:25	INFO	SvTableMsgReceiver Thread-22275	Thread.getStackTrace(1559)	recieve message cmdcode:12639
2026-02-05 12:00:25	INFO	SvTableMsgReceiver Thread-26904	Thread.getStackTrace(1559)	recieve message cmdcode:12639
2026-02-05 12:00:26	INFO	pool-14-thread-16	Thread.getStackTrace(1559)	unregister slip, view id : 19280561
2026-02-05 12:00:26	INFO	pool-14-thread-16	Thread.getStackTrace(1559)	unregister slip progress, view id : 19280561
2026-02-05 12:00:28	INFO	AWT-EventQueue-0	Thread.getStackTrace(1559)	unregister slip, view id : 26088051
2026-02-05 12:00:28	INFO	AWT-EventQueue-0	Thread.getStackTrace(1559)	unregister slip progress, view id : 26088051
2026-02-05 12:00:28	INFO	AWT-EventQueue-0	Thread.getStackTrace(1559)	create new SvTablePanel instance, view id :1249325
2026-02-05 12:00:28	INFO	AWT-EventQueue-0	Thread.getStackTrace(1559)	register slip progress, view id : 1249325
2026-02-05 12:00:28	INFO	SlipWinThread_com.huawei.u2000.ucbb.table.slip.SlipTableMsgService	Thread.getStackTrace(1559)	register slip , return result/ view id : 1 / 1249325
2026-02-05 12:00:30	INFO	AWT-EventQueue-0	Thread.getStackTrace(1559)	unregister slip, view id : 1249325
2026-02-05 12:00:30	INFO	AWT-EventQueue-0	Thread.getStackTrace(1559)	unregister slip progress, view id : 1249325
2026-02-05 12:00:30	INFO	AWT-EventQueue-0	Thread.getStackTrace(1559)	create new SvTablePanel instance, view id :2290032
2026-02-05 12:00:30	INFO	AWT-EventQueue-0	Thread.getStackTrace(1559)	register slip progress, view id : 2290032
2026-02-05 12:00:30	INFO	SlipWinThread_com.huawei.u2000.ucbb.table.slip.SlipTableMsgService	Thread.getStackTrace(1559)	register slip , return result/ view id : 1 / 2290032
2026-02-05 12:00:54	INFO	SvTableMsgReceiver Thread-4925	Thread.getStackTrace(1559)	recieve message cmdcode:12639
2026-02-05 12:00:54	INFO	SvTableMsgReceiver Thread-27540	Thread.getStackTrace(1559)	recieve message cmdcode:12639
2026-02-05 12:03:52	INFO	SvTableMsgReceiver Thread-4925	Thread.getStackTrace(1559)	recieve message cmdcode:12639
2026-02-05 12:03:52	INFO	SvTableMsgReceiver Thread-27540	Thread.getStackTrace(1559)	recieve message cmdcode:12639
2026-02-05 12:03:54	INFO	SvTableMsgReceiver Thread-4925	Thread.getStackTrace(1559)	recieve message cmdcode:12639
2026-02-05 12:03:54	INFO	SvTableMsgReceiver Thread-27540	Thread.getStackTrace(1559)	recieve message cmdcode:12639
2026-02-05 12:03:57	INFO	SvTableMsgReceiver Thread-4925	Thread.getStackTrace(1559)	recieve message cmdcode:12639
2026-02-05 12:03:57	INFO	SvTableMsgReceiver Thread-27540	Thread.getStackTrace(1559)	recieve message cmdcode:12639
2026-02-05 12:04:01	INFO	SvTableMsgReceiver Thread-4925	Thread.getStackTrace(1559)	recieve message cmdcode:12639
2026-02-05 12:04:01	INFO	SvTableMsgReceiver Thread-27540	Thread.getStackTrace(1559)	recieve message cmdcode:12639
2026-02-05 12:04:04	INFO	SvTableMsgReceiver Thread-4925	Thread.getStackTrace(1559)	recieve message cmdcode:12639
2026-02-05 12:04:04	INFO	SvTableMsgReceiver Thread-27540	Thread.getStackTrace(1559)	recieve message cmdcode:12639
2026-02-05 12:05:48	INFO	SvTableMsgReceiver Thread-4925	Thread.getStackTrace(1559)	recieve message cmdcode:12639
2026-02-05 12:05:48	INFO	SvTableMsgReceiver Thread-27540	Thread.getStackTrace(1559)	recieve message cmdcode:12639
2026-02-05 12:08:39	INFO	AWT-EventQueue-0	Thread.getStackTrace(1559)	unregister slip, view id : 2290032
2026-02-05 12:08:39	INFO	AWT-EventQueue-0	Thread.getStackTrace(1559)	unregister slip progress, view id : 2290032
2026-02-05 12:10:01	INFO	AWT-EventQueue-0	Thread.getStackTrace(1559)	create new SvTablePanel instance, view id :18105537
2026-02-05 12:10:01	INFO	AWT-EventQueue-0	Thread.getStackTrace(1559)	register slip progress, view id : 18105537
2026-02-05 12:10:01	INFO	SlipWinThread_com.huawei.u2000.ucbb.table.slip.SlipTableMsgService	Thread.getStackTrace(1559)	register slip , return result/ view id : 1 / 18105537
2026-02-05 12:10:01	INFO	AWT-EventQueue-0	Thread.getStackTrace(1559)	unregister slip, view id : 18105537
2026-02-05 12:10:01	INFO	AWT-EventQueue-0	Thread.getStackTrace(1559)	unregister slip progress, view id : 18105537
2026-02-05 12:10:02	INFO	AWT-EventQueue-0	Thread.getStackTrace(1559)	create new SvTablePanel instance, view id :1076989
2026-02-05 12:10:02	INFO	AWT-EventQueue-0	Thread.getStackTrace(1559)	register slip progress, view id : 1076989
2026-02-05 12:10:02	INFO	SlipWinThread_com.huawei.u2000.ucbb.table.slip.SlipTableMsgService	Thread.getStackTrace(1559)	register slip , return result/ view id : 1 / 1076989
2026-02-05 12:10:11	INFO	AWT-EventQueue-0	Thread.getStackTrace(1559)	create new SvTablePanel instance, view id :5984381
2026-02-05 12:10:11	INFO	AWT-EventQueue-0	Thread.getStackTrace(1559)	register slip progress, view id : 5984381
2026-02-05 12:10:11	INFO	SlipWinThread_com.huawei.u2000.pf.frame.ui.slipTable.SlipTableMsgService	Thread.getStackTrace(1559)	register slip , return result/ view id : 1 / 5984381
2026-02-05 12:10:12	INFO	SvTableMsgReceiver Thread-4925	Thread.getStackTrace(1559)	recieve message cmdcode:12639
2026-02-05 12:10:12	INFO	SvTableMsgReceiver Thread-50860	Thread.getStackTrace(1559)	recieve message cmdcode:12639
2026-02-05 12:10:12	INFO	SvTableMsgReceiver Thread-51695	Thread.getStackTrace(1559)	recieve message cmdcode:12639
2026-02-05 12:10:16	INFO	pool-14-thread-11	Thread.getStackTrace(1559)	unregister slip, view id : 5984381
2026-02-05 12:10:16	INFO	pool-14-thread-11	Thread.getStackTrace(1559)	unregister slip progress, view id : 5984381
2026-02-05 12:10:17	INFO	AWT-EventQueue-0	Thread.getStackTrace(1559)	create new SvTablePanel instance, view id :22084055
2026-02-05 12:10:17	INFO	AWT-EventQueue-0	Thread.getStackTrace(1559)	register slip progress, view id : 22084055
2026-02-05 12:10:17	INFO	SlipWinThread_com.huawei.u2000.pf.frame.ui.slipTable.SlipTableMsgService	Thread.getStackTrace(1559)	register slip , return result/ view id : 1 / 22084055
2026-02-05 12:10:18	INFO	SvTableMsgReceiver Thread-4925	Thread.getStackTrace(1559)	recieve message cmdcode:12639
2026-02-05 12:10:18	INFO	SvTableMsgReceiver Thread-50860	Thread.getStackTrace(1559)	recieve message cmdcode:12639
2026-02-05 12:10:18	INFO	SvTableMsgReceiver Thread-52370	Thread.getStackTrace(1559)	recieve message cmdcode:12639
2026-02-05 12:10:19	INFO	pool-14-thread-11	Thread.getStackTrace(1559)	unregister slip, view id : 22084055
2026-02-05 12:10:19	INFO	pool-14-thread-11	Thread.getStackTrace(1559)	unregister slip progress, view id : 22084055
2026-02-05 12:10:40	INFO	SvTableMsgReceiver Thread-4925	Thread.getStackTrace(1559)	recieve message cmdcode:12639
2026-02-05 12:10:40	INFO	SvTableMsgReceiver Thread-50860	Thread.getStackTrace(1559)	recieve message cmdcode:12639
2026-02-05 12:10:41	INFO	SvTableMsgReceiver Thread-4925	Thread.getStackTrace(1559)	recieve message cmdcode:12639
2026-02-05 12:10:41	INFO	SvTableMsgReceiver Thread-50860	Thread.getStackTrace(1559)	recieve message cmdcode:12639
2026-02-05 12:10:51	INFO	AWT-EventQueue-0	Thread.getStackTrace(1559)	create new SvTablePanel instance, view id :8193944
2026-02-05 12:10:51	INFO	AWT-EventQueue-0	Thread.getStackTrace(1559)	register slip progress, view id : 8193944
2026-02-05 12:10:51	INFO	SlipWinThread_com.huawei.u2000.pf.frame.ui.slipTable.SlipTableMsgService	Thread.getStackTrace(1559)	register slip , return result/ view id : 1 / 8193944
2026-02-05 12:10:52	INFO	SvTableMsgReceiver Thread-4925	Thread.getStackTrace(1559)	recieve message cmdcode:12639
2026-02-05 12:10:52	INFO	SvTableMsgReceiver Thread-50860	Thread.getStackTrace(1559)	recieve message cmdcode:12639
2026-02-05 12:10:52	INFO	SvTableMsgReceiver Thread-54692	Thread.getStackTrace(1559)	recieve message cmdcode:12639
2026-02-05 12:10:53	INFO	pool-14-thread-11	Thread.getStackTrace(1559)	unregister slip, view id : 8193944
2026-02-05 12:10:53	INFO	pool-14-thread-11	Thread.getStackTrace(1559)	unregister slip progress, view id : 8193944
2026-02-05 12:10:54	INFO	AWT-EventQueue-0	Thread.getStackTrace(1559)	create new SvTablePanel instance, view id :19670420
2026-02-05 12:10:55	INFO	AWT-EventQueue-0	Thread.getStackTrace(1559)	register slip progress, view id : 19670420
2026-02-05 12:10:55	INFO	SlipWinThread_com.huawei.u2000.pf.frame.ui.slipTable.SlipTableMsgService	Thread.getStackTrace(1559)	register slip , return result/ view id : 1 / 19670420
2026-02-05 12:10:56	INFO	SvTableMsgReceiver Thread-4925	Thread.getStackTrace(1559)	recieve message cmdcode:12639
2026-02-05 12:10:56	INFO	SvTableMsgReceiver Thread-50860	Thread.getStackTrace(1559)	recieve message cmdcode:12639
2026-02-05 12:10:56	INFO	SvTableMsgReceiver Thread-55261	Thread.getStackTrace(1559)	recieve message cmdcode:12639
2026-02-05 12:10:56	INFO	pool-14-thread-11	Thread.getStackTrace(1559)	unregister slip, view id : 19670420
2026-02-05 12:10:56	INFO	pool-14-thread-11	Thread.getStackTrace(1559)	unregister slip progress, view id : 19670420
2026-02-05 12:10:59	INFO	AWT-EventQueue-0	Thread.getStackTrace(1559)	unregister slip, view id : 1076989
2026-02-05 12:10:59	INFO	AWT-EventQueue-0	Thread.getStackTrace(1559)	unregister slip progress, view id : 1076989
2026-02-05 12:10:59	INFO	AWT-EventQueue-0	Thread.getStackTrace(1559)	create new SvTablePanel instance, view id :6546078
2026-02-05 12:10:59	INFO	AWT-EventQueue-0	Thread.getStackTrace(1559)	register slip progress, view id : 6546078
2026-02-05 12:10:59	INFO	SlipWinThread_com.huawei.u2000.ucbb.table.slip.SlipTableMsgService	Thread.getStackTrace(1559)	register slip , return result/ view id : 1 / 6546078
2026-02-05 12:13:07	INFO	AWT-EventQueue-0	Thread.getStackTrace(1559)	unregister slip, view id : 6546078
2026-02-05 12:13:07	INFO	AWT-EventQueue-0	Thread.getStackTrace(1559)	unregister slip progress, view id : 6546078
2026-02-05 12:25:56	INFO	AWT-EventQueue-0	Thread.getStackTrace(1559)	create new SvTablePanel instance, view id :13064789
2026-02-05 12:25:56	INFO	AWT-EventQueue-0	Thread.getStackTrace(1559)	register slip progress, view id : 13064789
2026-02-05 12:25:56	INFO	SlipWinThread_com.huawei.u2000.ucbb.table.slip.SlipTableMsgService	Thread.getStackTrace(1559)	register slip , return result/ view id : 1 / 13064789
2026-02-05 12:25:57	INFO	SvTableMsgReceiver Thread-4925	Thread.getStackTrace(1559)	recieve message cmdcode:12639
2026-02-05 12:25:57	INFO	SvTableMsgReceiver Thread-68771	Thread.getStackTrace(1559)	recieve message cmdcode:12639
2026-02-05 12:26:10	INFO	SvTableMsgReceiver Thread-4925	Thread.getStackTrace(1559)	recieve message cmdcode:12639
2026-02-05 12:26:10	INFO	SvTableMsgReceiver Thread-68771	Thread.getStackTrace(1559)	recieve message cmdcode:12639
2026-02-05 12:27:18	INFO	AWT-EventQueue-0	Thread.getStackTrace(1559)	unregister slip, view id : 13064789
2026-02-05 12:27:18	INFO	AWT-EventQueue-0	Thread.getStackTrace(1559)	unregister slip progress, view id : 13064789
2026-02-05 12:27:18	INFO	AWT-EventQueue-0	Thread.getStackTrace(1559)	create new SvTablePanel instance, view id :1219966
2026-02-05 12:27:18	INFO	AWT-EventQueue-0	Thread.getStackTrace(1559)	register slip progress, view id : 1219966
2026-02-05 12:27:18	INFO	SlipWinThread_com.huawei.u2000.ucbb.table.slip.SlipTableMsgService	Thread.getStackTrace(1559)	register slip , return result/ view id : 1 / 1219966
2026-02-05 12:27:19	INFO	AWT-EventQueue-0	Thread.getStackTrace(1559)	unregister slip, view id : 1219966
2026-02-05 12:27:19	INFO	AWT-EventQueue-0	Thread.getStackTrace(1559)	unregister slip progress, view id : 1219966
2026-02-05 12:27:19	INFO	AWT-EventQueue-0	Thread.getStackTrace(1559)	create new SvTablePanel instance, view id :31497158
2026-02-05 12:27:19	INFO	AWT-EventQueue-0	Thread.getStackTrace(1559)	register slip progress, view id : 31497158
2026-02-05 12:27:19	INFO	SlipWinThread_com.huawei.u2000.ucbb.table.slip.SlipTableMsgService	Thread.getStackTrace(1559)	register slip , return result/ view id : 1 / 31497158
2026-02-05 12:27:19	INFO	SvTableMsgReceiver Thread-4925	Thread.getStackTrace(1559)	recieve message cmdcode:12639
2026-02-05 12:27:19	INFO	SvTableMsgReceiver Thread-4925	Thread.getStackTrace(1559)	can not find SvTablePanel : 1219966
2026-02-05 12:27:19	INFO	SvTableMsgReceiver Thread-70874	Thread.getStackTrace(1559)	recieve message cmdcode:12639
2026-02-05 12:27:19	INFO	SvTableMsgReceiver Thread-70874	Thread.getStackTrace(1559)	can not find SvTablePanel : 1219966
2026-02-05 12:27:20	INFO	SvTableMsgReceiver Thread-4925	Thread.getStackTrace(1559)	recieve message cmdcode:12639
2026-02-05 12:27:20	INFO	SvTableMsgReceiver Thread-70874	Thread.getStackTrace(1559)	recieve message cmdcode:12639
2026-02-05 12:28:07	INFO	AWT-EventQueue-0	Thread.getStackTrace(1559)	unregister slip, view id : 31497158
2026-02-05 12:28:07	INFO	AWT-EventQueue-0	Thread.getStackTrace(1559)	unregister slip progress, view id : 31497158
2026-02-05 13:04:06	INFO	AWT-EventQueue-0	Thread.getStackTrace(1559)	create new SvTablePanel instance, view id :24512354
2026-02-05 13:04:06	INFO	AWT-EventQueue-0	Thread.getStackTrace(1559)	create new SvTablePanel instance, view id :32337801
2026-02-05 13:04:06	INFO	AWT-EventQueue-0	Thread.getStackTrace(1559)	create new SvTablePanel instance, view id :7208717
2026-02-05 13:04:06	INFO	AWT-EventQueue-0	Thread.getStackTrace(1559)	register slip progress, view id : 24512354
2026-02-05 13:04:06	INFO	SlipWinThread_com.huawei.u2000.pf.frame.ui.slipTable.SlipTableMsgService	Thread.getStackTrace(1559)	register slip , return result/ view id : 1 / 24512354
2026-02-05 13:04:09	INFO	AWT-EventQueue-0	Thread.getStackTrace(1559)	create new SvTablePanel instance, view id :2231177
2026-02-05 13:04:09	INFO	AWT-EventQueue-0	Thread.getStackTrace(1559)	create new SvTablePanel instance, view id :1353351
2026-02-05 13:04:09	INFO	AWT-EventQueue-0	Thread.getStackTrace(1559)	create new SvTablePanel instance, view id :28033690
2026-02-05 13:04:09	INFO	AWT-EventQueue-0	Thread.getStackTrace(1559)	register slip progress, view id : 2231177
2026-02-05 13:04:09	INFO	SlipWinThread_com.huawei.u2000.pf.frame.ui.slipTable.SlipTableMsgService	Thread.getStackTrace(1559)	register slip , return result/ view id : 1 / 2231177
2026-02-05 13:04:09	INFO	pool-14-thread-9	Thread.getStackTrace(1559)	unregister slip, view id : 24512354
2026-02-05 13:04:09	INFO	pool-14-thread-9	Thread.getStackTrace(1559)	unregister slip progress, view id : 24512354
2026-02-05 13:04:10	INFO	SvTableMsgReceiver Thread-4925	Thread.getStackTrace(1559)	recieve message cmdcode:12639
2026-02-05 13:04:10	INFO	SvTableMsgReceiver Thread-94214	Thread.getStackTrace(1559)	recieve message cmdcode:12639
2026-02-06 06:52:05	INFO	AWT-EventQueue-0	Thread.getStackTrace(1559)	start slip view
2026-02-06 06:52:05	INFO	AWT-EventQueue-0	Thread.getStackTrace(1559)	create new SvTablePanel instance, view id :18093691
2026-02-06 06:52:06	INFO	AWT-EventQueue-0	Thread.getStackTrace(1559)	register slip progress, view id : 18093691
2026-02-06 06:52:06	INFO	SlipWinThread_com.huawei.u2000.pf.frame.ui.slipTable.SlipTableMsgService	Thread.getStackTrace(1559)	register slip , return result/ view id : 1 / 18093691
2026-02-06 06:52:07	INFO	SvTableMsgReceiver Thread-30934	Thread.getStackTrace(1559)	recieve message cmdcode:12639
2026-02-06 06:52:13	INFO	pool-14-thread-9	Thread.getStackTrace(1559)	unregister slip, view id : 18093691
2026-02-06 06:52:13	INFO	pool-14-thread-9	Thread.getStackTrace(1559)	unregister slip progress, view id : 18093691
2026-02-06 06:52:14	INFO	AWT-EventQueue-0	Thread.getStackTrace(1559)	create new SvTablePanel instance, view id :30285000
2026-02-06 06:52:14	INFO	AWT-EventQueue-0	Thread.getStackTrace(1559)	register slip progress, view id : 30285000
2026-02-06 06:52:14	INFO	SlipWinThread_com.huawei.u2000.pf.frame.ui.slipTable.SlipTableMsgService	Thread.getStackTrace(1559)	register slip , return result/ view id : 1 / 30285000
2026-02-06 06:52:15	INFO	SvTableMsgReceiver Thread-31655	Thread.getStackTrace(1559)	recieve message cmdcode:12639
2026-02-06 06:52:16	INFO	pool-14-thread-9	Thread.getStackTrace(1559)	unregister slip, view id : 30285000
2026-02-06 06:52:16	INFO	pool-14-thread-9	Thread.getStackTrace(1559)	unregister slip progress, view id : 30285000
2026-02-06 06:52:20	INFO	AWT-EventQueue-0	Thread.getStackTrace(1559)	create new SvTablePanel instance, view id :28858324
2026-02-06 06:52:20	INFO	AWT-EventQueue-0	Thread.getStackTrace(1559)	register slip progress, view id : 28858324
2026-02-06 06:52:20	INFO	SlipWinThread_com.huawei.u2000.ucbb.table.slip.SlipTableMsgService	Thread.getStackTrace(1559)	register slip , return result/ view id : 1 / 28858324
2026-02-06 06:52:39	INFO	SvTableMsgReceiver Thread-32472	Thread.getStackTrace(1559)	recieve message cmdcode:12639
2026-02-06 06:52:41	INFO	AWT-EventQueue-0	Thread.getStackTrace(1559)	unregister slip, view id : 28858324
2026-02-06 06:52:41	INFO	AWT-EventQueue-0	Thread.getStackTrace(1559)	unregister slip progress, view id : 28858324
2026-02-06 06:52:50	INFO	AWT-EventQueue-0	Thread.getStackTrace(1559)	create new SvTablePanel instance, view id :6123087
2026-02-06 06:52:50	INFO	AWT-EventQueue-0	Thread.getStackTrace(1559)	register slip progress, view id : 6123087
2026-02-06 06:52:50	INFO	SlipWinThread_com.huawei.u2000.ucbb.table.slip.SlipTableMsgService	Thread.getStackTrace(1559)	register slip , return result/ view id : 1 / 6123087
2026-02-06 06:52:51	INFO	SvTableMsgReceiver Thread-35630	Thread.getStackTrace(1559)	recieve message cmdcode:12639
2026-02-06 06:53:00	INFO	AWT-EventQueue-0	Thread.getStackTrace(1559)	create new SvTablePanel instance, view id :25746738
2026-02-06 06:53:00	INFO	AWT-EventQueue-0	Thread.getStackTrace(1559)	register slip progress, view id : 25746738
2026-02-06 06:53:00	INFO	SlipWinThread_com.huawei.u2000.pf.frame.ui.slipTable.SlipTableMsgService	Thread.getStackTrace(1559)	register slip , return result/ view id : 1 / 25746738
2026-02-06 06:53:01	INFO	SvTableMsgReceiver Thread-36377	Thread.getStackTrace(1559)	recieve message cmdcode:12639
2026-02-06 06:53:01	INFO	SvTableMsgReceiver Thread-35630	Thread.getStackTrace(1559)	recieve message cmdcode:12639
2026-02-06 06:53:03	INFO	pool-14-thread-9	Thread.getStackTrace(1559)	unregister slip, view id : 25746738
2026-02-06 06:53:03	INFO	pool-14-thread-9	Thread.getStackTrace(1559)	unregister slip progress, view id : 25746738
2026-02-06 06:53:04	INFO	AWT-EventQueue-0	Thread.getStackTrace(1559)	create new SvTablePanel instance, view id :15164598
2026-02-06 06:53:04	INFO	AWT-EventQueue-0	Thread.getStackTrace(1559)	register slip progress, view id : 15164598
2026-02-06 06:53:04	INFO	SlipWinThread_com.huawei.u2000.pf.frame.ui.slipTable.SlipTableMsgService	Thread.getStackTrace(1559)	register slip , return result/ view id : 1 / 15164598
2026-02-06 06:53:05	INFO	SvTableMsgReceiver Thread-35630	Thread.getStackTrace(1559)	recieve message cmdcode:12639
2026-02-06 06:53:05	INFO	SvTableMsgReceiver Thread-36954	Thread.getStackTrace(1559)	recieve message cmdcode:12639
2026-02-06 06:53:07	INFO	pool-14-thread-9	Thread.getStackTrace(1559)	unregister slip, view id : 15164598
2026-02-06 06:53:07	INFO	pool-14-thread-9	Thread.getStackTrace(1559)	unregister slip progress, view id : 15164598
2026-02-06 06:53:09	INFO	AWT-EventQueue-0	Thread.getStackTrace(1559)	unregister slip, view id : 6123087
2026-02-06 06:53:09	INFO	AWT-EventQueue-0	Thread.getStackTrace(1559)	unregister slip progress, view id : 6123087
2026-02-06 06:53:10	INFO	AWT-EventQueue-0	Thread.getStackTrace(1559)	create new SvTablePanel instance, view id :10140590
2026-02-06 06:53:10	INFO	AWT-EventQueue-0	Thread.getStackTrace(1559)	register slip progress, view id : 10140590
2026-02-06 06:53:10	INFO	SlipWinThread_com.huawei.u2000.ucbb.table.slip.SlipTableMsgService	Thread.getStackTrace(1559)	register slip , return result/ view id : 1 / 10140590
2026-02-06 06:53:29	INFO	AWT-EventQueue-0	Thread.getStackTrace(1559)	unregister slip, view id : 10140590
2026-02-06 06:53:29	INFO	AWT-EventQueue-0	Thread.getStackTrace(1559)	unregister slip progress, view id : 10140590
2026-02-06 06:53:42	INFO	AWT-EventQueue-0	Thread.getStackTrace(1559)	create new SvTablePanel instance, view id :23938861
2026-02-06 06:53:42	INFO	AWT-EventQueue-0	Thread.getStackTrace(1559)	register slip progress, view id : 23938861
2026-02-06 06:53:42	INFO	SlipWinThread_com.huawei.u2000.ucbb.table.slip.SlipTableMsgService	Thread.getStackTrace(1559)	register slip , return result/ view id : 1 / 23938861
2026-02-06 06:55:14	INFO	SvTableMsgReceiver Thread-40435	Thread.getStackTrace(1559)	recieve message cmdcode:12639
2026-02-06 06:55:14	INFO	SvTableMsgReceiver Thread-40435	Thread.getStackTrace(1559)	can not find SvTablePanel : 26312653
2026-02-06 06:55:29	INFO	SvTableMsgReceiver Thread-40435	Thread.getStackTrace(1559)	recieve message cmdcode:12639
2026-02-06 06:55:39	INFO	AWT-EventQueue-0	Thread.getStackTrace(1559)	unregister slip, view id : 23938861
2026-02-06 06:55:39	INFO	AWT-EventQueue-0	Thread.getStackTrace(1559)	unregister slip progress, view id : 23938861
2026-02-06 07:03:36	INFO	AWT-EventQueue-0	Thread.getStackTrace(1559)	create new SvTablePanel instance, view id :8248558
2026-02-06 07:03:36	INFO	AWT-EventQueue-0	Thread.getStackTrace(1559)	register slip progress, view id : 8248558
2026-02-06 07:03:36	INFO	SlipWinThread_com.huawei.u2000.pf.frame.ui.slipTable.SlipTableMsgService	Thread.getStackTrace(1559)	register slip , return result/ view id : 1 / 8248558
2026-02-06 07:03:37	INFO	SvTableMsgReceiver Thread-56558	Thread.getStackTrace(1559)	recieve message cmdcode:12639
2026-02-06 07:03:38	INFO	pool-14-thread-9	Thread.getStackTrace(1559)	unregister slip, view id : 8248558
2026-02-06 07:03:38	INFO	pool-14-thread-9	Thread.getStackTrace(1559)	unregister slip progress, view id : 8248558
2026-02-06 07:03:58	INFO	AWT-EventQueue-0	Thread.getStackTrace(1559)	create new SvTablePanel instance, view id :3708921
2026-02-06 07:03:58	INFO	AWT-EventQueue-0	Thread.getStackTrace(1559)	register slip progress, view id : 3708921
2026-02-06 07:03:58	INFO	SlipWinThread_com.huawei.u2000.ucbb.table.slip.SlipTableMsgService	Thread.getStackTrace(1559)	register slip , return result/ view id : 1 / 3708921
2026-02-06 07:04:04	INFO	AWT-EventQueue-0	Thread.getStackTrace(1559)	create new SvTablePanel instance, view id :32204203
2026-02-06 07:04:04	INFO	AWT-EventQueue-0	Thread.getStackTrace(1559)	register slip progress, view id : 32204203
2026-02-06 07:04:04	INFO	SlipWinThread_com.huawei.u2000.pf.frame.ui.slipTable.SlipTableMsgService	Thread.getStackTrace(1559)	register slip , return result/ view id : 1 / 32204203
2026-02-06 07:04:05	INFO	SvTableMsgReceiver Thread-59155	Thread.getStackTrace(1559)	recieve message cmdcode:12639
2026-02-06 07:04:05	INFO	SvTableMsgReceiver Thread-58596	Thread.getStackTrace(1559)	recieve message cmdcode:12639
2026-02-06 07:04:09	INFO	pool-14-thread-9	Thread.getStackTrace(1559)	unregister slip, view id : 32204203
2026-02-06 07:04:09	INFO	pool-14-thread-9	Thread.getStackTrace(1559)	unregister slip progress, view id : 32204203
2026-02-06 07:04:29	INFO	SvTableMsgReceiver Thread-58596	Thread.getStackTrace(1559)	recieve message cmdcode:12639
2026-02-06 07:04:40	INFO	AWT-EventQueue-0	Thread.getStackTrace(1559)	create new SvTablePanel instance, view id :14609575
2026-02-06 07:04:40	INFO	AWT-EventQueue-0	Thread.getStackTrace(1559)	register slip progress, view id : 14609575
2026-02-06 07:04:40	INFO	SlipWinThread_com.huawei.u2000.pf.frame.ui.slipTable.SlipTableMsgService	Thread.getStackTrace(1559)	register slip , return result/ view id : 1 / 14609575
2026-02-06 07:04:41	INFO	SvTableMsgReceiver Thread-58596	Thread.getStackTrace(1559)	recieve message cmdcode:12639
2026-02-06 07:04:41	INFO	SvTableMsgReceiver Thread-62226	Thread.getStackTrace(1559)	recieve message cmdcode:12639
2026-02-06 07:04:45	INFO	pool-14-thread-9	Thread.getStackTrace(1559)	unregister slip, view id : 14609575
2026-02-06 07:04:45	INFO	pool-14-thread-9	Thread.getStackTrace(1559)	unregister slip progress, view id : 14609575
2026-02-06 07:04:48	INFO	AWT-EventQueue-0	Thread.getStackTrace(1559)	unregister slip, view id : 3708921
2026-02-06 07:04:48	INFO	AWT-EventQueue-0	Thread.getStackTrace(1559)	unregister slip progress, view id : 3708921
2026-02-06 07:04:49	INFO	AWT-EventQueue-0	Thread.getStackTrace(1559)	create new SvTablePanel instance, view id :7535101
2026-02-06 07:04:49	INFO	AWT-EventQueue-0	Thread.getStackTrace(1559)	register slip progress, view id : 7535101
2026-02-06 07:04:49	INFO	SlipWinThread_com.huawei.u2000.ucbb.table.slip.SlipTableMsgService	Thread.getStackTrace(1559)	register slip , return result/ view id : 1 / 7535101
2026-02-06 07:04:50	INFO	AWT-EventQueue-0	Thread.getStackTrace(1559)	unregister slip, view id : 7535101
2026-02-06 07:04:50	INFO	AWT-EventQueue-0	Thread.getStackTrace(1559)	unregister slip progress, view id : 7535101
2026-02-06 07:04:50	INFO	AWT-EventQueue-0	Thread.getStackTrace(1559)	create new SvTablePanel instance, view id :23153076
2026-02-06 07:04:50	INFO	AWT-EventQueue-0	Thread.getStackTrace(1559)	register slip progress, view id : 23153076
2026-02-06 07:04:50	INFO	SlipWinThread_com.huawei.u2000.ucbb.table.slip.SlipTableMsgService	Thread.getStackTrace(1559)	register slip , return result/ view id : 1 / 23153076
2026-02-06 07:05:28	INFO	AWT-EventQueue-0	Thread.getStackTrace(1559)	unregister slip, view id : 23153076
2026-02-06 07:05:28	INFO	AWT-EventQueue-0	Thread.getStackTrace(1559)	unregister slip progress, view id : 23153076
2026-02-06 07:05:45	INFO	AWT-EventQueue-0	Thread.getStackTrace(1559)	create new SvTablePanel instance, view id :87241
2026-02-06 07:05:45	INFO	AWT-EventQueue-0	Thread.getStackTrace(1559)	register slip progress, view id : 87241
2026-02-06 07:05:45	INFO	SlipWinThread_com.huawei.u2000.ucbb.table.slip.SlipTableMsgService	Thread.getStackTrace(1559)	register slip , return result/ view id : 1 / 87241
2026-02-06 07:05:46	INFO	SvTableMsgReceiver Thread-66392	Thread.getStackTrace(1559)	recieve message cmdcode:12639
2026-02-06 07:05:49	INFO	SvTableMsgReceiver Thread-66392	Thread.getStackTrace(1559)	recieve message cmdcode:12639
2026-02-06 07:06:01	INFO	SvTableMsgReceiver Thread-66392	Thread.getStackTrace(1559)	recieve message cmdcode:12639
2026-02-06 07:06:01	INFO	SvTableMsgReceiver Thread-66392	Thread.getStackTrace(1559)	can not find SvTablePanel : 5553020
2026-02-06 07:06:03	INFO	SvTableMsgReceiver Thread-66392	Thread.getStackTrace(1559)	recieve message cmdcode:12639
2026-02-06 07:06:03	INFO	SvTableMsgReceiver Thread-66392	Thread.getStackTrace(1559)	can not find SvTablePanel : 11806626
2026-02-06 07:06:06	INFO	AWT-EventQueue-0	Thread.getStackTrace(1559)	unregister slip, view id : 87241
2026-02-06 07:06:06	INFO	AWT-EventQueue-0	Thread.getStackTrace(1559)	unregister slip progress, view id : 87241
2026-02-06 07:06:06	INFO	AWT-EventQueue-0	Thread.getStackTrace(1559)	create new SvTablePanel instance, view id :15477175
2026-02-06 07:06:06	INFO	AWT-EventQueue-0	Thread.getStackTrace(1559)	register slip progress, view id : 15477175
2026-02-06 07:06:06	INFO	SlipWinThread_com.huawei.u2000.ucbb.table.slip.SlipTableMsgService	Thread.getStackTrace(1559)	register slip , return result/ view id : 1 / 15477175
2026-02-06 07:06:07	INFO	SvTableMsgReceiver Thread-68187	Thread.getStackTrace(1559)	recieve message cmdcode:12639
2026-02-06 07:06:08	INFO	AWT-EventQueue-0	Thread.getStackTrace(1559)	unregister slip, view id : 15477175
2026-02-06 07:06:08	INFO	AWT-EventQueue-0	Thread.getStackTrace(1559)	unregister slip progress, view id : 15477175
2026-02-06 07:06:08	INFO	AWT-EventQueue-0	Thread.getStackTrace(1559)	create new SvTablePanel instance, view id :8894122
2026-02-06 07:06:08	INFO	AWT-EventQueue-0	Thread.getStackTrace(1559)	register slip progress, view id : 8894122
2026-02-06 07:06:08	INFO	SlipWinThread_com.huawei.u2000.ucbb.table.slip.SlipTableMsgService	Thread.getStackTrace(1559)	register slip , return result/ view id : 1 / 8894122
2026-02-06 07:06:08	INFO	AWT-EventQueue-0	Thread.getStackTrace(1559)	unregister slip, view id : 8894122
2026-02-06 07:06:08	INFO	AWT-EventQueue-0	Thread.getStackTrace(1559)	unregister slip progress, view id : 8894122
2026-02-06 07:06:09	INFO	AWT-EventQueue-0	Thread.getStackTrace(1559)	create new SvTablePanel instance, view id :19716555
2026-02-06 07:06:09	INFO	AWT-EventQueue-0	Thread.getStackTrace(1559)	register slip progress, view id : 19716555
2026-02-06 07:06:09	INFO	SlipWinThread_com.huawei.u2000.ucbb.table.slip.SlipTableMsgService	Thread.getStackTrace(1559)	register slip , return result/ view id : 1 / 19716555
2026-02-06 07:06:09	INFO	AWT-EventQueue-0	Thread.getStackTrace(1559)	unregister slip, view id : 19716555
2026-02-06 07:06:09	INFO	AWT-EventQueue-0	Thread.getStackTrace(1559)	unregister slip progress, view id : 19716555
2026-02-06 07:06:09	INFO	AWT-EventQueue-0	Thread.getStackTrace(1559)	create new SvTablePanel instance, view id :15318288
2026-02-06 07:06:09	INFO	AWT-EventQueue-0	Thread.getStackTrace(1559)	register slip progress, view id : 15318288
2026-02-06 07:06:09	INFO	SlipWinThread_com.huawei.u2000.ucbb.table.slip.SlipTableMsgService	Thread.getStackTrace(1559)	register slip , return result/ view id : 1 / 15318288
2026-02-06 07:06:10	INFO	SvTableMsgReceiver Thread-68343	Thread.getStackTrace(1559)	recieve message cmdcode:12639
2026-02-06 07:06:10	INFO	SvTableMsgReceiver Thread-68343	Thread.getStackTrace(1559)	can not find SvTablePanel : 19716555
2026-02-06 07:06:10	INFO	SvTableMsgReceiver Thread-68343	Thread.getStackTrace(1559)	recieve message cmdcode:12639
2026-02-06 07:06:22	INFO	AWT-EventQueue-0	Thread.getStackTrace(1559)	unregister slip, view id : 15318288
2026-02-06 07:06:22	INFO	AWT-EventQueue-0	Thread.getStackTrace(1559)	unregister slip progress, view id : 15318288
2026-02-06 07:07:19	INFO	AWT-EventQueue-0	Thread.getStackTrace(1559)	create new SvTablePanel instance, view id :21431279
2026-02-06 07:07:19	INFO	AWT-EventQueue-0	Thread.getStackTrace(1559)	register slip progress, view id : 21431279
2026-02-06 07:07:19	INFO	SlipWinThread_com.huawei.u2000.ucbb.table.slip.SlipTableMsgService	Thread.getStackTrace(1559)	register slip , return result/ view id : 1 / 21431279
2026-02-06 07:07:21	INFO	SvTableMsgReceiver Thread-73181	Thread.getStackTrace(1559)	recieve message cmdcode:12639
2026-02-06 07:07:27	INFO	AWT-EventQueue-0	Thread.getStackTrace(1559)	unregister slip, view id : 21431279
2026-02-06 07:07:27	INFO	AWT-EventQueue-0	Thread.getStackTrace(1559)	unregister slip progress, view id : 21431279
2026-02-06 07:08:14	INFO	AWT-EventQueue-0	Thread.getStackTrace(1559)	create new SvTablePanel instance, view id :10966159
2026-02-06 07:08:14	INFO	AWT-EventQueue-0	Thread.getStackTrace(1559)	register slip progress, view id : 10966159
2026-02-06 07:08:14	INFO	SlipWinThread_com.huawei.u2000.ucbb.table.slip.SlipTableMsgService	Thread.getStackTrace(1559)	register slip , return result/ view id : 1 / 10966159
2026-02-06 07:08:15	INFO	SvTableMsgReceiver Thread-77487	Thread.getStackTrace(1559)	recieve message cmdcode:12639
2026-02-06 07:09:06	INFO	SvTableMsgReceiver Thread-77487	Thread.getStackTrace(1559)	recieve message cmdcode:12639
2026-02-06 07:09:16	INFO	SvTableMsgReceiver Thread-77487	Thread.getStackTrace(1559)	recieve message cmdcode:12639
2026-02-06 07:09:16	INFO	SvTableMsgReceiver Thread-77487	Thread.getStackTrace(1559)	can not find SvTablePanel : 20005395
2026-02-06 07:09:17	INFO	AWT-EventQueue-0	Thread.getStackTrace(1559)	unregister slip, view id : 10966159
2026-02-06 07:09:17	INFO	AWT-EventQueue-0	Thread.getStackTrace(1559)	unregister slip progress, view id : 10966159
2026-02-06 07:09:17	INFO	AWT-EventQueue-0	Thread.getStackTrace(1559)	create new SvTablePanel instance, view id :4426738
2026-02-06 07:09:17	INFO	AWT-EventQueue-0	Thread.getStackTrace(1559)	register slip progress, view id : 4426738
2026-02-06 07:09:17	INFO	SlipWinThread_com.huawei.u2000.ucbb.table.slip.SlipTableMsgService	Thread.getStackTrace(1559)	register slip , return result/ view id : 1 / 4426738
2026-02-06 07:09:18	INFO	AWT-EventQueue-0	Thread.getStackTrace(1559)	unregister slip, view id : 4426738
2026-02-06 07:09:18	INFO	AWT-EventQueue-0	Thread.getStackTrace(1559)	unregister slip progress, view id : 4426738
2026-02-06 07:09:18	INFO	AWT-EventQueue-0	Thread.getStackTrace(1559)	create new SvTablePanel instance, view id :26217377
2026-02-06 07:09:18	INFO	AWT-EventQueue-0	Thread.getStackTrace(1559)	register slip progress, view id : 26217377
2026-02-06 07:09:18	INFO	SlipWinThread_com.huawei.u2000.ucbb.table.slip.SlipTableMsgService	Thread.getStackTrace(1559)	register slip , return result/ view id : 1 / 26217377
2026-02-06 07:09:18	INFO	SvTableMsgReceiver Thread-81883	Thread.getStackTrace(1559)	recieve message cmdcode:12639
2026-02-06 07:09:18	INFO	SvTableMsgReceiver Thread-81883	Thread.getStackTrace(1559)	can not find SvTablePanel : 4426738
2026-02-06 07:09:19	INFO	SvTableMsgReceiver Thread-81883	Thread.getStackTrace(1559)	recieve message cmdcode:12639
2026-02-06 07:09:20	INFO	SvTableMsgReceiver Thread-81883	Thread.getStackTrace(1559)	recieve message cmdcode:12639
2026-02-06 07:09:20	INFO	SvTableMsgReceiver Thread-81883	Thread.getStackTrace(1559)	can not find SvTablePanel : 12976255
2026-02-06 07:09:25	INFO	AWT-EventQueue-0	Thread.getStackTrace(1559)	unregister slip, view id : 26217377
2026-02-06 07:09:25	INFO	AWT-EventQueue-0	Thread.getStackTrace(1559)	unregister slip progress, view id : 26217377
2026-02-06 07:09:25	INFO	AWT-EventQueue-0	Thread.getStackTrace(1559)	create new SvTablePanel instance, view id :14902338
2026-02-06 07:09:25	INFO	AWT-EventQueue-0	Thread.getStackTrace(1559)	register slip progress, view id : 14902338
2026-02-06 07:09:25	INFO	SlipWinThread_com.huawei.u2000.ucbb.table.slip.SlipTableMsgService	Thread.getStackTrace(1559)	register slip , return result/ view id : 1 / 14902338
2026-02-06 07:09:26	INFO	SvTableMsgReceiver Thread-82300	Thread.getStackTrace(1559)	recieve message cmdcode:12639
2026-02-06 07:09:27	INFO	AWT-EventQueue-0	Thread.getStackTrace(1559)	unregister slip, view id : 14902338
2026-02-06 07:09:27	INFO	AWT-EventQueue-0	Thread.getStackTrace(1559)	unregister slip progress, view id : 14902338
2026-02-06 07:09:28	INFO	AWT-EventQueue-0	Thread.getStackTrace(1559)	create new SvTablePanel instance, view id :25585015
2026-02-06 07:09:28	INFO	AWT-EventQueue-0	Thread.getStackTrace(1559)	register slip progress, view id : 25585015
2026-02-06 07:09:28	INFO	SlipWinThread_com.huawei.u2000.ucbb.table.slip.SlipTableMsgService	Thread.getStackTrace(1559)	register slip , return result/ view id : 1 / 25585015
2026-02-06 07:09:29	INFO	SvTableMsgReceiver Thread-82403	Thread.getStackTrace(1559)	recieve message cmdcode:12639
2026-02-06 07:09:45	INFO	AWT-EventQueue-0	Thread.getStackTrace(1559)	unregister slip, view id : 25585015
2026-02-06 07:09:45	INFO	AWT-EventQueue-0	Thread.getStackTrace(1559)	unregister slip progress, view id : 25585015
2026-02-06 07:10:19	INFO	AWT-EventQueue-0	Thread.getStackTrace(1559)	create new SvTablePanel instance, view id :24807218
2026-02-06 07:10:19	INFO	AWT-EventQueue-0	Thread.getStackTrace(1559)	register slip progress, view id : 24807218
2026-02-06 07:10:19	INFO	SlipWinThread_com.huawei.u2000.ucbb.table.slip.SlipTableMsgService	Thread.getStackTrace(1559)	register slip , return result/ view id : 1 / 24807218
2026-02-06 07:10:19	INFO	AWT-EventQueue-0	Thread.getStackTrace(1559)	unregister slip, view id : 24807218
2026-02-06 07:10:19	INFO	AWT-EventQueue-0	Thread.getStackTrace(1559)	unregister slip progress, view id : 24807218
2026-02-06 07:10:19	INFO	AWT-EventQueue-0	Thread.getStackTrace(1559)	create new SvTablePanel instance, view id :20740046
2026-02-06 07:10:19	INFO	AWT-EventQueue-0	Thread.getStackTrace(1559)	register slip progress, view id : 20740046
2026-02-06 07:10:19	INFO	SlipWinThread_com.huawei.u2000.ucbb.table.slip.SlipTableMsgService	Thread.getStackTrace(1559)	register slip , return result/ view id : 1 / 20740046
2026-02-06 07:10:20	INFO	SvTableMsgReceiver Thread-85763	Thread.getStackTrace(1559)	recieve message cmdcode:12639
2026-02-06 07:10:20	INFO	SvTableMsgReceiver Thread-85763	Thread.getStackTrace(1559)	can not find SvTablePanel : 24807218
2026-02-06 07:10:20	INFO	AWT-EventQueue-0	Thread.getStackTrace(1559)	unregister slip, view id : 20740046
2026-02-06 07:10:20	INFO	AWT-EventQueue-0	Thread.getStackTrace(1559)	unregister slip progress, view id : 20740046
2026-02-06 07:10:20	INFO	AWT-EventQueue-0	Thread.getStackTrace(1559)	create new SvTablePanel instance, view id :30202399
2026-02-06 07:10:20	INFO	AWT-EventQueue-0	Thread.getStackTrace(1559)	register slip progress, view id : 30202399
2026-02-06 07:10:20	INFO	SlipWinThread_com.huawei.u2000.ucbb.table.slip.SlipTableMsgService	Thread.getStackTrace(1559)	register slip , return result/ view id : 1 / 30202399
2026-02-06 07:10:21	INFO	SvTableMsgReceiver Thread-85776	Thread.getStackTrace(1559)	recieve message cmdcode:12639
2026-02-06 07:10:21	INFO	SvTableMsgReceiver Thread-85776	Thread.getStackTrace(1559)	can not find SvTablePanel : 20740046
2026-02-06 07:10:21	INFO	SvTableMsgReceiver Thread-85776	Thread.getStackTrace(1559)	recieve message cmdcode:12639
2026-02-06 07:10:53	INFO	SvTableMsgReceiver Thread-85776	Thread.getStackTrace(1559)	recieve message cmdcode:12639
2026-02-06 07:11:12	INFO	SvTableMsgReceiver Thread-85776	Thread.getStackTrace(1559)	recieve message cmdcode:12639
2026-02-06 07:11:12	INFO	SvTableMsgReceiver Thread-85776	Thread.getStackTrace(1559)	can not find SvTablePanel : 13541180
2026-02-06 07:11:16	INFO	SvTableMsgReceiver Thread-85776	Thread.getStackTrace(1559)	recieve message cmdcode:12639
2026-02-06 07:11:16	INFO	SvTableMsgReceiver Thread-85776	Thread.getStackTrace(1559)	can not find SvTablePanel : 12720023
2026-02-06 07:11:17	INFO	AWT-EventQueue-0	Thread.getStackTrace(1559)	unregister slip, view id : 30202399
2026-02-06 07:11:17	INFO	AWT-EventQueue-0	Thread.getStackTrace(1559)	unregister slip progress, view id : 30202399
2026-02-06 07:11:24	INFO	AWT-EventQueue-0	Thread.getStackTrace(1559)	create new SvTablePanel instance, view id :12780410
2026-02-06 07:11:24	INFO	AWT-EventQueue-0	Thread.getStackTrace(1559)	register slip progress, view id : 12780410
2026-02-06 07:11:24	INFO	SlipWinThread_com.huawei.u2000.ucbb.table.slip.SlipTableMsgService	Thread.getStackTrace(1559)	register slip , return result/ view id : 1 / 12780410
2026-02-06 07:11:25	INFO	SvTableMsgReceiver Thread-91049	Thread.getStackTrace(1559)	recieve message cmdcode:12639
2026-02-06 07:11:27	INFO	AWT-EventQueue-0	Thread.getStackTrace(1559)	unregister slip, view id : 12780410
2026-02-06 07:11:27	INFO	AWT-EventQueue-0	Thread.getStackTrace(1559)	unregister slip progress, view id : 12780410
2026-02-06 07:11:32	INFO	AWT-EventQueue-0	Thread.getStackTrace(1559)	create new SvTablePanel instance, view id :26798891
2026-02-06 07:11:32	INFO	AWT-EventQueue-0	Thread.getStackTrace(1559)	register slip progress, view id : 26798891
2026-02-06 07:11:32	INFO	SlipWinThread_com.huawei.u2000.ucbb.table.slip.SlipTableMsgService	Thread.getStackTrace(1559)	register slip , return result/ view id : 1 / 26798891
2026-02-06 07:11:34	INFO	SvTableMsgReceiver Thread-92072	Thread.getStackTrace(1559)	recieve message cmdcode:12639
2026-02-06 07:11:34	INFO	AWT-EventQueue-0	Thread.getStackTrace(1559)	unregister slip, view id : 26798891
2026-02-06 07:11:34	INFO	AWT-EventQueue-0	Thread.getStackTrace(1559)	unregister slip progress, view id : 26798891
2026-02-06 07:12:14	INFO	AWT-EventQueue-0	Thread.getStackTrace(1559)	create new SvTablePanel instance, view id :6158438
2026-02-06 07:12:14	INFO	AWT-EventQueue-0	Thread.getStackTrace(1559)	register slip progress, view id : 6158438
2026-02-06 07:12:14	INFO	SlipWinThread_com.huawei.u2000.ucbb.table.slip.SlipTableMsgService	Thread.getStackTrace(1559)	register slip , return result/ view id : 1 / 6158438
2026-02-06 07:12:15	INFO	SvTableMsgReceiver Thread-94816	Thread.getStackTrace(1559)	recieve message cmdcode:12639
2026-02-06 07:12:29	INFO	AWT-EventQueue-0	Thread.getStackTrace(1559)	unregister slip, view id : 6158438
2026-02-06 07:12:29	INFO	AWT-EventQueue-0	Thread.getStackTrace(1559)	unregister slip progress, view id : 6158438
2026-02-06 07:12:29	INFO	AWT-EventQueue-0	Thread.getStackTrace(1559)	create new SvTablePanel instance, view id :32525911
2026-02-06 07:12:29	INFO	AWT-EventQueue-0	Thread.getStackTrace(1559)	register slip progress, view id : 32525911
2026-02-06 07:12:29	INFO	SlipWinThread_com.huawei.u2000.ucbb.table.slip.SlipTableMsgService	Thread.getStackTrace(1559)	register slip , return result/ view id : 1 / 32525911
2026-02-06 07:12:30	INFO	AWT-EventQueue-0	Thread.getStackTrace(1559)	unregister slip, view id : 32525911
2026-02-06 07:12:30	INFO	AWT-EventQueue-0	Thread.getStackTrace(1559)	unregister slip progress, view id : 32525911
2026-02-06 07:12:30	INFO	AWT-EventQueue-0	Thread.getStackTrace(1559)	create new SvTablePanel instance, view id :6763399
2026-02-06 07:12:30	INFO	AWT-EventQueue-0	Thread.getStackTrace(1559)	register slip progress, view id : 6763399
2026-02-06 07:12:30	INFO	SlipWinThread_com.huawei.u2000.ucbb.table.slip.SlipTableMsgService	Thread.getStackTrace(1559)	register slip , return result/ view id : 1 / 6763399
2026-02-06 07:12:30	INFO	SvTableMsgReceiver Thread-96086	Thread.getStackTrace(1559)	recieve message cmdcode:12639
2026-02-06 07:12:30	INFO	SvTableMsgReceiver Thread-96086	Thread.getStackTrace(1559)	can not find SvTablePanel : 32525911
2026-02-06 07:12:31	INFO	SvTableMsgReceiver Thread-96086	Thread.getStackTrace(1559)	recieve message cmdcode:12639
2026-02-06 07:13:15	INFO	AWT-EventQueue-0	Thread.getStackTrace(1559)	unregister slip, view id : 6763399
2026-02-06 07:13:15	INFO	AWT-EventQueue-0	Thread.getStackTrace(1559)	unregister slip progress, view id : 6763399
2026-02-06 07:17:13	INFO	AWT-EventQueue-0	Thread.getStackTrace(1559)	create new SvTablePanel instance, view id :19516383
2026-02-06 07:17:13	INFO	AWT-EventQueue-0	Thread.getStackTrace(1559)	register slip progress, view id : 19516383
2026-02-06 07:17:13	INFO	SlipWinThread_com.huawei.u2000.pf.frame.ui.slipTable.SlipTableMsgService	Thread.getStackTrace(1559)	register slip , return result/ view id : 1 / 19516383
2026-02-06 07:17:14	INFO	SvTableMsgReceiver Thread-103709	Thread.getStackTrace(1559)	recieve message cmdcode:12639
2026-02-06 07:17:16	INFO	pool-14-thread-15	Thread.getStackTrace(1559)	unregister slip, view id : 19516383
2026-02-06 07:17:17	INFO	pool-14-thread-15	Thread.getStackTrace(1559)	unregister slip progress, view id : 19516383
2026-02-06 07:17:17	INFO	AWT-EventQueue-0	Thread.getStackTrace(1559)	create new SvTablePanel instance, view id :31432191
2026-02-06 07:17:17	INFO	AWT-EventQueue-0	Thread.getStackTrace(1559)	register slip progress, view id : 31432191
2026-02-06 07:17:17	INFO	SlipWinThread_com.huawei.u2000.pf.frame.ui.slipTable.SlipTableMsgService	Thread.getStackTrace(1559)	register slip , return result/ view id : 1 / 31432191
2026-02-06 07:17:18	INFO	SvTableMsgReceiver Thread-104268	Thread.getStackTrace(1559)	recieve message cmdcode:12639
2026-02-06 07:17:20	INFO	pool-14-thread-15	Thread.getStackTrace(1559)	unregister slip, view id : 31432191
2026-02-06 07:17:20	INFO	pool-14-thread-15	Thread.getStackTrace(1559)	unregister slip progress, view id : 31432191
2026-02-06 07:18:21	INFO	AWT-EventQueue-0	Thread.getStackTrace(1559)	create new SvTablePanel instance, view id :10884374
2026-02-06 07:18:21	INFO	AWT-EventQueue-0	Thread.getStackTrace(1559)	register slip progress, view id : 10884374
2026-02-06 07:18:21	INFO	SlipWinThread_com.huawei.u2000.ucbb.table.slip.SlipTableMsgService	Thread.getStackTrace(1559)	register slip , return result/ view id : 1 / 10884374
2026-02-06 07:19:03	INFO	AWT-EventQueue-0	Thread.getStackTrace(1559)	unregister slip, view id : 10884374
2026-02-06 07:19:03	INFO	AWT-EventQueue-0	Thread.getStackTrace(1559)	unregister slip progress, view id : 10884374
2026-02-06 07:19:47	INFO	AWT-EventQueue-0	Thread.getStackTrace(1559)	create new SvTablePanel instance, view id :20302897
2026-02-06 07:19:47	INFO	AWT-EventQueue-0	Thread.getStackTrace(1559)	register slip progress, view id : 20302897
2026-02-06 07:19:47	INFO	SlipWinThread_com.huawei.u2000.pf.frame.ui.slipTable.SlipTableMsgService	Thread.getStackTrace(1559)	register slip , return result/ view id : 1 / 20302897
2026-02-06 07:19:48	INFO	SvTableMsgReceiver Thread-112799	Thread.getStackTrace(1559)	recieve message cmdcode:12639
2026-02-06 07:19:50	INFO	pool-14-thread-10	Thread.getStackTrace(1559)	unregister slip, view id : 20302897
2026-02-06 07:19:50	INFO	pool-14-thread-10	Thread.getStackTrace(1559)	unregister slip progress, view id : 20302897
2026-02-06 07:19:56	INFO	AWT-EventQueue-0	Thread.getStackTrace(1559)	create new SvTablePanel instance, view id :1866682
2026-02-06 07:19:56	INFO	AWT-EventQueue-0	Thread.getStackTrace(1559)	register slip progress, view id : 1866682
2026-02-06 07:19:56	INFO	SlipWinThread_com.huawei.u2000.ucbb.table.slip.SlipTableMsgService	Thread.getStackTrace(1559)	register slip , return result/ view id : 1 / 1866682
2026-02-06 07:19:57	INFO	SvTableMsgReceiver Thread-113800	Thread.getStackTrace(1559)	recieve message cmdcode:12639
2026-02-06 07:20:19	INFO	AWT-EventQueue-0	Thread.getStackTrace(1559)	create new SvTablePanel instance, view id :15190562
2026-02-06 07:20:19	INFO	AWT-EventQueue-0	Thread.getStackTrace(1559)	register slip progress, view id : 15190562
2026-02-06 07:20:19	INFO	SlipWinThread_com.huawei.u2000.ucbb.table.slip.SlipTableMsgService	Thread.getStackTrace(1559)	register slip , return result/ view id : 1 / 15190562
2026-02-06 07:20:26	INFO	AWT-EventQueue-0	Thread.getStackTrace(1559)	create new SvTablePanel instance, view id :8949358
2026-02-06 07:20:26	INFO	AWT-EventQueue-0	Thread.getStackTrace(1559)	register slip progress, view id : 8949358
2026-02-06 07:20:26	INFO	SlipWinThread_com.huawei.u2000.pf.frame.ui.slipTable.SlipTableMsgService	Thread.getStackTrace(1559)	register slip , return result/ view id : 1 / 8949358
2026-02-06 07:20:28	INFO	SvTableMsgReceiver Thread-113800	Thread.getStackTrace(1559)	recieve message cmdcode:12639
2026-02-06 07:20:28	INFO	SvTableMsgReceiver Thread-116344	Thread.getStackTrace(1559)	recieve message cmdcode:12639
2026-02-06 07:20:28	INFO	SvTableMsgReceiver Thread-115414	Thread.getStackTrace(1559)	recieve message cmdcode:12639
2026-02-06 07:20:29	INFO	pool-14-thread-10	Thread.getStackTrace(1559)	unregister slip, view id : 8949358
2026-02-06 07:20:29	INFO	pool-14-thread-10	Thread.getStackTrace(1559)	unregister slip progress, view id : 8949358
2026-02-06 07:20:32	INFO	AWT-EventQueue-0	Thread.getStackTrace(1559)	unregister slip, view id : 1866682
2026-02-06 07:20:32	INFO	AWT-EventQueue-0	Thread.getStackTrace(1559)	unregister slip progress, view id : 1866682
2026-02-06 07:20:33	INFO	AWT-EventQueue-0	Thread.getStackTrace(1559)	create new SvTablePanel instance, view id :32273597
2026-02-06 07:20:33	INFO	AWT-EventQueue-0	Thread.getStackTrace(1559)	register slip progress, view id : 32273597
2026-02-06 07:20:33	INFO	SlipWinThread_com.huawei.u2000.ucbb.table.slip.SlipTableMsgService	Thread.getStackTrace(1559)	register slip , return result/ view id : 1 / 32273597
2026-02-06 07:21:15	INFO	AWT-EventQueue-0	Thread.getStackTrace(1559)	unregister slip, view id : 32273597
2026-02-06 07:21:15	INFO	AWT-EventQueue-0	Thread.getStackTrace(1559)	unregister slip progress, view id : 32273597
2026-02-06 07:21:29	INFO	AWT-EventQueue-0	Thread.getStackTrace(1559)	create new SvTablePanel instance, view id :28418667
2026-02-06 07:21:29	INFO	AWT-EventQueue-0	Thread.getStackTrace(1559)	register slip progress, view id : 28418667
2026-02-06 07:21:29	INFO	SlipWinThread_com.huawei.u2000.ucbb.table.slip.SlipTableMsgService	Thread.getStackTrace(1559)	register slip , return result/ view id : 1 / 28418667
2026-02-06 07:21:30	INFO	SvTableMsgReceiver Thread-115414	Thread.getStackTrace(1559)	recieve message cmdcode:12639
2026-02-06 07:21:30	INFO	SvTableMsgReceiver Thread-120656	Thread.getStackTrace(1559)	recieve message cmdcode:12639
2026-02-06 07:21:56	INFO	AWT-EventQueue-0	Thread.getStackTrace(1559)	unregister slip, view id : 28418667
2026-02-06 07:21:56	INFO	AWT-EventQueue-0	Thread.getStackTrace(1559)	unregister slip progress, view id : 28418667
2026-02-06 07:21:56	INFO	AWT-EventQueue-0	Thread.getStackTrace(1559)	create new SvTablePanel instance, view id :7097965
2026-02-06 07:21:56	INFO	AWT-EventQueue-0	Thread.getStackTrace(1559)	register slip progress, view id : 7097965
2026-02-06 07:21:56	INFO	SlipWinThread_com.huawei.u2000.ucbb.table.slip.SlipTableMsgService	Thread.getStackTrace(1559)	register slip , return result/ view id : 1 / 7097965
2026-02-06 07:21:56	INFO	SvTableMsgReceiver Thread-115414	Thread.getStackTrace(1559)	recieve message cmdcode:12639
2026-02-06 07:21:56	INFO	SvTableMsgReceiver Thread-115414	Thread.getStackTrace(1559)	can not find SvTablePanel : 28418667
2026-02-06 07:21:57	INFO	SvTableMsgReceiver Thread-122693	Thread.getStackTrace(1559)	recieve message cmdcode:12639
2026-02-06 07:21:57	INFO	SvTableMsgReceiver Thread-122693	Thread.getStackTrace(1559)	can not find SvTablePanel : 28418667
2026-02-06 07:21:57	INFO	AWT-EventQueue-0	Thread.getStackTrace(1559)	unregister slip, view id : 7097965
2026-02-06 07:21:57	INFO	AWT-EventQueue-0	Thread.getStackTrace(1559)	unregister slip progress, view id : 7097965
2026-02-06 07:21:57	INFO	AWT-EventQueue-0	Thread.getStackTrace(1559)	create new SvTablePanel instance, view id :15998756
2026-02-06 07:21:57	INFO	AWT-EventQueue-0	Thread.getStackTrace(1559)	register slip progress, view id : 15998756
2026-02-06 07:21:57	INFO	SlipWinThread_com.huawei.u2000.ucbb.table.slip.SlipTableMsgService	Thread.getStackTrace(1559)	register slip , return result/ view id : 1 / 15998756
2026-02-06 07:21:57	INFO	SvTableMsgReceiver Thread-115414	Thread.getStackTrace(1559)	recieve message cmdcode:12639
2026-02-06 07:21:57	INFO	SvTableMsgReceiver Thread-115414	Thread.getStackTrace(1559)	can not find SvTablePanel : 7097965
2026-02-06 07:21:57	INFO	SvTableMsgReceiver Thread-122695	Thread.getStackTrace(1559)	recieve message cmdcode:12639
2026-02-06 07:21:57	INFO	SvTableMsgReceiver Thread-122695	Thread.getStackTrace(1559)	can not find SvTablePanel : 7097965
2026-02-06 07:21:58	INFO	SvTableMsgReceiver Thread-115414	Thread.getStackTrace(1559)	recieve message cmdcode:12639
2026-02-06 07:21:58	INFO	SvTableMsgReceiver Thread-122695	Thread.getStackTrace(1559)	recieve message cmdcode:12639
2026-02-06 07:23:19	INFO	SvTableMsgReceiver Thread-115414	Thread.getStackTrace(1559)	recieve message cmdcode:12639
2026-02-06 07:23:19	INFO	SvTableMsgReceiver Thread-122695	Thread.getStackTrace(1559)	recieve message cmdcode:12639
2026-02-06 07:23:27	INFO	AWT-EventQueue-0	Thread.getStackTrace(1559)	create new SvTablePanel instance, view id :25467395
2026-02-06 07:23:27	INFO	AWT-EventQueue-0	Thread.getStackTrace(1559)	register slip progress, view id : 25467395
2026-02-06 07:23:27	INFO	SlipWinThread_com.huawei.u2000.pf.frame.ui.slipTable.SlipTableMsgService	Thread.getStackTrace(1559)	register slip , return result/ view id : 1 / 25467395
2026-02-06 07:23:28	INFO	SvTableMsgReceiver Thread-115414	Thread.getStackTrace(1559)	recieve message cmdcode:12639
2026-02-06 07:23:28	INFO	SvTableMsgReceiver Thread-122695	Thread.getStackTrace(1559)	recieve message cmdcode:12639
2026-02-06 07:23:28	INFO	SvTableMsgReceiver Thread-124347	Thread.getStackTrace(1559)	recieve message cmdcode:12639
2026-02-06 07:23:30	INFO	pool-14-thread-2	Thread.getStackTrace(1559)	unregister slip, view id : 25467395
2026-02-06 07:23:30	INFO	pool-14-thread-2	Thread.getStackTrace(1559)	unregister slip progress, view id : 25467395
2026-02-06 07:23:33	INFO	AWT-EventQueue-0	Thread.getStackTrace(1559)	unregister slip, view id : 15998756
2026-02-06 07:23:33	INFO	AWT-EventQueue-0	Thread.getStackTrace(1559)	unregister slip progress, view id : 15998756
2026-02-06 07:23:33	INFO	AWT-EventQueue-0	Thread.getStackTrace(1559)	create new SvTablePanel instance, view id :4685075
2026-02-06 07:23:33	INFO	AWT-EventQueue-0	Thread.getStackTrace(1559)	register slip progress, view id : 4685075
2026-02-06 07:23:33	INFO	SlipWinThread_com.huawei.u2000.ucbb.table.slip.SlipTableMsgService	Thread.getStackTrace(1559)	register slip , return result/ view id : 1 / 4685075
2026-02-06 07:23:50	INFO	AWT-EventQueue-0	Thread.getStackTrace(1559)	unregister slip, view id : 4685075
2026-02-06 07:23:50	INFO	AWT-EventQueue-0	Thread.getStackTrace(1559)	unregister slip progress, view id : 4685075
2026-02-06 07:24:13	INFO	AWT-EventQueue-0	Thread.getStackTrace(1559)	create new SvTablePanel instance, view id :1630029
2026-02-06 07:24:13	INFO	AWT-EventQueue-0	Thread.getStackTrace(1559)	register slip progress, view id : 1630029
2026-02-06 07:24:13	INFO	SlipWinThread_com.huawei.u2000.ucbb.table.slip.SlipTableMsgService	Thread.getStackTrace(1559)	register slip , return result/ view id : 1 / 1630029
2026-02-06 07:24:15	INFO	SvTableMsgReceiver Thread-115414	Thread.getStackTrace(1559)	recieve message cmdcode:12639
2026-02-06 07:24:15	INFO	SvTableMsgReceiver Thread-127235	Thread.getStackTrace(1559)	recieve message cmdcode:12639
2026-02-06 07:24:41	INFO	AWT-EventQueue-0	Thread.getStackTrace(1559)	unregister slip, view id : 1630029
2026-02-06 07:24:41	INFO	AWT-EventQueue-0	Thread.getStackTrace(1559)	unregister slip progress, view id : 1630029
2026-02-06 07:26:22	INFO	AWT-EventQueue-0	Thread.getStackTrace(1559)	create new SvTablePanel instance, view id :10863772
2026-02-06 07:26:22	INFO	AWT-EventQueue-0	Thread.getStackTrace(1559)	register slip progress, view id : 10863772
2026-02-06 07:26:22	INFO	SlipWinThread_com.huawei.u2000.ucbb.table.slip.SlipTableMsgService	Thread.getStackTrace(1559)	register slip , return result/ view id : 1 / 10863772
2026-02-06 07:26:24	INFO	SvTableMsgReceiver Thread-115414	Thread.getStackTrace(1559)	recieve message cmdcode:12639
2026-02-06 07:26:24	INFO	SvTableMsgReceiver Thread-132136	Thread.getStackTrace(1559)	recieve message cmdcode:12639
2026-02-06 07:26:33	INFO	SvTableMsgReceiver Thread-115414	Thread.getStackTrace(1559)	recieve message cmdcode:12639
2026-02-06 07:26:33	INFO	SvTableMsgReceiver Thread-132136	Thread.getStackTrace(1559)	recieve message cmdcode:12639
2026-02-06 07:26:45	INFO	SvTableMsgReceiver Thread-115414	Thread.getStackTrace(1559)	recieve message cmdcode:12639
2026-02-06 07:26:45	INFO	SvTableMsgReceiver Thread-132136	Thread.getStackTrace(1559)	recieve message cmdcode:12639
2026-02-06 07:27:06	INFO	AWT-EventQueue-0	Thread.getStackTrace(1559)	create new SvTablePanel instance, view id :17645102
2026-02-06 07:27:06	INFO	AWT-EventQueue-0	Thread.getStackTrace(1559)	register slip progress, view id : 17645102
2026-02-06 07:27:06	INFO	SlipWinThread_com.huawei.u2000.pf.frame.ui.slipTable.SlipTableMsgService	Thread.getStackTrace(1559)	register slip , return result/ view id : 1 / 17645102
2026-02-06 07:27:07	INFO	SvTableMsgReceiver Thread-115414	Thread.getStackTrace(1559)	recieve message cmdcode:12639
2026-02-06 07:27:07	INFO	SvTableMsgReceiver Thread-132136	Thread.getStackTrace(1559)	recieve message cmdcode:12639
2026-02-06 07:27:07	INFO	SvTableMsgReceiver Thread-136032	Thread.getStackTrace(1559)	recieve message cmdcode:12639
2026-02-06 07:27:22	INFO	pool-14-thread-9	Thread.getStackTrace(1559)	unregister slip, view id : 17645102
2026-02-06 07:27:22	INFO	pool-14-thread-9	Thread.getStackTrace(1559)	unregister slip progress, view id : 17645102
2026-02-06 07:27:26	INFO	AWT-EventQueue-0	Thread.getStackTrace(1559)	unregister slip, view id : 10863772
2026-02-06 07:27:26	INFO	AWT-EventQueue-0	Thread.getStackTrace(1559)	unregister slip progress, view id : 10863772
2026-02-06 07:27:26	INFO	AWT-EventQueue-0	Thread.getStackTrace(1559)	create new SvTablePanel instance, view id :20248376
2026-02-06 07:27:26	INFO	AWT-EventQueue-0	Thread.getStackTrace(1559)	register slip progress, view id : 20248376
2026-02-06 07:27:26	INFO	SlipWinThread_com.huawei.u2000.ucbb.table.slip.SlipTableMsgService	Thread.getStackTrace(1559)	register slip , return result/ view id : 1 / 20248376
2026-02-06 07:28:16	INFO	SvTableMsgReceiver Thread-115414	Thread.getStackTrace(1559)	recieve message cmdcode:12639
2026-02-06 07:28:16	INFO	SvTableMsgReceiver Thread-136851	Thread.getStackTrace(1559)	recieve message cmdcode:12639
2026-02-06 07:28:31	INFO	AWT-EventQueue-0	Thread.getStackTrace(1559)	unregister slip, view id : 20248376
2026-02-06 07:28:31	INFO	AWT-EventQueue-0	Thread.getStackTrace(1559)	unregister slip progress, view id : 20248376
2026-02-06 07:28:50	INFO	AWT-EventQueue-0	Thread.getStackTrace(1559)	create new SvTablePanel instance, view id :22392411
2026-02-06 07:28:50	INFO	AWT-EventQueue-0	Thread.getStackTrace(1559)	register slip progress, view id : 22392411
2026-02-06 07:28:50	INFO	SlipWinThread_com.huawei.u2000.ucbb.table.slip.SlipTableMsgService	Thread.getStackTrace(1559)	register slip , return result/ view id : 1 / 22392411
2026-02-06 07:28:51	INFO	SvTableMsgReceiver Thread-115414	Thread.getStackTrace(1559)	recieve message cmdcode:12639
2026-02-06 07:28:51	INFO	SvTableMsgReceiver Thread-140985	Thread.getStackTrace(1559)	recieve message cmdcode:12639
2026-02-06 07:29:14	INFO	SvTableMsgReceiver Thread-115414	Thread.getStackTrace(1559)	recieve message cmdcode:12639
2026-02-06 07:29:14	INFO	SvTableMsgReceiver Thread-140985	Thread.getStackTrace(1559)	recieve message cmdcode:12639
2026-02-06 07:29:18	INFO	SvTableMsgReceiver Thread-115414	Thread.getStackTrace(1559)	recieve message cmdcode:12639
2026-02-06 07:29:18	INFO	SvTableMsgReceiver Thread-140985	Thread.getStackTrace(1559)	recieve message cmdcode:12639
2026-02-06 07:29:32	INFO	SvTableMsgReceiver Thread-115414	Thread.getStackTrace(1559)	recieve message cmdcode:12639
2026-02-06 07:29:32	INFO	SvTableMsgReceiver Thread-140985	Thread.getStackTrace(1559)	recieve message cmdcode:12639
2026-02-06 07:29:37	INFO	SvTableMsgReceiver Thread-115414	Thread.getStackTrace(1559)	recieve message cmdcode:12639
2026-02-06 07:29:37	INFO	SvTableMsgReceiver Thread-140985	Thread.getStackTrace(1559)	recieve message cmdcode:12639
2026-02-06 07:30:05	INFO	SvTableMsgReceiver Thread-115414	Thread.getStackTrace(1559)	recieve message cmdcode:12639
2026-02-06 07:30:05	INFO	SvTableMsgReceiver Thread-140985	Thread.getStackTrace(1559)	recieve message cmdcode:12639
2026-02-06 07:30:28	INFO	AWT-EventQueue-0	Thread.getStackTrace(1559)	create new SvTablePanel instance, view id :27541357
2026-02-06 07:30:28	INFO	AWT-EventQueue-0	Thread.getStackTrace(1559)	register slip progress, view id : 27541357
2026-02-06 07:30:28	INFO	SlipWinThread_com.huawei.u2000.pf.frame.ui.slipTable.SlipTableMsgService	Thread.getStackTrace(1559)	register slip , return result/ view id : 1 / 27541357
2026-02-06 07:30:29	INFO	SvTableMsgReceiver Thread-115414	Thread.getStackTrace(1559)	recieve message cmdcode:12639
2026-02-06 07:30:29	INFO	SvTableMsgReceiver Thread-140985	Thread.getStackTrace(1559)	recieve message cmdcode:12639
2026-02-06 07:30:29	INFO	SvTableMsgReceiver Thread-145659	Thread.getStackTrace(1559)	recieve message cmdcode:12639
2026-02-06 07:30:34	INFO	pool-14-thread-13	Thread.getStackTrace(1559)	unregister slip, view id : 27541357
2026-02-06 07:30:34	INFO	pool-14-thread-13	Thread.getStackTrace(1559)	unregister slip progress, view id : 27541357
2026-02-06 07:30:41	INFO	SvTableMsgReceiver Thread-115414	Thread.getStackTrace(1559)	recieve message cmdcode:12639
2026-02-06 07:30:41	INFO	SvTableMsgReceiver Thread-115414	Thread.getStackTrace(1559)	can not find SvTablePanel : 22989842
2026-02-06 07:30:41	INFO	SvTableMsgReceiver Thread-140985	Thread.getStackTrace(1559)	recieve message cmdcode:12639
2026-02-06 07:30:41	INFO	SvTableMsgReceiver Thread-140985	Thread.getStackTrace(1559)	can not find SvTablePanel : 22989842
2026-02-06 07:30:50	INFO	SvTableMsgReceiver Thread-115414	Thread.getStackTrace(1559)	recieve message cmdcode:12639
2026-02-06 07:30:50	INFO	SvTableMsgReceiver Thread-115414	Thread.getStackTrace(1559)	can not find SvTablePanel : 23294243
2026-02-06 07:30:50	INFO	SvTableMsgReceiver Thread-140985	Thread.getStackTrace(1559)	recieve message cmdcode:12639
2026-02-06 07:30:50	INFO	SvTableMsgReceiver Thread-140985	Thread.getStackTrace(1559)	can not find SvTablePanel : 23294243
2026-02-06 07:30:57	INFO	AWT-EventQueue-0	Thread.getStackTrace(1559)	unregister slip, view id : 22392411
2026-02-06 07:30:57	INFO	AWT-EventQueue-0	Thread.getStackTrace(1559)	unregister slip progress, view id : 22392411
2026-02-06 07:30:58	INFO	AWT-EventQueue-0	Thread.getStackTrace(1559)	create new SvTablePanel instance, view id :17527635
2026-02-06 07:30:58	INFO	AWT-EventQueue-0	Thread.getStackTrace(1559)	register slip progress, view id : 17527635
2026-02-06 07:30:58	INFO	SlipWinThread_com.huawei.u2000.ucbb.table.slip.SlipTableMsgService	Thread.getStackTrace(1559)	register slip , return result/ view id : 1 / 17527635
2026-02-06 07:30:59	INFO	AWT-EventQueue-0	Thread.getStackTrace(1559)	unregister slip, view id : 17527635
2026-02-06 07:30:59	INFO	AWT-EventQueue-0	Thread.getStackTrace(1559)	unregister slip progress, view id : 17527635
2026-02-06 07:30:59	INFO	AWT-EventQueue-0	Thread.getStackTrace(1559)	create new SvTablePanel instance, view id :12690517
2026-02-06 07:30:59	INFO	AWT-EventQueue-0	Thread.getStackTrace(1559)	register slip progress, view id : 12690517
2026-02-06 07:30:59	INFO	SlipWinThread_com.huawei.u2000.ucbb.table.slip.SlipTableMsgService	Thread.getStackTrace(1559)	register slip , return result/ view id : 1 / 12690517
2026-02-06 07:31:00	INFO	AWT-EventQueue-0	Thread.getStackTrace(1559)	unregister slip, view id : 12690517
2026-02-06 07:31:00	INFO	AWT-EventQueue-0	Thread.getStackTrace(1559)	unregister slip progress, view id : 12690517
2026-02-06 07:31:00	INFO	AWT-EventQueue-0	Thread.getStackTrace(1559)	create new SvTablePanel instance, view id :9788831
2026-02-06 07:31:00	INFO	AWT-EventQueue-0	Thread.getStackTrace(1559)	register slip progress, view id : 9788831
2026-02-06 07:31:00	INFO	SlipWinThread_com.huawei.u2000.ucbb.table.slip.SlipTableMsgService	Thread.getStackTrace(1559)	register slip , return result/ view id : 1 / 9788831
2026-02-06 07:31:00	INFO	AWT-EventQueue-0	Thread.getStackTrace(1559)	unregister slip, view id : 9788831
2026-02-06 07:31:00	INFO	AWT-EventQueue-0	Thread.getStackTrace(1559)	unregister slip progress, view id : 9788831
2026-02-06 07:31:01	INFO	AWT-EventQueue-0	Thread.getStackTrace(1559)	create new SvTablePanel instance, view id :3746575
2026-02-06 07:31:01	INFO	AWT-EventQueue-0	Thread.getStackTrace(1559)	register slip progress, view id : 3746575
2026-02-06 07:31:01	INFO	SlipWinThread_com.huawei.u2000.ucbb.table.slip.SlipTableMsgService	Thread.getStackTrace(1559)	register slip , return result/ view id : 1 / 3746575
2026-02-06 07:31:36	INFO	AWT-EventQueue-0	Thread.getStackTrace(1559)	unregister slip, view id : 3746575
2026-02-06 07:31:36	INFO	AWT-EventQueue-0	Thread.getStackTrace(1559)	unregister slip progress, view id : 3746575
2026-02-06 07:31:37	INFO	AWT-EventQueue-0	Thread.getStackTrace(1559)	create new SvTablePanel instance, view id :5062799
2026-02-06 07:31:37	INFO	AWT-EventQueue-0	Thread.getStackTrace(1559)	register slip progress, view id : 5062799
2026-02-06 07:31:37	INFO	SlipWinThread_com.huawei.u2000.ucbb.table.slip.SlipTableMsgService	Thread.getStackTrace(1559)	register slip , return result/ view id : 1 / 5062799
2026-02-06 07:31:38	INFO	AWT-EventQueue-0	Thread.getStackTrace(1559)	unregister slip, view id : 5062799
2026-02-06 07:31:38	INFO	AWT-EventQueue-0	Thread.getStackTrace(1559)	unregister slip progress, view id : 5062799
2026-02-06 07:31:38	INFO	AWT-EventQueue-0	Thread.getStackTrace(1559)	create new SvTablePanel instance, view id :8292943
2026-02-06 07:31:38	INFO	AWT-EventQueue-0	Thread.getStackTrace(1559)	register slip progress, view id : 8292943
2026-02-06 07:31:38	INFO	SlipWinThread_com.huawei.u2000.ucbb.table.slip.SlipTableMsgService	Thread.getStackTrace(1559)	register slip , return result/ view id : 1 / 8292943
2026-02-06 07:31:38	INFO	SvTableMsgReceiver Thread-115414	Thread.getStackTrace(1559)	recieve message cmdcode:12639
2026-02-06 07:31:38	INFO	SvTableMsgReceiver Thread-115414	Thread.getStackTrace(1559)	can not find SvTablePanel : 5062799
2026-02-06 07:31:38	INFO	SvTableMsgReceiver Thread-149648	Thread.getStackTrace(1559)	recieve message cmdcode:12639
2026-02-06 07:31:38	INFO	SvTableMsgReceiver Thread-149648	Thread.getStackTrace(1559)	can not find SvTablePanel : 5062799
2026-02-06 07:31:39	INFO	SvTableMsgReceiver Thread-115414	Thread.getStackTrace(1559)	recieve message cmdcode:12639
2026-02-06 07:31:39	INFO	SvTableMsgReceiver Thread-149648	Thread.getStackTrace(1559)	recieve message cmdcode:12639
2026-02-06 07:31:42	INFO	AWT-EventQueue-0	Thread.getStackTrace(1559)	unregister slip, view id : 8292943
2026-02-06 07:31:42	INFO	AWT-EventQueue-0	Thread.getStackTrace(1559)	unregister slip progress, view id : 8292943
2026-02-06 07:34:38	INFO	AWT-EventQueue-0	Thread.getStackTrace(1559)	create new SvTablePanel instance, view id :21782899
2026-02-06 07:34:38	INFO	AWT-EventQueue-0	Thread.getStackTrace(1559)	register slip progress, view id : 21782899
2026-02-06 07:34:38	INFO	SlipWinThread_com.huawei.u2000.ucbb.table.slip.SlipTableMsgService	Thread.getStackTrace(1559)	register slip , return result/ view id : 1 / 21782899
2026-02-06 07:35:12	INFO	SvTableMsgReceiver Thread-115414	Thread.getStackTrace(1559)	recieve message cmdcode:12639
2026-02-06 07:35:12	INFO	SvTableMsgReceiver Thread-158208	Thread.getStackTrace(1559)	recieve message cmdcode:12639
2026-02-06 07:35:43	INFO	SvTableMsgReceiver Thread-115414	Thread.getStackTrace(1559)	recieve message cmdcode:12639
2026-02-06 07:35:43	INFO	SvTableMsgReceiver Thread-158208	Thread.getStackTrace(1559)	recieve message cmdcode:12639
2026-02-06 07:36:05	INFO	SvTableMsgReceiver Thread-115414	Thread.getStackTrace(1559)	recieve message cmdcode:12639
2026-02-06 07:36:05	INFO	SvTableMsgReceiver Thread-158208	Thread.getStackTrace(1559)	recieve message cmdcode:12639
2026-02-06 07:36:14	INFO	SvTableMsgReceiver Thread-115414	Thread.getStackTrace(1559)	recieve message cmdcode:12639
2026-02-06 07:36:14	INFO	SvTableMsgReceiver Thread-158208	Thread.getStackTrace(1559)	recieve message cmdcode:12639
2026-02-06 07:36:40	INFO	AWT-EventQueue-0	Thread.getStackTrace(1559)	unregister slip, view id : 21782899
2026-02-06 07:36:40	INFO	AWT-EventQueue-0	Thread.getStackTrace(1559)	unregister slip progress, view id : 21782899
2026-02-06 07:36:43	INFO	AWT-EventQueue-0	Thread.getStackTrace(1559)	create new SvTablePanel instance, view id :33469875
2026-02-06 07:36:44	INFO	AWT-EventQueue-0	Thread.getStackTrace(1559)	register slip progress, view id : 33469875
2026-02-06 07:36:44	INFO	SlipWinThread_com.huawei.u2000.ucbb.table.slip.SlipTableMsgService	Thread.getStackTrace(1559)	register slip , return result/ view id : 1 / 33469875
2026-02-06 07:36:45	INFO	SvTableMsgReceiver Thread-115414	Thread.getStackTrace(1559)	recieve message cmdcode:12639
2026-02-06 07:36:45	INFO	SvTableMsgReceiver Thread-164890	Thread.getStackTrace(1559)	recieve message cmdcode:12639
2026-02-06 07:38:33	INFO	SvTableMsgReceiver Thread-115414	Thread.getStackTrace(1559)	recieve message cmdcode:12639
2026-02-06 07:38:33	INFO	SvTableMsgReceiver Thread-164890	Thread.getStackTrace(1559)	recieve message cmdcode:12639
2026-02-06 07:39:19	INFO	SvTableMsgReceiver Thread-115414	Thread.getStackTrace(1559)	recieve message cmdcode:12639
2026-02-06 07:39:19	INFO	SvTableMsgReceiver Thread-164890	Thread.getStackTrace(1559)	recieve message cmdcode:12639
2026-02-06 07:39:31	INFO	AWT-EventQueue-0	Thread.getStackTrace(1559)	create new SvTablePanel instance, view id :9271755
2026-02-06 07:39:31	INFO	AWT-EventQueue-0	Thread.getStackTrace(1559)	register slip progress, view id : 9271755
2026-02-06 07:39:31	INFO	SlipWinThread_com.huawei.u2000.pf.frame.ui.slipTable.SlipTableMsgService	Thread.getStackTrace(1559)	register slip , return result/ view id : 1 / 9271755
2026-02-06 07:39:32	INFO	SvTableMsgReceiver Thread-115414	Thread.getStackTrace(1559)	recieve message cmdcode:12639
2026-02-06 07:39:32	INFO	SvTableMsgReceiver Thread-164890	Thread.getStackTrace(1559)	recieve message cmdcode:12639
2026-02-06 07:39:32	INFO	SvTableMsgReceiver Thread-172557	Thread.getStackTrace(1559)	recieve message cmdcode:12639
2026-02-06 07:39:36	INFO	pool-14-thread-10	Thread.getStackTrace(1559)	unregister slip, view id : 9271755
2026-02-06 07:39:36	INFO	pool-14-thread-10	Thread.getStackTrace(1559)	unregister slip progress, view id : 9271755
2026-02-06 07:40:23	INFO	AWT-EventQueue-0	Thread.getStackTrace(1559)	create new SvTablePanel instance, view id :19641989
2026-02-06 07:40:23	INFO	AWT-EventQueue-0	Thread.getStackTrace(1559)	register slip progress, view id : 19641989
2026-02-06 07:40:23	INFO	SlipWinThread_com.huawei.u2000.pf.frame.ui.slipTable.SlipTableMsgService	Thread.getStackTrace(1559)	register slip , return result/ view id : 1 / 19641989
2026-02-06 07:40:24	INFO	SvTableMsgReceiver Thread-115414	Thread.getStackTrace(1559)	recieve message cmdcode:12639
2026-02-06 07:40:24	INFO	SvTableMsgReceiver Thread-164890	Thread.getStackTrace(1559)	recieve message cmdcode:12639
2026-02-06 07:40:24	INFO	SvTableMsgReceiver Thread-175458	Thread.getStackTrace(1559)	recieve message cmdcode:12639
2026-02-06 07:40:29	INFO	pool-14-thread-15	Thread.getStackTrace(1559)	unregister slip, view id : 19641989
2026-02-06 07:40:29	INFO	pool-14-thread-15	Thread.getStackTrace(1559)	unregister slip progress, view id : 19641989
2026-02-06 07:40:32	INFO	AWT-EventQueue-0	Thread.getStackTrace(1559)	unregister slip, view id : 33469875
2026-02-06 07:40:32	INFO	AWT-EventQueue-0	Thread.getStackTrace(1559)	unregister slip progress, view id : 33469875
2026-02-06 07:40:32	INFO	AWT-EventQueue-0	Thread.getStackTrace(1559)	create new SvTablePanel instance, view id :20100760
2026-02-06 07:40:32	INFO	AWT-EventQueue-0	Thread.getStackTrace(1559)	register slip progress, view id : 20100760
2026-02-06 07:40:32	INFO	SlipWinThread_com.huawei.u2000.ucbb.table.slip.SlipTableMsgService	Thread.getStackTrace(1559)	register slip , return result/ view id : 1 / 20100760
2026-02-06 07:41:35	INFO	SvTableMsgReceiver Thread-115414	Thread.getStackTrace(1559)	recieve message cmdcode:12639
2026-02-06 07:41:35	INFO	SvTableMsgReceiver Thread-176061	Thread.getStackTrace(1559)	recieve message cmdcode:12639
2026-02-06 07:42:42	INFO	SvTableMsgReceiver Thread-115414	Thread.getStackTrace(1559)	recieve message cmdcode:12639
2026-02-06 07:42:42	INFO	SvTableMsgReceiver Thread-176061	Thread.getStackTrace(1559)	recieve message cmdcode:12639
2026-02-06 07:42:59	INFO	AWT-EventQueue-0	Thread.getStackTrace(1559)	create new SvTablePanel instance, view id :25354901
2026-02-06 07:42:59	INFO	AWT-EventQueue-0	Thread.getStackTrace(1559)	register slip progress, view id : 25354901
2026-02-06 07:42:59	INFO	SlipWinThread_com.huawei.u2000.pf.frame.ui.slipTable.SlipTableMsgService	Thread.getStackTrace(1559)	register slip , return result/ view id : 1 / 25354901
2026-02-06 07:43:00	INFO	SvTableMsgReceiver Thread-115414	Thread.getStackTrace(1559)	recieve message cmdcode:12639
2026-02-06 07:43:00	INFO	SvTableMsgReceiver Thread-176061	Thread.getStackTrace(1559)	recieve message cmdcode:12639
2026-02-06 07:43:00	INFO	SvTableMsgReceiver Thread-183432	Thread.getStackTrace(1559)	recieve message cmdcode:12639
2026-02-06 07:43:03	INFO	pool-14-thread-16	Thread.getStackTrace(1559)	unregister slip, view id : 25354901
2026-02-06 07:43:03	INFO	pool-14-thread-16	Thread.getStackTrace(1559)	unregister slip progress, view id : 25354901
2026-02-06 07:43:07	INFO	AWT-EventQueue-0	Thread.getStackTrace(1559)	unregister slip, view id : 20100760
2026-02-06 07:43:07	INFO	AWT-EventQueue-0	Thread.getStackTrace(1559)	unregister slip progress, view id : 20100760
2026-02-06 07:45:43	INFO	AWT-EventQueue-0	Thread.getStackTrace(1559)	create new SvTablePanel instance, view id :30405995
2026-02-06 07:45:43	INFO	AWT-EventQueue-0	Thread.getStackTrace(1559)	register slip progress, view id : 30405995
2026-02-06 07:45:43	INFO	SlipWinThread_com.huawei.u2000.ucbb.table.slip.SlipTableMsgService	Thread.getStackTrace(1559)	register slip , return result/ view id : 1 / 30405995
2026-02-06 07:50:33	INFO	AWT-EventQueue-0	Thread.getStackTrace(1559)	unregister slip, view id : 30405995
2026-02-06 07:50:33	INFO	AWT-EventQueue-0	Thread.getStackTrace(1559)	unregister slip progress, view id : 30405995
2026-02-06 08:59:08	INFO	AWT-EventQueue-0	Thread.getStackTrace(1559)	create new SvTablePanel instance, view id :12797842
2026-02-06 08:59:08	INFO	AWT-EventQueue-0	Thread.getStackTrace(1559)	register slip progress, view id : 12797842
2026-02-06 08:59:08	INFO	SlipWinThread_com.huawei.u2000.pf.frame.ui.slipTable.SlipTableMsgService	Thread.getStackTrace(1559)	register slip , return result/ view id : 1 / 12797842
2026-02-06 08:59:12	INFO	pool-14-thread-10	Thread.getStackTrace(1559)	unregister slip, view id : 12797842
2026-02-06 08:59:12	INFO	pool-14-thread-10	Thread.getStackTrace(1559)	unregister slip progress, view id : 12797842
2026-02-06 09:00:55	INFO	AWT-EventQueue-0	Thread.getStackTrace(1559)	create new SvTablePanel instance, view id :2017061
2026-02-06 09:00:55	INFO	AWT-EventQueue-0	Thread.getStackTrace(1559)	create new SvTablePanel instance, view id :3450787
2026-02-06 09:00:55	INFO	AWT-EventQueue-0	Thread.getStackTrace(1559)	create new SvTablePanel instance, view id :17183518
2026-02-06 09:00:55	INFO	AWT-EventQueue-0	Thread.getStackTrace(1559)	register slip progress, view id : 2017061
2026-02-06 09:00:55	INFO	SlipWinThread_com.huawei.u2000.pf.frame.ui.slipTable.SlipTableMsgService	Thread.getStackTrace(1559)	register slip , return result/ view id : 1 / 2017061
2026-02-06 09:00:59	INFO	AWT-EventQueue-0	Thread.getStackTrace(1559)	create new SvTablePanel instance, view id :2994564
2026-02-06 09:00:59	INFO	AWT-EventQueue-0	Thread.getStackTrace(1559)	create new SvTablePanel instance, view id :15836366
2026-02-06 09:00:59	INFO	AWT-EventQueue-0	Thread.getStackTrace(1559)	create new SvTablePanel instance, view id :24954931
2026-02-06 09:00:59	INFO	AWT-EventQueue-0	Thread.getStackTrace(1559)	register slip progress, view id : 2994564
2026-02-06 09:00:59	INFO	SlipWinThread_com.huawei.u2000.pf.frame.ui.slipTable.SlipTableMsgService	Thread.getStackTrace(1559)	register slip , return result/ view id : 1 / 2994564
2026-02-06 09:00:59	INFO	pool-14-thread-10	Thread.getStackTrace(1559)	unregister slip, view id : 2017061
2026-02-06 09:00:59	INFO	pool-14-thread-10	Thread.getStackTrace(1559)	unregister slip progress, view id : 2017061
2026-02-06 09:01:00	INFO	SvTableMsgReceiver Thread-115414	Thread.getStackTrace(1559)	recieve message cmdcode:12639
2026-02-06 09:01:00	INFO	SvTableMsgReceiver Thread-199290	Thread.getStackTrace(1559)	recieve message cmdcode:12639
2026-02-06 09:01:37	INFO	SvTableMsgReceiver Thread-115414	Thread.getStackTrace(1559)	recieve message cmdcode:12639
2026-02-06 09:01:37	INFO	SvTableMsgReceiver Thread-115414	Thread.getStackTrace(1559)	can not find SvTablePanel : 19098891
2026-02-06 09:01:37	INFO	SvTableMsgReceiver Thread-199290	Thread.getStackTrace(1559)	recieve message cmdcode:12639
2026-02-06 09:01:37	INFO	SvTableMsgReceiver Thread-199290	Thread.getStackTrace(1559)	can not find SvTablePanel : 19098891
2026-02-06 09:02:01	INFO	AWT-EventQueue-0	Thread.getStackTrace(1559)	register slip progress, view id : 15836366
2026-02-06 09:02:01	INFO	SlipWinThread_com.huawei.u2000.pf.frame.ui.slipTable.SlipTableMsgService	Thread.getStackTrace(1559)	register slip , return result/ view id : 1 / 15836366
2026-02-06 09:02:02	INFO	SvTableMsgReceiver Thread-115414	Thread.getStackTrace(1559)	recieve message cmdcode:12639
2026-02-06 09:02:02	INFO	SvTableMsgReceiver Thread-199290	Thread.getStackTrace(1559)	recieve message cmdcode:12639
2026-02-06 09:02:02	INFO	SvTableMsgReceiver Thread-199291	Thread.getStackTrace(1559)	recieve message cmdcode:12639
2026-02-06 09:03:41	INFO	AWT-EventQueue-0	Thread.getStackTrace(1559)	create new SvTablePanel instance, view id :14251787
2026-02-06 09:03:41	INFO	AWT-EventQueue-0	Thread.getStackTrace(1559)	create new SvTablePanel instance, view id :11492036
2026-02-06 09:03:41	INFO	AWT-EventQueue-0	Thread.getStackTrace(1559)	create new SvTablePanel instance, view id :20562670
2026-02-06 09:03:41	INFO	AWT-EventQueue-0	Thread.getStackTrace(1559)	register slip progress, view id : 14251787
2026-02-06 09:03:41	INFO	SlipWinThread_com.huawei.u2000.pf.frame.ui.slipTable.SlipTableMsgService	Thread.getStackTrace(1559)	register slip , return result/ view id : 1 / 14251787
2026-02-06 09:03:41	INFO	pool-14-thread-13	Thread.getStackTrace(1559)	unregister slip, view id : 15836366
2026-02-06 09:03:41	INFO	pool-14-thread-13	Thread.getStackTrace(1559)	unregister slip progress, view id : 15836366
2026-02-06 09:03:41	INFO	pool-14-thread-16	Thread.getStackTrace(1559)	unregister slip, view id : 2994564
2026-02-06 09:03:41	INFO	pool-14-thread-16	Thread.getStackTrace(1559)	unregister slip progress, view id : 2994564
2026-02-06 09:03:42	INFO	SvTableMsgReceiver Thread-115414	Thread.getStackTrace(1559)	recieve message cmdcode:12639
2026-02-06 09:03:42	INFO	SvTableMsgReceiver Thread-207436	Thread.getStackTrace(1559)	recieve message cmdcode:12639
2026-02-06 09:03:49	INFO	AWT-EventQueue-0	Thread.getStackTrace(1559)	register slip progress, view id : 11492036
2026-02-06 09:03:49	INFO	SlipWinThread_com.huawei.u2000.pf.frame.ui.slipTable.SlipTableMsgService	Thread.getStackTrace(1559)	register slip , return result/ view id : 1 / 11492036
2026-02-06 09:03:50	INFO	SvTableMsgReceiver Thread-115414	Thread.getStackTrace(1559)	recieve message cmdcode:12639
2026-02-06 09:03:50	INFO	SvTableMsgReceiver Thread-207436	Thread.getStackTrace(1559)	recieve message cmdcode:12639
2026-02-06 09:03:50	INFO	SvTableMsgReceiver Thread-207437	Thread.getStackTrace(1559)	recieve message cmdcode:12639
2026-02-06 09:04:22	INFO	SvTableMsgReceiver Thread-115414	Thread.getStackTrace(1559)	recieve message cmdcode:12639
2026-02-06 09:04:22	INFO	SvTableMsgReceiver Thread-207436	Thread.getStackTrace(1559)	recieve message cmdcode:12639
2026-02-06 09:04:22	INFO	SvTableMsgReceiver Thread-207437	Thread.getStackTrace(1559)	recieve message cmdcode:12639
2026-02-06 09:04:27	INFO	SvTableMsgReceiver Thread-115414	Thread.getStackTrace(1559)	recieve message cmdcode:12639
2026-02-06 09:04:27	INFO	SvTableMsgReceiver Thread-207436	Thread.getStackTrace(1559)	recieve message cmdcode:12639
2026-02-06 09:04:27	INFO	SvTableMsgReceiver Thread-207437	Thread.getStackTrace(1559)	recieve message cmdcode:12639
2026-02-06 09:04:32	INFO	SvTableMsgReceiver Thread-115414	Thread.getStackTrace(1559)	recieve message cmdcode:12639
2026-02-06 09:04:32	INFO	SvTableMsgReceiver Thread-207436	Thread.getStackTrace(1559)	recieve message cmdcode:12639
2026-02-06 09:04:32	INFO	SvTableMsgReceiver Thread-207437	Thread.getStackTrace(1559)	recieve message cmdcode:12639
2026-02-06 09:04:37	INFO	SvTableMsgReceiver Thread-115414	Thread.getStackTrace(1559)	recieve message cmdcode:12639
2026-02-06 09:04:37	INFO	SvTableMsgReceiver Thread-207436	Thread.getStackTrace(1559)	recieve message cmdcode:12639
2026-02-06 09:04:37	INFO	SvTableMsgReceiver Thread-207437	Thread.getStackTrace(1559)	recieve message cmdcode:12639
2026-02-06 09:04:46	INFO	SvTableMsgReceiver Thread-115414	Thread.getStackTrace(1559)	recieve message cmdcode:12639
2026-02-06 09:04:46	INFO	SvTableMsgReceiver Thread-115414	Thread.getStackTrace(1559)	can not find SvTablePanel : 18093632
2026-02-06 09:04:46	INFO	SvTableMsgReceiver Thread-207436	Thread.getStackTrace(1559)	recieve message cmdcode:12639
2026-02-06 09:04:46	INFO	SvTableMsgReceiver Thread-207437	Thread.getStackTrace(1559)	recieve message cmdcode:12639
2026-02-06 09:04:46	INFO	SvTableMsgReceiver Thread-207436	Thread.getStackTrace(1559)	can not find SvTablePanel : 18093632
2026-02-06 09:04:46	INFO	SvTableMsgReceiver Thread-207437	Thread.getStackTrace(1559)	can not find SvTablePanel : 18093632
2026-02-06 09:04:49	INFO	pool-14-thread-12	Thread.getStackTrace(1559)	unregister slip, view id : 11492036
2026-02-06 09:04:49	INFO	pool-14-thread-12	Thread.getStackTrace(1559)	unregister slip progress, view id : 11492036
2026-02-06 09:04:49	INFO	pool-14-thread-16	Thread.getStackTrace(1559)	unregister slip, view id : 14251787
2026-02-06 09:04:49	INFO	pool-14-thread-16	Thread.getStackTrace(1559)	unregister slip progress, view id : 14251787
2026-02-06 09:04:52	INFO	AWT-EventQueue-0	Thread.getStackTrace(1559)	create new SvTablePanel instance, view id :958622
2026-02-06 09:04:52	INFO	AWT-EventQueue-0	Thread.getStackTrace(1559)	create new SvTablePanel instance, view id :22629173
2026-02-06 09:04:52	INFO	AWT-EventQueue-0	Thread.getStackTrace(1559)	create new SvTablePanel instance, view id :4580621
2026-02-06 09:04:52	INFO	AWT-EventQueue-0	Thread.getStackTrace(1559)	register slip progress, view id : 958622
2026-02-06 09:04:52	INFO	SlipWinThread_com.huawei.u2000.pf.frame.ui.slipTable.SlipTableMsgService	Thread.getStackTrace(1559)	register slip , return result/ view id : 1 / 958622
2026-02-06 09:05:00	INFO	AWT-EventQueue-0	Thread.getStackTrace(1559)	create new SvTablePanel instance, view id :6145548
2026-02-06 09:05:00	INFO	AWT-EventQueue-0	Thread.getStackTrace(1559)	create new SvTablePanel instance, view id :22185358
2026-02-06 09:05:00	INFO	AWT-EventQueue-0	Thread.getStackTrace(1559)	create new SvTablePanel instance, view id :13463131
2026-02-06 09:05:00	INFO	AWT-EventQueue-0	Thread.getStackTrace(1559)	register slip progress, view id : 6145548
2026-02-06 09:05:00	INFO	SlipWinThread_com.huawei.u2000.pf.frame.ui.slipTable.SlipTableMsgService	Thread.getStackTrace(1559)	register slip , return result/ view id : 1 / 6145548
2026-02-06 09:05:00	INFO	pool-14-thread-16	Thread.getStackTrace(1559)	unregister slip, view id : 958622
2026-02-06 09:05:00	INFO	pool-14-thread-16	Thread.getStackTrace(1559)	unregister slip progress, view id : 958622
2026-02-06 09:05:01	INFO	SvTableMsgReceiver Thread-115414	Thread.getStackTrace(1559)	recieve message cmdcode:12639
2026-02-06 09:05:01	INFO	SvTableMsgReceiver Thread-211083	Thread.getStackTrace(1559)	recieve message cmdcode:12639
2026-02-06 09:06:19	INFO	AWT-EventQueue-0	Thread.getStackTrace(1559)	create new SvTablePanel instance, view id :9553544
2026-02-06 09:06:19	INFO	AWT-EventQueue-0	Thread.getStackTrace(1559)	create new SvTablePanel instance, view id :27203988
2026-02-06 09:06:19	INFO	AWT-EventQueue-0	Thread.getStackTrace(1559)	create new SvTablePanel instance, view id :12398300
2026-02-06 09:06:19	INFO	AWT-EventQueue-0	Thread.getStackTrace(1559)	create new SvTablePanel instance, view id :7054975
2026-02-06 09:06:19	INFO	AWT-EventQueue-0	Thread.getStackTrace(1559)	create new SvTablePanel instance, view id :19597018
2026-02-06 09:06:19	INFO	AWT-EventQueue-0	Thread.getStackTrace(1559)	register slip progress, view id : 9553544
2026-02-06 09:06:19	INFO	SlipWinThread_com.huawei.u2000.pf.frame.ui.slipTable.SlipTableMsgService	Thread.getStackTrace(1559)	register slip , return result/ view id : 1 / 9553544
2026-02-06 09:06:19	INFO	pool-14-thread-16	Thread.getStackTrace(1559)	unregister slip, view id : 6145548
2026-02-06 09:06:19	INFO	pool-14-thread-16	Thread.getStackTrace(1559)	unregister slip progress, view id : 6145548
2026-02-06 09:06:21	INFO	AWT-EventQueue-0	Thread.getStackTrace(1559)	create new SvTablePanel instance, view id :1623094
2026-02-06 09:06:21	INFO	AWT-EventQueue-0	Thread.getStackTrace(1559)	create new SvTablePanel instance, view id :16594364
2026-02-06 09:06:21	INFO	AWT-EventQueue-0	Thread.getStackTrace(1559)	register slip progress, view id : 1623094
2026-02-06 09:06:21	INFO	SlipWinThread_com.huawei.u2000.pf.frame.ui.slipTable.SlipTableMsgService	Thread.getStackTrace(1559)	register slip , return result/ view id : 1 / 1623094
2026-02-06 09:06:22	INFO	pool-14-thread-16	Thread.getStackTrace(1559)	unregister slip, view id : 9553544
2026-02-06 09:06:22	INFO	pool-14-thread-16	Thread.getStackTrace(1559)	unregister slip progress, view id : 9553544
2026-02-06 09:06:34	INFO	AWT-EventQueue-0	Thread.getStackTrace(1559)	create new SvTablePanel instance, view id :32076337
2026-02-06 09:06:34	INFO	AWT-EventQueue-0	Thread.getStackTrace(1559)	create new SvTablePanel instance, view id :20046711
2026-02-06 09:06:34	INFO	AWT-EventQueue-0	Thread.getStackTrace(1559)	create new SvTablePanel instance, view id :6092924
2026-02-06 09:06:34	INFO	AWT-EventQueue-0	Thread.getStackTrace(1559)	register slip progress, view id : 32076337
2026-02-06 09:06:34	INFO	SlipWinThread_com.huawei.u2000.pf.frame.ui.slipTable.SlipTableMsgService	Thread.getStackTrace(1559)	register slip , return result/ view id : 1 / 32076337
2026-02-06 09:06:34	INFO	pool-14-thread-16	Thread.getStackTrace(1559)	unregister slip, view id : 1623094
2026-02-06 09:06:34	INFO	pool-14-thread-16	Thread.getStackTrace(1559)	unregister slip progress, view id : 1623094
2026-02-06 09:06:35	INFO	SvTableMsgReceiver Thread-115414	Thread.getStackTrace(1559)	recieve message cmdcode:12639
2026-02-06 09:06:35	INFO	SvTableMsgReceiver Thread-215984	Thread.getStackTrace(1559)	recieve message cmdcode:12639
2026-02-06 09:06:39	INFO	AWT-EventQueue-0	Thread.getStackTrace(1559)	create new SvTablePanel instance, view id :10794045
2026-02-06 09:06:39	INFO	AWT-EventQueue-0	Thread.getStackTrace(1559)	create new SvTablePanel instance, view id :32545868
2026-02-06 09:06:39	INFO	AWT-EventQueue-0	Thread.getStackTrace(1559)	create new SvTablePanel instance, view id :12390627
2026-02-06 09:06:39	INFO	AWT-EventQueue-0	Thread.getStackTrace(1559)	register slip progress, view id : 10794045
2026-02-06 09:06:39	INFO	SlipWinThread_com.huawei.u2000.pf.frame.ui.slipTable.SlipTableMsgService	Thread.getStackTrace(1559)	register slip , return result/ view id : 1 / 10794045
2026-02-06 09:06:39	INFO	pool-14-thread-16	Thread.getStackTrace(1559)	unregister slip, view id : 32076337
2026-02-06 09:06:39	INFO	pool-14-thread-16	Thread.getStackTrace(1559)	unregister slip progress, view id : 32076337
2026-02-06 09:06:40	INFO	AWT-EventQueue-0	Thread.getStackTrace(1559)	create new SvTablePanel instance, view id :14722356
2026-02-06 09:06:40	INFO	AWT-EventQueue-0	Thread.getStackTrace(1559)	create new SvTablePanel instance, view id :25240844
2026-02-06 09:06:40	INFO	AWT-EventQueue-0	Thread.getStackTrace(1559)	create new SvTablePanel instance, view id :32677637
2026-02-06 09:06:40	INFO	AWT-EventQueue-0	Thread.getStackTrace(1559)	register slip progress, view id : 14722356
2026-02-06 09:06:40	INFO	SlipWinThread_com.huawei.u2000.pf.frame.ui.slipTable.SlipTableMsgService	Thread.getStackTrace(1559)	register slip , return result/ view id : 1 / 14722356
2026-02-06 09:06:40	INFO	pool-14-thread-16	Thread.getStackTrace(1559)	unregister slip, view id : 10794045
2026-02-06 09:06:40	INFO	pool-14-thread-16	Thread.getStackTrace(1559)	unregister slip progress, view id : 10794045
2026-02-06 09:06:45	INFO	SvTableMsgReceiver Thread-115414	Thread.getStackTrace(1559)	recieve message cmdcode:12639
2026-02-06 09:06:45	INFO	SvTableMsgReceiver Thread-115414	Thread.getStackTrace(1559)	can not find SvTablePanel : 20376538
2026-02-06 09:06:45	INFO	SvTableMsgReceiver Thread-216310	Thread.getStackTrace(1559)	recieve message cmdcode:12639
2026-02-06 09:06:45	INFO	SvTableMsgReceiver Thread-216310	Thread.getStackTrace(1559)	can not find SvTablePanel : 20376538
2026-02-06 09:06:48	INFO	pool-14-thread-16	Thread.getStackTrace(1559)	unregister slip, view id : 14722356
2026-02-06 09:06:48	INFO	pool-14-thread-16	Thread.getStackTrace(1559)	unregister slip progress, view id : 14722356
2026-02-06 09:07:57	INFO	AWT-EventQueue-0	Thread.getStackTrace(1559)	create new SvTablePanel instance, view id :33249330
2026-02-06 09:07:57	INFO	AWT-EventQueue-0	Thread.getStackTrace(1559)	create new SvTablePanel instance, view id :10562052
2026-02-06 09:07:57	INFO	AWT-EventQueue-0	Thread.getStackTrace(1559)	create new SvTablePanel instance, view id :7249960
2026-02-06 09:07:57	INFO	AWT-EventQueue-0	Thread.getStackTrace(1559)	register slip progress, view id : 33249330
2026-02-06 09:07:57	INFO	SlipWinThread_com.huawei.u2000.pf.frame.ui.slipTable.SlipTableMsgService	Thread.getStackTrace(1559)	register slip , return result/ view id : 1 / 33249330
2026-02-06 09:07:59	INFO	SvTableMsgReceiver Thread-115414	Thread.getStackTrace(1559)	recieve message cmdcode:12639
2026-02-06 09:07:59	INFO	SvTableMsgReceiver Thread-216584	Thread.getStackTrace(1559)	recieve message cmdcode:12639
2026-02-06 09:08:36	INFO	AWT-EventQueue-0	Thread.getStackTrace(1559)	register slip progress, view id : 10562052
2026-02-06 09:08:36	INFO	SlipWinThread_com.huawei.u2000.pf.frame.ui.slipTable.SlipTableMsgService	Thread.getStackTrace(1559)	register slip , return result/ view id : 1 / 10562052
2026-02-06 09:08:37	INFO	SvTableMsgReceiver Thread-115414	Thread.getStackTrace(1559)	recieve message cmdcode:12639
2026-02-06 09:08:37	INFO	SvTableMsgReceiver Thread-216584	Thread.getStackTrace(1559)	recieve message cmdcode:12639
2026-02-06 09:08:37	INFO	SvTableMsgReceiver Thread-216585	Thread.getStackTrace(1559)	recieve message cmdcode:12639
2026-02-06 09:08:39	INFO	AWT-EventQueue-0	Thread.getStackTrace(1559)	register slip progress, view id : 7249960
2026-02-06 09:08:39	INFO	SlipWinThread_com.huawei.u2000.pf.frame.ui.slipTable.SlipTableMsgService	Thread.getStackTrace(1559)	register slip , return result/ view id : 1 / 7249960
2026-02-06 09:08:46	INFO	SvTableMsgReceiver Thread-115414	Thread.getStackTrace(1559)	recieve message cmdcode:12639
2026-02-06 09:08:46	INFO	SvTableMsgReceiver Thread-216584	Thread.getStackTrace(1559)	recieve message cmdcode:12639
2026-02-06 09:08:46	INFO	SvTableMsgReceiver Thread-216585	Thread.getStackTrace(1559)	recieve message cmdcode:12639
2026-02-06 09:08:46	INFO	SvTableMsgReceiver Thread-216586	Thread.getStackTrace(1559)	recieve message cmdcode:12639
2026-02-06 09:09:03	INFO	SvTableMsgReceiver Thread-115414	Thread.getStackTrace(1559)	recieve message cmdcode:12639
2026-02-06 09:09:03	INFO	SvTableMsgReceiver Thread-216584	Thread.getStackTrace(1559)	recieve message cmdcode:12639
2026-02-06 09:09:03	INFO	SvTableMsgReceiver Thread-216585	Thread.getStackTrace(1559)	recieve message cmdcode:12639
2026-02-06 09:09:03	INFO	SvTableMsgReceiver Thread-216586	Thread.getStackTrace(1559)	recieve message cmdcode:12639
2026-02-06 09:10:02	INFO	AWT-EventQueue-0	Thread.getStackTrace(1559)	create new SvTablePanel instance, view id :8048376
2026-02-06 09:10:03	INFO	AWT-EventQueue-0	Thread.getStackTrace(1559)	register slip progress, view id : 8048376
2026-02-06 09:10:03	INFO	SlipWinThread_com.huawei.u2000.pf.frame.ui.slipTable.SlipTableMsgService	Thread.getStackTrace(1559)	register slip , return result/ view id : 1 / 8048376
2026-02-06 09:10:03	INFO	pool-14-thread-13	Thread.getStackTrace(1559)	unregister slip, view id : 33249330
2026-02-06 09:10:03	INFO	pool-14-thread-11	Thread.getStackTrace(1559)	unregister slip, view id : 7249960
2026-02-06 09:10:03	INFO	pool-14-thread-12	Thread.getStackTrace(1559)	unregister slip, view id : 10562052
2026-02-06 09:10:03	INFO	pool-14-thread-13	Thread.getStackTrace(1559)	unregister slip progress, view id : 33249330
2026-02-06 09:10:03	INFO	pool-14-thread-11	Thread.getStackTrace(1559)	unregister slip progress, view id : 7249960
2026-02-06 09:10:03	INFO	pool-14-thread-12	Thread.getStackTrace(1559)	unregister slip progress, view id : 10562052
2026-02-06 09:10:27	INFO	SvTableMsgReceiver Thread-115414	Thread.getStackTrace(1559)	recieve message cmdcode:12639
2026-02-06 09:10:27	INFO	SvTableMsgReceiver Thread-115414	Thread.getStackTrace(1559)	can not find SvTablePanel : 23335228
2026-02-06 09:10:27	INFO	SvTableMsgReceiver Thread-225013	Thread.getStackTrace(1559)	recieve message cmdcode:12639
2026-02-06 09:10:27	INFO	SvTableMsgReceiver Thread-225013	Thread.getStackTrace(1559)	can not find SvTablePanel : 23335228
2026-02-06 09:10:30	INFO	pool-14-thread-12	Thread.getStackTrace(1559)	unregister slip, view id : 8048376
2026-02-06 09:10:30	INFO	pool-14-thread-12	Thread.getStackTrace(1559)	unregister slip progress, view id : 8048376
2026-02-06 09:11:21	INFO	AWT-EventQueue-0	Thread.getStackTrace(1559)	create new SvTablePanel instance, view id :2279942
2026-02-06 09:11:21	INFO	AWT-EventQueue-0	Thread.getStackTrace(1559)	create new SvTablePanel instance, view id :20173464
2026-02-06 09:11:21	INFO	AWT-EventQueue-0	Thread.getStackTrace(1559)	create new SvTablePanel instance, view id :17555133
2026-02-06 09:11:21	INFO	AWT-EventQueue-0	Thread.getStackTrace(1559)	register slip progress, view id : 2279942
2026-02-06 09:11:21	INFO	SlipWinThread_com.huawei.u2000.pf.frame.ui.slipTable.SlipTableMsgService	Thread.getStackTrace(1559)	register slip , return result/ view id : 1 / 2279942
2026-02-06 09:11:22	INFO	SvTableMsgReceiver Thread-115414	Thread.getStackTrace(1559)	recieve message cmdcode:12639
2026-02-06 09:11:22	INFO	SvTableMsgReceiver Thread-229995	Thread.getStackTrace(1559)	recieve message cmdcode:12639
2026-02-06 09:11:27	INFO	AWT-EventQueue-0	Thread.getStackTrace(1559)	create new SvTablePanel instance, view id :32824582
2026-02-06 09:11:27	INFO	AWT-EventQueue-0	Thread.getStackTrace(1559)	create new SvTablePanel instance, view id :24153036
2026-02-06 09:11:27	INFO	AWT-EventQueue-0	Thread.getStackTrace(1559)	create new SvTablePanel instance, view id :17521119
2026-02-06 09:11:27	INFO	AWT-EventQueue-0	Thread.getStackTrace(1559)	register slip progress, view id : 32824582
2026-02-06 09:11:27	INFO	SlipWinThread_com.huawei.u2000.pf.frame.ui.slipTable.SlipTableMsgService	Thread.getStackTrace(1559)	register slip , return result/ view id : 1 / 32824582
2026-02-06 09:11:28	INFO	SvTableMsgReceiver Thread-115414	Thread.getStackTrace(1559)	recieve message cmdcode:12639
2026-02-06 09:11:28	INFO	SvTableMsgReceiver Thread-229995	Thread.getStackTrace(1559)	recieve message cmdcode:12639
2026-02-06 09:11:28	INFO	SvTableMsgReceiver Thread-230390	Thread.getStackTrace(1559)	recieve message cmdcode:12639
2026-02-06 09:11:30	INFO	AWT-EventQueue-0	Thread.getStackTrace(1559)	register slip progress, view id : 24153036
2026-02-06 09:11:30	INFO	SlipWinThread_com.huawei.u2000.pf.frame.ui.slipTable.SlipTableMsgService	Thread.getStackTrace(1559)	register slip , return result/ view id : 1 / 24153036
2026-02-06 09:11:31	INFO	SvTableMsgReceiver Thread-115414	Thread.getStackTrace(1559)	recieve message cmdcode:12639
2026-02-06 09:11:31	INFO	SvTableMsgReceiver Thread-229995	Thread.getStackTrace(1559)	recieve message cmdcode:12639
2026-02-06 09:11:31	INFO	SvTableMsgReceiver Thread-230391	Thread.getStackTrace(1559)	recieve message cmdcode:12639
2026-02-06 09:11:31	INFO	SvTableMsgReceiver Thread-230390	Thread.getStackTrace(1559)	recieve message cmdcode:12639
2026-02-06 09:11:37	INFO	SvTableMsgReceiver Thread-115414	Thread.getStackTrace(1559)	recieve message cmdcode:12639
2026-02-06 09:11:37	INFO	SvTableMsgReceiver Thread-229995	Thread.getStackTrace(1559)	recieve message cmdcode:12639
2026-02-06 09:11:37	INFO	SvTableMsgReceiver Thread-230390	Thread.getStackTrace(1559)	recieve message cmdcode:12639
2026-02-06 09:11:37	INFO	SvTableMsgReceiver Thread-230391	Thread.getStackTrace(1559)	recieve message cmdcode:12639
2026-02-06 09:11:40	INFO	SvTableMsgReceiver Thread-115414	Thread.getStackTrace(1559)	recieve message cmdcode:12639
2026-02-06 09:11:40	INFO	SvTableMsgReceiver Thread-229995	Thread.getStackTrace(1559)	recieve message cmdcode:12639
2026-02-06 09:11:40	INFO	SvTableMsgReceiver Thread-230390	Thread.getStackTrace(1559)	recieve message cmdcode:12639
2026-02-06 09:11:40	INFO	SvTableMsgReceiver Thread-230391	Thread.getStackTrace(1559)	recieve message cmdcode:12639
2026-02-06 09:11:41	INFO	AWT-EventQueue-0	Thread.getStackTrace(1559)	register slip progress, view id : 17521119
2026-02-06 09:11:41	INFO	SlipWinThread_com.huawei.u2000.pf.frame.ui.slipTable.SlipTableMsgService	Thread.getStackTrace(1559)	register slip , return result/ view id : 1 / 17521119
2026-02-06 09:11:43	INFO	SvTableMsgReceiver Thread-115414	Thread.getStackTrace(1559)	recieve message cmdcode:12639
2026-02-06 09:11:43	INFO	SvTableMsgReceiver Thread-229995	Thread.getStackTrace(1559)	recieve message cmdcode:12639
2026-02-06 09:11:43	INFO	SvTableMsgReceiver Thread-230391	Thread.getStackTrace(1559)	recieve message cmdcode:12639
2026-02-06 09:11:43	INFO	SvTableMsgReceiver Thread-230392	Thread.getStackTrace(1559)	recieve message cmdcode:12639
2026-02-06 09:11:43	INFO	SvTableMsgReceiver Thread-230390	Thread.getStackTrace(1559)	recieve message cmdcode:12639
2026-02-06 09:12:12	INFO	AWT-EventQueue-0	Thread.getStackTrace(1559)	create new SvTablePanel instance, view id :18753232
2026-02-06 09:12:12	INFO	AWT-EventQueue-0	Thread.getStackTrace(1559)	create new SvTablePanel instance, view id :27443004
2026-02-06 09:12:12	INFO	AWT-EventQueue-0	Thread.getStackTrace(1559)	create new SvTablePanel instance, view id :642146
2026-02-06 09:12:12	INFO	AWT-EventQueue-0	Thread.getStackTrace(1559)	register slip progress, view id : 18753232
2026-02-06 09:12:12	INFO	SlipWinThread_com.huawei.u2000.pf.frame.ui.slipTable.SlipTableMsgService	Thread.getStackTrace(1559)	register slip , return result/ view id : 1 / 18753232
2026-02-06 09:12:13	INFO	AWT-EventQueue-0	Thread.getStackTrace(1559)	create new SvTablePanel instance, view id :9464520
2026-02-06 09:12:13	INFO	AWT-EventQueue-0	Thread.getStackTrace(1559)	create new SvTablePanel instance, view id :8825093
2026-02-06 09:12:13	INFO	AWT-EventQueue-0	Thread.getStackTrace(1559)	create new SvTablePanel instance, view id :5494784
2026-02-06 09:12:13	INFO	AWT-EventQueue-0	Thread.getStackTrace(1559)	register slip progress, view id : 9464520
2026-02-06 09:12:13	INFO	SlipWinThread_com.huawei.u2000.pf.frame.ui.slipTable.SlipTableMsgService	Thread.getStackTrace(1559)	register slip , return result/ view id : 1 / 9464520
2026-02-06 09:12:14	INFO	AWT-EventQueue-0	Thread.getStackTrace(1559)	create new SvTablePanel instance, view id :16838838
2026-02-06 09:12:14	INFO	AWT-EventQueue-0	Thread.getStackTrace(1559)	create new SvTablePanel instance, view id :11315932
2026-02-06 09:12:14	INFO	AWT-EventQueue-0	Thread.getStackTrace(1559)	create new SvTablePanel instance, view id :12830135
2026-02-06 09:12:14	INFO	AWT-EventQueue-0	Thread.getStackTrace(1559)	register slip progress, view id : 16838838
2026-02-06 09:12:14	INFO	SlipWinThread_com.huawei.u2000.pf.frame.ui.slipTable.SlipTableMsgService	Thread.getStackTrace(1559)	register slip , return result/ view id : 1 / 16838838
2026-02-06 09:12:16	INFO	AWT-EventQueue-0	Thread.getStackTrace(1559)	create new SvTablePanel instance, view id :15904409
2026-02-06 09:12:16	INFO	AWT-EventQueue-0	Thread.getStackTrace(1559)	create new SvTablePanel instance, view id :25061430
2026-02-06 09:12:16	INFO	AWT-EventQueue-0	Thread.getStackTrace(1559)	create new SvTablePanel instance, view id :8236632
2026-02-06 09:12:16	INFO	AWT-EventQueue-0	Thread.getStackTrace(1559)	register slip progress, view id : 15904409
2026-02-06 09:12:16	INFO	SlipWinThread_com.huawei.u2000.pf.frame.ui.slipTable.SlipTableMsgService	Thread.getStackTrace(1559)	register slip , return result/ view id : 1 / 15904409
2026-02-06 09:12:17	INFO	SvTableMsgReceiver Thread-115414	Thread.getStackTrace(1559)	recieve message cmdcode:12639
2026-02-06 09:12:17	INFO	SvTableMsgReceiver Thread-230391	Thread.getStackTrace(1559)	recieve message cmdcode:12639
2026-02-06 09:12:17	INFO	SvTableMsgReceiver Thread-230392	Thread.getStackTrace(1559)	recieve message cmdcode:12639
2026-02-06 09:12:17	INFO	SvTableMsgReceiver Thread-233739	Thread.getStackTrace(1559)	recieve message cmdcode:12639
2026-02-06 09:12:17	INFO	SvTableMsgReceiver Thread-233901	Thread.getStackTrace(1559)	recieve message cmdcode:12639
2026-02-06 09:12:17	INFO	SvTableMsgReceiver Thread-230390	Thread.getStackTrace(1559)	recieve message cmdcode:12639
2026-02-06 09:12:17	INFO	SvTableMsgReceiver Thread-234076	Thread.getStackTrace(1559)	recieve message cmdcode:12639
2026-02-06 09:12:17	INFO	SvTableMsgReceiver Thread-229995	Thread.getStackTrace(1559)	recieve message cmdcode:12639
2026-02-06 09:12:17	INFO	SvTableMsgReceiver Thread-233836	Thread.getStackTrace(1559)	recieve message cmdcode:12639
2026-02-06 09:12:57	INFO	AWT-EventQueue-0	Thread.getStackTrace(1559)	register slip progress, view id : 25061430
2026-02-06 09:12:57	INFO	SlipWinThread_com.huawei.u2000.pf.frame.ui.slipTable.SlipTableMsgService	Thread.getStackTrace(1559)	register slip , return result/ view id : 1 / 25061430
2026-02-06 09:12:58	INFO	SvTableMsgReceiver Thread-115414	Thread.getStackTrace(1559)	recieve message cmdcode:12639
2026-02-06 09:12:58	INFO	SvTableMsgReceiver Thread-229995	Thread.getStackTrace(1559)	recieve message cmdcode:12639
2026-02-06 09:12:58	INFO	SvTableMsgReceiver Thread-230391	Thread.getStackTrace(1559)	recieve message cmdcode:12639
2026-02-06 09:12:58	INFO	SvTableMsgReceiver Thread-233739	Thread.getStackTrace(1559)	recieve message cmdcode:12639
2026-02-06 09:12:58	INFO	SvTableMsgReceiver Thread-230392	Thread.getStackTrace(1559)	recieve message cmdcode:12639
2026-02-06 09:12:58	INFO	SvTableMsgReceiver Thread-230390	Thread.getStackTrace(1559)	recieve message cmdcode:12639
2026-02-06 09:12:58	INFO	SvTableMsgReceiver Thread-234077	Thread.getStackTrace(1559)	recieve message cmdcode:12639
2026-02-06 09:12:58	INFO	SvTableMsgReceiver Thread-234076	Thread.getStackTrace(1559)	recieve message cmdcode:12639
2026-02-06 09:12:58	INFO	SvTableMsgReceiver Thread-233901	Thread.getStackTrace(1559)	recieve message cmdcode:12639
2026-02-06 09:12:58	INFO	SvTableMsgReceiver Thread-233836	Thread.getStackTrace(1559)	recieve message cmdcode:12639
2026-02-06 09:13:01	INFO	AWT-EventQueue-0	Thread.getStackTrace(1559)	register slip progress, view id : 8236632
2026-02-06 09:13:01	INFO	SlipWinThread_com.huawei.u2000.pf.frame.ui.slipTable.SlipTableMsgService	Thread.getStackTrace(1559)	register slip , return result/ view id : 1 / 8236632
2026-02-06 09:13:03	INFO	SvTableMsgReceiver Thread-115414	Thread.getStackTrace(1559)	recieve message cmdcode:12639
2026-02-06 09:13:03	INFO	SvTableMsgReceiver Thread-229995	Thread.getStackTrace(1559)	recieve message cmdcode:12639
2026-02-06 09:13:03	INFO	SvTableMsgReceiver Thread-230390	Thread.getStackTrace(1559)	recieve message cmdcode:12639
2026-02-06 09:13:03	INFO	SvTableMsgReceiver Thread-234078	Thread.getStackTrace(1559)	recieve message cmdcode:12639
2026-02-06 09:13:03	INFO	SvTableMsgReceiver Thread-234077	Thread.getStackTrace(1559)	recieve message cmdcode:12639
2026-02-06 09:13:03	INFO	SvTableMsgReceiver Thread-233901	Thread.getStackTrace(1559)	recieve message cmdcode:12639
2026-02-06 09:13:03	INFO	SvTableMsgReceiver Thread-230391	Thread.getStackTrace(1559)	recieve message cmdcode:12639
2026-02-06 09:13:03	INFO	SvTableMsgReceiver Thread-233739	Thread.getStackTrace(1559)	recieve message cmdcode:12639
2026-02-06 09:13:03	INFO	SvTableMsgReceiver Thread-230392	Thread.getStackTrace(1559)	recieve message cmdcode:12639
2026-02-06 09:13:03	INFO	SvTableMsgReceiver Thread-233836	Thread.getStackTrace(1559)	recieve message cmdcode:12639
2026-02-06 09:13:03	INFO	SvTableMsgReceiver Thread-234076	Thread.getStackTrace(1559)	recieve message cmdcode:12639
2026-02-06 09:14:32	INFO	AWT-EventQueue-0	Thread.getStackTrace(1559)	create new SvTablePanel instance, view id :31574742
2026-02-06 09:14:32	INFO	AWT-EventQueue-0	Thread.getStackTrace(1559)	create new SvTablePanel instance, view id :14571758
2026-02-06 09:14:32	INFO	AWT-EventQueue-0	Thread.getStackTrace(1559)	create new SvTablePanel instance, view id :13426220
2026-02-06 09:14:32	INFO	AWT-EventQueue-0	Thread.getStackTrace(1559)	register slip progress, view id : 31574742
2026-02-06 09:14:32	INFO	SlipWinThread_com.huawei.u2000.pf.frame.ui.slipTable.SlipTableMsgService	Thread.getStackTrace(1559)	register slip , return result/ view id : 1 / 31574742
2026-02-06 09:14:33	INFO	pool-14-thread-13	Thread.getStackTrace(1559)	unregister slip, view id : 32824582
2026-02-06 09:14:33	INFO	pool-14-thread-13	Thread.getStackTrace(1559)	unregister slip progress, view id : 32824582
2026-02-06 09:14:33	INFO	pool-14-thread-6	Thread.getStackTrace(1559)	unregister slip, view id : 9464520
2026-02-06 09:14:33	INFO	pool-14-thread-6	Thread.getStackTrace(1559)	unregister slip progress, view id : 9464520
2026-02-06 09:14:33	INFO	pool-14-thread-9	Thread.getStackTrace(1559)	unregister slip, view id : 15904409
2026-02-06 09:14:33	INFO	pool-14-thread-9	Thread.getStackTrace(1559)	unregister slip progress, view id : 15904409
2026-02-06 09:14:33	INFO	pool-14-thread-15	Thread.getStackTrace(1559)	unregister slip, view id : 2279942
2026-02-06 09:14:33	INFO	pool-14-thread-1	Thread.getStackTrace(1559)	unregister slip, view id : 16838838
2026-02-06 09:14:33	INFO	pool-14-thread-16	Thread.getStackTrace(1559)	unregister slip, view id : 17521119
2026-02-06 09:14:33	INFO	pool-14-thread-15	Thread.getStackTrace(1559)	unregister slip progress, view id : 2279942
2026-02-06 09:14:33	INFO	pool-14-thread-3	Thread.getStackTrace(1559)	unregister slip, view id : 18753232
2026-02-06 09:14:33	INFO	pool-14-thread-16	Thread.getStackTrace(1559)	unregister slip progress, view id : 17521119
2026-02-06 09:14:33	INFO	pool-14-thread-1	Thread.getStackTrace(1559)	unregister slip progress, view id : 16838838
2026-02-06 09:14:33	INFO	pool-14-thread-2	Thread.getStackTrace(1559)	unregister slip, view id : 8236632
2026-02-06 09:14:33	INFO	pool-14-thread-11	Thread.getStackTrace(1559)	unregister slip, view id : 25061430
2026-02-06 09:14:33	INFO	pool-14-thread-3	Thread.getStackTrace(1559)	unregister slip progress, view id : 18753232
2026-02-06 09:14:33	INFO	pool-14-thread-14	Thread.getStackTrace(1559)	unregister slip, view id : 24153036
2026-02-06 09:14:33	INFO	pool-14-thread-2	Thread.getStackTrace(1559)	unregister slip progress, view id : 8236632
2026-02-06 09:14:33	INFO	pool-14-thread-11	Thread.getStackTrace(1559)	unregister slip progress, view id : 25061430
2026-02-06 09:14:33	INFO	pool-14-thread-14	Thread.getStackTrace(1559)	unregister slip progress, view id : 24153036
2026-02-06 09:14:34	INFO	AWT-EventQueue-0	Thread.getStackTrace(1559)	create new SvTablePanel instance, view id :11355518
2026-02-06 09:14:34	INFO	AWT-EventQueue-0	Thread.getStackTrace(1559)	create new SvTablePanel instance, view id :9601029
2026-02-06 09:14:34	INFO	AWT-EventQueue-0	Thread.getStackTrace(1559)	create new SvTablePanel instance, view id :11975806
2026-02-06 09:14:34	INFO	AWT-EventQueue-0	Thread.getStackTrace(1559)	register slip progress, view id : 11355518
2026-02-06 09:14:34	INFO	SlipWinThread_com.huawei.u2000.pf.frame.ui.slipTable.SlipTableMsgService	Thread.getStackTrace(1559)	register slip , return result/ view id : 1 / 11355518
2026-02-06 09:14:34	INFO	pool-14-thread-14	Thread.getStackTrace(1559)	unregister slip, view id : 31574742
2026-02-06 09:14:34	INFO	pool-14-thread-14	Thread.getStackTrace(1559)	unregister slip progress, view id : 31574742
2026-02-06 09:14:38	INFO	pool-14-thread-11	Thread.getStackTrace(1559)	unregister slip, view id : 11355518
2026-02-06 09:14:38	INFO	pool-14-thread-11	Thread.getStackTrace(1559)	unregister slip progress, view id : 11355518
2026-02-06 09:14:43	INFO	SvTableMsgReceiver Thread-115414	Thread.getStackTrace(1559)	recieve message cmdcode:12639
2026-02-06 09:14:43	INFO	SvTableMsgReceiver Thread-115414	Thread.getStackTrace(1559)	can not find SvTablePanel : 11542738
2026-02-06 10:14:23	INFO	AWT-EventQueue-0	Thread.getStackTrace(1559)	create new SvTablePanel instance, view id :5429608
2026-02-06 10:14:23	INFO	AWT-EventQueue-0	Thread.getStackTrace(1559)	register slip progress, view id : 5429608
2026-02-06 10:14:23	INFO	SlipWinThread_com.huawei.u2000.pf.frame.ui.slipTable.SlipTableMsgService	Thread.getStackTrace(1559)	register slip , return result/ view id : 1 / 5429608
2026-02-06 10:14:24	INFO	SvTableMsgReceiver Thread-115414	Thread.getStackTrace(1559)	recieve message cmdcode:12639
2026-02-06 10:14:24	INFO	SvTableMsgReceiver Thread-258900	Thread.getStackTrace(1559)	recieve message cmdcode:12639
2026-02-06 10:14:33	INFO	pool-14-thread-2	Thread.getStackTrace(1559)	unregister slip, view id : 5429608
2026-02-06 10:14:33	INFO	pool-14-thread-2	Thread.getStackTrace(1559)	unregister slip progress, view id : 5429608
2026-02-06 10:38:07	INFO	AWT-EventQueue-0	Thread.getStackTrace(1559)	create new SvTablePanel instance, view id :31014801
2026-02-06 10:38:07	INFO	AWT-EventQueue-0	Thread.getStackTrace(1559)	register slip progress, view id : 31014801
2026-02-06 10:38:07	INFO	SlipWinThread_com.huawei.u2000.ucbb.table.slip.SlipTableMsgService	Thread.getStackTrace(1559)	register slip , return result/ view id : 1 / 31014801
2026-02-06 10:38:25	INFO	SvTableMsgReceiver Thread-115414	Thread.getStackTrace(1559)	recieve message cmdcode:12639
2026-02-06 10:38:25	INFO	SvTableMsgReceiver Thread-273159	Thread.getStackTrace(1559)	recieve message cmdcode:12639
2026-02-06 10:40:00	INFO	SvTableMsgReceiver Thread-115414	Thread.getStackTrace(1559)	recieve message cmdcode:12639
2026-02-06 10:40:00	INFO	SvTableMsgReceiver Thread-273159	Thread.getStackTrace(1559)	recieve message cmdcode:12639
2026-02-06 10:40:04	INFO	SvTableMsgReceiver Thread-115414	Thread.getStackTrace(1559)	recieve message cmdcode:12639
2026-02-06 10:40:04	INFO	SvTableMsgReceiver Thread-273159	Thread.getStackTrace(1559)	recieve message cmdcode:12639
2026-02-06 10:57:08	INFO	AWT-EventQueue-0	Thread.getStackTrace(1559)	unregister slip, view id : 31014801
2026-02-06 10:57:08	INFO	AWT-EventQueue-0	Thread.getStackTrace(1559)	unregister slip progress, view id : 31014801
2026-02-06 10:57:33	INFO	AWT-EventQueue-0	Thread.getStackTrace(1559)	create new SvTablePanel instance, view id :28340715
2026-02-06 10:57:33	INFO	AWT-EventQueue-0	Thread.getStackTrace(1559)	register slip progress, view id : 28340715
2026-02-06 10:57:33	INFO	SlipWinThread_com.huawei.u2000.pf.frame.ui.slipTable.SlipTableMsgService	Thread.getStackTrace(1559)	register slip , return result/ view id : 1 / 28340715
2026-02-06 10:57:34	INFO	SvTableMsgReceiver Thread-115414	Thread.getStackTrace(1559)	recieve message cmdcode:12639
2026-02-06 10:57:34	INFO	SvTableMsgReceiver Thread-284146	Thread.getStackTrace(1559)	recieve message cmdcode:12639
2026-02-06 10:57:36	INFO	pool-14-thread-11	Thread.getStackTrace(1559)	unregister slip, view id : 28340715
2026-02-06 10:57:36	INFO	pool-14-thread-11	Thread.getStackTrace(1559)	unregister slip progress, view id : 28340715
2026-02-06 10:57:37	INFO	AWT-EventQueue-0	Thread.getStackTrace(1559)	create new SvTablePanel instance, view id :26431157
2026-02-06 10:57:37	INFO	AWT-EventQueue-0	Thread.getStackTrace(1559)	register slip progress, view id : 26431157
2026-02-06 10:57:37	INFO	SlipWinThread_com.huawei.u2000.pf.frame.ui.slipTable.SlipTableMsgService	Thread.getStackTrace(1559)	register slip , return result/ view id : 1 / 26431157
2026-02-06 10:57:38	INFO	SvTableMsgReceiver Thread-115414	Thread.getStackTrace(1559)	recieve message cmdcode:12639
2026-02-06 10:57:38	INFO	SvTableMsgReceiver Thread-284604	Thread.getStackTrace(1559)	recieve message cmdcode:12639
2026-02-06 10:57:39	INFO	pool-14-thread-11	Thread.getStackTrace(1559)	unregister slip, view id : 26431157
2026-02-06 10:57:39	INFO	pool-14-thread-11	Thread.getStackTrace(1559)	unregister slip progress, view id : 26431157
2026-02-06 10:57:42	INFO	AWT-EventQueue-0	Thread.getStackTrace(1559)	create new SvTablePanel instance, view id :27095142
2026-02-06 10:57:42	INFO	AWT-EventQueue-0	Thread.getStackTrace(1559)	register slip progress, view id : 27095142
2026-02-06 10:57:42	INFO	SlipWinThread_com.huawei.u2000.pf.frame.ui.slipTable.SlipTableMsgService	Thread.getStackTrace(1559)	register slip , return result/ view id : 1 / 27095142
2026-02-06 10:57:43	INFO	SvTableMsgReceiver Thread-115414	Thread.getStackTrace(1559)	recieve message cmdcode:12639
2026-02-06 10:57:43	INFO	SvTableMsgReceiver Thread-285335	Thread.getStackTrace(1559)	recieve message cmdcode:12639
2026-02-06 10:57:44	INFO	pool-14-thread-11	Thread.getStackTrace(1559)	unregister slip, view id : 27095142
2026-02-06 10:57:44	INFO	pool-14-thread-11	Thread.getStackTrace(1559)	unregister slip progress, view id : 27095142
2026-02-06 10:57:59	INFO	AWT-EventQueue-0	Thread.getStackTrace(1559)	create new SvTablePanel instance, view id :743780
2026-02-06 10:57:59	INFO	AWT-EventQueue-0	Thread.getStackTrace(1559)	register slip progress, view id : 743780
2026-02-06 10:57:59	INFO	SlipWinThread_com.huawei.u2000.ucbb.table.slip.SlipTableMsgService	Thread.getStackTrace(1559)	register slip , return result/ view id : 1 / 743780
2026-02-06 10:59:02	INFO	AWT-EventQueue-0	Thread.getStackTrace(1559)	unregister slip, view id : 743780
2026-02-06 10:59:02	INFO	AWT-EventQueue-0	Thread.getStackTrace(1559)	unregister slip progress, view id : 743780
2026-02-06 10:59:21	INFO	SvTableMsgReceiver Thread-115414	Thread.getStackTrace(1559)	recieve message cmdcode:12639
2026-02-06 10:59:21	INFO	SvTableMsgReceiver Thread-115414	Thread.getStackTrace(1559)	can not find SvTablePanel : 29345309
2026-02-06 10:59:47	INFO	SvTableMsgReceiver Thread-115414	Thread.getStackTrace(1559)	recieve message cmdcode:12639
2026-02-06 10:59:47	INFO	SvTableMsgReceiver Thread-115414	Thread.getStackTrace(1559)	can not find SvTablePanel : 9376889
2026-02-06 11:00:29	INFO	AWT-EventQueue-0	Thread.getStackTrace(1559)	create new SvTablePanel instance, view id :21841192
2026-02-06 11:00:29	INFO	AWT-EventQueue-0	Thread.getStackTrace(1559)	register slip progress, view id : 21841192
2026-02-06 11:00:29	INFO	SlipWinThread_com.huawei.u2000.ucbb.table.slip.SlipTableMsgService	Thread.getStackTrace(1559)	register slip , return result/ view id : 1 / 21841192
2026-02-06 11:00:30	INFO	SvTableMsgReceiver Thread-115414	Thread.getStackTrace(1559)	recieve message cmdcode:12639
2026-02-06 11:00:30	INFO	SvTableMsgReceiver Thread-295567	Thread.getStackTrace(1559)	recieve message cmdcode:12639
2026-02-06 11:00:42	INFO	AWT-EventQueue-0	Thread.getStackTrace(1559)	unregister slip, view id : 21841192
2026-02-06 11:00:42	INFO	AWT-EventQueue-0	Thread.getStackTrace(1559)	unregister slip progress, view id : 21841192
2026-02-06 11:00:43	INFO	AWT-EventQueue-0	Thread.getStackTrace(1559)	create new SvTablePanel instance, view id :24803669
2026-02-06 11:00:43	INFO	AWT-EventQueue-0	Thread.getStackTrace(1559)	register slip progress, view id : 24803669
2026-02-06 11:00:43	INFO	SlipWinThread_com.huawei.u2000.ucbb.table.slip.SlipTableMsgService	Thread.getStackTrace(1559)	register slip , return result/ view id : 1 / 24803669
2026-02-06 11:00:44	INFO	SvTableMsgReceiver Thread-115414	Thread.getStackTrace(1559)	recieve message cmdcode:12639
2026-02-06 11:00:44	INFO	SvTableMsgReceiver Thread-296530	Thread.getStackTrace(1559)	recieve message cmdcode:12639
2026-02-06 11:00:47	INFO	SvTableMsgReceiver Thread-115414	Thread.getStackTrace(1559)	recieve message cmdcode:12639
2026-02-06 11:00:47	INFO	SvTableMsgReceiver Thread-296530	Thread.getStackTrace(1559)	recieve message cmdcode:12639
2026-02-06 11:00:47	INFO	AWT-EventQueue-0	Thread.getStackTrace(1559)	unregister slip, view id : 24803669
2026-02-06 11:00:47	INFO	AWT-EventQueue-0	Thread.getStackTrace(1559)	unregister slip progress, view id : 24803669
2026-02-06 11:00:48	INFO	SvTableMsgReceiver Thread-115414	Thread.getStackTrace(1559)	recieve message cmdcode:12639
2026-02-06 11:00:48	INFO	SvTableMsgReceiver Thread-115414	Thread.getStackTrace(1559)	can not find SvTablePanel : 24803669
2026-02-06 11:00:52	INFO	AWT-EventQueue-0	Thread.getStackTrace(1559)	create new SvTablePanel instance, view id :3882819
2026-02-06 11:00:52	INFO	AWT-EventQueue-0	Thread.getStackTrace(1559)	register slip progress, view id : 3882819
2026-02-06 11:00:52	INFO	SlipWinThread_com.huawei.u2000.ucbb.table.slip.SlipTableMsgService	Thread.getStackTrace(1559)	register slip , return result/ view id : 1 / 3882819
2026-02-06 11:00:53	INFO	SvTableMsgReceiver Thread-115414	Thread.getStackTrace(1559)	recieve message cmdcode:12639
2026-02-06 11:00:53	INFO	SvTableMsgReceiver Thread-297525	Thread.getStackTrace(1559)	recieve message cmdcode:12639
2026-02-06 11:01:10	INFO	AWT-EventQueue-0	Thread.getStackTrace(1559)	unregister slip, view id : 3882819
2026-02-06 11:01:10	INFO	AWT-EventQueue-0	Thread.getStackTrace(1559)	unregister slip progress, view id : 3882819
2026-02-06 11:01:42	INFO	AWT-EventQueue-0	Thread.getStackTrace(1559)	create new SvTablePanel instance, view id :14079230
2026-02-06 11:01:42	INFO	AWT-EventQueue-0	Thread.getStackTrace(1559)	register slip progress, view id : 14079230
2026-02-06 11:01:42	INFO	SlipWinThread_com.huawei.u2000.ucbb.table.slip.SlipTableMsgService	Thread.getStackTrace(1559)	register slip , return result/ view id : 1 / 14079230
2026-02-06 11:01:43	INFO	SvTableMsgReceiver Thread-115414	Thread.getStackTrace(1559)	recieve message cmdcode:12639
2026-02-06 11:01:43	INFO	SvTableMsgReceiver Thread-300487	Thread.getStackTrace(1559)	recieve message cmdcode:12639
2026-02-06 11:02:57	INFO	AWT-EventQueue-0	Thread.getStackTrace(1559)	unregister slip, view id : 14079230
2026-02-06 11:02:57	INFO	AWT-EventQueue-0	Thread.getStackTrace(1559)	unregister slip progress, view id : 14079230
2026-02-06 11:02:57	INFO	AWT-EventQueue-0	Thread.getStackTrace(1559)	create new SvTablePanel instance, view id :28702161
2026-02-06 11:02:57	INFO	AWT-EventQueue-0	Thread.getStackTrace(1559)	register slip progress, view id : 28702161
2026-02-06 11:02:57	INFO	SlipWinThread_com.huawei.u2000.ucbb.table.slip.SlipTableMsgService	Thread.getStackTrace(1559)	register slip , return result/ view id : 1 / 28702161
2026-02-06 11:02:58	INFO	AWT-EventQueue-0	Thread.getStackTrace(1559)	unregister slip, view id : 28702161
2026-02-06 11:02:58	INFO	AWT-EventQueue-0	Thread.getStackTrace(1559)	unregister slip progress, view id : 28702161
2026-02-06 11:02:58	INFO	AWT-EventQueue-0	Thread.getStackTrace(1559)	create new SvTablePanel instance, view id :12245830
2026-02-06 11:02:58	INFO	AWT-EventQueue-0	Thread.getStackTrace(1559)	register slip progress, view id : 12245830
2026-02-06 11:02:58	INFO	SlipWinThread_com.huawei.u2000.ucbb.table.slip.SlipTableMsgService	Thread.getStackTrace(1559)	register slip , return result/ view id : 1 / 12245830
2026-02-06 11:02:58	INFO	SvTableMsgReceiver Thread-115414	Thread.getStackTrace(1559)	recieve message cmdcode:12639
2026-02-06 11:02:58	INFO	SvTableMsgReceiver Thread-115414	Thread.getStackTrace(1559)	can not find SvTablePanel : 28702161
2026-02-06 11:02:58	INFO	SvTableMsgReceiver Thread-302620	Thread.getStackTrace(1559)	recieve message cmdcode:12639
2026-02-06 11:02:58	INFO	SvTableMsgReceiver Thread-302620	Thread.getStackTrace(1559)	can not find SvTablePanel : 28702161
2026-02-06 11:02:59	INFO	SvTableMsgReceiver Thread-115414	Thread.getStackTrace(1559)	recieve message cmdcode:12639
2026-02-06 11:02:59	INFO	SvTableMsgReceiver Thread-302620	Thread.getStackTrace(1559)	recieve message cmdcode:12639
2026-02-06 11:03:37	INFO	SvTableMsgReceiver Thread-115414	Thread.getStackTrace(1559)	recieve message cmdcode:12639
2026-02-06 11:03:37	INFO	SvTableMsgReceiver Thread-302620	Thread.getStackTrace(1559)	recieve message cmdcode:12639
2026-02-06 11:04:19	INFO	SvTableMsgReceiver Thread-115414	Thread.getStackTrace(1559)	recieve message cmdcode:12639
2026-02-06 11:04:19	INFO	SvTableMsgReceiver Thread-302620	Thread.getStackTrace(1559)	recieve message cmdcode:12639
2026-02-06 11:04:52	INFO	SvTableMsgReceiver Thread-115414	Thread.getStackTrace(1559)	recieve message cmdcode:12639
2026-02-06 11:04:52	INFO	SvTableMsgReceiver Thread-302620	Thread.getStackTrace(1559)	recieve message cmdcode:12639
2026-02-06 11:04:58	INFO	AWT-EventQueue-0	Thread.getStackTrace(1559)	unregister slip, view id : 12245830
2026-02-06 11:04:58	INFO	AWT-EventQueue-0	Thread.getStackTrace(1559)	unregister slip progress, view id : 12245830
2026-02-06 11:08:34	INFO	AWT-EventQueue-0	Thread.getStackTrace(1559)	create new SvTablePanel instance, view id :22159848
2026-02-06 11:08:34	INFO	AWT-EventQueue-0	Thread.getStackTrace(1559)	register slip progress, view id : 22159848
2026-02-06 11:08:34	INFO	SlipWinThread_com.huawei.u2000.ucbb.table.slip.SlipTableMsgService	Thread.getStackTrace(1559)	register slip , return result/ view id : 1 / 22159848
2026-02-06 11:08:51	INFO	SvTableMsgReceiver Thread-115414	Thread.getStackTrace(1559)	recieve message cmdcode:12639
2026-02-06 11:08:51	INFO	SvTableMsgReceiver Thread-309930	Thread.getStackTrace(1559)	recieve message cmdcode:12639
2026-02-06 11:08:53	INFO	AWT-EventQueue-0	Thread.getStackTrace(1559)	create new SvTablePanel instance, view id :27772281
2026-02-06 11:08:53	INFO	AWT-EventQueue-0	Thread.getStackTrace(1559)	register slip progress, view id : 27772281
2026-02-06 11:08:53	INFO	SlipWinThread_com.huawei.u2000.pf.frame.ui.slipTable.SlipTableMsgService	Thread.getStackTrace(1559)	register slip , return result/ view id : 1 / 27772281
2026-02-06 11:08:54	INFO	SvTableMsgReceiver Thread-115414	Thread.getStackTrace(1559)	recieve message cmdcode:12639
2026-02-06 11:08:54	INFO	SvTableMsgReceiver Thread-309930	Thread.getStackTrace(1559)	recieve message cmdcode:12639
2026-02-06 11:08:54	INFO	SvTableMsgReceiver Thread-311292	Thread.getStackTrace(1559)	recieve message cmdcode:12639
2026-02-06 11:08:56	INFO	pool-14-thread-2	Thread.getStackTrace(1559)	unregister slip, view id : 27772281
2026-02-06 11:08:56	INFO	pool-14-thread-2	Thread.getStackTrace(1559)	unregister slip progress, view id : 27772281
2026-02-06 11:09:00	INFO	AWT-EventQueue-0	Thread.getStackTrace(1559)	unregister slip, view id : 22159848
2026-02-06 11:09:00	INFO	AWT-EventQueue-0	Thread.getStackTrace(1559)	unregister slip progress, view id : 22159848
2026-02-06 11:09:00	INFO	AWT-EventQueue-0	Thread.getStackTrace(1559)	create new SvTablePanel instance, view id :22356897
2026-02-06 11:09:00	INFO	AWT-EventQueue-0	Thread.getStackTrace(1559)	register slip progress, view id : 22356897
2026-02-06 11:09:00	INFO	SlipWinThread_com.huawei.u2000.ucbb.table.slip.SlipTableMsgService	Thread.getStackTrace(1559)	register slip , return result/ view id : 1 / 22356897
2026-02-06 11:09:01	INFO	SvTableMsgReceiver Thread-115414	Thread.getStackTrace(1559)	recieve message cmdcode:12639
2026-02-06 11:09:01	INFO	SvTableMsgReceiver Thread-311845	Thread.getStackTrace(1559)	recieve message cmdcode:12639
2026-02-06 11:10:54	INFO	AWT-EventQueue-0	Thread.getStackTrace(1559)	unregister slip, view id : 22356897
2026-02-06 11:10:54	INFO	AWT-EventQueue-0	Thread.getStackTrace(1559)	unregister slip progress, view id : 22356897
2026-02-06 11:29:50	INFO	AWT-EventQueue-0	Thread.getStackTrace(1559)	create new SvTablePanel instance, view id :31615557
2026-02-06 11:29:50	INFO	AWT-EventQueue-0	Thread.getStackTrace(1559)	register slip progress, view id : 31615557
2026-02-06 11:29:50	INFO	SlipWinThread_com.huawei.u2000.pf.frame.ui.slipTable.SlipTableMsgService	Thread.getStackTrace(1559)	register slip , return result/ view id : 1 / 31615557
2026-02-06 11:29:52	INFO	SvTableMsgReceiver Thread-115414	Thread.getStackTrace(1559)	recieve message cmdcode:12639
2026-02-06 11:29:52	INFO	SvTableMsgReceiver Thread-319957	Thread.getStackTrace(1559)	recieve message cmdcode:12639
2026-02-06 11:29:54	INFO	pool-14-thread-1	Thread.getStackTrace(1559)	unregister slip, view id : 31615557
2026-02-06 11:29:54	INFO	pool-14-thread-1	Thread.getStackTrace(1559)	unregister slip progress, view id : 31615557
2026-02-06 11:29:56	INFO	AWT-EventQueue-0	Thread.getStackTrace(1559)	create new SvTablePanel instance, view id :13367584
2026-02-06 11:29:56	INFO	AWT-EventQueue-0	Thread.getStackTrace(1559)	register slip progress, view id : 13367584
2026-02-06 11:29:56	INFO	SlipWinThread_com.huawei.u2000.pf.frame.ui.slipTable.SlipTableMsgService	Thread.getStackTrace(1559)	register slip , return result/ view id : 1 / 13367584
2026-02-06 11:29:57	INFO	SvTableMsgReceiver Thread-115414	Thread.getStackTrace(1559)	recieve message cmdcode:12639
2026-02-06 11:29:57	INFO	SvTableMsgReceiver Thread-320424	Thread.getStackTrace(1559)	recieve message cmdcode:12639
2026-02-06 11:29:57	INFO	pool-14-thread-1	Thread.getStackTrace(1559)	unregister slip, view id : 13367584
2026-02-06 11:29:57	INFO	pool-14-thread-1	Thread.getStackTrace(1559)	unregister slip progress, view id : 13367584
2026-02-06 11:35:59	INFO	AWT-EventQueue-0	Thread.getStackTrace(1559)	create new SvTablePanel instance, view id :11057529
2026-02-06 11:35:59	INFO	AWT-EventQueue-0	Thread.getStackTrace(1559)	register slip progress, view id : 11057529
2026-02-06 11:35:59	INFO	SlipWinThread_com.huawei.u2000.ucbb.table.slip.SlipTableMsgService	Thread.getStackTrace(1559)	register slip , return result/ view id : 1 / 11057529
2026-02-06 11:36:31	INFO	SvTableMsgReceiver Thread-115414	Thread.getStackTrace(1559)	recieve message cmdcode:12639
2026-02-06 11:36:31	INFO	SvTableMsgReceiver Thread-329263	Thread.getStackTrace(1559)	recieve message cmdcode:12639
2026-02-06 11:36:37	INFO	SvTableMsgReceiver Thread-115414	Thread.getStackTrace(1559)	recieve message cmdcode:12639
2026-02-06 11:36:37	INFO	SvTableMsgReceiver Thread-329263	Thread.getStackTrace(1559)	recieve message cmdcode:12639
2026-02-06 11:36:41	INFO	SvTableMsgReceiver Thread-115414	Thread.getStackTrace(1559)	recieve message cmdcode:12639
2026-02-06 11:36:41	INFO	SvTableMsgReceiver Thread-329263	Thread.getStackTrace(1559)	recieve message cmdcode:12639
2026-02-06 11:36:45	INFO	SvTableMsgReceiver Thread-115414	Thread.getStackTrace(1559)	recieve message cmdcode:12639
2026-02-06 11:36:45	INFO	SvTableMsgReceiver Thread-329263	Thread.getStackTrace(1559)	recieve message cmdcode:12639
2026-02-06 13:58:53	INFO	SvTableMsgReceiver Thread-115414	Thread.getStackTrace(1559)	recieve message cmdcode:12639
2026-02-06 13:58:53	INFO	SvTableMsgReceiver Thread-329263	Thread.getStackTrace(1559)	recieve message cmdcode:12639
2026-02-09 03:46:36	INFO	AWT-EventQueue-0	Thread.getStackTrace(1559)	start slip view
2026-02-09 03:46:36	INFO	AWT-EventQueue-0	Thread.getStackTrace(1559)	create new SvTablePanel instance, view id :26409749
2026-02-09 03:46:36	INFO	AWT-EventQueue-0	Thread.getStackTrace(1559)	register slip progress, view id : 26409749
2026-02-09 03:46:36	INFO	SlipWinThread_com.huawei.u2000.pf.frame.ui.slipTable.SlipTableMsgService	Thread.getStackTrace(1559)	register slip , return result/ view id : 1 / 26409749
2026-02-09 03:46:37	INFO	SvTableMsgReceiver Thread-6549	Thread.getStackTrace(1559)	recieve message cmdcode:12639
2026-02-09 03:46:49	INFO	pool-15-thread-12	Thread.getStackTrace(1559)	unregister slip, view id : 26409749
2026-02-09 03:46:49	INFO	pool-15-thread-12	Thread.getStackTrace(1559)	unregister slip progress, view id : 26409749
2026-02-09 03:47:39	INFO	AWT-EventQueue-0	Thread.getStackTrace(1559)	create new SvTablePanel instance, view id :9644549
2026-02-09 03:47:39	INFO	AWT-EventQueue-0	Thread.getStackTrace(1559)	register slip progress, view id : 9644549
2026-02-09 03:47:39	INFO	SlipWinThread_com.huawei.u2000.pf.frame.ui.slipTable.SlipTableMsgService	Thread.getStackTrace(1559)	register slip , return result/ view id : 1 / 9644549
2026-02-09 03:47:40	INFO	SvTableMsgReceiver Thread-8068	Thread.getStackTrace(1559)	recieve message cmdcode:12639
2026-02-09 03:47:49	INFO	pool-15-thread-12	Thread.getStackTrace(1559)	unregister slip, view id : 9644549
2026-02-09 03:47:49	INFO	pool-15-thread-12	Thread.getStackTrace(1559)	unregister slip progress, view id : 9644549
2026-02-09 03:48:03	INFO	AWT-EventQueue-0	Thread.getStackTrace(1559)	create new SvTablePanel instance, view id :29350723
2026-02-09 03:48:03	INFO	AWT-EventQueue-0	Thread.getStackTrace(1559)	register slip progress, view id : 29350723
2026-02-09 03:48:03	INFO	SlipWinThread_com.huawei.u2000.ucbb.table.slip.SlipTableMsgService	Thread.getStackTrace(1559)	register slip , return result/ view id : 1 / 29350723
2026-02-09 03:49:58	INFO	AWT-EventQueue-0	Thread.getStackTrace(1559)	unregister slip, view id : 29350723
2026-02-09 03:49:58	INFO	AWT-EventQueue-0	Thread.getStackTrace(1559)	unregister slip progress, view id : 29350723
2026-02-09 03:54:01	INFO	AWT-EventQueue-0	Thread.getStackTrace(1559)	create new SvTablePanel instance, view id :12776568
2026-02-09 03:54:01	INFO	AWT-EventQueue-0	Thread.getStackTrace(1559)	register slip progress, view id : 12776568
2026-02-09 03:54:01	INFO	SlipWinThread_com.huawei.u2000.ucbb.table.slip.SlipTableMsgService	Thread.getStackTrace(1559)	register slip , return result/ view id : 1 / 12776568
2026-02-09 03:54:02	INFO	SvTableMsgReceiver Thread-16221	Thread.getStackTrace(1559)	recieve message cmdcode:12639
2026-02-09 04:00:14	INFO	AWT-EventQueue-0	Thread.getStackTrace(1559)	unregister slip, view id : 12776568
2026-02-09 04:00:14	INFO	AWT-EventQueue-0	Thread.getStackTrace(1559)	unregister slip progress, view id : 12776568
2026-02-09 04:00:32	INFO	AWT-EventQueue-0	Thread.getStackTrace(1559)	create new SvTablePanel instance, view id :29193924
2026-02-09 04:00:32	INFO	AWT-EventQueue-0	Thread.getStackTrace(1559)	register slip progress, view id : 29193924
2026-02-09 04:00:32	INFO	SlipWinThread_com.huawei.u2000.pf.frame.ui.slipTable.SlipTableMsgService	Thread.getStackTrace(1559)	register slip , return result/ view id : 1 / 29193924
2026-02-09 04:00:34	INFO	SvTableMsgReceiver Thread-18242	Thread.getStackTrace(1559)	recieve message cmdcode:12639
2026-02-09 04:00:35	INFO	pool-15-thread-2	Thread.getStackTrace(1559)	unregister slip, view id : 29193924
2026-02-09 04:00:35	INFO	pool-15-thread-2	Thread.getStackTrace(1559)	unregister slip progress, view id : 29193924
2026-02-09 04:00:55	INFO	AWT-EventQueue-0	Thread.getStackTrace(1559)	create new SvTablePanel instance, view id :26959077
2026-02-09 04:00:55	INFO	AWT-EventQueue-0	Thread.getStackTrace(1559)	register slip progress, view id : 26959077
2026-02-09 04:00:55	INFO	SlipWinThread_com.huawei.u2000.pf.frame.ui.slipTable.SlipTableMsgService	Thread.getStackTrace(1559)	register slip , return result/ view id : 1 / 26959077
2026-02-09 04:00:56	INFO	SvTableMsgReceiver Thread-19649	Thread.getStackTrace(1559)	recieve message cmdcode:12639
2026-02-09 04:01:00	INFO	pool-15-thread-2	Thread.getStackTrace(1559)	unregister slip, view id : 26959077
2026-02-09 04:01:00	INFO	pool-15-thread-2	Thread.getStackTrace(1559)	unregister slip progress, view id : 26959077
2026-02-09 04:01:01	INFO	AWT-EventQueue-0	Thread.getStackTrace(1559)	create new SvTablePanel instance, view id :9516147
2026-02-09 04:01:01	INFO	AWT-EventQueue-0	Thread.getStackTrace(1559)	register slip progress, view id : 9516147
2026-02-09 04:01:01	INFO	SlipWinThread_com.huawei.u2000.pf.frame.ui.slipTable.SlipTableMsgService	Thread.getStackTrace(1559)	register slip , return result/ view id : 1 / 9516147
2026-02-09 04:01:02	INFO	SvTableMsgReceiver Thread-20494	Thread.getStackTrace(1559)	recieve message cmdcode:12639
2026-02-09 04:01:05	INFO	pool-15-thread-2	Thread.getStackTrace(1559)	unregister slip, view id : 9516147
2026-02-09 04:01:05	INFO	pool-15-thread-2	Thread.getStackTrace(1559)	unregister slip progress, view id : 9516147
2026-02-09 04:02:20	INFO	AWT-EventQueue-0	Thread.getStackTrace(1559)	create new SvTablePanel instance, view id :5754001
2026-02-09 04:02:20	INFO	AWT-EventQueue-0	Thread.getStackTrace(1559)	register slip progress, view id : 5754001
2026-02-09 04:02:20	INFO	SlipWinThread_com.huawei.u2000.ucbb.table.slip.SlipTableMsgService	Thread.getStackTrace(1559)	register slip , return result/ view id : 1 / 5754001
2026-02-09 04:02:38	INFO	AWT-EventQueue-0	Thread.getStackTrace(1559)	unregister slip, view id : 5754001
2026-02-09 04:02:38	INFO	AWT-EventQueue-0	Thread.getStackTrace(1559)	unregister slip progress, view id : 5754001
2026-02-09 04:02:39	INFO	AWT-EventQueue-0	Thread.getStackTrace(1559)	create new SvTablePanel instance, view id :32307840
2026-02-09 04:02:39	INFO	AWT-EventQueue-0	Thread.getStackTrace(1559)	register slip progress, view id : 32307840
2026-02-09 04:02:39	INFO	SlipWinThread_com.huawei.u2000.ucbb.table.slip.SlipTableMsgService	Thread.getStackTrace(1559)	register slip , return result/ view id : 1 / 32307840
2026-02-09 04:02:39	INFO	AWT-EventQueue-0	Thread.getStackTrace(1559)	unregister slip, view id : 32307840
2026-02-09 04:02:39	INFO	AWT-EventQueue-0	Thread.getStackTrace(1559)	unregister slip progress, view id : 32307840
2026-02-09 04:02:39	INFO	AWT-EventQueue-0	Thread.getStackTrace(1559)	create new SvTablePanel instance, view id :8163777
2026-02-09 04:02:39	INFO	AWT-EventQueue-0	Thread.getStackTrace(1559)	register slip progress, view id : 8163777
2026-02-09 04:02:39	INFO	SlipWinThread_com.huawei.u2000.ucbb.table.slip.SlipTableMsgService	Thread.getStackTrace(1559)	register slip , return result/ view id : 1 / 8163777
2026-02-09 04:02:40	INFO	SvTableMsgReceiver Thread-28307	Thread.getStackTrace(1559)	recieve message cmdcode:12639
2026-02-09 04:02:40	INFO	SvTableMsgReceiver Thread-28307	Thread.getStackTrace(1559)	can not find SvTablePanel : 32307840
2026-02-09 04:02:40	INFO	SvTableMsgReceiver Thread-28307	Thread.getStackTrace(1559)	recieve message cmdcode:12639
2026-02-09 04:02:55	INFO	AWT-EventQueue-0	Thread.getStackTrace(1559)	unregister slip, view id : 8163777
2026-02-09 04:02:55	INFO	AWT-EventQueue-0	Thread.getStackTrace(1559)	unregister slip progress, view id : 8163777
2026-02-09 04:02:55	INFO	AWT-EventQueue-0	Thread.getStackTrace(1559)	create new SvTablePanel instance, view id :24997693
2026-02-09 04:02:55	INFO	AWT-EventQueue-0	Thread.getStackTrace(1559)	register slip progress, view id : 24997693
2026-02-09 04:02:55	INFO	SlipWinThread_com.huawei.u2000.ucbb.table.slip.SlipTableMsgService	Thread.getStackTrace(1559)	register slip , return result/ view id : 1 / 24997693
2026-02-09 04:02:56	INFO	AWT-EventQueue-0	Thread.getStackTrace(1559)	unregister slip, view id : 24997693
2026-02-09 04:02:56	INFO	AWT-EventQueue-0	Thread.getStackTrace(1559)	unregister slip progress, view id : 24997693
2026-02-09 04:02:56	INFO	AWT-EventQueue-0	Thread.getStackTrace(1559)	create new SvTablePanel instance, view id :16399466
2026-02-09 04:02:56	INFO	AWT-EventQueue-0	Thread.getStackTrace(1559)	register slip progress, view id : 16399466
2026-02-09 04:02:56	INFO	SlipWinThread_com.huawei.u2000.ucbb.table.slip.SlipTableMsgService	Thread.getStackTrace(1559)	register slip , return result/ view id : 1 / 16399466
2026-02-09 04:02:56	INFO	SvTableMsgReceiver Thread-29458	Thread.getStackTrace(1559)	recieve message cmdcode:12639
2026-02-09 04:02:56	INFO	SvTableMsgReceiver Thread-29458	Thread.getStackTrace(1559)	can not find SvTablePanel : 24997693
2026-02-09 04:02:57	INFO	SvTableMsgReceiver Thread-29458	Thread.getStackTrace(1559)	recieve message cmdcode:12639
2026-02-09 04:04:49	INFO	AWT-EventQueue-0	Thread.getStackTrace(1559)	unregister slip, view id : 16399466
2026-02-09 04:04:49	INFO	AWT-EventQueue-0	Thread.getStackTrace(1559)	unregister slip progress, view id : 16399466
2026-02-09 04:17:13	INFO	AWT-EventQueue-0	Thread.getStackTrace(1559)	create new SvTablePanel instance, view id :18622061
2026-02-09 04:17:13	INFO	AWT-EventQueue-0	Thread.getStackTrace(1559)	register slip progress, view id : 18622061
2026-02-09 04:17:13	INFO	SlipWinThread_com.huawei.u2000.ucbb.table.slip.SlipTableMsgService	Thread.getStackTrace(1559)	register slip , return result/ view id : 1 / 18622061
2026-02-09 04:17:14	INFO	SvTableMsgReceiver Thread-44097	Thread.getStackTrace(1559)	recieve message cmdcode:12639
2026-02-09 04:19:08	INFO	AWT-EventQueue-0	Thread.getStackTrace(1559)	unregister slip, view id : 18622061
2026-02-09 04:19:08	INFO	AWT-EventQueue-0	Thread.getStackTrace(1559)	unregister slip progress, view id : 18622061
2026-02-09 04:20:35	INFO	AWT-EventQueue-0	Thread.getStackTrace(1559)	create new SvTablePanel instance, view id :20118151
2026-02-09 04:20:35	INFO	AWT-EventQueue-0	Thread.getStackTrace(1559)	register slip progress, view id : 20118151
2026-02-09 04:20:35	INFO	SlipWinThread_com.huawei.u2000.pf.frame.ui.slipTable.SlipTableMsgService	Thread.getStackTrace(1559)	register slip , return result/ view id : 1 / 20118151
2026-02-09 04:20:36	INFO	SvTableMsgReceiver Thread-51063	Thread.getStackTrace(1559)	recieve message cmdcode:12639
2026-02-09 04:20:38	INFO	pool-15-thread-13	Thread.getStackTrace(1559)	unregister slip, view id : 20118151
2026-02-09 04:20:38	INFO	pool-15-thread-13	Thread.getStackTrace(1559)	unregister slip progress, view id : 20118151
2026-02-09 04:20:40	INFO	AWT-EventQueue-0	Thread.getStackTrace(1559)	create new SvTablePanel instance, view id :3229419
2026-02-09 04:20:40	INFO	AWT-EventQueue-0	Thread.getStackTrace(1559)	register slip progress, view id : 3229419
2026-02-09 04:20:40	INFO	SlipWinThread_com.huawei.u2000.pf.frame.ui.slipTable.SlipTableMsgService	Thread.getStackTrace(1559)	register slip , return result/ view id : 1 / 3229419
2026-02-09 04:20:41	INFO	SvTableMsgReceiver Thread-51656	Thread.getStackTrace(1559)	recieve message cmdcode:12639
2026-02-09 04:20:48	INFO	pool-15-thread-13	Thread.getStackTrace(1559)	unregister slip, view id : 3229419
2026-02-09 04:20:48	INFO	pool-15-thread-13	Thread.getStackTrace(1559)	unregister slip progress, view id : 3229419
2026-02-09 04:21:47	INFO	AWT-EventQueue-0	Thread.getStackTrace(1559)	create new SvTablePanel instance, view id :4810646
2026-02-09 04:21:47	INFO	AWT-EventQueue-0	Thread.getStackTrace(1559)	register slip progress, view id : 4810646
2026-02-09 04:21:47	INFO	SlipWinThread_com.huawei.u2000.ucbb.table.slip.SlipTableMsgService	Thread.getStackTrace(1559)	register slip , return result/ view id : 1 / 4810646
2026-02-09 04:23:23	INFO	AWT-EventQueue-0	Thread.getStackTrace(1559)	unregister slip, view id : 4810646
2026-02-09 04:23:23	INFO	AWT-EventQueue-0	Thread.getStackTrace(1559)	unregister slip progress, view id : 4810646
2026-02-09 04:26:07	INFO	AWT-EventQueue-0	Thread.getStackTrace(1559)	create new SvTablePanel instance, view id :4522625
2026-02-09 04:26:07	INFO	AWT-EventQueue-0	Thread.getStackTrace(1559)	register slip progress, view id : 4522625
2026-02-09 04:26:07	INFO	SlipWinThread_com.huawei.u2000.ucbb.table.slip.SlipTableMsgService	Thread.getStackTrace(1559)	register slip , return result/ view id : 1 / 4522625
2026-02-09 04:26:08	INFO	SvTableMsgReceiver Thread-61386	Thread.getStackTrace(1559)	recieve message cmdcode:12639
2026-02-09 04:27:14	INFO	SvTableMsgReceiver Thread-61386	Thread.getStackTrace(1559)	recieve message cmdcode:12639
2026-02-09 04:27:14	INFO	SvTableMsgReceiver Thread-61386	Thread.getStackTrace(1559)	can not find SvTablePanel : 28881690
2026-02-09 04:27:16	INFO	SvTableMsgReceiver Thread-61386	Thread.getStackTrace(1559)	recieve message cmdcode:12639
2026-02-09 04:27:16	INFO	SvTableMsgReceiver Thread-61386	Thread.getStackTrace(1559)	can not find SvTablePanel : 30470677
2026-02-09 04:27:20	INFO	AWT-EventQueue-0	Thread.getStackTrace(1559)	unregister slip, view id : 4522625
2026-02-09 04:27:20	INFO	AWT-EventQueue-0	Thread.getStackTrace(1559)	unregister slip progress, view id : 4522625
2026-02-09 04:34:19	INFO	AWT-EventQueue-0	Thread.getStackTrace(1559)	create new SvTablePanel instance, view id :33525066
2026-02-09 04:34:19	INFO	AWT-EventQueue-0	Thread.getStackTrace(1559)	register slip progress, view id : 33525066
2026-02-09 04:34:19	INFO	SlipWinThread_com.huawei.u2000.pf.frame.ui.slipTable.SlipTableMsgService	Thread.getStackTrace(1559)	register slip , return result/ view id : 1 / 33525066
2026-02-09 04:34:20	INFO	SvTableMsgReceiver Thread-73620	Thread.getStackTrace(1559)	recieve message cmdcode:12639
2026-02-09 04:34:25	INFO	pool-15-thread-5	Thread.getStackTrace(1559)	unregister slip, view id : 33525066
2026-02-09 04:34:25	INFO	pool-15-thread-5	Thread.getStackTrace(1559)	unregister slip progress, view id : 33525066
2026-02-09 04:34:26	INFO	AWT-EventQueue-0	Thread.getStackTrace(1559)	create new SvTablePanel instance, view id :4848537
2026-02-09 04:34:26	INFO	AWT-EventQueue-0	Thread.getStackTrace(1559)	register slip progress, view id : 4848537
2026-02-09 04:34:26	INFO	SlipWinThread_com.huawei.u2000.pf.frame.ui.slipTable.SlipTableMsgService	Thread.getStackTrace(1559)	register slip , return result/ view id : 1 / 4848537
2026-02-09 04:34:27	INFO	SvTableMsgReceiver Thread-74351	Thread.getStackTrace(1559)	recieve message cmdcode:12639
2026-02-09 04:34:30	INFO	pool-15-thread-5	Thread.getStackTrace(1559)	unregister slip, view id : 4848537
2026-02-09 04:34:30	INFO	pool-15-thread-5	Thread.getStackTrace(1559)	unregister slip progress, view id : 4848537
2026-02-09 04:34:43	INFO	AWT-EventQueue-0	Thread.getStackTrace(1559)	create new SvTablePanel instance, view id :16651513
2026-02-09 04:34:43	INFO	AWT-EventQueue-0	Thread.getStackTrace(1559)	register slip progress, view id : 16651513
2026-02-09 04:34:43	INFO	SlipWinThread_com.huawei.u2000.ucbb.table.slip.SlipTableMsgService	Thread.getStackTrace(1559)	register slip , return result/ view id : 1 / 16651513
2026-02-09 04:35:36	INFO	AWT-EventQueue-0	Thread.getStackTrace(1559)	unregister slip, view id : 16651513
2026-02-09 04:35:36	INFO	AWT-EventQueue-0	Thread.getStackTrace(1559)	unregister slip progress, view id : 16651513
2026-02-09 04:35:36	INFO	AWT-EventQueue-0	Thread.getStackTrace(1559)	create new SvTablePanel instance, view id :27541534
2026-02-09 04:35:36	INFO	AWT-EventQueue-0	Thread.getStackTrace(1559)	register slip progress, view id : 27541534
2026-02-09 04:35:36	INFO	SlipWinThread_com.huawei.u2000.ucbb.table.slip.SlipTableMsgService	Thread.getStackTrace(1559)	register slip , return result/ view id : 1 / 27541534
2026-02-09 04:35:37	INFO	SvTableMsgReceiver Thread-79310	Thread.getStackTrace(1559)	recieve message cmdcode:12639
2026-02-09 04:37:10	INFO	AWT-EventQueue-0	Thread.getStackTrace(1559)	unregister slip, view id : 27541534
2026-02-09 04:37:10	INFO	AWT-EventQueue-0	Thread.getStackTrace(1559)	unregister slip progress, view id : 27541534
2026-02-09 04:39:14	INFO	AWT-EventQueue-0	Thread.getStackTrace(1559)	create new SvTablePanel instance, view id :14327584
2026-02-09 04:39:14	INFO	AWT-EventQueue-0	Thread.getStackTrace(1559)	register slip progress, view id : 14327584
2026-02-09 04:39:14	INFO	SlipWinThread_com.huawei.u2000.ucbb.table.slip.SlipTableMsgService	Thread.getStackTrace(1559)	register slip , return result/ view id : 1 / 14327584
2026-02-09 04:39:15	INFO	SvTableMsgReceiver Thread-90483	Thread.getStackTrace(1559)	recieve message cmdcode:12639
2026-02-09 04:39:19	INFO	SvTableMsgReceiver Thread-90483	Thread.getStackTrace(1559)	recieve message cmdcode:12639
2026-02-09 04:39:30	INFO	SwingWorker-pool-29-thread-10	Thread.getStackTrace(1559)	create new SvTablePanel instance, view id :28191499
2026-02-09 04:39:30	INFO	SwingWorker-pool-29-thread-10	Thread.getStackTrace(1559)	register slip progress, view id : 28191499
2026-02-09 04:39:30	INFO	SlipWinThread_com.huawei.u2000.pf.frame.ui.slipTable.SlipTableMsgService	Thread.getStackTrace(1559)	register slip , return result/ view id : 1 / 28191499
2026-02-09 04:39:33	INFO	SvTableMsgReceiver Thread-90483	Thread.getStackTrace(1559)	recieve message cmdcode:12639
2026-02-09 04:39:33	INFO	SvTableMsgReceiver Thread-91778	Thread.getStackTrace(1559)	recieve message cmdcode:12639
2026-02-09 04:39:35	INFO	AWT-EventQueue-0	Thread.getStackTrace(1559)	create new SvTablePanel instance, view id :3900097
2026-02-09 04:39:35	INFO	AWT-EventQueue-0	Thread.getStackTrace(1559)	register slip progress, view id : 3900097
2026-02-09 04:39:35	INFO	SlipWinThread_com.huawei.u2000.pf.frame.ui.slipTable.SlipTableMsgService	Thread.getStackTrace(1559)	register slip , return result/ view id : 1 / 3900097
2026-02-09 04:39:36	INFO	SvTableMsgReceiver Thread-90483	Thread.getStackTrace(1559)	recieve message cmdcode:12639
2026-02-09 04:39:36	INFO	SvTableMsgReceiver Thread-91778	Thread.getStackTrace(1559)	recieve message cmdcode:12639
2026-02-09 04:39:36	INFO	SvTableMsgReceiver Thread-92294	Thread.getStackTrace(1559)	recieve message cmdcode:12639
2026-02-09 04:39:38	INFO	AWT-EventQueue-0	Thread.getStackTrace(1559)	create new SvTablePanel instance, view id :27594232
2026-02-09 04:39:38	INFO	AWT-EventQueue-0	Thread.getStackTrace(1559)	register slip progress, view id : 27594232
2026-02-09 04:39:38	INFO	SlipWinThread_com.huawei.u2000.pf.frame.ui.slipTable.SlipTableMsgService	Thread.getStackTrace(1559)	register slip , return result/ view id : 1 / 27594232
2026-02-09 04:39:39	INFO	SvTableMsgReceiver Thread-90483	Thread.getStackTrace(1559)	recieve message cmdcode:12639
2026-02-09 04:39:39	INFO	SvTableMsgReceiver Thread-91778	Thread.getStackTrace(1559)	recieve message cmdcode:12639
2026-02-09 04:39:39	INFO	SvTableMsgReceiver Thread-92294	Thread.getStackTrace(1559)	recieve message cmdcode:12639
2026-02-09 04:39:39	INFO	SvTableMsgReceiver Thread-92441	Thread.getStackTrace(1559)	recieve message cmdcode:12639
2026-02-09 04:39:41	INFO	AWT-EventQueue-0	Thread.getStackTrace(1559)	create new SvTablePanel instance, view id :27556531
2026-02-09 04:39:41	INFO	AWT-EventQueue-0	Thread.getStackTrace(1559)	register slip progress, view id : 27556531
2026-02-09 04:39:41	INFO	SlipWinThread_com.huawei.u2000.pf.frame.ui.slipTable.SlipTableMsgService	Thread.getStackTrace(1559)	register slip , return result/ view id : 1 / 27556531
2026-02-09 04:39:42	INFO	SvTableMsgReceiver Thread-90483	Thread.getStackTrace(1559)	recieve message cmdcode:12639
2026-02-09 04:39:42	INFO	SvTableMsgReceiver Thread-91778	Thread.getStackTrace(1559)	recieve message cmdcode:12639
2026-02-09 04:39:42	INFO	SvTableMsgReceiver Thread-92294	Thread.getStackTrace(1559)	recieve message cmdcode:12639
2026-02-09 04:39:42	INFO	SvTableMsgReceiver Thread-92441	Thread.getStackTrace(1559)	recieve message cmdcode:12639
2026-02-09 04:39:42	INFO	SvTableMsgReceiver Thread-92725	Thread.getStackTrace(1559)	recieve message cmdcode:12639
2026-02-09 04:39:58	INFO	SwingWorker-pool-29-thread-1	Thread.getStackTrace(1559)	create new SvTablePanel instance, view id :11131676
2026-02-09 04:39:58	INFO	SwingWorker-pool-29-thread-1	Thread.getStackTrace(1559)	register slip progress, view id : 11131676
2026-02-09 04:39:58	INFO	SlipWinThread_com.huawei.u2000.pf.frame.ui.slipTable.SlipTableMsgService	Thread.getStackTrace(1559)	register slip , return result/ view id : 1 / 11131676
2026-02-09 04:39:59	INFO	SvTableMsgReceiver Thread-90483	Thread.getStackTrace(1559)	recieve message cmdcode:12639
2026-02-09 04:39:59	INFO	SvTableMsgReceiver Thread-91778	Thread.getStackTrace(1559)	recieve message cmdcode:12639
2026-02-09 04:39:59	INFO	SvTableMsgReceiver Thread-92294	Thread.getStackTrace(1559)	recieve message cmdcode:12639
2026-02-09 04:39:59	INFO	SvTableMsgReceiver Thread-92441	Thread.getStackTrace(1559)	recieve message cmdcode:12639
2026-02-09 04:39:59	INFO	SvTableMsgReceiver Thread-93773	Thread.getStackTrace(1559)	recieve message cmdcode:12639
2026-02-09 04:39:59	INFO	SvTableMsgReceiver Thread-92725	Thread.getStackTrace(1559)	recieve message cmdcode:12639
2026-02-09 04:40:03	INFO	SwingWorker-pool-29-thread-3	Thread.getStackTrace(1559)	create new SvTablePanel instance, view id :16250651
2026-02-09 04:40:03	INFO	SwingWorker-pool-29-thread-3	Thread.getStackTrace(1559)	register slip progress, view id : 16250651
2026-02-09 04:40:03	INFO	SlipWinThread_com.huawei.u2000.pf.frame.ui.slipTable.SlipTableMsgService	Thread.getStackTrace(1559)	register slip , return result/ view id : 1 / 16250651
2026-02-09 04:40:46	INFO	SwingWorker-pool-29-thread-2	Thread.getStackTrace(1559)	create new SvTablePanel instance, view id :21032046
2026-02-09 04:40:46	INFO	SwingWorker-pool-29-thread-2	Thread.getStackTrace(1559)	register slip progress, view id : 21032046
2026-02-09 04:40:46	INFO	SlipWinThread_com.huawei.u2000.pf.frame.ui.slipTable.SlipTableMsgService	Thread.getStackTrace(1559)	register slip , return result/ view id : 1 / 21032046
2026-02-09 04:40:47	INFO	SvTableMsgReceiver Thread-90483	Thread.getStackTrace(1559)	recieve message cmdcode:12639
2026-02-09 04:40:47	INFO	SvTableMsgReceiver Thread-91778	Thread.getStackTrace(1559)	recieve message cmdcode:12639
2026-02-09 04:40:47	INFO	SvTableMsgReceiver Thread-92294	Thread.getStackTrace(1559)	recieve message cmdcode:12639
2026-02-09 04:40:47	INFO	SvTableMsgReceiver Thread-92441	Thread.getStackTrace(1559)	recieve message cmdcode:12639
2026-02-09 04:40:47	INFO	SvTableMsgReceiver Thread-92725	Thread.getStackTrace(1559)	recieve message cmdcode:12639
2026-02-09 04:40:47	INFO	SvTableMsgReceiver Thread-94981	Thread.getStackTrace(1559)	recieve message cmdcode:12639
2026-02-09 04:40:47	INFO	SvTableMsgReceiver Thread-94174	Thread.getStackTrace(1559)	recieve message cmdcode:12639
2026-02-09 04:40:47	INFO	SvTableMsgReceiver Thread-93773	Thread.getStackTrace(1559)	recieve message cmdcode:12639
2026-02-09 04:40:49	INFO	AWT-EventQueue-0	Thread.getStackTrace(1559)	unregister slip, view id : 14327584
2026-02-09 04:40:49	INFO	AWT-EventQueue-0	Thread.getStackTrace(1559)	unregister slip progress, view id : 14327584
2026-02-09 04:40:49	INFO	SwingWorker-pool-29-thread-5	Thread.getStackTrace(1559)	create new SvTablePanel instance, view id :22149067
2026-02-09 04:40:49	INFO	SwingWorker-pool-29-thread-5	Thread.getStackTrace(1559)	register slip progress, view id : 22149067
2026-02-09 04:40:49	INFO	SlipWinThread_com.huawei.u2000.pf.frame.ui.slipTable.SlipTableMsgService	Thread.getStackTrace(1559)	register slip , return result/ view id : 1 / 22149067
2026-02-09 04:40:50	INFO	SvTableMsgReceiver Thread-91778	Thread.getStackTrace(1559)	recieve message cmdcode:12639
2026-02-09 04:40:50	INFO	SvTableMsgReceiver Thread-92294	Thread.getStackTrace(1559)	recieve message cmdcode:12639
2026-02-09 04:40:50	INFO	SvTableMsgReceiver Thread-92441	Thread.getStackTrace(1559)	recieve message cmdcode:12639
2026-02-09 04:40:50	INFO	SvTableMsgReceiver Thread-92725	Thread.getStackTrace(1559)	recieve message cmdcode:12639
2026-02-09 04:40:50	INFO	SvTableMsgReceiver Thread-93773	Thread.getStackTrace(1559)	recieve message cmdcode:12639
2026-02-09 04:40:50	INFO	SvTableMsgReceiver Thread-94174	Thread.getStackTrace(1559)	recieve message cmdcode:12639
2026-02-09 04:40:50	INFO	SvTableMsgReceiver Thread-95015	Thread.getStackTrace(1559)	recieve message cmdcode:12639
2026-02-09 04:40:50	INFO	SvTableMsgReceiver Thread-94981	Thread.getStackTrace(1559)	recieve message cmdcode:12639
2026-02-09 04:40:50	INFO	pool-15-thread-5	Thread.getStackTrace(1559)	unregister slip, view id : 28191499
2026-02-09 04:40:50	INFO	pool-15-thread-5	Thread.getStackTrace(1559)	unregister slip progress, view id : 28191499
2026-02-09 04:40:50	INFO	pool-15-thread-3	Thread.getStackTrace(1559)	unregister slip, view id : 27556531
2026-02-09 04:40:50	INFO	pool-15-thread-6	Thread.getStackTrace(1559)	unregister slip, view id : 3900097
2026-02-09 04:40:50	INFO	pool-15-thread-15	Thread.getStackTrace(1559)	unregister slip, view id : 27594232
2026-02-09 04:40:50	INFO	pool-15-thread-3	Thread.getStackTrace(1559)	unregister slip progress, view id : 27556531
2026-02-09 04:40:50	INFO	pool-15-thread-6	Thread.getStackTrace(1559)	unregister slip progress, view id : 3900097
2026-02-09 04:40:50	INFO	pool-15-thread-15	Thread.getStackTrace(1559)	unregister slip progress, view id : 27594232
2026-02-09 04:40:50	INFO	SwingWorker-pool-29-thread-4	Thread.getStackTrace(1559)	create new SvTablePanel instance, view id :3800342
2026-02-09 04:40:51	INFO	SwingWorker-pool-29-thread-4	Thread.getStackTrace(1559)	register slip progress, view id : 3800342
2026-02-09 04:40:51	INFO	SlipWinThread_com.huawei.u2000.pf.frame.ui.slipTable.SlipTableMsgService	Thread.getStackTrace(1559)	register slip , return result/ view id : 1 / 3800342
2026-02-09 04:40:52	INFO	SvTableMsgReceiver Thread-93773	Thread.getStackTrace(1559)	recieve message cmdcode:12639
2026-02-09 04:40:52	INFO	SvTableMsgReceiver Thread-94174	Thread.getStackTrace(1559)	recieve message cmdcode:12639
2026-02-09 04:40:52	INFO	SvTableMsgReceiver Thread-94981	Thread.getStackTrace(1559)	recieve message cmdcode:12639
2026-02-09 04:40:52	INFO	SvTableMsgReceiver Thread-95069	Thread.getStackTrace(1559)	recieve message cmdcode:12639
2026-02-09 04:40:52	INFO	SvTableMsgReceiver Thread-95015	Thread.getStackTrace(1559)	recieve message cmdcode:12639
2026-02-09 04:40:53	INFO	pool-15-thread-15	Thread.getStackTrace(1559)	unregister slip, view id : 11131676
2026-02-09 04:40:53	INFO	pool-15-thread-15	Thread.getStackTrace(1559)	unregister slip progress, view id : 11131676
2026-02-09 04:40:53	INFO	SwingWorker-pool-29-thread-6	Thread.getStackTrace(1559)	create new SvTablePanel instance, view id :7781544
2026-02-09 04:40:53	INFO	SwingWorker-pool-29-thread-6	Thread.getStackTrace(1559)	create new SvTablePanel instance, view id :25479734
2026-02-09 04:40:53	INFO	SwingWorker-pool-29-thread-6	Thread.getStackTrace(1559)	create new SvTablePanel instance, view id :3016971
2026-02-09 04:40:53	INFO	SwingWorker-pool-29-thread-6	Thread.getStackTrace(1559)	register slip progress, view id : 7781544
2026-02-09 04:40:53	INFO	SlipWinThread_com.huawei.u2000.pf.frame.ui.slipTable.SlipTableMsgService	Thread.getStackTrace(1559)	register slip , return result/ view id : 1 / 7781544
2026-02-09 04:41:08	INFO	AWT-EventQueue-0	Thread.getStackTrace(1559)	create new SvTablePanel instance, view id :3225076
2026-02-09 04:41:09	INFO	AWT-EventQueue-0	Thread.getStackTrace(1559)	create new SvTablePanel instance, view id :11482371
2026-02-09 04:41:09	INFO	AWT-EventQueue-0	Thread.getStackTrace(1559)	register slip progress, view id : 3225076
2026-02-09 04:41:09	INFO	SlipWinThread_com.huawei.u2000.pf.frame.ui.slipTable.SlipTableMsgService	Thread.getStackTrace(1559)	register slip , return result/ view id : 1 / 3225076
2026-02-09 04:41:15	INFO	pool-15-thread-15	Thread.getStackTrace(1559)	unregister slip, view id : 16250651
2026-02-09 04:41:15	INFO	pool-15-thread-15	Thread.getStackTrace(1559)	unregister slip progress, view id : 16250651
2026-02-09 04:41:58	INFO	SvTableMsgReceiver Thread-94981	Thread.getStackTrace(1559)	recieve message cmdcode:12639
2026-02-09 04:41:58	INFO	SvTableMsgReceiver Thread-95069	Thread.getStackTrace(1559)	recieve message cmdcode:12639
2026-02-09 04:41:58	INFO	SvTableMsgReceiver Thread-94981	Thread.getStackTrace(1559)	can not find SvTablePanel : 20972994
2026-02-09 04:41:58	INFO	SvTableMsgReceiver Thread-96019	Thread.getStackTrace(1559)	recieve message cmdcode:12639
2026-02-09 04:41:58	INFO	SvTableMsgReceiver Thread-96019	Thread.getStackTrace(1559)	can not find SvTablePanel : 20972994
2026-02-09 04:41:58	INFO	SvTableMsgReceiver Thread-95126	Thread.getStackTrace(1559)	recieve message cmdcode:12639
2026-02-09 04:41:58	INFO	SvTableMsgReceiver Thread-95015	Thread.getStackTrace(1559)	recieve message cmdcode:12639
2026-02-09 04:41:58	INFO	SvTableMsgReceiver Thread-95015	Thread.getStackTrace(1559)	can not find SvTablePanel : 20972994
2026-02-09 04:41:58	INFO	SvTableMsgReceiver Thread-95126	Thread.getStackTrace(1559)	can not find SvTablePanel : 20972994
2026-02-09 04:41:58	INFO	SvTableMsgReceiver Thread-95069	Thread.getStackTrace(1559)	can not find SvTablePanel : 20972994
2026-02-09 04:42:16	INFO	pool-15-thread-4	Thread.getStackTrace(1559)	unregister slip, view id : 21032046
2026-02-09 04:42:16	INFO	pool-15-thread-4	Thread.getStackTrace(1559)	unregister slip progress, view id : 21032046
2026-02-09 04:42:16	INFO	SwingWorker-pool-29-thread-9	Thread.getStackTrace(1559)	create new SvTablePanel instance, view id :9161455
2026-02-09 04:42:16	INFO	SwingWorker-pool-29-thread-9	Thread.getStackTrace(1559)	register slip progress, view id : 9161455
2026-02-09 04:42:16	INFO	SlipWinThread_com.huawei.u2000.pf.frame.ui.slipTable.SlipTableMsgService	Thread.getStackTrace(1559)	register slip , return result/ view id : 1 / 9161455
2026-02-09 04:42:17	INFO	SvTableMsgReceiver Thread-95015	Thread.getStackTrace(1559)	recieve message cmdcode:12639
2026-02-09 04:42:17	INFO	SvTableMsgReceiver Thread-95069	Thread.getStackTrace(1559)	recieve message cmdcode:12639
2026-02-09 04:42:17	INFO	SvTableMsgReceiver Thread-96019	Thread.getStackTrace(1559)	recieve message cmdcode:12639
2026-02-09 04:42:17	INFO	SvTableMsgReceiver Thread-95126	Thread.getStackTrace(1559)	recieve message cmdcode:12639
2026-02-09 04:42:17	INFO	SvTableMsgReceiver Thread-102548	Thread.getStackTrace(1559)	recieve message cmdcode:12639
2026-02-09 04:42:18	INFO	pool-15-thread-4	Thread.getStackTrace(1559)	unregister slip, view id : 22149067
2026-02-09 04:42:18	INFO	pool-15-thread-4	Thread.getStackTrace(1559)	unregister slip progress, view id : 22149067
2026-02-09 04:42:18	INFO	SwingWorker-pool-29-thread-10	Thread.getStackTrace(1559)	create new SvTablePanel instance, view id :28830749
2026-02-09 04:42:18	INFO	SwingWorker-pool-29-thread-10	Thread.getStackTrace(1559)	register slip progress, view id : 28830749
2026-02-09 04:42:18	INFO	SlipWinThread_com.huawei.u2000.pf.frame.ui.slipTable.SlipTableMsgService	Thread.getStackTrace(1559)	register slip , return result/ view id : 1 / 28830749
2026-02-09 04:42:19	INFO	SvTableMsgReceiver Thread-95069	Thread.getStackTrace(1559)	recieve message cmdcode:12639
2026-02-09 04:42:19	INFO	SvTableMsgReceiver Thread-95126	Thread.getStackTrace(1559)	recieve message cmdcode:12639
2026-02-09 04:42:19	INFO	SvTableMsgReceiver Thread-96019	Thread.getStackTrace(1559)	recieve message cmdcode:12639
2026-02-09 04:42:19	INFO	SvTableMsgReceiver Thread-102548	Thread.getStackTrace(1559)	recieve message cmdcode:12639
2026-02-09 04:42:19	INFO	SvTableMsgReceiver Thread-102602	Thread.getStackTrace(1559)	recieve message cmdcode:12639
2026-02-09 04:42:21	INFO	pool-15-thread-4	Thread.getStackTrace(1559)	unregister slip, view id : 3800342
2026-02-09 04:42:21	INFO	pool-15-thread-4	Thread.getStackTrace(1559)	unregister slip progress, view id : 3800342
2026-02-09 04:42:21	INFO	SwingWorker-pool-29-thread-1	Thread.getStackTrace(1559)	create new SvTablePanel instance, view id :19722608
2026-02-09 04:42:21	INFO	SwingWorker-pool-29-thread-1	Thread.getStackTrace(1559)	register slip progress, view id : 19722608
2026-02-09 04:42:21	INFO	SlipWinThread_com.huawei.u2000.pf.frame.ui.slipTable.SlipTableMsgService	Thread.getStackTrace(1559)	register slip , return result/ view id : 1 / 19722608
2026-02-09 04:42:22	INFO	SvTableMsgReceiver Thread-95126	Thread.getStackTrace(1559)	recieve message cmdcode:12639
2026-02-09 04:42:22	INFO	SvTableMsgReceiver Thread-96019	Thread.getStackTrace(1559)	recieve message cmdcode:12639
2026-02-09 04:42:22	INFO	SvTableMsgReceiver Thread-102548	Thread.getStackTrace(1559)	recieve message cmdcode:12639
2026-02-09 04:42:22	INFO	SvTableMsgReceiver Thread-102602	Thread.getStackTrace(1559)	recieve message cmdcode:12639
2026-02-09 04:42:22	INFO	SvTableMsgReceiver Thread-102673	Thread.getStackTrace(1559)	recieve message cmdcode:12639
2026-02-09 04:42:29	INFO	AWT-EventQueue-0	Thread.getStackTrace(1559)	create new SvTablePanel instance, view id :10505152
2026-02-09 04:42:29	INFO	AWT-EventQueue-0	Thread.getStackTrace(1559)	register slip progress, view id : 10505152
2026-02-09 04:42:29	INFO	SlipWinThread_com.huawei.u2000.pf.frame.ui.slipTable.SlipTableMsgService	Thread.getStackTrace(1559)	register slip , return result/ view id : 1 / 10505152
2026-02-09 04:42:33	INFO	SvTableMsgReceiver Thread-95126	Thread.getStackTrace(1559)	recieve message cmdcode:12639
2026-02-09 04:42:33	INFO	SvTableMsgReceiver Thread-96019	Thread.getStackTrace(1559)	recieve message cmdcode:12639
2026-02-09 04:42:33	INFO	SvTableMsgReceiver Thread-102548	Thread.getStackTrace(1559)	recieve message cmdcode:12639
2026-02-09 04:42:33	INFO	SvTableMsgReceiver Thread-102602	Thread.getStackTrace(1559)	recieve message cmdcode:12639
2026-02-09 04:42:33	INFO	SvTableMsgReceiver Thread-103310	Thread.getStackTrace(1559)	recieve message cmdcode:12639
2026-02-09 04:42:33	INFO	SvTableMsgReceiver Thread-102673	Thread.getStackTrace(1559)	recieve message cmdcode:12639
2026-02-09 04:42:38	INFO	AWT-EventQueue-0	Thread.getStackTrace(1559)	create new SvTablePanel instance, view id :5047445
2026-02-09 04:42:38	INFO	AWT-EventQueue-0	Thread.getStackTrace(1559)	register slip progress, view id : 5047445
2026-02-09 04:42:38	INFO	SlipWinThread_com.huawei.u2000.pf.frame.ui.slipTable.SlipTableMsgService	Thread.getStackTrace(1559)	register slip , return result/ view id : 1 / 5047445
2026-02-09 04:42:39	INFO	SvTableMsgReceiver Thread-95126	Thread.getStackTrace(1559)	recieve message cmdcode:12639
2026-02-09 04:42:39	INFO	SvTableMsgReceiver Thread-96019	Thread.getStackTrace(1559)	recieve message cmdcode:12639
2026-02-09 04:42:39	INFO	SvTableMsgReceiver Thread-102548	Thread.getStackTrace(1559)	recieve message cmdcode:12639
2026-02-09 04:42:39	INFO	SvTableMsgReceiver Thread-102602	Thread.getStackTrace(1559)	recieve message cmdcode:12639
2026-02-09 04:42:39	INFO	SvTableMsgReceiver Thread-103756	Thread.getStackTrace(1559)	recieve message cmdcode:12639
2026-02-09 04:42:39	INFO	SvTableMsgReceiver Thread-103310	Thread.getStackTrace(1559)	recieve message cmdcode:12639
2026-02-09 04:42:39	INFO	SvTableMsgReceiver Thread-102673	Thread.getStackTrace(1559)	recieve message cmdcode:12639
2026-02-09 04:42:43	INFO	AWT-EventQueue-0	Thread.getStackTrace(1559)	create new SvTablePanel instance, view id :27651882
2026-02-09 04:42:43	INFO	AWT-EventQueue-0	Thread.getStackTrace(1559)	register slip progress, view id : 27651882
2026-02-09 04:42:43	INFO	SlipWinThread_com.huawei.u2000.pf.frame.ui.slipTable.SlipTableMsgService	Thread.getStackTrace(1559)	register slip , return result/ view id : 1 / 27651882
2026-02-09 04:42:44	INFO	SvTableMsgReceiver Thread-95126	Thread.getStackTrace(1559)	recieve message cmdcode:12639
2026-02-09 04:42:44	INFO	SvTableMsgReceiver Thread-96019	Thread.getStackTrace(1559)	recieve message cmdcode:12639
2026-02-09 04:42:44	INFO	SvTableMsgReceiver Thread-102548	Thread.getStackTrace(1559)	recieve message cmdcode:12639
2026-02-09 04:42:44	INFO	SvTableMsgReceiver Thread-102602	Thread.getStackTrace(1559)	recieve message cmdcode:12639
2026-02-09 04:42:44	INFO	SvTableMsgReceiver Thread-102673	Thread.getStackTrace(1559)	recieve message cmdcode:12639
2026-02-09 04:42:44	INFO	SvTableMsgReceiver Thread-103893	Thread.getStackTrace(1559)	recieve message cmdcode:12639
2026-02-09 04:42:44	INFO	SvTableMsgReceiver Thread-103756	Thread.getStackTrace(1559)	recieve message cmdcode:12639
2026-02-09 04:42:44	INFO	SvTableMsgReceiver Thread-103310	Thread.getStackTrace(1559)	recieve message cmdcode:12639
2026-02-09 04:42:44	INFO	AWT-EventQueue-0	Thread.getStackTrace(1559)	create new SvTablePanel instance, view id :1963361
2026-02-09 04:42:44	INFO	AWT-EventQueue-0	Thread.getStackTrace(1559)	register slip progress, view id : 1963361
2026-02-09 04:42:44	INFO	SlipWinThread_com.huawei.u2000.pf.frame.ui.slipTable.SlipTableMsgService	Thread.getStackTrace(1559)	register slip , return result/ view id : 1 / 1963361
2026-02-09 04:42:58	INFO	pool-15-thread-4	Thread.getStackTrace(1559)	unregister slip, view id : 7781544
2026-02-09 04:42:58	INFO	pool-15-thread-4	Thread.getStackTrace(1559)	unregister slip progress, view id : 7781544
2026-02-09 04:42:58	INFO	SwingWorker-pool-29-thread-3	Thread.getStackTrace(1559)	create new SvTablePanel instance, view id :16563470
2026-02-09 04:42:58	INFO	pool-15-thread-16	Thread.getStackTrace(1559)	unregister slip, view id : 3225076
2026-02-09 04:42:58	INFO	pool-15-thread-16	Thread.getStackTrace(1559)	unregister slip progress, view id : 3225076
2026-02-09 04:42:58	INFO	SwingWorker-pool-29-thread-3	Thread.getStackTrace(1559)	register slip progress, view id : 16563470
2026-02-09 04:42:58	INFO	SlipWinThread_com.huawei.u2000.pf.frame.ui.slipTable.SlipTableMsgService	Thread.getStackTrace(1559)	register slip , return result/ view id : 1 / 16563470
2026-02-09 04:42:59	INFO	SvTableMsgReceiver Thread-102548	Thread.getStackTrace(1559)	recieve message cmdcode:12639
2026-02-09 04:42:59	INFO	SvTableMsgReceiver Thread-102602	Thread.getStackTrace(1559)	recieve message cmdcode:12639
2026-02-09 04:42:59	INFO	SvTableMsgReceiver Thread-102673	Thread.getStackTrace(1559)	recieve message cmdcode:12639
2026-02-09 04:42:59	INFO	SvTableMsgReceiver Thread-103310	Thread.getStackTrace(1559)	recieve message cmdcode:12639
2026-02-09 04:42:59	INFO	SvTableMsgReceiver Thread-103893	Thread.getStackTrace(1559)	recieve message cmdcode:12639
2026-02-09 04:42:59	INFO	SvTableMsgReceiver Thread-103756	Thread.getStackTrace(1559)	recieve message cmdcode:12639
2026-02-09 04:42:59	INFO	SvTableMsgReceiver Thread-105288	Thread.getStackTrace(1559)	recieve message cmdcode:12639
2026-02-09 04:42:59	INFO	SvTableMsgReceiver Thread-103976	Thread.getStackTrace(1559)	recieve message cmdcode:12639
2026-02-09 04:43:58	INFO	AWT-EventQueue-0	Thread.getStackTrace(1559)	create new SvTablePanel instance, view id :8733860
2026-02-09 04:43:58	INFO	AWT-EventQueue-0	Thread.getStackTrace(1559)	register slip progress, view id : 8733860
2026-02-09 04:43:58	INFO	SlipWinThread_com.huawei.u2000.ucbb.table.slip.SlipTableMsgService	Thread.getStackTrace(1559)	register slip , return result/ view id : 1 / 8733860
2026-02-09 04:44:16	INFO	AWT-EventQueue-0	Thread.getStackTrace(1559)	unregister slip, view id : 8733860
2026-02-09 04:44:16	INFO	AWT-EventQueue-0	Thread.getStackTrace(1559)	unregister slip progress, view id : 8733860
2026-02-09 04:44:30	INFO	pool-15-thread-5	Thread.getStackTrace(1559)	unregister slip, view id : 9161455
2026-02-09 04:44:30	INFO	pool-15-thread-5	Thread.getStackTrace(1559)	unregister slip progress, view id : 9161455
2026-02-09 04:44:41	INFO	pool-15-thread-5	Thread.getStackTrace(1559)	unregister slip, view id : 28830749
2026-02-09 04:44:41	INFO	pool-15-thread-5	Thread.getStackTrace(1559)	unregister slip progress, view id : 28830749
2026-02-09 04:44:42	INFO	pool-15-thread-5	Thread.getStackTrace(1559)	unregister slip, view id : 19722608
2026-02-09 04:44:43	INFO	pool-15-thread-5	Thread.getStackTrace(1559)	unregister slip progress, view id : 19722608
2026-02-09 04:44:43	INFO	pool-15-thread-16	Thread.getStackTrace(1559)	unregister slip, view id : 1963361
2026-02-09 04:44:43	INFO	pool-15-thread-16	Thread.getStackTrace(1559)	unregister slip progress, view id : 1963361
2026-02-09 04:44:43	INFO	pool-15-thread-4	Thread.getStackTrace(1559)	unregister slip, view id : 10505152
2026-02-09 04:44:43	INFO	pool-15-thread-3	Thread.getStackTrace(1559)	unregister slip, view id : 27651882
2026-02-09 04:44:43	INFO	pool-15-thread-4	Thread.getStackTrace(1559)	unregister slip progress, view id : 10505152
2026-02-09 04:44:43	INFO	pool-15-thread-2	Thread.getStackTrace(1559)	unregister slip, view id : 5047445
2026-02-09 04:44:43	INFO	pool-15-thread-3	Thread.getStackTrace(1559)	unregister slip progress, view id : 27651882
2026-02-09 04:44:43	INFO	pool-15-thread-2	Thread.getStackTrace(1559)	unregister slip progress, view id : 5047445
2026-02-09 04:44:45	INFO	pool-15-thread-2	Thread.getStackTrace(1559)	unregister slip, view id : 16563470
2026-02-09 04:44:45	INFO	pool-15-thread-2	Thread.getStackTrace(1559)	unregister slip progress, view id : 16563470
2026-02-09 04:45:37	INFO	SwingWorker-pool-29-thread-5	Thread.getStackTrace(1559)	create new SvTablePanel instance, view id :19572805
2026-02-09 04:45:37	INFO	SwingWorker-pool-29-thread-5	Thread.getStackTrace(1559)	register slip progress, view id : 19572805
2026-02-09 04:45:37	INFO	SlipWinThread_com.huawei.u2000.pf.frame.ui.slipTable.SlipTableMsgService	Thread.getStackTrace(1559)	register slip , return result/ view id : 1 / 19572805
2026-02-09 04:45:39	INFO	SvTableMsgReceiver Thread-113328	Thread.getStackTrace(1559)	recieve message cmdcode:12639
2026-02-09 04:45:45	INFO	SwingWorker-pool-29-thread-4	Thread.getStackTrace(1559)	create new SvTablePanel instance, view id :24512801
2026-02-09 04:45:45	INFO	SwingWorker-pool-29-thread-4	Thread.getStackTrace(1559)	register slip progress, view id : 24512801
2026-02-09 04:45:45	INFO	SlipWinThread_com.huawei.u2000.pf.frame.ui.slipTable.SlipTableMsgService	Thread.getStackTrace(1559)	register slip , return result/ view id : 1 / 24512801
2026-02-09 04:45:46	INFO	SvTableMsgReceiver Thread-113328	Thread.getStackTrace(1559)	recieve message cmdcode:12639
2026-02-09 04:45:46	INFO	SvTableMsgReceiver Thread-113717	Thread.getStackTrace(1559)	recieve message cmdcode:12639
2026-02-09 04:46:04	INFO	AWT-EventQueue-0	Thread.getStackTrace(1559)	create new SvTablePanel instance, view id :29696546
2026-02-09 04:46:04	INFO	AWT-EventQueue-0	Thread.getStackTrace(1559)	create new SvTablePanel instance, view id :14279873
2026-02-09 04:46:04	INFO	AWT-EventQueue-0	Thread.getStackTrace(1559)	register slip progress, view id : 14279873
2026-02-09 04:46:05	INFO	SlipWinThread_com.huawei.u2000.ucbb.table.slip.SlipTableMsgService	Thread.getStackTrace(1559)	register slip , return result/ view id : 1 / 14279873
2026-02-09 04:46:05	INFO	pool-15-thread-4	Thread.getStackTrace(1559)	unregister slip, view id : 19572805
2026-02-09 04:46:05	INFO	AWT-EventQueue-0	Thread.getStackTrace(1559)	register slip progress, view id : 29696546
2026-02-09 04:46:05	INFO	pool-15-thread-4	Thread.getStackTrace(1559)	unregister slip progress, view id : 19572805
2026-02-09 04:46:05	INFO	SlipWinThread_com.huawei.u2000.ucbb.table.slip.SlipTableMsgService	Thread.getStackTrace(1559)	register slip , return result/ view id : 1 / 29696546
2026-02-09 04:46:07	INFO	pool-15-thread-4	Thread.getStackTrace(1559)	unregister slip, view id : 24512801
2026-02-09 04:46:07	INFO	pool-15-thread-4	Thread.getStackTrace(1559)	unregister slip progress, view id : 24512801
2026-02-09 04:47:55	INFO	AWT-EventQueue-0	Thread.getStackTrace(1559)	create new SvTablePanel instance, view id :26634820
2026-02-09 04:47:55	INFO	AWT-EventQueue-0	Thread.getStackTrace(1559)	create new SvTablePanel instance, view id :29577131
2026-02-09 04:47:55	INFO	AWT-EventQueue-0	Thread.getStackTrace(1559)	create new SvTablePanel instance, view id :17864025
2026-02-09 04:47:55	INFO	AWT-EventQueue-0	Thread.getStackTrace(1559)	register slip progress, view id : 26634820
2026-02-09 04:47:55	INFO	SlipWinThread_com.huawei.u2000.pf.frame.ui.slipTable.SlipTableMsgService	Thread.getStackTrace(1559)	register slip , return result/ view id : 1 / 26634820
2026-02-09 04:48:03	INFO	SvTableMsgReceiver Thread-114275	Thread.getStackTrace(1559)	recieve message cmdcode:12639
2026-02-09 04:48:03	INFO	SvTableMsgReceiver Thread-118085	Thread.getStackTrace(1559)	recieve message cmdcode:12639
2026-02-09 04:48:03	INFO	SvTableMsgReceiver Thread-114275	Thread.getStackTrace(1559)	can not find SvTablePanel : 28136075
2026-02-09 04:48:03	INFO	SvTableMsgReceiver Thread-114274	Thread.getStackTrace(1559)	recieve message cmdcode:12639
2026-02-09 04:48:03	INFO	SvTableMsgReceiver Thread-118085	Thread.getStackTrace(1559)	can not find SvTablePanel : 28136075
2026-02-09 04:48:03	INFO	SvTableMsgReceiver Thread-114274	Thread.getStackTrace(1559)	can not find SvTablePanel : 28136075
2026-02-09 04:48:06	INFO	pool-15-thread-2	Thread.getStackTrace(1559)	unregister slip, view id : 26634820
2026-02-09 04:48:06	INFO	pool-15-thread-2	Thread.getStackTrace(1559)	unregister slip progress, view id : 26634820
2026-02-09 04:48:12	INFO	SvTableMsgReceiver Thread-114275	Thread.getStackTrace(1559)	recieve message cmdcode:12639
2026-02-09 04:48:12	INFO	SvTableMsgReceiver Thread-114274	Thread.getStackTrace(1559)	recieve message cmdcode:12639
2026-02-09 04:48:12	INFO	SvTableMsgReceiver Thread-114275	Thread.getStackTrace(1559)	can not find SvTablePanel : 2805734
2026-02-09 04:48:12	INFO	SvTableMsgReceiver Thread-114274	Thread.getStackTrace(1559)	can not find SvTablePanel : 2805734
2026-02-09 04:56:35	INFO	SvTableMsgReceiver Thread-114275	Thread.getStackTrace(1559)	recieve message cmdcode:12639
2026-02-09 04:56:35	INFO	SvTableMsgReceiver Thread-114274	Thread.getStackTrace(1559)	recieve message cmdcode:12639
2026-02-09 04:56:35	INFO	SvTableMsgReceiver Thread-114275	Thread.getStackTrace(1559)	can not find SvTablePanel : 29087326
2026-02-09 04:56:35	INFO	SvTableMsgReceiver Thread-114274	Thread.getStackTrace(1559)	can not find SvTablePanel : 29087326
2026-02-09 05:01:58	INFO	AWT-EventQueue-0	Thread.getStackTrace(1559)	unregister slip, view id : 29696546
2026-02-09 05:01:58	INFO	AWT-EventQueue-0	Thread.getStackTrace(1559)	unregister slip progress, view id : 29696546
2026-02-09 05:01:58	INFO	AWT-EventQueue-0	Thread.getStackTrace(1559)	unregister slip, view id : 14279873
2026-02-09 05:01:58	INFO	AWT-EventQueue-0	Thread.getStackTrace(1559)	unregister slip progress, view id : 14279873
2026-02-10 04:45:53	INFO	AWT-EventQueue-0	Thread.getStackTrace(1559)	create new SvTablePanel instance, view id :29690565
2026-02-10 04:45:53	INFO	AWT-EventQueue-0	Thread.getStackTrace(1559)	register slip progress, view id : 29690565
2026-02-10 04:45:53	INFO	SlipWinThread_com.huawei.u2000.ucbb.table.slip.SlipTableMsgService	Thread.getStackTrace(1559)	register slip , return result/ view id : 1 / 29690565
2026-02-10 04:45:53	INFO	AWT-EventQueue-0	Thread.getStackTrace(1559)	create new SvTablePanel instance, view id :4617391
2026-02-10 04:45:53	INFO	AWT-EventQueue-0	Thread.getStackTrace(1559)	register slip progress, view id : 4617391
2026-02-10 04:45:53	INFO	SlipWinThread_com.huawei.u2000.ucbb.table.slip.SlipTableMsgService	Thread.getStackTrace(1559)	register slip , return result/ view id : 1 / 4617391
2026-02-10 04:45:54	INFO	AWT-EventQueue-0	Thread.getStackTrace(1559)	unregister slip, view id : 29690565
2026-02-10 04:45:54	INFO	AWT-EventQueue-0	Thread.getStackTrace(1559)	unregister slip progress, view id : 29690565
2026-02-10 10:17:19	INFO	AWT-EventQueue-0	Thread.getStackTrace(1559)	start slip view
2026-02-10 10:17:19	INFO	AWT-EventQueue-0	Thread.getStackTrace(1559)	create new SvTablePanel instance, view id :16724550
2026-02-10 10:17:20	INFO	AWT-EventQueue-0	Thread.getStackTrace(1559)	register slip progress, view id : 16724550
2026-02-10 10:17:20	INFO	SlipWinThread_com.huawei.u2000.pf.frame.ui.slipTable.SlipTableMsgService	Thread.getStackTrace(1559)	register slip , return result/ view id : 1 / 16724550
2026-02-10 10:17:21	INFO	SvTableMsgReceiver Thread-27198	Thread.getStackTrace(1559)	recieve message cmdcode:12639
2026-02-10 10:17:21	INFO	pool-15-thread-14	Thread.getStackTrace(1559)	unregister slip, view id : 16724550
2026-02-10 10:17:21	INFO	pool-15-thread-14	Thread.getStackTrace(1559)	unregister slip progress, view id : 16724550
2026-02-11 10:32:32	INFO	AWT-EventQueue-0	Thread.getStackTrace(1559)	create new SvTablePanel instance, view id :12362798
2026-02-11 10:32:32	INFO	AWT-EventQueue-0	Thread.getStackTrace(1559)	register slip progress, view id : 12362798
2026-02-11 10:32:32	INFO	SlipWinThread_com.huawei.u2000.ucbb.table.slip.SlipTableMsgService	Thread.getStackTrace(1559)	register slip , return result/ view id : 1 / 12362798
2026-02-11 10:32:50	INFO	SvTableMsgReceiver Thread-69039	Thread.getStackTrace(1559)	recieve message cmdcode:12639
2026-02-11 10:33:17	INFO	SvTableMsgReceiver Thread-69039	Thread.getStackTrace(1559)	recieve message cmdcode:12639
2026-02-12 14:38:50	INFO	AWT-EventQueue-0	Thread.getStackTrace(1559)	unregister slip, view id : 12362798
2026-02-12 14:38:50	INFO	AWT-EventQueue-0	Thread.getStackTrace(1559)	unregister slip progress, view id : 12362798
2026-02-12 14:47:37	INFO	AWT-EventQueue-0	Thread.getStackTrace(1559)	create new SvTablePanel instance, view id :14895545
2026-02-12 14:47:37	INFO	AWT-EventQueue-0	Thread.getStackTrace(1559)	register slip progress, view id : 14895545
2026-02-12 14:47:37	INFO	SlipWinThread_com.huawei.u2000.pf.frame.ui.slipTable.SlipTableMsgService	Thread.getStackTrace(1559)	register slip , return result/ view id : 1 / 14895545
2026-02-12 14:47:38	INFO	SvTableMsgReceiver Thread-92203	Thread.getStackTrace(1559)	recieve message cmdcode:12639
2026-02-12 14:47:48	INFO	pool-15-thread-16	Thread.getStackTrace(1559)	unregister slip, view id : 14895545
2026-02-12 14:47:48	INFO	pool-15-thread-16	Thread.getStackTrace(1559)	unregister slip progress, view id : 14895545
2026-02-12 14:47:50	INFO	AWT-EventQueue-0	Thread.getStackTrace(1559)	create new SvTablePanel instance, view id :27210315
2026-02-12 14:47:50	INFO	AWT-EventQueue-0	Thread.getStackTrace(1559)	register slip progress, view id : 27210315
2026-02-12 14:47:50	INFO	SlipWinThread_com.huawei.u2000.pf.frame.ui.slipTable.SlipTableMsgService	Thread.getStackTrace(1559)	register slip , return result/ view id : 1 / 27210315
2026-02-12 14:47:51	INFO	SvTableMsgReceiver Thread-92744	Thread.getStackTrace(1559)	recieve message cmdcode:12639
2026-02-12 14:47:54	INFO	pool-15-thread-16	Thread.getStackTrace(1559)	unregister slip, view id : 27210315
2026-02-12 14:47:54	INFO	pool-15-thread-16	Thread.getStackTrace(1559)	unregister slip progress, view id : 27210315
2026-02-12 14:48:22	INFO	AWT-EventQueue-0	Thread.getStackTrace(1559)	create new SvTablePanel instance, view id :23455145
2026-02-12 14:48:22	INFO	AWT-EventQueue-0	Thread.getStackTrace(1559)	register slip progress, view id : 23455145
2026-02-12 14:48:22	INFO	SlipWinThread_com.huawei.u2000.ucbb.table.slip.SlipTableMsgService	Thread.getStackTrace(1559)	register slip , return result/ view id : 1 / 23455145
2026-02-12 14:48:48	INFO	SvTableMsgReceiver Thread-94824	Thread.getStackTrace(1559)	recieve message cmdcode:12639
2026-02-12 14:55:09	INFO	AWT-EventQueue-0	Thread.getStackTrace(1559)	unregister slip, view id : 23455145
2026-02-12 14:55:09	INFO	AWT-EventQueue-0	Thread.getStackTrace(1559)	unregister slip progress, view id : 23455145
2026-02-13 15:00:44	INFO	AWT-EventQueue-0	Thread.getStackTrace(1559)	create new SvTablePanel instance, view id :17230677
2026-02-13 15:00:44	INFO	AWT-EventQueue-0	Thread.getStackTrace(1559)	register slip progress, view id : 17230677
2026-02-13 15:00:45	INFO	SlipWinThread_com.huawei.u2000.ucbb.table.slip.SlipTableMsgService	Thread.getStackTrace(1559)	register slip , return result/ view id : 1 / 17230677
2026-02-13 15:02:46	INFO	AWT-EventQueue-0	Thread.getStackTrace(1559)	unregister slip, view id : 17230677
2026-02-13 15:02:46	INFO	AWT-EventQueue-0	Thread.getStackTrace(1559)	unregister slip progress, view id : 17230677
2026-02-16 06:06:35	INFO	AWT-EventQueue-0	Thread.getStackTrace(1559)	start slip view
2026-02-16 06:06:35	INFO	AWT-EventQueue-0	Thread.getStackTrace(1559)	create new SvTablePanel instance, view id :26562180
2026-02-16 06:06:35	INFO	AWT-EventQueue-0	Thread.getStackTrace(1559)	register slip progress, view id : 26562180
2026-02-16 06:06:35	INFO	SlipWinThread_com.huawei.u2000.pf.frame.ui.slipTable.SlipTableMsgService	Thread.getStackTrace(1559)	register slip , return result/ view id : 1 / 26562180
2026-02-16 06:06:36	INFO	SvTableMsgReceiver Thread-21374	Thread.getStackTrace(1559)	recieve message cmdcode:12639
2026-02-16 06:06:40	INFO	pool-15-thread-13	Thread.getStackTrace(1559)	unregister slip, view id : 26562180
2026-02-16 06:06:40	INFO	pool-15-thread-13	Thread.getStackTrace(1559)	unregister slip progress, view id : 26562180
2026-02-16 06:06:41	INFO	AWT-EventQueue-0	Thread.getStackTrace(1559)	create new SvTablePanel instance, view id :9614889
2026-02-16 06:06:41	INFO	AWT-EventQueue-0	Thread.getStackTrace(1559)	register slip progress, view id : 9614889
2026-02-16 06:06:41	INFO	SlipWinThread_com.huawei.u2000.pf.frame.ui.slipTable.SlipTableMsgService	Thread.getStackTrace(1559)	register slip , return result/ view id : 1 / 9614889
2026-02-16 06:06:42	INFO	SvTableMsgReceiver Thread-21741	Thread.getStackTrace(1559)	recieve message cmdcode:12639
2026-02-16 06:06:49	INFO	pool-15-thread-13	Thread.getStackTrace(1559)	unregister slip, view id : 9614889
2026-02-16 06:06:49	INFO	pool-15-thread-13	Thread.getStackTrace(1559)	unregister slip progress, view id : 9614889
2026-02-16 06:06:54	INFO	AWT-EventQueue-0	Thread.getStackTrace(1559)	create new SvTablePanel instance, view id :1341945
2026-02-16 06:06:54	INFO	AWT-EventQueue-0	Thread.getStackTrace(1559)	register slip progress, view id : 1341945
2026-02-16 06:06:54	INFO	SlipWinThread_com.huawei.u2000.pf.frame.ui.slipTable.SlipTableMsgService	Thread.getStackTrace(1559)	register slip , return result/ view id : 1 / 1341945
2026-02-16 06:06:55	INFO	SvTableMsgReceiver Thread-22596	Thread.getStackTrace(1559)	recieve message cmdcode:12639
2026-02-16 06:06:56	INFO	pool-15-thread-13	Thread.getStackTrace(1559)	unregister slip, view id : 1341945
2026-02-16 06:06:56	INFO	pool-15-thread-13	Thread.getStackTrace(1559)	unregister slip progress, view id : 1341945
2026-02-16 06:08:48	INFO	AWT-EventQueue-0	Thread.getStackTrace(1559)	create new SvTablePanel instance, view id :30000837
2026-02-16 06:08:48	INFO	AWT-EventQueue-0	Thread.getStackTrace(1559)	register slip progress, view id : 30000837
2026-02-16 06:08:48	INFO	SlipWinThread_com.huawei.u2000.ucbb.table.slip.SlipTableMsgService	Thread.getStackTrace(1559)	register slip , return result/ view id : 1 / 30000837
2026-02-16 06:09:20	INFO	AWT-EventQueue-0	Thread.getStackTrace(1559)	unregister slip, view id : 30000837
2026-02-16 06:09:20	INFO	AWT-EventQueue-0	Thread.getStackTrace(1559)	unregister slip progress, view id : 30000837
2026-02-16 06:10:07	INFO	AWT-EventQueue-0	Thread.getStackTrace(1559)	create new SvTablePanel instance, view id :31199438
2026-02-16 06:10:07	INFO	AWT-EventQueue-0	Thread.getStackTrace(1559)	register slip progress, view id : 31199438
2026-02-16 06:10:07	INFO	SlipWinThread_com.huawei.u2000.ucbb.table.slip.SlipTableMsgService	Thread.getStackTrace(1559)	register slip , return result/ view id : 1 / 31199438
2026-02-16 06:10:08	INFO	SvTableMsgReceiver Thread-32805	Thread.getStackTrace(1559)	recieve message cmdcode:12639
2026-02-16 06:10:35	INFO	AWT-EventQueue-0	Thread.getStackTrace(1559)	unregister slip, view id : 31199438
2026-02-16 06:10:35	INFO	AWT-EventQueue-0	Thread.getStackTrace(1559)	unregister slip progress, view id : 31199438
2026-02-16 06:19:48	INFO	AWT-EventQueue-0	Thread.getStackTrace(1559)	create new SvTablePanel instance, view id :7700247
2026-02-16 06:19:48	INFO	AWT-EventQueue-0	Thread.getStackTrace(1559)	register slip progress, view id : 7700247
2026-02-16 06:19:48	INFO	SlipWinThread_com.huawei.u2000.ucbb.table.slip.SlipTableMsgService	Thread.getStackTrace(1559)	register slip , return result/ view id : 1 / 7700247
2026-02-16 06:19:56	INFO	AWT-EventQueue-0	Thread.getStackTrace(1559)	unregister slip, view id : 7700247
2026-02-16 06:19:56	INFO	AWT-EventQueue-0	Thread.getStackTrace(1559)	unregister slip progress, view id : 7700247
2026-02-19 10:31:24	INFO	AWT-EventQueue-0	Thread.getStackTrace(1559)	start slip view
2026-02-19 10:31:24	INFO	AWT-EventQueue-0	Thread.getStackTrace(1559)	create new SvTablePanel instance, view id :4365085
2026-02-19 10:31:24	INFO	AWT-EventQueue-0	Thread.getStackTrace(1559)	register slip progress, view id : 4365085
2026-02-19 10:31:24	INFO	SlipWinThread_com.huawei.u2000.ucbb.table.slip.SlipTableMsgService	Thread.getStackTrace(1559)	register slip , return result/ view id : 1 / 4365085
2026-02-19 10:39:23	INFO	AWT-EventQueue-0	Thread.getStackTrace(1559)	create new SvTablePanel instance, view id :30267189
2026-02-19 10:39:23	INFO	AWT-EventQueue-0	Thread.getStackTrace(1559)	register slip progress, view id : 30267189
2026-02-19 10:39:23	INFO	SlipWinThread_com.huawei.u2000.ucbb.table.slip.SlipTableMsgService	Thread.getStackTrace(1559)	register slip , return result/ view id : 1 / 30267189
2026-02-19 10:40:51	INFO	SvTableMsgReceiver Thread-5476	Thread.getStackTrace(1559)	recieve message cmdcode:12639
2026-02-19 10:40:51	INFO	SvTableMsgReceiver Thread-14596	Thread.getStackTrace(1559)	recieve message cmdcode:12639
2026-02-19 10:42:59	INFO	AWT-EventQueue-0	Thread.getStackTrace(1559)	unregister slip, view id : 30267189
2026-02-19 10:42:59	INFO	AWT-EventQueue-0	Thread.getStackTrace(1559)	unregister slip progress, view id : 30267189
2026-02-19 10:43:13	INFO	AWT-EventQueue-0	Thread.getStackTrace(1559)	create new SvTablePanel instance, view id :26306744
2026-02-19 10:43:14	INFO	AWT-EventQueue-0	Thread.getStackTrace(1559)	register slip progress, view id : 26306744
2026-02-19 10:43:14	INFO	SlipWinThread_com.huawei.u2000.pf.frame.ui.slipTable.SlipTableMsgService	Thread.getStackTrace(1559)	register slip , return result/ view id : 1 / 26306744
2026-02-19 10:43:15	INFO	SvTableMsgReceiver Thread-5476	Thread.getStackTrace(1559)	recieve message cmdcode:12639
2026-02-19 10:43:15	INFO	SvTableMsgReceiver Thread-21965	Thread.getStackTrace(1559)	recieve message cmdcode:12639
2026-02-19 10:43:16	INFO	pool-15-thread-16	Thread.getStackTrace(1559)	unregister slip, view id : 26306744
2026-02-19 10:43:16	INFO	pool-15-thread-16	Thread.getStackTrace(1559)	unregister slip progress, view id : 26306744
2026-02-19 10:43:18	INFO	AWT-EventQueue-0	Thread.getStackTrace(1559)	create new SvTablePanel instance, view id :5744215
2026-02-19 10:43:18	INFO	AWT-EventQueue-0	Thread.getStackTrace(1559)	register slip progress, view id : 5744215
2026-02-19 10:43:18	INFO	SlipWinThread_com.huawei.u2000.pf.frame.ui.slipTable.SlipTableMsgService	Thread.getStackTrace(1559)	register slip , return result/ view id : 1 / 5744215
2026-02-19 10:43:19	INFO	SvTableMsgReceiver Thread-5476	Thread.getStackTrace(1559)	recieve message cmdcode:12639
2026-02-19 10:43:19	INFO	SvTableMsgReceiver Thread-22336	Thread.getStackTrace(1559)	recieve message cmdcode:12639
2026-02-19 10:43:21	INFO	pool-15-thread-16	Thread.getStackTrace(1559)	unregister slip, view id : 5744215
2026-02-19 10:43:21	INFO	pool-15-thread-16	Thread.getStackTrace(1559)	unregister slip progress, view id : 5744215
2026-02-19 10:43:30	INFO	AWT-EventQueue-0	Thread.getStackTrace(1559)	create new SvTablePanel instance, view id :14098195
2026-02-19 10:43:30	INFO	AWT-EventQueue-0	Thread.getStackTrace(1559)	register slip progress, view id : 14098195
2026-02-19 10:43:30	INFO	SlipWinThread_com.huawei.u2000.ucbb.table.slip.SlipTableMsgService	Thread.getStackTrace(1559)	register slip , return result/ view id : 1 / 14098195
2026-02-19 10:53:05	INFO	SvTableMsgReceiver Thread-5476	Thread.getStackTrace(1559)	recieve message cmdcode:12639
2026-02-19 10:53:05	INFO	SvTableMsgReceiver Thread-23357	Thread.getStackTrace(1559)	recieve message cmdcode:12639
2026-02-19 10:53:11	INFO	SvTableMsgReceiver Thread-5476	Thread.getStackTrace(1559)	recieve message cmdcode:12639
2026-02-19 10:53:11	INFO	SvTableMsgReceiver Thread-23357	Thread.getStackTrace(1559)	recieve message cmdcode:12639
2026-02-19 10:54:18	INFO	SvTableMsgReceiver Thread-5476	Thread.getStackTrace(1559)	recieve message cmdcode:12639
2026-02-19 10:54:18	INFO	SvTableMsgReceiver Thread-23357	Thread.getStackTrace(1559)	recieve message cmdcode:12639
2026-02-19 11:02:01	INFO	SvTableMsgReceiver Thread-5476	Thread.getStackTrace(1559)	recieve message cmdcode:12639
2026-02-19 11:02:01	INFO	SvTableMsgReceiver Thread-23357	Thread.getStackTrace(1559)	recieve message cmdcode:12639
2026-02-19 11:03:46	INFO	AWT-EventQueue-0	Thread.getStackTrace(1559)	unregister slip, view id : 14098195
2026-02-19 11:03:46	INFO	AWT-EventQueue-0	Thread.getStackTrace(1559)	unregister slip progress, view id : 14098195
2026-02-19 11:05:15	INFO	AWT-EventQueue-0	Thread.getStackTrace(1559)	create new SvTablePanel instance, view id :7139474
2026-02-19 11:05:15	INFO	AWT-EventQueue-0	Thread.getStackTrace(1559)	register slip progress, view id : 7139474
2026-02-19 11:05:15	INFO	SlipWinThread_com.huawei.u2000.pf.frame.ui.slipTable.SlipTableMsgService	Thread.getStackTrace(1559)	register slip , return result/ view id : 1 / 7139474
2026-02-19 11:05:16	INFO	SvTableMsgReceiver Thread-5476	Thread.getStackTrace(1559)	recieve message cmdcode:12639
2026-02-19 11:05:16	INFO	SvTableMsgReceiver Thread-47240	Thread.getStackTrace(1559)	recieve message cmdcode:12639
2026-02-19 11:05:17	INFO	pool-15-thread-11	Thread.getStackTrace(1559)	unregister slip, view id : 7139474
2026-02-19 11:05:17	INFO	pool-15-thread-11	Thread.getStackTrace(1559)	unregister slip progress, view id : 7139474
2026-02-19 11:05:18	INFO	AWT-EventQueue-0	Thread.getStackTrace(1559)	create new SvTablePanel instance, view id :27509390
2026-02-19 11:05:18	INFO	AWT-EventQueue-0	Thread.getStackTrace(1559)	register slip progress, view id : 27509390
2026-02-19 11:05:18	INFO	SlipWinThread_com.huawei.u2000.pf.frame.ui.slipTable.SlipTableMsgService	Thread.getStackTrace(1559)	register slip , return result/ view id : 1 / 27509390
2026-02-19 11:05:19	INFO	SvTableMsgReceiver Thread-5476	Thread.getStackTrace(1559)	recieve message cmdcode:12639
2026-02-19 11:05:19	INFO	SvTableMsgReceiver Thread-47700	Thread.getStackTrace(1559)	recieve message cmdcode:12639
2026-02-19 11:05:19	INFO	pool-15-thread-11	Thread.getStackTrace(1559)	unregister slip, view id : 27509390
2026-02-19 11:05:19	INFO	pool-15-thread-11	Thread.getStackTrace(1559)	unregister slip progress, view id : 27509390
2026-02-19 11:05:27	INFO	AWT-EventQueue-0	Thread.getStackTrace(1559)	create new SvTablePanel instance, view id :1403756
2026-02-19 11:05:27	INFO	AWT-EventQueue-0	Thread.getStackTrace(1559)	register slip progress, view id : 1403756
2026-02-19 11:05:27	INFO	SlipWinThread_com.huawei.u2000.ucbb.table.slip.SlipTableMsgService	Thread.getStackTrace(1559)	register slip , return result/ view id : 1 / 1403756
2026-02-19 11:07:40	INFO	SvTableMsgReceiver Thread-5476	Thread.getStackTrace(1559)	recieve message cmdcode:12639
2026-02-19 11:07:40	INFO	SvTableMsgReceiver Thread-48673	Thread.getStackTrace(1559)	recieve message cmdcode:12639
2026-02-19 11:07:46	INFO	SvTableMsgReceiver Thread-5476	Thread.getStackTrace(1559)	recieve message cmdcode:12639
2026-02-19 11:07:46	INFO	SvTableMsgReceiver Thread-48673	Thread.getStackTrace(1559)	recieve message cmdcode:12639
2026-02-19 11:07:51	INFO	SvTableMsgReceiver Thread-5476	Thread.getStackTrace(1559)	recieve message cmdcode:12639
2026-02-19 11:07:51	INFO	SvTableMsgReceiver Thread-48673	Thread.getStackTrace(1559)	recieve message cmdcode:12639
2026-02-19 11:07:53	INFO	SvTableMsgReceiver Thread-5476	Thread.getStackTrace(1559)	recieve message cmdcode:12639
2026-02-19 11:07:53	INFO	SvTableMsgReceiver Thread-48673	Thread.getStackTrace(1559)	recieve message cmdcode:12639
2026-02-19 11:08:17	INFO	SvTableMsgReceiver Thread-5476	Thread.getStackTrace(1559)	recieve message cmdcode:12639
2026-02-19 11:08:17	INFO	SvTableMsgReceiver Thread-48673	Thread.getStackTrace(1559)	recieve message cmdcode:12639
2026-02-19 11:11:38	INFO	SvTableMsgReceiver Thread-5476	Thread.getStackTrace(1559)	recieve message cmdcode:12639
2026-02-19 11:11:38	INFO	SvTableMsgReceiver Thread-48673	Thread.getStackTrace(1559)	recieve message cmdcode:12639
2026-02-19 11:11:48	INFO	AWT-EventQueue-0	Thread.getStackTrace(1559)	create new SvTablePanel instance, view id :3274625
2026-02-19 11:11:48	INFO	AWT-EventQueue-0	Thread.getStackTrace(1559)	register slip progress, view id : 3274625
2026-02-19 11:11:48	INFO	SlipWinThread_com.huawei.u2000.pf.frame.ui.slipTable.SlipTableMsgService	Thread.getStackTrace(1559)	register slip , return result/ view id : 1 / 3274625
2026-02-19 11:11:49	INFO	SvTableMsgReceiver Thread-5476	Thread.getStackTrace(1559)	recieve message cmdcode:12639
2026-02-19 11:11:49	INFO	SvTableMsgReceiver Thread-48673	Thread.getStackTrace(1559)	recieve message cmdcode:12639
2026-02-19 11:11:49	INFO	SvTableMsgReceiver Thread-53938	Thread.getStackTrace(1559)	recieve message cmdcode:12639
2026-02-19 11:11:57	INFO	pool-15-thread-16	Thread.getStackTrace(1559)	unregister slip, view id : 3274625
2026-02-19 11:11:57	INFO	pool-15-thread-16	Thread.getStackTrace(1559)	unregister slip progress, view id : 3274625
2026-02-19 11:20:29	INFO	SvTableMsgReceiver Thread-5476	Thread.getStackTrace(1559)	recieve message cmdcode:12639
2026-02-19 11:20:29	INFO	SvTableMsgReceiver Thread-48673	Thread.getStackTrace(1559)	recieve message cmdcode:12639
2026-02-19 11:20:33	INFO	SvTableMsgReceiver Thread-5476	Thread.getStackTrace(1559)	recieve message cmdcode:12639
2026-02-19 11:20:33	INFO	SvTableMsgReceiver Thread-48673	Thread.getStackTrace(1559)	recieve message cmdcode:12639
2026-02-20 03:41:00	INFO	AWT-EventQueue-0	Thread.getStackTrace(1559)	unregister slip, view id : 4365085
2026-02-20 03:41:00	INFO	AWT-EventQueue-0	Thread.getStackTrace(1559)	unregister slip progress, view id : 4365085
2026-02-20 03:41:00	INFO	AWT-EventQueue-0	Thread.getStackTrace(1559)	unregister slip, view id : 1403756
2026-02-20 03:41:00	INFO	AWT-EventQueue-0	Thread.getStackTrace(1559)	unregister slip progress, view id : 1403756
2026-02-20 03:45:42	INFO	AWT-EventQueue-0	Thread.getStackTrace(1559)	create new SvTablePanel instance, view id :7393501
2026-02-20 03:45:42	INFO	AWT-EventQueue-0	Thread.getStackTrace(1559)	register slip progress, view id : 7393501
2026-02-20 03:45:42	INFO	SlipWinThread_com.huawei.u2000.pf.frame.ui.slipTable.SlipTableMsgService	Thread.getStackTrace(1559)	register slip , return result/ view id : 1 / 7393501
2026-02-20 03:45:43	INFO	SvTableMsgReceiver Thread-71999	Thread.getStackTrace(1559)	recieve message cmdcode:12639
2026-02-20 03:45:45	INFO	pool-15-thread-9	Thread.getStackTrace(1559)	unregister slip, view id : 7393501
2026-02-20 03:45:45	INFO	pool-15-thread-9	Thread.getStackTrace(1559)	unregister slip progress, view id : 7393501
2026-02-20 03:45:46	INFO	AWT-EventQueue-0	Thread.getStackTrace(1559)	create new SvTablePanel instance, view id :27078401
2026-02-20 03:45:46	INFO	AWT-EventQueue-0	Thread.getStackTrace(1559)	register slip progress, view id : 27078401
2026-02-20 03:45:46	INFO	SlipWinThread_com.huawei.u2000.pf.frame.ui.slipTable.SlipTableMsgService	Thread.getStackTrace(1559)	register slip , return result/ view id : 1 / 27078401
2026-02-20 03:45:47	INFO	SvTableMsgReceiver Thread-72636	Thread.getStackTrace(1559)	recieve message cmdcode:12639
2026-02-20 03:45:48	INFO	pool-15-thread-9	Thread.getStackTrace(1559)	unregister slip, view id : 27078401
2026-02-20 03:45:48	INFO	pool-15-thread-9	Thread.getStackTrace(1559)	unregister slip progress, view id : 27078401
2026-02-20 03:45:56	INFO	AWT-EventQueue-0	Thread.getStackTrace(1559)	create new SvTablePanel instance, view id :23054735
2026-02-20 03:45:56	INFO	AWT-EventQueue-0	Thread.getStackTrace(1559)	register slip progress, view id : 23054735
2026-02-20 03:45:56	INFO	SlipWinThread_com.huawei.u2000.ucbb.table.slip.SlipTableMsgService	Thread.getStackTrace(1559)	register slip , return result/ view id : 1 / 23054735
2026-02-20 03:47:11	INFO	AWT-EventQueue-0	Thread.getStackTrace(1559)	unregister slip, view id : 23054735
2026-02-20 03:47:11	INFO	AWT-EventQueue-0	Thread.getStackTrace(1559)	unregister slip progress, view id : 23054735
2026-02-20 03:48:46	INFO	AWT-EventQueue-0	Thread.getStackTrace(1559)	create new SvTablePanel instance, view id :26313402
2026-02-20 03:48:46	INFO	AWT-EventQueue-0	Thread.getStackTrace(1559)	create new SvTablePanel instance, view id :20646977
2026-02-20 03:48:46	INFO	AWT-EventQueue-0	Thread.getStackTrace(1559)	create new SvTablePanel instance, view id :26146889
2026-02-20 03:48:46	INFO	AWT-EventQueue-0	Thread.getStackTrace(1559)	register slip progress, view id : 26313402
2026-02-20 03:48:46	INFO	SlipWinThread_com.huawei.u2000.pf.frame.ui.slipTable.SlipTableMsgService	Thread.getStackTrace(1559)	register slip , return result/ view id : 1 / 26313402
2026-02-20 03:48:58	INFO	SwingWorker-pool-29-thread-2	Thread.getStackTrace(1559)	create new SvTablePanel instance, view id :16754469
2026-02-20 03:48:58	INFO	SwingWorker-pool-29-thread-2	Thread.getStackTrace(1559)	register slip progress, view id : 16754469
2026-02-20 03:48:58	INFO	SlipWinThread_com.huawei.u2000.pf.frame.ui.slipTable.SlipTableMsgService	Thread.getStackTrace(1559)	register slip , return result/ view id : 1 / 16754469
2026-02-20 03:48:59	INFO	SvTableMsgReceiver Thread-84430	Thread.getStackTrace(1559)	recieve message cmdcode:12639
2026-02-20 03:48:59	INFO	SvTableMsgReceiver Thread-85681	Thread.getStackTrace(1559)	recieve message cmdcode:12639
2026-02-20 03:49:01	INFO	AWT-EventQueue-0	Thread.getStackTrace(1559)	create new SvTablePanel instance, view id :18883102
2026-02-20 03:49:01	INFO	AWT-EventQueue-0	Thread.getStackTrace(1559)	register slip progress, view id : 18883102
2026-02-20 03:49:01	INFO	SlipWinThread_com.huawei.u2000.pf.frame.ui.slipTable.SlipTableMsgService	Thread.getStackTrace(1559)	register slip , return result/ view id : 1 / 18883102
2026-02-20 03:49:02	INFO	SvTableMsgReceiver Thread-84430	Thread.getStackTrace(1559)	recieve message cmdcode:12639
2026-02-20 03:49:02	INFO	SvTableMsgReceiver Thread-85681	Thread.getStackTrace(1559)	recieve message cmdcode:12639
2026-02-20 03:49:02	INFO	SvTableMsgReceiver Thread-86027	Thread.getStackTrace(1559)	recieve message cmdcode:12639
2026-02-21 12:32:32	INFO	AWT-EventQueue-0	Thread.getStackTrace(1559)	start slip view
2026-02-21 12:32:32	INFO	AWT-EventQueue-0	Thread.getStackTrace(1559)	create new SvTablePanel instance, view id :19907715
2026-02-21 12:32:32	INFO	AWT-EventQueue-0	Thread.getStackTrace(1559)	register slip progress, view id : 19907715
2026-02-21 12:32:32	INFO	SlipWinThread_com.huawei.u2000.ucbb.table.slip.SlipTableMsgService	Thread.getStackTrace(1559)	register slip , return result/ view id : 1 / 19907715
2026-02-21 12:32:34	INFO	SvTableMsgReceiver Thread-9257	Thread.getStackTrace(1559)	recieve message cmdcode:12639
2026-02-21 12:33:42	INFO	AWT-EventQueue-0	Thread.getStackTrace(1559)	unregister slip, view id : 19907715
2026-02-21 12:33:42	INFO	AWT-EventQueue-0	Thread.getStackTrace(1559)	unregister slip progress, view id : 19907715
2026-02-21 13:58:07	INFO	AWT-EventQueue-0	Thread.getStackTrace(1559)	create new SvTablePanel instance, view id :15428177
2026-02-21 13:58:07	INFO	AWT-EventQueue-0	Thread.getStackTrace(1559)	register slip progress, view id : 15428177
2026-02-21 13:58:07	INFO	SlipWinThread_com.huawei.u2000.pf.frame.ui.slipTable.SlipTableMsgService	Thread.getStackTrace(1559)	register slip , return result/ view id : 1 / 15428177
2026-02-21 13:58:08	INFO	SvTableMsgReceiver Thread-31112	Thread.getStackTrace(1559)	recieve message cmdcode:12639
2026-02-21 13:58:13	INFO	pool-13-thread-2	Thread.getStackTrace(1559)	unregister slip, view id : 15428177
2026-02-21 13:58:13	INFO	pool-13-thread-2	Thread.getStackTrace(1559)	unregister slip progress, view id : 15428177
2026-02-21 13:58:13	INFO	AWT-EventQueue-0	Thread.getStackTrace(1559)	create new SvTablePanel instance, view id :11366632
2026-02-21 13:58:13	INFO	AWT-EventQueue-0	Thread.getStackTrace(1559)	register slip progress, view id : 11366632
2026-02-21 13:58:13	INFO	SlipWinThread_com.huawei.u2000.pf.frame.ui.slipTable.SlipTableMsgService	Thread.getStackTrace(1559)	register slip , return result/ view id : 1 / 11366632
2026-02-21 13:58:14	INFO	SvTableMsgReceiver Thread-31811	Thread.getStackTrace(1559)	recieve message cmdcode:12639
2026-02-21 13:58:20	INFO	pool-13-thread-2	Thread.getStackTrace(1559)	unregister slip, view id : 11366632
2026-02-21 13:58:20	INFO	pool-13-thread-2	Thread.getStackTrace(1559)	unregister slip progress, view id : 11366632
2026-02-21 13:59:05	INFO	AWT-EventQueue-0	Thread.getStackTrace(1559)	create new SvTablePanel instance, view id :108636
2026-02-21 13:59:05	INFO	AWT-EventQueue-0	Thread.getStackTrace(1559)	register slip progress, view id : 108636
2026-02-21 13:59:05	INFO	SlipWinThread_com.huawei.u2000.ucbb.table.slip.SlipTableMsgService	Thread.getStackTrace(1559)	register slip , return result/ view id : 1 / 108636
2026-02-21 14:00:21	INFO	SvTableMsgReceiver Thread-36162	Thread.getStackTrace(1559)	recieve message cmdcode:12639
2026-02-21 14:01:40	INFO	AWT-EventQueue-0	Thread.getStackTrace(1559)	unregister slip, view id : 108636
2026-02-21 14:01:40	INFO	AWT-EventQueue-0	Thread.getStackTrace(1559)	unregister slip progress, view id : 108636
2026-02-24 12:44:37	INFO	AWT-EventQueue-0	Thread.getStackTrace(1559)	start slip view
2026-02-24 12:44:37	INFO	AWT-EventQueue-0	Thread.getStackTrace(1559)	create new SvTablePanel instance, view id :16184821
2026-02-24 12:44:37	INFO	AWT-EventQueue-0	Thread.getStackTrace(1559)	register slip progress, view id : 16184821
2026-02-24 12:44:37	INFO	SlipWinThread_com.huawei.u2000.ucbb.table.slip.SlipTableMsgService	Thread.getStackTrace(1559)	register slip , return result/ view id : 1 / 16184821
2026-02-24 12:44:39	INFO	SvTableMsgReceiver Thread-19727	Thread.getStackTrace(1559)	recieve message cmdcode:12639
2026-02-24 16:24:45	INFO	SvTableMsgReceiver Thread-19727	Thread.getStackTrace(1559)	recieve message cmdcode:12639
2026-02-24 16:24:45	INFO	SvTableMsgReceiver Thread-19727	Thread.getStackTrace(1559)	can not find SvTablePanel : 14610157
2026-02-24 16:24:47	INFO	SvTableMsgReceiver Thread-19727	Thread.getStackTrace(1559)	recieve message cmdcode:12639
2026-02-24 16:24:47	INFO	SvTableMsgReceiver Thread-19727	Thread.getStackTrace(1559)	can not find SvTablePanel : 13411792
2026-02-27 06:19:42	INFO	AWT-EventQueue-0	Thread.getStackTrace(1559)	start slip view
2026-02-27 06:19:42	INFO	AWT-EventQueue-0	Thread.getStackTrace(1559)	create new SvTablePanel instance, view id :27484253
2026-02-27 06:19:43	INFO	AWT-EventQueue-0	Thread.getStackTrace(1559)	register slip progress, view id : 27484253
2026-02-27 06:19:43	INFO	SlipWinThread_com.huawei.u2000.pf.frame.ui.slipTable.SlipTableMsgService	Thread.getStackTrace(1559)	register slip , return result/ view id : 1 / 27484253
2026-02-27 06:19:44	INFO	SvTableMsgReceiver Thread-19860	Thread.getStackTrace(1559)	recieve message cmdcode:12639
2026-02-27 06:19:46	INFO	pool-15-thread-11	Thread.getStackTrace(1559)	unregister slip, view id : 27484253
2026-02-27 06:19:46	INFO	pool-15-thread-11	Thread.getStackTrace(1559)	unregister slip progress, view id : 27484253
2026-02-27 06:19:47	INFO	AWT-EventQueue-0	Thread.getStackTrace(1559)	create new SvTablePanel instance, view id :18927148
2026-02-27 06:19:47	INFO	AWT-EventQueue-0	Thread.getStackTrace(1559)	register slip progress, view id : 18927148
2026-02-27 06:19:47	INFO	SlipWinThread_com.huawei.u2000.pf.frame.ui.slipTable.SlipTableMsgService	Thread.getStackTrace(1559)	register slip , return result/ view id : 1 / 18927148
2026-02-27 06:19:48	INFO	SvTableMsgReceiver Thread-20304	Thread.getStackTrace(1559)	recieve message cmdcode:12639
2026-02-27 06:19:49	INFO	pool-15-thread-11	Thread.getStackTrace(1559)	unregister slip, view id : 18927148
2026-02-27 06:19:49	INFO	pool-15-thread-11	Thread.getStackTrace(1559)	unregister slip progress, view id : 18927148
2026-02-27 06:19:59	INFO	AWT-EventQueue-0	Thread.getStackTrace(1559)	create new SvTablePanel instance, view id :2182967
2026-02-27 06:19:59	INFO	AWT-EventQueue-0	Thread.getStackTrace(1559)	register slip progress, view id : 2182967
2026-02-27 06:19:59	INFO	SlipWinThread_com.huawei.u2000.ucbb.table.slip.SlipTableMsgService	Thread.getStackTrace(1559)	register slip , return result/ view id : 1 / 2182967
2026-02-27 10:50:12	INFO	AWT-EventQueue-0	Thread.getStackTrace(1559)	unregister slip, view id : 2182967
2026-02-27 10:50:12	INFO	AWT-EventQueue-0	Thread.getStackTrace(1559)	unregister slip progress, view id : 2182967
2026-02-27 10:50:36	INFO	AWT-EventQueue-0	Thread.getStackTrace(1559)	create new SvTablePanel instance, view id :27988086
2026-02-27 10:50:36	INFO	AWT-EventQueue-0	Thread.getStackTrace(1559)	register slip progress, view id : 27988086
2026-02-27 10:50:36	INFO	SlipWinThread_com.huawei.u2000.ucbb.table.slip.SlipTableMsgService	Thread.getStackTrace(1559)	register slip , return result/ view id : 1 / 27988086
2026-02-27 10:50:37	INFO	SvTableMsgReceiver Thread-25639	Thread.getStackTrace(1559)	recieve message cmdcode:12639
2026-02-27 12:20:16	INFO	AWT-EventQueue-0	Thread.getStackTrace(1559)	start slip view
2026-02-27 12:20:16	INFO	AWT-EventQueue-0	Thread.getStackTrace(1559)	create new SvTablePanel instance, view id :32233125
2026-02-27 12:20:16	INFO	AWT-EventQueue-0	Thread.getStackTrace(1559)	register slip progress, view id : 32233125
2026-02-27 12:20:16	INFO	SlipWinThread_com.huawei.u2000.ucbb.table.slip.SlipTableMsgService	Thread.getStackTrace(1559)	register slip , return result/ view id : 1 / 32233125
2026-02-27 12:20:17	INFO	SvTableMsgReceiver Thread-2084	Thread.getStackTrace(1559)	recieve message cmdcode:12639
2026-02-27 12:21:41	INFO	AWT-EventQueue-0	Thread.getStackTrace(1559)	create new SvTablePanel instance, view id :2766949
2026-02-27 12:21:41	INFO	AWT-EventQueue-0	Thread.getStackTrace(1559)	register slip progress, view id : 2766949
2026-02-27 12:21:41	INFO	SlipWinThread_com.huawei.u2000.ucbb.table.slip.SlipTableMsgService	Thread.getStackTrace(1559)	register slip , return result/ view id : 1 / 2766949
2026-02-27 12:21:43	INFO	SvTableMsgReceiver Thread-2084	Thread.getStackTrace(1559)	recieve message cmdcode:12639
2026-02-27 12:21:43	INFO	SvTableMsgReceiver Thread-5627	Thread.getStackTrace(1559)	recieve message cmdcode:12639
2026-02-27 12:22:55	INFO	SvTableMsgReceiver Thread-2084	Thread.getStackTrace(1559)	recieve message cmdcode:12639
2026-02-27 12:22:55	INFO	SvTableMsgReceiver Thread-5627	Thread.getStackTrace(1559)	recieve message cmdcode:12639
2026-02-27 12:23:12	INFO	SvTableMsgReceiver Thread-2084	Thread.getStackTrace(1559)	recieve message cmdcode:12639
2026-02-27 12:23:12	INFO	SvTableMsgReceiver Thread-5627	Thread.getStackTrace(1559)	recieve message cmdcode:12639
2026-02-27 12:25:22	INFO	SvTableMsgReceiver Thread-2084	Thread.getStackTrace(1559)	recieve message cmdcode:12639
2026-02-27 12:25:22	INFO	SvTableMsgReceiver Thread-5627	Thread.getStackTrace(1559)	recieve message cmdcode:12639
2026-02-27 12:25:44	INFO	AWT-EventQueue-0	Thread.getStackTrace(1559)	unregister slip, view id : 32233125
2026-02-27 12:25:44	INFO	AWT-EventQueue-0	Thread.getStackTrace(1559)	unregister slip progress, view id : 32233125
2026-02-27 12:25:51	INFO	AWT-EventQueue-0	Thread.getStackTrace(1559)	create new SvTablePanel instance, view id :6696332
2026-02-27 12:25:51	INFO	AWT-EventQueue-0	Thread.getStackTrace(1559)	register slip progress, view id : 6696332
2026-02-27 12:25:51	INFO	SlipWinThread_com.huawei.u2000.ucbb.table.slip.SlipTableMsgService	Thread.getStackTrace(1559)	register slip , return result/ view id : 1 / 6696332
2026-02-27 12:25:52	INFO	SvTableMsgReceiver Thread-5627	Thread.getStackTrace(1559)	recieve message cmdcode:12639
2026-02-27 12:25:52	INFO	SvTableMsgReceiver Thread-11554	Thread.getStackTrace(1559)	recieve message cmdcode:12639
2026-02-27 13:05:31	INFO	AWT-EventQueue-0	Thread.getStackTrace(1559)	unregister slip, view id : 2766949
2026-02-27 13:05:31	INFO	AWT-EventQueue-0	Thread.getStackTrace(1559)	unregister slip progress, view id : 2766949
2026-02-27 13:05:35	INFO	AWT-EventQueue-0	Thread.getStackTrace(1559)	unregister slip, view id : 6696332
2026-02-27 13:05:35	INFO	AWT-EventQueue-0	Thread.getStackTrace(1559)	unregister slip progress, view id : 6696332
2026-02-27 13:06:07	INFO	AWT-EventQueue-0	Thread.getStackTrace(1559)	create new SvTablePanel instance, view id :23692145
2026-02-27 13:06:07	INFO	AWT-EventQueue-0	Thread.getStackTrace(1559)	register slip progress, view id : 23692145
2026-02-27 13:06:07	INFO	SlipWinThread_com.huawei.u2000.ucbb.table.slip.SlipTableMsgService	Thread.getStackTrace(1559)	register slip , return result/ view id : 1 / 23692145
2026-02-27 13:06:08	INFO	SvTableMsgReceiver Thread-16225	Thread.getStackTrace(1559)	recieve message cmdcode:12639
2026-02-27 13:09:02	INFO	AWT-EventQueue-0	Thread.getStackTrace(1559)	unregister slip, view id : 23692145
2026-02-27 13:09:02	INFO	AWT-EventQueue-0	Thread.getStackTrace(1559)	unregister slip progress, view id : 23692145
2026-02-27 13:09:02	INFO	AWT-EventQueue-0	Thread.getStackTrace(1559)	create new SvTablePanel instance, view id :30045227
2026-02-27 13:09:02	INFO	AWT-EventQueue-0	Thread.getStackTrace(1559)	register slip progress, view id : 30045227
2026-02-27 13:09:02	INFO	SlipWinThread_com.huawei.u2000.ucbb.table.slip.SlipTableMsgService	Thread.getStackTrace(1559)	register slip , return result/ view id : 1 / 30045227
2026-02-27 13:09:03	INFO	SvTableMsgReceiver Thread-17753	Thread.getStackTrace(1559)	recieve message cmdcode:12639
2026-02-27 13:09:42	INFO	SvTableMsgReceiver Thread-17753	Thread.getStackTrace(1559)	recieve message cmdcode:12639
2026-02-27 13:09:51	INFO	SvTableMsgReceiver Thread-17753	Thread.getStackTrace(1559)	recieve message cmdcode:12639
2026-02-27 13:10:03	INFO	SvTableMsgReceiver Thread-17753	Thread.getStackTrace(1559)	recieve message cmdcode:12639
2026-02-27 13:10:09	INFO	SvTableMsgReceiver Thread-17753	Thread.getStackTrace(1559)	recieve message cmdcode:12639
2026-02-27 13:10:10	INFO	AWT-EventQueue-0	Thread.getStackTrace(1559)	unregister slip, view id : 30045227
2026-02-27 13:10:10	INFO	AWT-EventQueue-0	Thread.getStackTrace(1559)	unregister slip progress, view id : 30045227
2026-02-27 13:10:50	INFO	AWT-EventQueue-0	Thread.getStackTrace(1559)	create new SvTablePanel instance, view id :22438567
2026-02-27 13:10:50	INFO	AWT-EventQueue-0	Thread.getStackTrace(1559)	register slip progress, view id : 22438567
2026-02-27 13:10:50	INFO	SlipWinThread_com.huawei.u2000.ucbb.table.slip.SlipTableMsgService	Thread.getStackTrace(1559)	register slip , return result/ view id : 1 / 22438567
2026-02-27 13:10:51	INFO	SvTableMsgReceiver Thread-20761	Thread.getStackTrace(1559)	recieve message cmdcode:12639
2026-02-27 13:11:09	INFO	AWT-EventQueue-0	Thread.getStackTrace(1559)	unregister slip, view id : 22438567
2026-02-27 13:11:09	INFO	AWT-EventQueue-0	Thread.getStackTrace(1559)	unregister slip progress, view id : 22438567
2026-02-27 13:11:15	INFO	AWT-EventQueue-0	Thread.getStackTrace(1559)	create new SvTablePanel instance, view id :4350842
2026-02-27 13:11:15	INFO	AWT-EventQueue-0	Thread.getStackTrace(1559)	register slip progress, view id : 4350842
2026-02-27 13:11:15	INFO	SlipWinThread_com.huawei.u2000.ucbb.table.slip.SlipTableMsgService	Thread.getStackTrace(1559)	register slip , return result/ view id : 1 / 4350842
2026-02-27 13:11:17	INFO	SvTableMsgReceiver Thread-21204	Thread.getStackTrace(1559)	recieve message cmdcode:12639
2026-02-27 16:11:31	INFO	AWT-EventQueue-0	Thread.getStackTrace(1559)	create new SvTablePanel instance, view id :28793515
2026-02-27 16:11:31	INFO	AWT-EventQueue-0	Thread.getStackTrace(1559)	register slip progress, view id : 28793515
2026-02-27 16:11:31	INFO	SlipWinThread_com.huawei.u2000.ucbb.table.slip.SlipTableMsgService	Thread.getStackTrace(1559)	register slip , return result/ view id : 1 / 28793515
2026-02-27 16:11:32	INFO	SvTableMsgReceiver Thread-21204	Thread.getStackTrace(1559)	recieve message cmdcode:12639
2026-02-27 16:11:32	INFO	SvTableMsgReceiver Thread-35723	Thread.getStackTrace(1559)	recieve message cmdcode:12639
2026-02-27 16:18:58	INFO	AWT-EventQueue-0	Thread.getStackTrace(1559)	unregister slip, view id : 4350842
2026-02-27 16:18:58	INFO	AWT-EventQueue-0	Thread.getStackTrace(1559)	unregister slip progress, view id : 4350842
2026-03-02 03:18:11	INFO	AWT-EventQueue-0	Thread.getStackTrace(1559)	unregister slip, view id : 28793515
2026-03-02 03:18:11	INFO	AWT-EventQueue-0	Thread.getStackTrace(1559)	unregister slip progress, view id : 28793515
2026-03-03 05:27:35	INFO	AWT-EventQueue-0	Thread.getStackTrace(1559)	start slip view
2026-03-03 05:27:35	INFO	AWT-EventQueue-0	Thread.getStackTrace(1559)	create new SvTablePanel instance, view id :2820932
2026-03-03 05:27:35	INFO	AWT-EventQueue-0	Thread.getStackTrace(1559)	register slip progress, view id : 2820932
2026-03-03 05:27:35	INFO	SlipWinThread_com.huawei.u2000.ucbb.table.slip.SlipTableMsgService	Thread.getStackTrace(1559)	register slip , return result/ view id : 1 / 2820932
2026-03-03 05:29:25	INFO	SvTableMsgReceiver Thread-3386	Thread.getStackTrace(1559)	recieve message cmdcode:12639
2026-03-03 07:31:36	INFO	AWT-EventQueue-0	Thread.getStackTrace(1559)	unregister slip, view id : 2820932
2026-03-03 07:31:36	INFO	AWT-EventQueue-0	Thread.getStackTrace(1559)	unregister slip progress, view id : 2820932
2026-03-03 07:31:36	INFO	AWT-EventQueue-0	Thread.getStackTrace(1559)	create new SvTablePanel instance, view id :11806906
2026-03-03 07:31:36	INFO	AWT-EventQueue-0	Thread.getStackTrace(1559)	register slip progress, view id : 11806906
2026-03-03 07:31:36	INFO	SlipWinThread_com.huawei.u2000.ucbb.table.slip.SlipTableMsgService	Thread.getStackTrace(1559)	register slip , return result/ view id : 1 / 11806906
2026-03-03 07:31:37	INFO	SvTableMsgReceiver Thread-23354	Thread.getStackTrace(1559)	recieve message cmdcode:12639
2026-03-03 11:53:42	INFO	AWT-EventQueue-0	Thread.getStackTrace(1559)	start slip view
2026-03-03 11:53:42	INFO	AWT-EventQueue-0	Thread.getStackTrace(1559)	create new SvTablePanel instance, view id :28075814
2026-03-03 11:53:42	INFO	AWT-EventQueue-0	Thread.getStackTrace(1559)	register slip progress, view id : 28075814
2026-03-03 11:53:42	INFO	SlipWinThread_com.huawei.u2000.pf.frame.ui.slipTable.SlipTableMsgService	Thread.getStackTrace(1559)	register slip , return result/ view id : 1 / 28075814
2026-03-03 11:53:43	INFO	SvTableMsgReceiver Thread-4528	Thread.getStackTrace(1559)	recieve message cmdcode:12639
2026-03-03 11:53:46	INFO	pool-14-thread-7	Thread.getStackTrace(1559)	unregister slip, view id : 28075814
2026-03-03 11:53:46	INFO	pool-14-thread-7	Thread.getStackTrace(1559)	unregister slip progress, view id : 28075814
2026-03-03 11:53:48	INFO	AWT-EventQueue-0	Thread.getStackTrace(1559)	create new SvTablePanel instance, view id :1214678
2026-03-03 11:53:48	INFO	AWT-EventQueue-0	Thread.getStackTrace(1559)	register slip progress, view id : 1214678
2026-03-03 11:53:48	INFO	SlipWinThread_com.huawei.u2000.pf.frame.ui.slipTable.SlipTableMsgService	Thread.getStackTrace(1559)	register slip , return result/ view id : 1 / 1214678
2026-03-03 11:53:49	INFO	SvTableMsgReceiver Thread-5036	Thread.getStackTrace(1559)	recieve message cmdcode:12639
2026-03-03 11:53:51	INFO	pool-14-thread-7	Thread.getStackTrace(1559)	unregister slip, view id : 1214678
2026-03-03 11:53:51	INFO	pool-14-thread-7	Thread.getStackTrace(1559)	unregister slip progress, view id : 1214678
2026-03-03 11:54:25	INFO	AWT-EventQueue-0	Thread.getStackTrace(1559)	create new SvTablePanel instance, view id :15320739
2026-03-03 11:54:25	INFO	AWT-EventQueue-0	Thread.getStackTrace(1559)	register slip progress, view id : 15320739
2026-03-03 11:54:25	INFO	SlipWinThread_com.huawei.u2000.ucbb.table.slip.SlipTableMsgService	Thread.getStackTrace(1559)	register slip , return result/ view id : 1 / 15320739
2026-03-03 11:55:15	INFO	SvTableMsgReceiver Thread-8230	Thread.getStackTrace(1559)	recieve message cmdcode:12639
2026-03-03 11:55:17	INFO	AWT-EventQueue-0	Thread.getStackTrace(1559)	unregister slip, view id : 15320739
2026-03-03 11:55:17	INFO	AWT-EventQueue-0	Thread.getStackTrace(1559)	unregister slip progress, view id : 15320739
2026-03-03 12:22:13	INFO	AWT-EventQueue-0	Thread.getStackTrace(1559)	create new SvTablePanel instance, view id :28282724
2026-03-03 12:22:13	INFO	AWT-EventQueue-0	Thread.getStackTrace(1559)	register slip progress, view id : 28282724
2026-03-03 12:22:13	INFO	SlipWinThread_com.huawei.u2000.pf.frame.ui.slipTable.SlipTableMsgService	Thread.getStackTrace(1559)	register slip , return result/ view id : 1 / 28282724
2026-03-03 12:22:14	INFO	SvTableMsgReceiver Thread-18616	Thread.getStackTrace(1559)	recieve message cmdcode:12639
2026-03-03 12:22:17	INFO	pool-14-thread-6	Thread.getStackTrace(1559)	unregister slip, view id : 28282724
2026-03-03 12:22:17	INFO	pool-14-thread-6	Thread.getStackTrace(1559)	unregister slip progress, view id : 28282724
2026-03-03 12:22:18	INFO	AWT-EventQueue-0	Thread.getStackTrace(1559)	create new SvTablePanel instance, view id :5972425
2026-03-03 12:22:18	INFO	AWT-EventQueue-0	Thread.getStackTrace(1559)	register slip progress, view id : 5972425
2026-03-03 12:22:18	INFO	SlipWinThread_com.huawei.u2000.pf.frame.ui.slipTable.SlipTableMsgService	Thread.getStackTrace(1559)	register slip , return result/ view id : 1 / 5972425
2026-03-03 12:22:19	INFO	SvTableMsgReceiver Thread-19330	Thread.getStackTrace(1559)	recieve message cmdcode:12639
2026-03-03 12:22:20	INFO	pool-14-thread-6	Thread.getStackTrace(1559)	unregister slip, view id : 5972425
2026-03-03 12:22:20	INFO	pool-14-thread-6	Thread.getStackTrace(1559)	unregister slip progress, view id : 5972425
2026-03-03 12:22:43	INFO	AWT-EventQueue-0	Thread.getStackTrace(1559)	create new SvTablePanel instance, view id :16546413
2026-03-03 12:22:43	INFO	AWT-EventQueue-0	Thread.getStackTrace(1559)	register slip progress, view id : 16546413
2026-03-03 12:22:43	INFO	SlipWinThread_com.huawei.u2000.ucbb.table.slip.SlipTableMsgService	Thread.getStackTrace(1559)	register slip , return result/ view id : 1 / 16546413
2026-03-03 12:24:01	INFO	AWT-EventQueue-0	Thread.getStackTrace(1559)	unregister slip, view id : 16546413
2026-03-03 12:24:01	INFO	AWT-EventQueue-0	Thread.getStackTrace(1559)	unregister slip progress, view id : 16546413
2026-03-03 12:27:38	INFO	AWT-EventQueue-0	Thread.getStackTrace(1559)	create new SvTablePanel instance, view id :30635386
2026-03-03 12:27:38	INFO	AWT-EventQueue-0	Thread.getStackTrace(1559)	register slip progress, view id : 30635386
2026-03-03 12:27:38	INFO	SlipWinThread_com.huawei.u2000.ucbb.table.slip.SlipTableMsgService	Thread.getStackTrace(1559)	register slip , return result/ view id : 1 / 30635386
2026-03-03 12:27:39	INFO	SvTableMsgReceiver Thread-28506	Thread.getStackTrace(1559)	recieve message cmdcode:12639
2026-03-03 12:27:41	INFO	AWT-EventQueue-0	Thread.getStackTrace(1559)	unregister slip, view id : 30635386
2026-03-03 12:27:41	INFO	AWT-EventQueue-0	Thread.getStackTrace(1559)	unregister slip progress, view id : 30635386
2026-03-03 12:28:17	INFO	AWT-EventQueue-0	Thread.getStackTrace(1559)	create new SvTablePanel instance, view id :13067261
2026-03-03 12:28:17	INFO	AWT-EventQueue-0	Thread.getStackTrace(1559)	register slip progress, view id : 13067261
2026-03-03 12:28:17	INFO	SlipWinThread_com.huawei.u2000.ucbb.table.slip.SlipTableMsgService	Thread.getStackTrace(1559)	register slip , return result/ view id : 1 / 13067261
2026-03-03 12:28:18	INFO	SvTableMsgReceiver Thread-29580	Thread.getStackTrace(1559)	recieve message cmdcode:12639
2026-03-03 12:28:20	INFO	SvTableMsgReceiver Thread-29580	Thread.getStackTrace(1559)	recieve message cmdcode:12639
2026-03-03 12:28:21	INFO	SvTableMsgReceiver Thread-29580	Thread.getStackTrace(1559)	recieve message cmdcode:12639
2026-03-03 15:34:48	INFO	AWT-EventQueue-0	Thread.getStackTrace(1559)	start slip view
2026-03-03 15:34:48	INFO	AWT-EventQueue-0	Thread.getStackTrace(1559)	create new SvTablePanel instance, view id :27055329
2026-03-03 15:34:48	INFO	AWT-EventQueue-0	Thread.getStackTrace(1559)	register slip progress, view id : 27055329
2026-03-03 15:34:48	INFO	SlipWinThread_com.huawei.u2000.ucbb.table.slip.SlipTableMsgService	Thread.getStackTrace(1559)	register slip , return result/ view id : 1 / 27055329
2026-03-03 15:34:48	INFO	AWT-EventQueue-0	Thread.getStackTrace(1559)	unregister slip, view id : 27055329
2026-03-03 15:34:48	INFO	AWT-EventQueue-0	Thread.getStackTrace(1559)	unregister slip progress, view id : 27055329
2026-03-06 16:20:10	INFO	AWT-EventQueue-0	Thread.getStackTrace(1559)	start slip view
2026-03-06 16:20:10	INFO	AWT-EventQueue-0	Thread.getStackTrace(1559)	create new SvTablePanel instance, view id :20775919
2026-03-06 16:20:10	INFO	AWT-EventQueue-0	Thread.getStackTrace(1559)	register slip progress, view id : 20775919
2026-03-06 16:20:10	INFO	SlipWinThread_com.huawei.u2000.ucbb.table.slip.SlipTableMsgService	Thread.getStackTrace(1559)	register slip , return result/ view id : 1 / 20775919
2026-03-06 16:20:11	INFO	SvTableMsgReceiver Thread-2577	Thread.getStackTrace(1559)	recieve message cmdcode:12639
2026-03-06 16:20:40	INFO	SvTableMsgReceiver Thread-2577	Thread.getStackTrace(1559)	recieve message cmdcode:12639
2026-03-06 16:23:39	INFO	SvTableMsgReceiver Thread-2577	Thread.getStackTrace(1559)	recieve message cmdcode:12639
2026-03-06 16:24:06	INFO	AWT-EventQueue-0	Thread.getStackTrace(1559)	unregister slip, view id : 20775919
2026-03-06 16:24:06	INFO	AWT-EventQueue-0	Thread.getStackTrace(1559)	unregister slip progress, view id : 20775919
2026-03-06 16:24:06	INFO	AWT-EventQueue-0	Thread.getStackTrace(1559)	create new SvTablePanel instance, view id :15211654
2026-03-06 16:24:06	INFO	AWT-EventQueue-0	Thread.getStackTrace(1559)	register slip progress, view id : 15211654
2026-03-06 16:24:06	INFO	SlipWinThread_com.huawei.u2000.ucbb.table.slip.SlipTableMsgService	Thread.getStackTrace(1559)	register slip , return result/ view id : 1 / 15211654
2026-03-06 16:24:07	INFO	SvTableMsgReceiver Thread-11267	Thread.getStackTrace(1559)	recieve message cmdcode:12639
2026-03-06 16:25:00	INFO	SvTableMsgReceiver Thread-11267	Thread.getStackTrace(1559)	recieve message cmdcode:12639
2026-03-06 16:27:07	INFO	SvTableMsgReceiver Thread-11267	Thread.getStackTrace(1559)	recieve message cmdcode:12639
2026-03-06 16:27:36	INFO	SvTableMsgReceiver Thread-11267	Thread.getStackTrace(1559)	recieve message cmdcode:12639
2026-03-06 16:27:41	INFO	AWT-EventQueue-0	Thread.getStackTrace(1559)	create new SvTablePanel instance, view id :982105
2026-03-06 16:27:41	INFO	AWT-EventQueue-0	Thread.getStackTrace(1559)	register slip progress, view id : 982105
2026-03-06 16:27:41	INFO	SlipWinThread_com.huawei.u2000.ucbb.table.slip.SlipTableMsgService	Thread.getStackTrace(1559)	register slip , return result/ view id : 1 / 982105
2026-03-06 16:28:42	INFO	AWT-EventQueue-0	Thread.getStackTrace(1559)	create new SvTablePanel instance, view id :2577730
2026-03-06 16:28:42	INFO	AWT-EventQueue-0	Thread.getStackTrace(1559)	register slip progress, view id : 2577730
2026-03-06 16:28:42	INFO	SlipWinThread_com.huawei.u2000.ucbb.table.slip.SlipTableMsgService	Thread.getStackTrace(1559)	register slip , return result/ view id : 1 / 2577730
2026-03-06 16:28:44	INFO	SvTableMsgReceiver Thread-11267	Thread.getStackTrace(1559)	recieve message cmdcode:12639
2026-03-06 16:28:44	INFO	SvTableMsgReceiver Thread-18572	Thread.getStackTrace(1559)	recieve message cmdcode:12639
2026-03-06 16:28:44	INFO	SvTableMsgReceiver Thread-22706	Thread.getStackTrace(1559)	recieve message cmdcode:12639
2026-03-06 16:28:50	INFO	AWT-EventQueue-0	Thread.getStackTrace(1559)	unregister slip, view id : 2577730
2026-03-06 16:28:50	INFO	AWT-EventQueue-0	Thread.getStackTrace(1559)	unregister slip progress, view id : 2577730
2026-03-06 16:30:00	INFO	AWT-EventQueue-0	Thread.getStackTrace(1559)	unregister slip, view id : 15211654
2026-03-06 16:30:00	INFO	AWT-EventQueue-0	Thread.getStackTrace(1559)	unregister slip progress, view id : 15211654
2026-03-06 16:30:04	INFO	AWT-EventQueue-0	Thread.getStackTrace(1559)	create new SvTablePanel instance, view id :12344999
2026-03-06 16:30:04	INFO	AWT-EventQueue-0	Thread.getStackTrace(1559)	register slip progress, view id : 12344999
2026-03-06 16:30:04	INFO	SlipWinThread_com.huawei.u2000.ucbb.table.slip.SlipTableMsgService	Thread.getStackTrace(1559)	register slip , return result/ view id : 1 / 12344999
2026-03-06 16:30:06	INFO	SvTableMsgReceiver Thread-18572	Thread.getStackTrace(1559)	recieve message cmdcode:12639
2026-03-06 16:30:06	INFO	SvTableMsgReceiver Thread-27742	Thread.getStackTrace(1559)	recieve message cmdcode:12639
2026-03-06 16:37:03	INFO	AWT-EventQueue-0	Thread.getStackTrace(1559)	unregister slip, view id : 12344999
2026-03-06 16:37:03	INFO	AWT-EventQueue-0	Thread.getStackTrace(1559)	unregister slip progress, view id : 12344999
2026-03-06 16:39:01	INFO	AWT-EventQueue-0	Thread.getStackTrace(1559)	create new SvTablePanel instance, view id :10269884
2026-03-06 16:39:01	INFO	AWT-EventQueue-0	Thread.getStackTrace(1559)	register slip progress, view id : 10269884
2026-03-06 16:39:01	INFO	SlipWinThread_com.huawei.u2000.ucbb.table.slip.SlipTableMsgService	Thread.getStackTrace(1559)	register slip , return result/ view id : 1 / 10269884
2026-03-06 16:39:03	INFO	SvTableMsgReceiver Thread-18572	Thread.getStackTrace(1559)	recieve message cmdcode:12639
2026-03-06 16:39:03	INFO	SvTableMsgReceiver Thread-36965	Thread.getStackTrace(1559)	recieve message cmdcode:12639
2026-03-06 16:40:39	INFO	SvTableMsgReceiver Thread-18572	Thread.getStackTrace(1559)	recieve message cmdcode:12639
2026-03-06 16:40:39	INFO	SvTableMsgReceiver Thread-36965	Thread.getStackTrace(1559)	recieve message cmdcode:12639
2026-03-06 16:40:39	INFO	SvTableMsgReceiver Thread-18572	Thread.getStackTrace(1559)	can not find SvTablePanel : 28617441
2026-03-06 16:40:39	INFO	SvTableMsgReceiver Thread-36965	Thread.getStackTrace(1559)	can not find SvTablePanel : 28617441
2026-03-06 16:40:41	INFO	SvTableMsgReceiver Thread-18572	Thread.getStackTrace(1559)	recieve message cmdcode:12639
2026-03-06 16:40:41	INFO	SvTableMsgReceiver Thread-36965	Thread.getStackTrace(1559)	recieve message cmdcode:12639
2026-03-06 16:40:41	INFO	SvTableMsgReceiver Thread-18572	Thread.getStackTrace(1559)	can not find SvTablePanel : 16517992
2026-03-06 16:40:41	INFO	SvTableMsgReceiver Thread-36965	Thread.getStackTrace(1559)	can not find SvTablePanel : 16517992
2026-03-06 16:40:44	INFO	AWT-EventQueue-0	Thread.getStackTrace(1559)	unregister slip, view id : 10269884
2026-03-06 16:40:44	INFO	AWT-EventQueue-0	Thread.getStackTrace(1559)	unregister slip progress, view id : 10269884
2026-03-06 16:40:44	INFO	AWT-EventQueue-0	Thread.getStackTrace(1559)	create new SvTablePanel instance, view id :16587201
2026-03-06 16:40:44	INFO	AWT-EventQueue-0	Thread.getStackTrace(1559)	register slip progress, view id : 16587201
2026-03-06 16:40:44	INFO	SlipWinThread_com.huawei.u2000.ucbb.table.slip.SlipTableMsgService	Thread.getStackTrace(1559)	register slip , return result/ view id : 1 / 16587201
2026-03-06 16:40:45	INFO	SvTableMsgReceiver Thread-18572	Thread.getStackTrace(1559)	recieve message cmdcode:12639
2026-03-06 16:40:45	INFO	SvTableMsgReceiver Thread-41889	Thread.getStackTrace(1559)	recieve message cmdcode:12639
2026-03-06 16:40:46	INFO	AWT-EventQueue-0	Thread.getStackTrace(1559)	unregister slip, view id : 16587201
2026-03-06 16:40:46	INFO	AWT-EventQueue-0	Thread.getStackTrace(1559)	unregister slip progress, view id : 16587201
2026-03-06 16:40:46	INFO	AWT-EventQueue-0	Thread.getStackTrace(1559)	create new SvTablePanel instance, view id :26773661
2026-03-06 16:40:46	INFO	AWT-EventQueue-0	Thread.getStackTrace(1559)	register slip progress, view id : 26773661
2026-03-06 16:40:46	INFO	SlipWinThread_com.huawei.u2000.ucbb.table.slip.SlipTableMsgService	Thread.getStackTrace(1559)	register slip , return result/ view id : 1 / 26773661
2026-03-06 16:40:46	INFO	AWT-EventQueue-0	Thread.getStackTrace(1559)	unregister slip, view id : 26773661
2026-03-06 16:40:46	INFO	AWT-EventQueue-0	Thread.getStackTrace(1559)	unregister slip progress, view id : 26773661
2026-03-06 16:40:47	INFO	AWT-EventQueue-0	Thread.getStackTrace(1559)	create new SvTablePanel instance, view id :21027228
2026-03-06 16:40:47	INFO	AWT-EventQueue-0	Thread.getStackTrace(1559)	register slip progress, view id : 21027228
2026-03-06 16:40:47	INFO	SlipWinThread_com.huawei.u2000.ucbb.table.slip.SlipTableMsgService	Thread.getStackTrace(1559)	register slip , return result/ view id : 1 / 21027228
2026-03-06 16:40:47	INFO	AWT-EventQueue-0	Thread.getStackTrace(1559)	unregister slip, view id : 21027228
2026-03-06 16:40:47	INFO	AWT-EventQueue-0	Thread.getStackTrace(1559)	unregister slip progress, view id : 21027228
2026-03-06 16:40:47	INFO	SvTableMsgReceiver Thread-18572	Thread.getStackTrace(1559)	recieve message cmdcode:12639
2026-03-06 16:40:47	INFO	SvTableMsgReceiver Thread-18572	Thread.getStackTrace(1559)	can not find SvTablePanel : 26773661
2026-03-06 16:40:47	INFO	AWT-EventQueue-0	Thread.getStackTrace(1559)	create new SvTablePanel instance, view id :16730060
2026-03-06 16:40:47	INFO	AWT-EventQueue-0	Thread.getStackTrace(1559)	register slip progress, view id : 16730060
2026-03-06 16:40:47	INFO	SlipWinThread_com.huawei.u2000.ucbb.table.slip.SlipTableMsgService	Thread.getStackTrace(1559)	register slip , return result/ view id : 1 / 16730060
2026-03-06 16:40:48	INFO	SvTableMsgReceiver Thread-18572	Thread.getStackTrace(1559)	recieve message cmdcode:12639
2026-03-06 16:40:48	INFO	SvTableMsgReceiver Thread-18572	Thread.getStackTrace(1559)	can not find SvTablePanel : 21027228
2026-03-06 16:40:48	INFO	SvTableMsgReceiver Thread-42121	Thread.getStackTrace(1559)	recieve message cmdcode:12639
2026-03-06 16:40:48	INFO	SvTableMsgReceiver Thread-42121	Thread.getStackTrace(1559)	can not find SvTablePanel : 21027228
2026-03-06 16:40:48	INFO	SvTableMsgReceiver Thread-18572	Thread.getStackTrace(1559)	recieve message cmdcode:12639
2026-03-06 16:40:48	INFO	SvTableMsgReceiver Thread-42121	Thread.getStackTrace(1559)	recieve message cmdcode:12639
2026-03-06 16:41:06	INFO	AWT-EventQueue-0	Thread.getStackTrace(1559)	unregister slip, view id : 16730060
2026-03-06 16:41:06	INFO	AWT-EventQueue-0	Thread.getStackTrace(1559)	unregister slip progress, view id : 16730060
2026-03-06 16:41:06	INFO	AWT-EventQueue-0	Thread.getStackTrace(1559)	create new SvTablePanel instance, view id :32667462
2026-03-06 16:41:06	INFO	AWT-EventQueue-0	Thread.getStackTrace(1559)	register slip progress, view id : 32667462
2026-03-06 16:41:06	INFO	SlipWinThread_com.huawei.u2000.ucbb.table.slip.SlipTableMsgService	Thread.getStackTrace(1559)	register slip , return result/ view id : 1 / 32667462
2026-03-06 16:41:07	INFO	AWT-EventQueue-0	Thread.getStackTrace(1559)	unregister slip, view id : 32667462
2026-03-06 16:41:07	INFO	AWT-EventQueue-0	Thread.getStackTrace(1559)	unregister slip progress, view id : 32667462
2026-03-06 16:41:07	INFO	AWT-EventQueue-0	Thread.getStackTrace(1559)	create new SvTablePanel instance, view id :21163739
2026-03-06 16:41:07	INFO	SvTableMsgReceiver Thread-18572	Thread.getStackTrace(1559)	recieve message cmdcode:12639
2026-03-06 16:41:07	INFO	SvTableMsgReceiver Thread-18572	Thread.getStackTrace(1559)	can not find SvTablePanel : 32667462
2026-03-06 16:41:07	INFO	AWT-EventQueue-0	Thread.getStackTrace(1559)	register slip progress, view id : 21163739
2026-03-06 16:41:07	INFO	SlipWinThread_com.huawei.u2000.ucbb.table.slip.SlipTableMsgService	Thread.getStackTrace(1559)	register slip , return result/ view id : 1 / 21163739
2026-03-06 16:41:08	INFO	SvTableMsgReceiver Thread-18572	Thread.getStackTrace(1559)	recieve message cmdcode:12639
2026-03-06 16:41:08	INFO	SvTableMsgReceiver Thread-42445	Thread.getStackTrace(1559)	recieve message cmdcode:12639
2026-03-06 16:41:24	INFO	AWT-EventQueue-0	Thread.getStackTrace(1559)	unregister slip, view id : 21163739
2026-03-06 16:41:24	INFO	AWT-EventQueue-0	Thread.getStackTrace(1559)	unregister slip progress, view id : 21163739
2026-03-06 16:41:25	INFO	SvTableMsgReceiver Thread-18572	Thread.getStackTrace(1559)	recieve message cmdcode:12639
2026-03-06 16:41:25	INFO	SvTableMsgReceiver Thread-18572	Thread.getStackTrace(1559)	can not find SvTablePanel : 21163739
2026-03-06 16:41:29	INFO	AWT-EventQueue-0	Thread.getStackTrace(1559)	create new SvTablePanel instance, view id :998485
2026-03-06 16:41:29	INFO	AWT-EventQueue-0	Thread.getStackTrace(1559)	register slip progress, view id : 998485
2026-03-06 16:41:29	INFO	SlipWinThread_com.huawei.u2000.ucbb.table.slip.SlipTableMsgService	Thread.getStackTrace(1559)	register slip , return result/ view id : 1 / 998485
2026-03-06 16:41:31	INFO	SvTableMsgReceiver Thread-18572	Thread.getStackTrace(1559)	recieve message cmdcode:12639
2026-03-06 16:41:31	INFO	SvTableMsgReceiver Thread-42839	Thread.getStackTrace(1559)	recieve message cmdcode:12639
2026-03-06 16:41:52	INFO	AWT-EventQueue-0	Thread.getStackTrace(1559)	unregister slip, view id : 998485
2026-03-06 16:41:52	INFO	AWT-EventQueue-0	Thread.getStackTrace(1559)	unregister slip progress, view id : 998485
2026-03-06 16:41:52	INFO	AWT-EventQueue-0	Thread.getStackTrace(1559)	create new SvTablePanel instance, view id :3642036
2026-03-06 16:41:52	INFO	AWT-EventQueue-0	Thread.getStackTrace(1559)	register slip progress, view id : 3642036
2026-03-06 16:41:52	INFO	SlipWinThread_com.huawei.u2000.ucbb.table.slip.SlipTableMsgService	Thread.getStackTrace(1559)	register slip , return result/ view id : 1 / 3642036
2026-03-06 16:41:53	INFO	SvTableMsgReceiver Thread-18572	Thread.getStackTrace(1559)	recieve message cmdcode:12639
2026-03-06 16:41:53	INFO	SvTableMsgReceiver Thread-43071	Thread.getStackTrace(1559)	recieve message cmdcode:12639
2026-03-06 16:44:15	INFO	SvTableMsgReceiver Thread-18572	Thread.getStackTrace(1559)	recieve message cmdcode:12639
2026-03-06 16:44:15	INFO	SvTableMsgReceiver Thread-43071	Thread.getStackTrace(1559)	recieve message cmdcode:12639
2026-03-06 16:45:04	INFO	AWT-EventQueue-0	Thread.getStackTrace(1559)	create new SvTablePanel instance, view id :7995854
2026-03-06 16:45:04	INFO	AWT-EventQueue-0	Thread.getStackTrace(1559)	register slip progress, view id : 7995854
2026-03-06 16:45:04	INFO	SlipWinThread_com.huawei.u2000.ucbb.table.slip.SlipTableMsgService	Thread.getStackTrace(1559)	register slip , return result/ view id : 1 / 7995854
2026-03-06 16:45:04	INFO	AWT-EventQueue-0	Thread.getStackTrace(1559)	unregister slip, view id : 982105
2026-03-06 16:45:04	INFO	AWT-EventQueue-0	Thread.getStackTrace(1559)	unregister slip progress, view id : 982105
2026-03-06 16:45:05	INFO	AWT-EventQueue-0	Thread.getStackTrace(1559)	create new SvTablePanel instance, view id :33123822
2026-03-06 16:45:05	INFO	AWT-EventQueue-0	Thread.getStackTrace(1559)	register slip progress, view id : 33123822
2026-03-06 16:45:05	INFO	SlipWinThread_com.huawei.u2000.ucbb.table.slip.SlipTableMsgService	Thread.getStackTrace(1559)	register slip , return result/ view id : 1 / 33123822
2026-03-06 16:45:05	INFO	AWT-EventQueue-0	Thread.getStackTrace(1559)	unregister slip, view id : 7995854
2026-03-06 16:45:05	INFO	AWT-EventQueue-0	Thread.getStackTrace(1559)	unregister slip progress, view id : 7995854
2026-03-06 16:45:06	INFO	AWT-EventQueue-0	Thread.getStackTrace(1559)	create new SvTablePanel instance, view id :17497791
2026-03-06 16:45:06	INFO	AWT-EventQueue-0	Thread.getStackTrace(1559)	register slip progress, view id : 17497791
2026-03-06 16:45:06	INFO	SlipWinThread_com.huawei.u2000.ucbb.table.slip.SlipTableMsgService	Thread.getStackTrace(1559)	register slip , return result/ view id : 1 / 17497791
2026-03-06 16:45:06	INFO	AWT-EventQueue-0	Thread.getStackTrace(1559)	unregister slip, view id : 33123822
2026-03-06 16:45:06	INFO	AWT-EventQueue-0	Thread.getStackTrace(1559)	unregister slip progress, view id : 33123822
2026-03-06 16:45:06	INFO	AWT-EventQueue-0	Thread.getStackTrace(1559)	create new SvTablePanel instance, view id :14237055
2026-03-06 16:45:07	INFO	AWT-EventQueue-0	Thread.getStackTrace(1559)	register slip progress, view id : 14237055
2026-03-06 16:45:07	INFO	SlipWinThread_com.huawei.u2000.ucbb.table.slip.SlipTableMsgService	Thread.getStackTrace(1559)	register slip , return result/ view id : 1 / 14237055
2026-03-06 16:45:07	INFO	AWT-EventQueue-0	Thread.getStackTrace(1559)	unregister slip, view id : 17497791
2026-03-06 16:45:07	INFO	AWT-EventQueue-0	Thread.getStackTrace(1559)	unregister slip progress, view id : 17497791
2026-03-06 16:45:07	INFO	AWT-EventQueue-0	Thread.getStackTrace(1559)	create new SvTablePanel instance, view id :10567552
2026-03-06 16:45:07	INFO	AWT-EventQueue-0	Thread.getStackTrace(1559)	register slip progress, view id : 10567552
2026-03-06 16:45:07	INFO	SlipWinThread_com.huawei.u2000.ucbb.table.slip.SlipTableMsgService	Thread.getStackTrace(1559)	register slip , return result/ view id : 1 / 10567552
2026-03-06 16:45:07	INFO	AWT-EventQueue-0	Thread.getStackTrace(1559)	unregister slip, view id : 14237055
2026-03-06 16:45:07	INFO	AWT-EventQueue-0	Thread.getStackTrace(1559)	unregister slip progress, view id : 14237055
2026-03-06 16:45:08	INFO	AWT-EventQueue-0	Thread.getStackTrace(1559)	create new SvTablePanel instance, view id :5497913
2026-03-06 16:45:08	INFO	AWT-EventQueue-0	Thread.getStackTrace(1559)	register slip progress, view id : 5497913
2026-03-06 16:45:08	INFO	SlipWinThread_com.huawei.u2000.ucbb.table.slip.SlipTableMsgService	Thread.getStackTrace(1559)	register slip , return result/ view id : 1 / 5497913
2026-03-06 16:45:08	INFO	AWT-EventQueue-0	Thread.getStackTrace(1559)	unregister slip, view id : 10567552
2026-03-06 16:45:08	INFO	AWT-EventQueue-0	Thread.getStackTrace(1559)	unregister slip progress, view id : 10567552
2026-03-06 16:50:04	INFO	SvTableMsgReceiver Thread-43071	Thread.getStackTrace(1559)	recieve message cmdcode:12639
2026-03-06 16:50:04	INFO	SvTableMsgReceiver Thread-47671	Thread.getStackTrace(1559)	recieve message cmdcode:12639
2026-03-06 16:50:33	INFO	AWT-EventQueue-0	Thread.getStackTrace(1559)	create new SvTablePanel instance, view id :33303888
2026-03-06 16:50:33	INFO	AWT-EventQueue-0	Thread.getStackTrace(1559)	register slip progress, view id : 33303888
2026-03-06 16:50:33	INFO	SlipWinThread_com.huawei.u2000.ucbb.table.slip.SlipTableMsgService	Thread.getStackTrace(1559)	register slip , return result/ view id : 1 / 33303888
2026-03-06 16:50:34	INFO	SvTableMsgReceiver Thread-43071	Thread.getStackTrace(1559)	recieve message cmdcode:12639
2026-03-06 16:50:34	INFO	SvTableMsgReceiver Thread-47671	Thread.getStackTrace(1559)	recieve message cmdcode:12639
2026-03-06 16:50:34	INFO	SvTableMsgReceiver Thread-52232	Thread.getStackTrace(1559)	recieve message cmdcode:12639
2026-03-06 16:55:01	INFO	AWT-EventQueue-0	Thread.getStackTrace(1559)	create new SvTablePanel instance, view id :4403455
2026-03-06 16:55:01	INFO	AWT-EventQueue-0	Thread.getStackTrace(1559)	register slip progress, view id : 4403455
2026-03-06 16:55:01	INFO	SlipWinThread_com.huawei.u2000.ucbb.table.slip.SlipTableMsgService	Thread.getStackTrace(1559)	register slip , return result/ view id : 1 / 4403455
2026-03-06 16:55:01	INFO	AWT-EventQueue-0	Thread.getStackTrace(1559)	unregister slip, view id : 5497913
2026-03-06 16:55:01	INFO	AWT-EventQueue-0	Thread.getStackTrace(1559)	unregister slip progress, view id : 5497913
2026-03-06 16:55:45	INFO	AWT-EventQueue-0	Thread.getStackTrace(1559)	unregister slip, view id : 3642036
2026-03-06 16:55:45	INFO	AWT-EventQueue-0	Thread.getStackTrace(1559)	unregister slip progress, view id : 3642036
2026-03-06 16:56:11	INFO	AWT-EventQueue-0	Thread.getStackTrace(1559)	create new SvTablePanel instance, view id :1972062
2026-03-06 16:56:11	INFO	AWT-EventQueue-0	Thread.getStackTrace(1559)	register slip progress, view id : 1972062
2026-03-06 16:56:11	INFO	SlipWinThread_com.huawei.u2000.ucbb.table.slip.SlipTableMsgService	Thread.getStackTrace(1559)	register slip , return result/ view id : 1 / 1972062
2026-03-06 16:56:12	INFO	SvTableMsgReceiver Thread-52232	Thread.getStackTrace(1559)	recieve message cmdcode:12639
2026-03-06 16:56:12	INFO	SvTableMsgReceiver Thread-58146	Thread.getStackTrace(1559)	recieve message cmdcode:12639
2026-03-06 16:56:12	INFO	SvTableMsgReceiver Thread-63084	Thread.getStackTrace(1559)	recieve message cmdcode:12639
2026-03-06 16:58:36	INFO	AWT-EventQueue-0	Thread.getStackTrace(1559)	unregister slip, view id : 1972062
2026-03-06 16:58:36	INFO	AWT-EventQueue-0	Thread.getStackTrace(1559)	unregister slip progress, view id : 1972062
2026-03-06 17:05:06	INFO	AWT-EventQueue-0	Thread.getStackTrace(1559)	create new SvTablePanel instance, view id :23431833
2026-03-06 17:05:06	INFO	AWT-EventQueue-0	Thread.getStackTrace(1559)	register slip progress, view id : 23431833
2026-03-06 17:05:06	INFO	SlipWinThread_com.huawei.u2000.pf.frame.ui.slipTable.SlipTableMsgService	Thread.getStackTrace(1559)	register slip , return result/ view id : 1 / 23431833
2026-03-06 17:05:07	INFO	SvTableMsgReceiver Thread-52232	Thread.getStackTrace(1559)	recieve message cmdcode:12639
2026-03-06 17:05:07	INFO	SvTableMsgReceiver Thread-58146	Thread.getStackTrace(1559)	recieve message cmdcode:12639
2026-03-06 17:05:07	INFO	SvTableMsgReceiver Thread-82084	Thread.getStackTrace(1559)	recieve message cmdcode:12639
2026-03-06 17:05:14	INFO	pool-14-thread-8	Thread.getStackTrace(1559)	unregister slip, view id : 23431833
2026-03-06 17:05:14	INFO	pool-14-thread-8	Thread.getStackTrace(1559)	unregister slip progress, view id : 23431833
2026-03-06 17:05:15	INFO	AWT-EventQueue-0	Thread.getStackTrace(1559)	create new SvTablePanel instance, view id :31030167
2026-03-06 17:05:15	INFO	AWT-EventQueue-0	Thread.getStackTrace(1559)	register slip progress, view id : 31030167
2026-03-06 17:05:15	INFO	SlipWinThread_com.huawei.u2000.pf.frame.ui.slipTable.SlipTableMsgService	Thread.getStackTrace(1559)	register slip , return result/ view id : 1 / 31030167
2026-03-06 17:05:16	INFO	SvTableMsgReceiver Thread-52232	Thread.getStackTrace(1559)	recieve message cmdcode:12639
2026-03-06 17:05:16	INFO	SvTableMsgReceiver Thread-58146	Thread.getStackTrace(1559)	recieve message cmdcode:12639
2026-03-06 17:05:16	INFO	SvTableMsgReceiver Thread-82917	Thread.getStackTrace(1559)	recieve message cmdcode:12639
2026-03-06 17:05:17	INFO	pool-14-thread-8	Thread.getStackTrace(1559)	unregister slip, view id : 31030167
2026-03-06 17:05:17	INFO	pool-14-thread-8	Thread.getStackTrace(1559)	unregister slip progress, view id : 31030167
2026-03-06 17:05:19	INFO	AWT-EventQueue-0	Thread.getStackTrace(1559)	create new SvTablePanel instance, view id :18537235
2026-03-06 17:05:19	INFO	AWT-EventQueue-0	Thread.getStackTrace(1559)	register slip progress, view id : 18537235
2026-03-06 17:05:19	INFO	SlipWinThread_com.huawei.u2000.pf.frame.ui.slipTable.SlipTableMsgService	Thread.getStackTrace(1559)	register slip , return result/ view id : 1 / 18537235
2026-03-06 17:05:20	INFO	SvTableMsgReceiver Thread-52232	Thread.getStackTrace(1559)	recieve message cmdcode:12639
2026-03-06 17:05:20	INFO	SvTableMsgReceiver Thread-58146	Thread.getStackTrace(1559)	recieve message cmdcode:12639
2026-03-06 17:05:20	INFO	SvTableMsgReceiver Thread-83381	Thread.getStackTrace(1559)	recieve message cmdcode:12639
2026-03-06 17:05:22	INFO	pool-14-thread-8	Thread.getStackTrace(1559)	unregister slip, view id : 18537235
2026-03-06 17:05:22	INFO	pool-14-thread-8	Thread.getStackTrace(1559)	unregister slip progress, view id : 18537235
2026-03-06 17:05:30	INFO	SvTableMsgReceiver Thread-52232	Thread.getStackTrace(1559)	recieve message cmdcode:12639
2026-03-06 17:05:30	INFO	SvTableMsgReceiver Thread-58146	Thread.getStackTrace(1559)	recieve message cmdcode:12639
2026-03-06 17:05:30	INFO	SvTableMsgReceiver Thread-58146	Thread.getStackTrace(1559)	can not find SvTablePanel : 16947627
2026-03-06 17:05:30	INFO	SvTableMsgReceiver Thread-52232	Thread.getStackTrace(1559)	can not find SvTablePanel : 16947627
2026-03-06 17:05:33	INFO	SvTableMsgReceiver Thread-52232	Thread.getStackTrace(1559)	recieve message cmdcode:12639
2026-03-06 17:05:33	INFO	SvTableMsgReceiver Thread-52232	Thread.getStackTrace(1559)	can not find SvTablePanel : 2822746
2026-03-06 17:05:33	INFO	SvTableMsgReceiver Thread-58146	Thread.getStackTrace(1559)	recieve message cmdcode:12639
2026-03-06 17:05:33	INFO	SvTableMsgReceiver Thread-58146	Thread.getStackTrace(1559)	can not find SvTablePanel : 2822746
2026-03-06 17:05:49	INFO	AWT-EventQueue-0	Thread.getStackTrace(1559)	create new SvTablePanel instance, view id :13056119
2026-03-06 17:05:49	INFO	AWT-EventQueue-0	Thread.getStackTrace(1559)	register slip progress, view id : 13056119
2026-03-06 17:05:49	INFO	SlipWinThread_com.huawei.u2000.ucbb.table.slip.SlipTableMsgService	Thread.getStackTrace(1559)	register slip , return result/ view id : 1 / 13056119
2026-03-06 17:06:33	INFO	SvTableMsgReceiver Thread-52232	Thread.getStackTrace(1559)	recieve message cmdcode:12639
2026-03-06 17:06:33	INFO	SvTableMsgReceiver Thread-58146	Thread.getStackTrace(1559)	recieve message cmdcode:12639
2026-03-06 17:06:33	INFO	SvTableMsgReceiver Thread-86283	Thread.getStackTrace(1559)	recieve message cmdcode:12639
2026-03-06 17:06:52	INFO	AWT-EventQueue-0	Thread.getStackTrace(1559)	unregister slip, view id : 13056119
2026-03-06 17:06:52	INFO	AWT-EventQueue-0	Thread.getStackTrace(1559)	unregister slip progress, view id : 13056119
2026-03-06 17:06:52	INFO	AWT-EventQueue-0	Thread.getStackTrace(1559)	create new SvTablePanel instance, view id :32375691
2026-03-06 17:06:52	INFO	AWT-EventQueue-0	Thread.getStackTrace(1559)	register slip progress, view id : 32375691
2026-03-06 17:06:52	INFO	SlipWinThread_com.huawei.u2000.ucbb.table.slip.SlipTableMsgService	Thread.getStackTrace(1559)	register slip , return result/ view id : 1 / 32375691
2026-03-06 17:06:53	INFO	SvTableMsgReceiver Thread-52232	Thread.getStackTrace(1559)	recieve message cmdcode:12639
2026-03-06 17:06:53	INFO	SvTableMsgReceiver Thread-58146	Thread.getStackTrace(1559)	recieve message cmdcode:12639
2026-03-06 17:06:53	INFO	SvTableMsgReceiver Thread-90157	Thread.getStackTrace(1559)	recieve message cmdcode:12639
2026-03-06 17:11:00	INFO	SvTableMsgReceiver Thread-52232	Thread.getStackTrace(1559)	recieve message cmdcode:12639
2026-03-06 17:11:00	INFO	SvTableMsgReceiver Thread-58146	Thread.getStackTrace(1559)	recieve message cmdcode:12639
2026-03-06 17:11:00	INFO	SvTableMsgReceiver Thread-90157	Thread.getStackTrace(1559)	recieve message cmdcode:12639
2026-03-06 17:11:01	INFO	AWT-EventQueue-0	Thread.getStackTrace(1559)	unregister slip, view id : 32375691
2026-03-06 17:11:01	INFO	AWT-EventQueue-0	Thread.getStackTrace(1559)	unregister slip progress, view id : 32375691
2026-03-06 17:13:17	INFO	AWT-EventQueue-0	Thread.getStackTrace(1559)	create new SvTablePanel instance, view id :18475364
2026-03-06 17:13:17	INFO	AWT-EventQueue-0	Thread.getStackTrace(1559)	register slip progress, view id : 18475364
2026-03-06 17:13:17	INFO	SlipWinThread_com.huawei.u2000.ucbb.table.slip.SlipTableMsgService	Thread.getStackTrace(1559)	register slip , return result/ view id : 1 / 18475364
2026-03-06 17:13:18	INFO	SvTableMsgReceiver Thread-52232	Thread.getStackTrace(1559)	recieve message cmdcode:12639
2026-03-06 17:13:18	INFO	SvTableMsgReceiver Thread-58146	Thread.getStackTrace(1559)	recieve message cmdcode:12639
2026-03-06 17:13:18	INFO	SvTableMsgReceiver Thread-96042	Thread.getStackTrace(1559)	recieve message cmdcode:12639
2026-03-06 17:13:42	INFO	AWT-EventQueue-0	Thread.getStackTrace(1559)	unregister slip, view id : 18475364
2026-03-06 17:13:42	INFO	AWT-EventQueue-0	Thread.getStackTrace(1559)	unregister slip progress, view id : 18475364
2026-03-06 17:13:49	INFO	AWT-EventQueue-0	Thread.getStackTrace(1559)	create new SvTablePanel instance, view id :29430965
2026-03-06 17:13:49	INFO	AWT-EventQueue-0	Thread.getStackTrace(1559)	register slip progress, view id : 29430965
2026-03-06 17:13:49	INFO	SlipWinThread_com.huawei.u2000.pf.frame.ui.slipTable.SlipTableMsgService	Thread.getStackTrace(1559)	register slip , return result/ view id : 1 / 29430965
2026-03-06 17:13:51	INFO	SvTableMsgReceiver Thread-52232	Thread.getStackTrace(1559)	recieve message cmdcode:12639
2026-03-06 17:13:51	INFO	SvTableMsgReceiver Thread-58146	Thread.getStackTrace(1559)	recieve message cmdcode:12639
2026-03-06 17:13:51	INFO	SvTableMsgReceiver Thread-97752	Thread.getStackTrace(1559)	recieve message cmdcode:12639
2026-03-06 17:13:51	INFO	pool-14-thread-11	Thread.getStackTrace(1559)	unregister slip, view id : 29430965
2026-03-06 17:13:51	INFO	pool-14-thread-11	Thread.getStackTrace(1559)	unregister slip progress, view id : 29430965
2026-03-06 17:14:24	INFO	AWT-EventQueue-0	Thread.getStackTrace(1559)	create new SvTablePanel instance, view id :849445
2026-03-06 17:14:24	INFO	AWT-EventQueue-0	Thread.getStackTrace(1559)	register slip progress, view id : 849445
2026-03-06 17:14:24	INFO	SlipWinThread_com.huawei.u2000.pf.frame.ui.slipTable.SlipTableMsgService	Thread.getStackTrace(1559)	register slip , return result/ view id : 1 / 849445
2026-03-06 17:14:25	INFO	SvTableMsgReceiver Thread-52232	Thread.getStackTrace(1559)	recieve message cmdcode:12639
2026-03-06 17:14:25	INFO	SvTableMsgReceiver Thread-58146	Thread.getStackTrace(1559)	recieve message cmdcode:12639
2026-03-06 17:14:25	INFO	SvTableMsgReceiver Thread-100665	Thread.getStackTrace(1559)	recieve message cmdcode:12639
2026-03-06 17:14:26	INFO	pool-14-thread-13	Thread.getStackTrace(1559)	unregister slip, view id : 849445
2026-03-06 17:14:26	INFO	pool-14-thread-13	Thread.getStackTrace(1559)	unregister slip progress, view id : 849445
2026-03-06 17:14:27	INFO	AWT-EventQueue-0	Thread.getStackTrace(1559)	create new SvTablePanel instance, view id :1304970
2026-03-06 17:14:27	INFO	AWT-EventQueue-0	Thread.getStackTrace(1559)	register slip progress, view id : 1304970
2026-03-06 17:14:27	INFO	SlipWinThread_com.huawei.u2000.pf.frame.ui.slipTable.SlipTableMsgService	Thread.getStackTrace(1559)	register slip , return result/ view id : 1 / 1304970
2026-03-06 17:14:28	INFO	SvTableMsgReceiver Thread-52232	Thread.getStackTrace(1559)	recieve message cmdcode:12639
2026-03-06 17:14:28	INFO	SvTableMsgReceiver Thread-58146	Thread.getStackTrace(1559)	recieve message cmdcode:12639
2026-03-06 17:14:28	INFO	SvTableMsgReceiver Thread-101105	Thread.getStackTrace(1559)	recieve message cmdcode:12639
2026-03-06 17:14:29	INFO	pool-14-thread-13	Thread.getStackTrace(1559)	unregister slip, view id : 1304970
2026-03-06 17:14:29	INFO	pool-14-thread-13	Thread.getStackTrace(1559)	unregister slip progress, view id : 1304970
2026-03-06 17:14:38	INFO	SvTableMsgReceiver Thread-52232	Thread.getStackTrace(1559)	recieve message cmdcode:12639
2026-03-06 17:14:38	INFO	SvTableMsgReceiver Thread-58146	Thread.getStackTrace(1559)	recieve message cmdcode:12639
2026-03-06 17:14:38	INFO	SvTableMsgReceiver Thread-58146	Thread.getStackTrace(1559)	can not find SvTablePanel : 5809898
2026-03-06 17:14:38	INFO	SvTableMsgReceiver Thread-52232	Thread.getStackTrace(1559)	can not find SvTablePanel : 5809898
2026-03-06 17:14:41	INFO	SvTableMsgReceiver Thread-52232	Thread.getStackTrace(1559)	recieve message cmdcode:12639
2026-03-06 17:14:41	INFO	SvTableMsgReceiver Thread-58146	Thread.getStackTrace(1559)	recieve message cmdcode:12639
2026-03-06 17:14:41	INFO	SvTableMsgReceiver Thread-52232	Thread.getStackTrace(1559)	can not find SvTablePanel : 4912153
2026-03-06 17:14:41	INFO	SvTableMsgReceiver Thread-58146	Thread.getStackTrace(1559)	can not find SvTablePanel : 4912153
2026-03-06 17:14:58	INFO	AWT-EventQueue-0	Thread.getStackTrace(1559)	create new SvTablePanel instance, view id :9689948
2026-03-06 17:14:58	INFO	AWT-EventQueue-0	Thread.getStackTrace(1559)	register slip progress, view id : 9689948
2026-03-06 17:14:58	INFO	SlipWinThread_com.huawei.u2000.ucbb.table.slip.SlipTableMsgService	Thread.getStackTrace(1559)	register slip , return result/ view id : 1 / 9689948
2026-03-06 17:15:12	INFO	AWT-EventQueue-0	Thread.getStackTrace(1559)	unregister slip, view id : 9689948
2026-03-06 17:15:12	INFO	AWT-EventQueue-0	Thread.getStackTrace(1559)	unregister slip progress, view id : 9689948
2026-03-06 17:15:13	INFO	AWT-EventQueue-0	Thread.getStackTrace(1559)	create new SvTablePanel instance, view id :7530467
2026-03-06 17:15:13	INFO	AWT-EventQueue-0	Thread.getStackTrace(1559)	register slip progress, view id : 7530467
2026-03-06 17:15:13	INFO	SlipWinThread_com.huawei.u2000.ucbb.table.slip.SlipTableMsgService	Thread.getStackTrace(1559)	register slip , return result/ view id : 1 / 7530467
2026-03-06 17:15:49	INFO	SvTableMsgReceiver Thread-52232	Thread.getStackTrace(1559)	recieve message cmdcode:12639
2026-03-06 17:15:49	INFO	SvTableMsgReceiver Thread-58146	Thread.getStackTrace(1559)	recieve message cmdcode:12639
2026-03-06 17:15:49	INFO	SvTableMsgReceiver Thread-105068	Thread.getStackTrace(1559)	recieve message cmdcode:12639
2026-03-06 17:17:59	INFO	SvTableMsgReceiver Thread-52232	Thread.getStackTrace(1559)	recieve message cmdcode:12639
2026-03-06 17:17:59	INFO	SvTableMsgReceiver Thread-58146	Thread.getStackTrace(1559)	recieve message cmdcode:12639
2026-03-06 17:17:59	INFO	SvTableMsgReceiver Thread-105068	Thread.getStackTrace(1559)	recieve message cmdcode:12639
2026-03-06 17:20:35	INFO	SvTableMsgReceiver Thread-52232	Thread.getStackTrace(1559)	recieve message cmdcode:12639
2026-03-06 17:20:35	INFO	SvTableMsgReceiver Thread-58146	Thread.getStackTrace(1559)	recieve message cmdcode:12639
2026-03-06 17:20:35	INFO	SvTableMsgReceiver Thread-105068	Thread.getStackTrace(1559)	recieve message cmdcode:12639
2026-03-06 17:20:50	INFO	SvTableMsgReceiver Thread-52232	Thread.getStackTrace(1559)	recieve message cmdcode:12639
2026-03-06 17:20:50	INFO	SvTableMsgReceiver Thread-58146	Thread.getStackTrace(1559)	recieve message cmdcode:12639
2026-03-06 17:20:50	INFO	SvTableMsgReceiver Thread-105068	Thread.getStackTrace(1559)	recieve message cmdcode:12639
2026-03-06 17:21:03	INFO	SvTableMsgReceiver Thread-52232	Thread.getStackTrace(1559)	recieve message cmdcode:12639
2026-03-06 17:21:03	INFO	SvTableMsgReceiver Thread-58146	Thread.getStackTrace(1559)	recieve message cmdcode:12639
2026-03-06 17:21:03	INFO	SvTableMsgReceiver Thread-105068	Thread.getStackTrace(1559)	recieve message cmdcode:12639
2026-03-06 17:21:05	INFO	SvTableMsgReceiver Thread-52232	Thread.getStackTrace(1559)	recieve message cmdcode:12639
2026-03-06 17:21:05	INFO	SvTableMsgReceiver Thread-58146	Thread.getStackTrace(1559)	recieve message cmdcode:12639
2026-03-06 17:21:05	INFO	SvTableMsgReceiver Thread-105068	Thread.getStackTrace(1559)	recieve message cmdcode:12639
2026-03-06 17:21:07	INFO	SvTableMsgReceiver Thread-52232	Thread.getStackTrace(1559)	recieve message cmdcode:12639
2026-03-06 17:21:07	INFO	SvTableMsgReceiver Thread-58146	Thread.getStackTrace(1559)	recieve message cmdcode:12639
2026-03-06 17:21:07	INFO	SvTableMsgReceiver Thread-105068	Thread.getStackTrace(1559)	recieve message cmdcode:12639
2026-03-06 17:21:08	INFO	SvTableMsgReceiver Thread-52232	Thread.getStackTrace(1559)	recieve message cmdcode:12639
2026-03-06 17:21:08	INFO	SvTableMsgReceiver Thread-58146	Thread.getStackTrace(1559)	recieve message cmdcode:12639
2026-03-06 17:21:08	INFO	SvTableMsgReceiver Thread-105068	Thread.getStackTrace(1559)	recieve message cmdcode:12639
2026-03-06 17:21:10	INFO	SvTableMsgReceiver Thread-52232	Thread.getStackTrace(1559)	recieve message cmdcode:12639
2026-03-06 17:21:10	INFO	SvTableMsgReceiver Thread-58146	Thread.getStackTrace(1559)	recieve message cmdcode:12639
2026-03-06 17:21:10	INFO	SvTableMsgReceiver Thread-105068	Thread.getStackTrace(1559)	recieve message cmdcode:12639
2026-03-06 17:21:12	INFO	SvTableMsgReceiver Thread-52232	Thread.getStackTrace(1559)	recieve message cmdcode:12639
2026-03-06 17:21:12	INFO	SvTableMsgReceiver Thread-58146	Thread.getStackTrace(1559)	recieve message cmdcode:12639
2026-03-06 17:21:12	INFO	SvTableMsgReceiver Thread-105068	Thread.getStackTrace(1559)	recieve message cmdcode:12639
2026-03-06 17:21:13	INFO	SvTableMsgReceiver Thread-52232	Thread.getStackTrace(1559)	recieve message cmdcode:12639
2026-03-06 17:21:13	INFO	SvTableMsgReceiver Thread-58146	Thread.getStackTrace(1559)	recieve message cmdcode:12639
2026-03-06 17:21:13	INFO	SvTableMsgReceiver Thread-105068	Thread.getStackTrace(1559)	recieve message cmdcode:12639
2026-03-06 17:21:15	INFO	SvTableMsgReceiver Thread-52232	Thread.getStackTrace(1559)	recieve message cmdcode:12639
2026-03-06 17:21:15	INFO	SvTableMsgReceiver Thread-58146	Thread.getStackTrace(1559)	recieve message cmdcode:12639
2026-03-06 17:21:15	INFO	SvTableMsgReceiver Thread-105068	Thread.getStackTrace(1559)	recieve message cmdcode:12639
2026-03-06 17:21:16	INFO	SvTableMsgReceiver Thread-52232	Thread.getStackTrace(1559)	recieve message cmdcode:12639
2026-03-06 17:21:16	INFO	SvTableMsgReceiver Thread-58146	Thread.getStackTrace(1559)	recieve message cmdcode:12639
2026-03-06 17:21:16	INFO	SvTableMsgReceiver Thread-105068	Thread.getStackTrace(1559)	recieve message cmdcode:12639
2026-03-06 17:21:48	INFO	SvTableMsgReceiver Thread-52232	Thread.getStackTrace(1559)	recieve message cmdcode:12639
2026-03-06 17:21:48	INFO	SvTableMsgReceiver Thread-58146	Thread.getStackTrace(1559)	recieve message cmdcode:12639
2026-03-06 17:21:48	INFO	SvTableMsgReceiver Thread-105068	Thread.getStackTrace(1559)	recieve message cmdcode:12639
2026-03-06 17:21:51	INFO	SvTableMsgReceiver Thread-52232	Thread.getStackTrace(1559)	recieve message cmdcode:12639
2026-03-06 17:21:51	INFO	SvTableMsgReceiver Thread-58146	Thread.getStackTrace(1559)	recieve message cmdcode:12639
2026-03-06 17:21:51	INFO	SvTableMsgReceiver Thread-105068	Thread.getStackTrace(1559)	recieve message cmdcode:12639
2026-03-06 17:22:36	INFO	SvTableMsgReceiver Thread-52232	Thread.getStackTrace(1559)	recieve message cmdcode:12639
2026-03-06 17:22:36	INFO	SvTableMsgReceiver Thread-58146	Thread.getStackTrace(1559)	recieve message cmdcode:12639
2026-03-06 17:22:36	INFO	SvTableMsgReceiver Thread-105068	Thread.getStackTrace(1559)	recieve message cmdcode:12639
2026-03-06 17:23:07	INFO	SvTableMsgReceiver Thread-52232	Thread.getStackTrace(1559)	recieve message cmdcode:12639
2026-03-06 17:23:07	INFO	SvTableMsgReceiver Thread-58146	Thread.getStackTrace(1559)	recieve message cmdcode:12639
2026-03-06 17:23:07	INFO	SvTableMsgReceiver Thread-105068	Thread.getStackTrace(1559)	recieve message cmdcode:12639
2026-03-06 17:23:08	INFO	SvTableMsgReceiver Thread-52232	Thread.getStackTrace(1559)	recieve message cmdcode:12639
2026-03-06 17:23:08	INFO	SvTableMsgReceiver Thread-58146	Thread.getStackTrace(1559)	recieve message cmdcode:12639
2026-03-06 17:23:08	INFO	SvTableMsgReceiver Thread-105068	Thread.getStackTrace(1559)	recieve message cmdcode:12639
2026-03-06 17:23:10	INFO	SvTableMsgReceiver Thread-52232	Thread.getStackTrace(1559)	recieve message cmdcode:12639
2026-03-06 17:23:10	INFO	SvTableMsgReceiver Thread-58146	Thread.getStackTrace(1559)	recieve message cmdcode:12639
2026-03-06 17:23:10	INFO	SvTableMsgReceiver Thread-105068	Thread.getStackTrace(1559)	recieve message cmdcode:12639
2026-03-06 17:23:11	INFO	SvTableMsgReceiver Thread-52232	Thread.getStackTrace(1559)	recieve message cmdcode:12639
2026-03-06 17:23:11	INFO	SvTableMsgReceiver Thread-58146	Thread.getStackTrace(1559)	recieve message cmdcode:12639
2026-03-06 17:23:11	INFO	SvTableMsgReceiver Thread-105068	Thread.getStackTrace(1559)	recieve message cmdcode:12639
2026-03-06 17:23:13	INFO	SvTableMsgReceiver Thread-52232	Thread.getStackTrace(1559)	recieve message cmdcode:12639
2026-03-06 17:23:13	INFO	SvTableMsgReceiver Thread-58146	Thread.getStackTrace(1559)	recieve message cmdcode:12639
2026-03-06 17:23:13	INFO	SvTableMsgReceiver Thread-105068	Thread.getStackTrace(1559)	recieve message cmdcode:12639
2026-03-06 17:23:14	INFO	SvTableMsgReceiver Thread-52232	Thread.getStackTrace(1559)	recieve message cmdcode:12639
2026-03-06 17:23:14	INFO	SvTableMsgReceiver Thread-58146	Thread.getStackTrace(1559)	recieve message cmdcode:12639
2026-03-06 17:23:14	INFO	SvTableMsgReceiver Thread-105068	Thread.getStackTrace(1559)	recieve message cmdcode:12639
2026-03-06 17:23:16	INFO	SvTableMsgReceiver Thread-52232	Thread.getStackTrace(1559)	recieve message cmdcode:12639
2026-03-06 17:23:16	INFO	SvTableMsgReceiver Thread-58146	Thread.getStackTrace(1559)	recieve message cmdcode:12639
2026-03-06 17:23:16	INFO	SvTableMsgReceiver Thread-105068	Thread.getStackTrace(1559)	recieve message cmdcode:12639
2026-03-06 17:23:17	INFO	SvTableMsgReceiver Thread-52232	Thread.getStackTrace(1559)	recieve message cmdcode:12639
2026-03-06 17:23:17	INFO	SvTableMsgReceiver Thread-58146	Thread.getStackTrace(1559)	recieve message cmdcode:12639
2026-03-06 17:23:17	INFO	SvTableMsgReceiver Thread-105068	Thread.getStackTrace(1559)	recieve message cmdcode:12639
2026-03-06 17:23:18	INFO	SvTableMsgReceiver Thread-52232	Thread.getStackTrace(1559)	recieve message cmdcode:12639
2026-03-06 17:23:18	INFO	SvTableMsgReceiver Thread-58146	Thread.getStackTrace(1559)	recieve message cmdcode:12639
2026-03-06 17:23:18	INFO	SvTableMsgReceiver Thread-105068	Thread.getStackTrace(1559)	recieve message cmdcode:12639
2026-03-06 17:23:19	INFO	SvTableMsgReceiver Thread-52232	Thread.getStackTrace(1559)	recieve message cmdcode:12639
2026-03-06 17:23:19	INFO	SvTableMsgReceiver Thread-58146	Thread.getStackTrace(1559)	recieve message cmdcode:12639
2026-03-06 17:23:19	INFO	SvTableMsgReceiver Thread-105068	Thread.getStackTrace(1559)	recieve message cmdcode:12639
2026-03-06 17:23:21	INFO	SvTableMsgReceiver Thread-52232	Thread.getStackTrace(1559)	recieve message cmdcode:12639
2026-03-06 17:23:21	INFO	SvTableMsgReceiver Thread-58146	Thread.getStackTrace(1559)	recieve message cmdcode:12639
2026-03-06 17:23:21	INFO	SvTableMsgReceiver Thread-105068	Thread.getStackTrace(1559)	recieve message cmdcode:12639
2026-03-06 17:24:02	INFO	SvTableMsgReceiver Thread-52232	Thread.getStackTrace(1559)	recieve message cmdcode:12639
2026-03-06 17:24:02	INFO	SvTableMsgReceiver Thread-58146	Thread.getStackTrace(1559)	recieve message cmdcode:12639
2026-03-06 17:24:02	INFO	SvTableMsgReceiver Thread-105068	Thread.getStackTrace(1559)	recieve message cmdcode:12639
2026-03-06 17:24:05	INFO	SvTableMsgReceiver Thread-52232	Thread.getStackTrace(1559)	recieve message cmdcode:12639
2026-03-06 17:24:05	INFO	SvTableMsgReceiver Thread-58146	Thread.getStackTrace(1559)	recieve message cmdcode:12639
2026-03-06 17:24:05	INFO	SvTableMsgReceiver Thread-105068	Thread.getStackTrace(1559)	recieve message cmdcode:12639
2026-03-06 17:24:06	INFO	SvTableMsgReceiver Thread-52232	Thread.getStackTrace(1559)	recieve message cmdcode:12639
2026-03-06 17:24:06	INFO	SvTableMsgReceiver Thread-58146	Thread.getStackTrace(1559)	recieve message cmdcode:12639
2026-03-06 17:24:06	INFO	SvTableMsgReceiver Thread-105068	Thread.getStackTrace(1559)	recieve message cmdcode:12639
2026-03-06 17:24:27	INFO	SvTableMsgReceiver Thread-52232	Thread.getStackTrace(1559)	recieve message cmdcode:12639
2026-03-06 17:24:27	INFO	SvTableMsgReceiver Thread-58146	Thread.getStackTrace(1559)	recieve message cmdcode:12639
2026-03-06 17:24:27	INFO	SvTableMsgReceiver Thread-105068	Thread.getStackTrace(1559)	recieve message cmdcode:12639
2026-03-06 17:24:30	INFO	SvTableMsgReceiver Thread-52232	Thread.getStackTrace(1559)	recieve message cmdcode:12639
2026-03-06 17:24:30	INFO	SvTableMsgReceiver Thread-58146	Thread.getStackTrace(1559)	recieve message cmdcode:12639
2026-03-06 17:24:30	INFO	SvTableMsgReceiver Thread-105068	Thread.getStackTrace(1559)	recieve message cmdcode:12639
2026-03-06 17:24:32	INFO	SvTableMsgReceiver Thread-52232	Thread.getStackTrace(1559)	recieve message cmdcode:12639
2026-03-06 17:24:32	INFO	SvTableMsgReceiver Thread-58146	Thread.getStackTrace(1559)	recieve message cmdcode:12639
2026-03-06 17:24:32	INFO	SvTableMsgReceiver Thread-105068	Thread.getStackTrace(1559)	recieve message cmdcode:12639
2026-03-06 17:24:34	INFO	SvTableMsgReceiver Thread-52232	Thread.getStackTrace(1559)	recieve message cmdcode:12639
2026-03-06 17:24:34	INFO	SvTableMsgReceiver Thread-58146	Thread.getStackTrace(1559)	recieve message cmdcode:12639
2026-03-06 17:24:34	INFO	SvTableMsgReceiver Thread-105068	Thread.getStackTrace(1559)	recieve message cmdcode:12639
2026-03-06 17:24:37	INFO	SvTableMsgReceiver Thread-52232	Thread.getStackTrace(1559)	recieve message cmdcode:12639
2026-03-06 17:24:37	INFO	SvTableMsgReceiver Thread-58146	Thread.getStackTrace(1559)	recieve message cmdcode:12639
2026-03-06 17:24:37	INFO	SvTableMsgReceiver Thread-105068	Thread.getStackTrace(1559)	recieve message cmdcode:12639
2026-03-06 17:24:39	INFO	SvTableMsgReceiver Thread-52232	Thread.getStackTrace(1559)	recieve message cmdcode:12639
2026-03-06 17:24:39	INFO	SvTableMsgReceiver Thread-58146	Thread.getStackTrace(1559)	recieve message cmdcode:12639
2026-03-06 17:24:39	INFO	SvTableMsgReceiver Thread-105068	Thread.getStackTrace(1559)	recieve message cmdcode:12639
2026-03-06 17:24:40	INFO	SvTableMsgReceiver Thread-58146	Thread.getStackTrace(1559)	recieve message cmdcode:12639
2026-03-06 17:24:40	INFO	SvTableMsgReceiver Thread-52232	Thread.getStackTrace(1559)	recieve message cmdcode:12639
2026-03-06 17:24:40	INFO	SvTableMsgReceiver Thread-105068	Thread.getStackTrace(1559)	recieve message cmdcode:12639
2026-03-06 17:24:51	INFO	SvTableMsgReceiver Thread-52232	Thread.getStackTrace(1559)	recieve message cmdcode:12639
2026-03-06 17:24:51	INFO	SvTableMsgReceiver Thread-58146	Thread.getStackTrace(1559)	recieve message cmdcode:12639
2026-03-06 17:24:51	INFO	SvTableMsgReceiver Thread-105068	Thread.getStackTrace(1559)	recieve message cmdcode:12639
2026-03-06 17:24:53	INFO	SvTableMsgReceiver Thread-52232	Thread.getStackTrace(1559)	recieve message cmdcode:12639
2026-03-06 17:24:53	INFO	SvTableMsgReceiver Thread-58146	Thread.getStackTrace(1559)	recieve message cmdcode:12639
2026-03-06 17:24:53	INFO	SvTableMsgReceiver Thread-105068	Thread.getStackTrace(1559)	recieve message cmdcode:12639
2026-03-06 17:25:08	INFO	SvTableMsgReceiver Thread-52232	Thread.getStackTrace(1559)	recieve message cmdcode:12639
2026-03-06 17:25:08	INFO	SvTableMsgReceiver Thread-58146	Thread.getStackTrace(1559)	recieve message cmdcode:12639
2026-03-06 17:25:08	INFO	SvTableMsgReceiver Thread-105068	Thread.getStackTrace(1559)	recieve message cmdcode:12639
2026-03-06 17:25:09	INFO	SvTableMsgReceiver Thread-52232	Thread.getStackTrace(1559)	recieve message cmdcode:12639
2026-03-06 17:25:09	INFO	SvTableMsgReceiver Thread-58146	Thread.getStackTrace(1559)	recieve message cmdcode:12639
2026-03-06 17:25:09	INFO	SvTableMsgReceiver Thread-105068	Thread.getStackTrace(1559)	recieve message cmdcode:12639
2026-03-06 17:25:11	INFO	SvTableMsgReceiver Thread-52232	Thread.getStackTrace(1559)	recieve message cmdcode:12639
2026-03-06 17:25:11	INFO	SvTableMsgReceiver Thread-58146	Thread.getStackTrace(1559)	recieve message cmdcode:12639
2026-03-06 17:25:11	INFO	SvTableMsgReceiver Thread-105068	Thread.getStackTrace(1559)	recieve message cmdcode:12639
2026-03-06 17:25:13	INFO	SvTableMsgReceiver Thread-52232	Thread.getStackTrace(1559)	recieve message cmdcode:12639
2026-03-06 17:25:13	INFO	SvTableMsgReceiver Thread-58146	Thread.getStackTrace(1559)	recieve message cmdcode:12639
2026-03-06 17:25:13	INFO	SvTableMsgReceiver Thread-105068	Thread.getStackTrace(1559)	recieve message cmdcode:12639
2026-03-06 17:25:14	INFO	SvTableMsgReceiver Thread-52232	Thread.getStackTrace(1559)	recieve message cmdcode:12639
2026-03-06 17:25:14	INFO	SvTableMsgReceiver Thread-58146	Thread.getStackTrace(1559)	recieve message cmdcode:12639
2026-03-06 17:25:14	INFO	SvTableMsgReceiver Thread-105068	Thread.getStackTrace(1559)	recieve message cmdcode:12639
2026-03-06 17:25:16	INFO	SvTableMsgReceiver Thread-52232	Thread.getStackTrace(1559)	recieve message cmdcode:12639
2026-03-06 17:25:16	INFO	SvTableMsgReceiver Thread-58146	Thread.getStackTrace(1559)	recieve message cmdcode:12639
2026-03-06 17:25:16	INFO	SvTableMsgReceiver Thread-105068	Thread.getStackTrace(1559)	recieve message cmdcode:12639
2026-03-06 17:25:17	INFO	SvTableMsgReceiver Thread-52232	Thread.getStackTrace(1559)	recieve message cmdcode:12639
2026-03-06 17:25:17	INFO	SvTableMsgReceiver Thread-58146	Thread.getStackTrace(1559)	recieve message cmdcode:12639
2026-03-06 17:25:17	INFO	SvTableMsgReceiver Thread-105068	Thread.getStackTrace(1559)	recieve message cmdcode:12639
2026-03-06 17:25:23	INFO	SvTableMsgReceiver Thread-52232	Thread.getStackTrace(1559)	recieve message cmdcode:12639
2026-03-06 17:25:23	INFO	SvTableMsgReceiver Thread-58146	Thread.getStackTrace(1559)	recieve message cmdcode:12639
2026-03-06 17:25:23	INFO	SvTableMsgReceiver Thread-105068	Thread.getStackTrace(1559)	recieve message cmdcode:12639
2026-03-06 17:25:25	INFO	SvTableMsgReceiver Thread-52232	Thread.getStackTrace(1559)	recieve message cmdcode:12639
2026-03-06 17:25:25	INFO	SvTableMsgReceiver Thread-58146	Thread.getStackTrace(1559)	recieve message cmdcode:12639
2026-03-06 17:25:25	INFO	SvTableMsgReceiver Thread-105068	Thread.getStackTrace(1559)	recieve message cmdcode:12639
2026-03-06 17:25:26	INFO	SvTableMsgReceiver Thread-52232	Thread.getStackTrace(1559)	recieve message cmdcode:12639
2026-03-06 17:25:26	INFO	SvTableMsgReceiver Thread-58146	Thread.getStackTrace(1559)	recieve message cmdcode:12639
2026-03-06 17:25:26	INFO	SvTableMsgReceiver Thread-105068	Thread.getStackTrace(1559)	recieve message cmdcode:12639
2026-03-06 17:25:30	INFO	SvTableMsgReceiver Thread-52232	Thread.getStackTrace(1559)	recieve message cmdcode:12639
2026-03-06 17:25:30	INFO	SvTableMsgReceiver Thread-58146	Thread.getStackTrace(1559)	recieve message cmdcode:12639
2026-03-06 17:25:30	INFO	SvTableMsgReceiver Thread-105068	Thread.getStackTrace(1559)	recieve message cmdcode:12639
2026-03-06 17:25:32	INFO	SvTableMsgReceiver Thread-52232	Thread.getStackTrace(1559)	recieve message cmdcode:12639
2026-03-06 17:25:32	INFO	SvTableMsgReceiver Thread-58146	Thread.getStackTrace(1559)	recieve message cmdcode:12639
2026-03-06 17:25:32	INFO	SvTableMsgReceiver Thread-105068	Thread.getStackTrace(1559)	recieve message cmdcode:12639
2026-03-06 17:25:34	INFO	SvTableMsgReceiver Thread-52232	Thread.getStackTrace(1559)	recieve message cmdcode:12639
2026-03-06 17:25:34	INFO	SvTableMsgReceiver Thread-58146	Thread.getStackTrace(1559)	recieve message cmdcode:12639
2026-03-06 17:25:34	INFO	SvTableMsgReceiver Thread-105068	Thread.getStackTrace(1559)	recieve message cmdcode:12639
2026-03-11 09:16:56	INFO	AWT-EventQueue-0	Thread.getStackTrace(1559)	start slip view
2026-03-11 09:16:56	INFO	AWT-EventQueue-0	Thread.getStackTrace(1559)	create new SvTablePanel instance, view id :16336501
2026-03-11 09:16:56	INFO	AWT-EventQueue-0	Thread.getStackTrace(1559)	register slip progress, view id : 16336501
2026-03-11 09:16:56	INFO	SlipWinThread_com.huawei.u2000.ucbb.table.slip.SlipTableMsgService	Thread.getStackTrace(1559)	register slip , return result/ view id : 1 / 16336501
2026-03-11 09:16:57	INFO	SvTableMsgReceiver Thread-58709	Thread.getStackTrace(1559)	recieve message cmdcode:12639
2026-03-11 09:22:41	INFO	SvTableMsgReceiver Thread-58709	Thread.getStackTrace(1559)	recieve message cmdcode:12639
2026-03-12 07:49:39	INFO	AWT-EventQueue-0	Thread.getStackTrace(1559)	start slip view
2026-03-12 07:49:39	INFO	AWT-EventQueue-0	Thread.getStackTrace(1559)	create new SvTablePanel instance, view id :451728
2026-03-12 07:49:39	INFO	AWT-EventQueue-0	Thread.getStackTrace(1559)	register slip progress, view id : 451728
2026-03-12 07:49:39	INFO	SlipWinThread_com.huawei.u2000.pf.frame.ui.slipTable.SlipTableMsgService	Thread.getStackTrace(1559)	register slip , return result/ view id : 1 / 451728
2026-03-12 07:49:40	INFO	SvTableMsgReceiver Thread-10219	Thread.getStackTrace(1559)	recieve message cmdcode:12639
2026-03-12 07:49:41	INFO	pool-14-thread-11	Thread.getStackTrace(1559)	unregister slip, view id : 451728
2026-03-12 07:49:41	INFO	pool-14-thread-11	Thread.getStackTrace(1559)	unregister slip progress, view id : 451728
2026-03-12 07:49:42	INFO	AWT-EventQueue-0	Thread.getStackTrace(1559)	create new SvTablePanel instance, view id :25369973
2026-03-12 07:49:42	INFO	AWT-EventQueue-0	Thread.getStackTrace(1559)	register slip progress, view id : 25369973
2026-03-12 07:49:42	INFO	SlipWinThread_com.huawei.u2000.pf.frame.ui.slipTable.SlipTableMsgService	Thread.getStackTrace(1559)	register slip , return result/ view id : 1 / 25369973
2026-03-12 07:49:43	INFO	SvTableMsgReceiver Thread-10735	Thread.getStackTrace(1559)	recieve message cmdcode:12639
2026-03-12 07:49:45	INFO	pool-14-thread-11	Thread.getStackTrace(1559)	unregister slip, view id : 25369973
2026-03-12 07:49:45	INFO	pool-14-thread-11	Thread.getStackTrace(1559)	unregister slip progress, view id : 25369973
2026-03-12 07:49:52	INFO	AWT-EventQueue-0	Thread.getStackTrace(1559)	create new SvTablePanel instance, view id :14227852
2026-03-12 07:49:52	INFO	AWT-EventQueue-0	Thread.getStackTrace(1559)	register slip progress, view id : 14227852
2026-03-12 07:49:52	INFO	SlipWinThread_com.huawei.u2000.ucbb.table.slip.SlipTableMsgService	Thread.getStackTrace(1559)	register slip , return result/ view id : 1 / 14227852
2026-03-12 07:50:14	INFO	SvTableMsgReceiver Thread-11706	Thread.getStackTrace(1559)	recieve message cmdcode:12639
2026-03-12 07:50:30	INFO	SvTableMsgReceiver Thread-11706	Thread.getStackTrace(1559)	recieve message cmdcode:12639
2026-03-12 07:50:33	INFO	SvTableMsgReceiver Thread-11706	Thread.getStackTrace(1559)	recieve message cmdcode:12639
2026-03-12 07:50:39	INFO	AWT-EventQueue-0	Thread.getStackTrace(1559)	unregister slip, view id : 14227852
2026-03-12 07:50:39	INFO	AWT-EventQueue-0	Thread.getStackTrace(1559)	unregister slip progress, view id : 14227852
2026-03-12 07:50:45	INFO	AWT-EventQueue-0	Thread.getStackTrace(1559)	create new SvTablePanel instance, view id :12602233
2026-03-12 07:50:45	INFO	AWT-EventQueue-0	Thread.getStackTrace(1559)	register slip progress, view id : 12602233
2026-03-12 07:50:45	INFO	SlipWinThread_com.huawei.u2000.ucbb.table.slip.SlipTableMsgService	Thread.getStackTrace(1559)	register slip , return result/ view id : 1 / 12602233
2026-03-12 07:50:46	INFO	SvTableMsgReceiver Thread-16310	Thread.getStackTrace(1559)	recieve message cmdcode:12639
2026-03-12 07:51:11	INFO	AWT-EventQueue-0	Thread.getStackTrace(1559)	unregister slip, view id : 12602233
2026-03-12 07:51:11	INFO	AWT-EventQueue-0	Thread.getStackTrace(1559)	unregister slip progress, view id : 12602233
2026-03-12 07:56:51	INFO	AWT-EventQueue-0	Thread.getStackTrace(1559)	create new SvTablePanel instance, view id :22633571
2026-03-12 07:56:51	INFO	AWT-EventQueue-0	Thread.getStackTrace(1559)	register slip progress, view id : 22633571
2026-03-12 07:56:51	INFO	SlipWinThread_com.huawei.u2000.pf.frame.ui.slipTable.SlipTableMsgService	Thread.getStackTrace(1559)	register slip , return result/ view id : 1 / 22633571
2026-03-12 07:56:52	INFO	SvTableMsgReceiver Thread-33013	Thread.getStackTrace(1559)	recieve message cmdcode:12639
2026-03-12 07:56:55	INFO	pool-14-thread-9	Thread.getStackTrace(1559)	unregister slip, view id : 22633571
2026-03-12 07:56:55	INFO	pool-14-thread-9	Thread.getStackTrace(1559)	unregister slip progress, view id : 22633571
2026-03-12 07:57:05	INFO	AWT-EventQueue-0	Thread.getStackTrace(1559)	create new SvTablePanel instance, view id :19112644
2026-03-12 07:57:05	INFO	AWT-EventQueue-0	Thread.getStackTrace(1559)	register slip progress, view id : 19112644
2026-03-12 07:57:05	INFO	SlipWinThread_com.huawei.u2000.pf.frame.ui.slipTable.SlipTableMsgService	Thread.getStackTrace(1559)	register slip , return result/ view id : 1 / 19112644
2026-03-12 07:57:06	INFO	SvTableMsgReceiver Thread-34564	Thread.getStackTrace(1559)	recieve message cmdcode:12639
2026-03-12 07:57:07	INFO	pool-14-thread-9	Thread.getStackTrace(1559)	unregister slip, view id : 19112644
2026-03-12 07:57:07	INFO	pool-14-thread-9	Thread.getStackTrace(1559)	unregister slip progress, view id : 19112644
2026-03-12 07:57:15	INFO	AWT-EventQueue-0	Thread.getStackTrace(1559)	create new SvTablePanel instance, view id :11415405
2026-03-12 07:57:15	INFO	AWT-EventQueue-0	Thread.getStackTrace(1559)	register slip progress, view id : 11415405
2026-03-12 07:57:15	INFO	SlipWinThread_com.huawei.u2000.ucbb.table.slip.SlipTableMsgService	Thread.getStackTrace(1559)	register slip , return result/ view id : 1 / 11415405
2026-03-12 07:57:40	INFO	SvTableMsgReceiver Thread-35487	Thread.getStackTrace(1559)	recieve message cmdcode:12639
2026-03-12 08:16:19	INFO	AWT-EventQueue-0	Thread.getStackTrace(1559)	unregister slip, view id : 11415405
2026-03-12 08:16:19	INFO	AWT-EventQueue-0	Thread.getStackTrace(1559)	unregister slip progress, view id : 11415405
2026-03-18 10:34:54	INFO	AWT-EventQueue-0	Thread.getStackTrace(1559)	start slip view
2026-03-18 10:34:54	INFO	AWT-EventQueue-0	Thread.getStackTrace(1559)	create new SvTablePanel instance, view id :32783160
2026-03-18 10:34:54	INFO	AWT-EventQueue-0	Thread.getStackTrace(1559)	create new SvTablePanel instance, view id :3740209
2026-03-18 10:34:54	INFO	AWT-EventQueue-0	Thread.getStackTrace(1559)	create new SvTablePanel instance, view id :3885927
2026-03-18 10:34:54	INFO	AWT-EventQueue-0	Thread.getStackTrace(1559)	register slip progress, view id : 32783160
2026-03-18 10:34:54	INFO	SlipWinThread_com.huawei.u2000.pf.frame.ui.slipTable.SlipTableMsgService	Thread.getStackTrace(1559)	register slip , return result/ view id : 1 / 32783160
2026-03-18 10:34:58	INFO	AWT-EventQueue-0	Thread.getStackTrace(1559)	create new SvTablePanel instance, view id :32753447
2026-03-18 10:34:58	INFO	AWT-EventQueue-0	Thread.getStackTrace(1559)	create new SvTablePanel instance, view id :6349110
2026-03-18 10:34:58	INFO	AWT-EventQueue-0	Thread.getStackTrace(1559)	create new SvTablePanel instance, view id :6017847
2026-03-18 10:34:58	INFO	AWT-EventQueue-0	Thread.getStackTrace(1559)	register slip progress, view id : 32753447
2026-03-18 10:34:58	INFO	SlipWinThread_com.huawei.u2000.pf.frame.ui.slipTable.SlipTableMsgService	Thread.getStackTrace(1559)	register slip , return result/ view id : 1 / 32753447
2026-03-18 10:34:59	INFO	pool-14-thread-12	Thread.getStackTrace(1559)	unregister slip, view id : 32783160
2026-03-18 10:34:59	INFO	pool-14-thread-12	Thread.getStackTrace(1559)	unregister slip progress, view id : 32783160
2026-03-18 10:34:59	INFO	SvTableMsgReceiver Thread-45932	Thread.getStackTrace(1559)	recieve message cmdcode:12639
2026-03-18 10:35:50	INFO	SvTableMsgReceiver Thread-45932	Thread.getStackTrace(1559)	recieve message cmdcode:12639
2026-03-18 10:35:50	INFO	SvTableMsgReceiver Thread-45932	Thread.getStackTrace(1559)	can not find SvTablePanel : 3963328
2026-03-18 10:36:14	INFO	SvTableMsgReceiver Thread-45932	Thread.getStackTrace(1559)	recieve message cmdcode:12639
2026-03-18 10:36:14	INFO	SvTableMsgReceiver Thread-45932	Thread.getStackTrace(1559)	can not find SvTablePanel : 26154487
2026-03-18 10:36:17	INFO	pool-14-thread-12	Thread.getStackTrace(1559)	unregister slip, view id : 32753447
2026-03-18 10:36:17	INFO	pool-14-thread-12	Thread.getStackTrace(1559)	unregister slip progress, view id : 32753447
2026-03-18 10:36:53	INFO	AWT-EventQueue-0	Thread.getStackTrace(1559)	create new SvTablePanel instance, view id :22217021
2026-03-18 10:36:53	INFO	AWT-EventQueue-0	Thread.getStackTrace(1559)	create new SvTablePanel instance, view id :22783798
2026-03-18 10:36:53	INFO	AWT-EventQueue-0	Thread.getStackTrace(1559)	create new SvTablePanel instance, view id :20600777
2026-03-18 10:36:53	INFO	AWT-EventQueue-0	Thread.getStackTrace(1559)	register slip progress, view id : 22217021
2026-03-18 10:36:53	INFO	SlipWinThread_com.huawei.u2000.pf.frame.ui.slipTable.SlipTableMsgService	Thread.getStackTrace(1559)	register slip , return result/ view id : 1 / 22217021
2026-03-18 10:36:55	INFO	SvTableMsgReceiver Thread-50023	Thread.getStackTrace(1559)	recieve message cmdcode:12639
2026-03-18 10:37:07	INFO	AWT-EventQueue-0	Thread.getStackTrace(1559)	create new SvTablePanel instance, view id :13282447
2026-03-18 10:37:07	INFO	AWT-EventQueue-0	Thread.getStackTrace(1559)	register slip progress, view id : 13282447
2026-03-18 10:37:07	INFO	SlipWinThread_com.huawei.u2000.pf.frame.ui.slipTable.SlipTableMsgService	Thread.getStackTrace(1559)	register slip , return result/ view id : 1 / 13282447
2026-03-18 10:37:08	INFO	SvTableMsgReceiver Thread-50023	Thread.getStackTrace(1559)	recieve message cmdcode:12639
2026-03-18 10:37:08	INFO	SvTableMsgReceiver Thread-50705	Thread.getStackTrace(1559)	recieve message cmdcode:12639
2026-03-18 10:37:10	INFO	pool-14-thread-16	Thread.getStackTrace(1559)	unregister slip, view id : 13282447
2026-03-18 10:37:10	INFO	pool-14-thread-16	Thread.getStackTrace(1559)	unregister slip progress, view id : 13282447
2026-03-18 10:37:12	INFO	AWT-EventQueue-0	Thread.getStackTrace(1559)	create new SvTablePanel instance, view id :7687899
2026-03-18 10:37:12	INFO	AWT-EventQueue-0	Thread.getStackTrace(1559)	register slip progress, view id : 7687899
2026-03-18 10:37:12	INFO	SlipWinThread_com.huawei.u2000.pf.frame.ui.slipTable.SlipTableMsgService	Thread.getStackTrace(1559)	register slip , return result/ view id : 1 / 7687899
2026-03-18 10:37:13	INFO	SvTableMsgReceiver Thread-50023	Thread.getStackTrace(1559)	recieve message cmdcode:12639
2026-03-18 10:37:13	INFO	SvTableMsgReceiver Thread-51155	Thread.getStackTrace(1559)	recieve message cmdcode:12639
2026-03-18 10:37:14	INFO	pool-14-thread-16	Thread.getStackTrace(1559)	unregister slip, view id : 7687899
2026-03-18 10:37:14	INFO	pool-14-thread-16	Thread.getStackTrace(1559)	unregister slip progress, view id : 7687899
2026-03-18 10:37:45	INFO	AWT-EventQueue-0	Thread.getStackTrace(1559)	create new SvTablePanel instance, view id :12511660
2026-03-18 10:37:45	INFO	AWT-EventQueue-0	Thread.getStackTrace(1559)	create new SvTablePanel instance, view id :24898715
2026-03-18 10:37:45	INFO	AWT-EventQueue-0	Thread.getStackTrace(1559)	create new SvTablePanel instance, view id :898314
2026-03-18 10:37:45	INFO	AWT-EventQueue-0	Thread.getStackTrace(1559)	register slip progress, view id : 12511660
2026-03-18 10:37:46	INFO	SlipWinThread_com.huawei.u2000.pf.frame.ui.slipTable.SlipTableMsgService	Thread.getStackTrace(1559)	register slip , return result/ view id : 1 / 12511660
2026-03-18 10:37:47	INFO	SvTableMsgReceiver Thread-50023	Thread.getStackTrace(1559)	recieve message cmdcode:12639
2026-03-18 10:37:47	INFO	SvTableMsgReceiver Thread-53905	Thread.getStackTrace(1559)	recieve message cmdcode:12639
2026-03-18 10:38:14	INFO	SvTableMsgReceiver Thread-50023	Thread.getStackTrace(1559)	recieve message cmdcode:12639
2026-03-18 10:38:14	INFO	SvTableMsgReceiver Thread-53905	Thread.getStackTrace(1559)	recieve message cmdcode:12639
2026-03-18 10:38:14	INFO	SvTableMsgReceiver Thread-50023	Thread.getStackTrace(1559)	can not find SvTablePanel : 18593349
2026-03-18 10:38:14	INFO	SvTableMsgReceiver Thread-53905	Thread.getStackTrace(1559)	can not find SvTablePanel : 18593349
2026-03-18 10:38:36	INFO	AWT-EventQueue-0	Thread.getStackTrace(1559)	create new SvTablePanel instance, view id :18359948
2026-03-18 10:38:36	INFO	AWT-EventQueue-0	Thread.getStackTrace(1559)	register slip progress, view id : 18359948
2026-03-18 10:38:37	INFO	SlipWinThread_com.huawei.u2000.pf.frame.ui.slipTable.SlipTableMsgService	Thread.getStackTrace(1559)	register slip , return result/ view id : 1 / 18359948
2026-03-18 10:38:38	INFO	SvTableMsgReceiver Thread-50023	Thread.getStackTrace(1559)	recieve message cmdcode:12639
2026-03-18 10:38:38	INFO	SvTableMsgReceiver Thread-53905	Thread.getStackTrace(1559)	recieve message cmdcode:12639
2026-03-18 10:38:38	INFO	SvTableMsgReceiver Thread-56369	Thread.getStackTrace(1559)	recieve message cmdcode:12639
2026-03-18 10:38:40	INFO	pool-14-thread-16	Thread.getStackTrace(1559)	unregister slip, view id : 18359948
2026-03-18 10:38:40	INFO	pool-14-thread-16	Thread.getStackTrace(1559)	unregister slip progress, view id : 18359948
2026-03-18 10:38:42	INFO	AWT-EventQueue-0	Thread.getStackTrace(1559)	create new SvTablePanel instance, view id :29046066
2026-03-18 10:38:42	INFO	AWT-EventQueue-0	Thread.getStackTrace(1559)	register slip progress, view id : 29046066
2026-03-18 10:38:42	INFO	SlipWinThread_com.huawei.u2000.pf.frame.ui.slipTable.SlipTableMsgService	Thread.getStackTrace(1559)	register slip , return result/ view id : 1 / 29046066
2026-03-18 10:38:43	INFO	SvTableMsgReceiver Thread-50023	Thread.getStackTrace(1559)	recieve message cmdcode:12639
2026-03-18 10:38:43	INFO	SvTableMsgReceiver Thread-53905	Thread.getStackTrace(1559)	recieve message cmdcode:12639
2026-03-18 10:38:43	INFO	SvTableMsgReceiver Thread-56892	Thread.getStackTrace(1559)	recieve message cmdcode:12639
2026-03-18 10:38:44	INFO	pool-14-thread-16	Thread.getStackTrace(1559)	unregister slip, view id : 29046066
2026-03-18 10:38:44	INFO	pool-14-thread-16	Thread.getStackTrace(1559)	unregister slip progress, view id : 29046066
2026-03-18 10:38:52	INFO	AWT-EventQueue-0	Thread.getStackTrace(1559)	create new SvTablePanel instance, view id :1978132
2026-03-18 10:38:53	INFO	AWT-EventQueue-0	Thread.getStackTrace(1559)	register slip progress, view id : 1978132
2026-03-18 10:38:53	INFO	SlipWinThread_com.huawei.u2000.ucbb.table.slip.SlipTableMsgService	Thread.getStackTrace(1559)	register slip , return result/ view id : 1 / 1978132
2026-03-18 10:39:07	INFO	SvTableMsgReceiver Thread-50023	Thread.getStackTrace(1559)	recieve message cmdcode:12639
2026-03-18 10:39:07	INFO	SvTableMsgReceiver Thread-53905	Thread.getStackTrace(1559)	recieve message cmdcode:12639
2026-03-18 10:39:07	INFO	SvTableMsgReceiver Thread-50023	Thread.getStackTrace(1559)	can not find SvTablePanel : 13701456
2026-03-18 10:39:07	INFO	SvTableMsgReceiver Thread-57719	Thread.getStackTrace(1559)	recieve message cmdcode:12639
2026-03-18 10:39:07	INFO	SvTableMsgReceiver Thread-53905	Thread.getStackTrace(1559)	can not find SvTablePanel : 13701456
2026-03-18 10:39:07	INFO	SvTableMsgReceiver Thread-57719	Thread.getStackTrace(1559)	can not find SvTablePanel : 13701456
2026-03-18 10:39:22	INFO	AWT-EventQueue-0	Thread.getStackTrace(1559)	unregister slip, view id : 1978132
2026-03-18 10:39:22	INFO	AWT-EventQueue-0	Thread.getStackTrace(1559)	unregister slip progress, view id : 1978132
2026-03-18 10:39:23	INFO	AWT-EventQueue-0	Thread.getStackTrace(1559)	create new SvTablePanel instance, view id :10538874
2026-03-18 10:39:23	INFO	AWT-EventQueue-0	Thread.getStackTrace(1559)	register slip progress, view id : 10538874
2026-03-18 10:39:23	INFO	SlipWinThread_com.huawei.u2000.ucbb.table.slip.SlipTableMsgService	Thread.getStackTrace(1559)	register slip , return result/ view id : 1 / 10538874
2026-03-18 10:39:24	INFO	AWT-EventQueue-0	Thread.getStackTrace(1559)	unregister slip, view id : 10538874
2026-03-18 10:39:24	INFO	AWT-EventQueue-0	Thread.getStackTrace(1559)	unregister slip progress, view id : 10538874
2026-03-18 10:39:24	INFO	AWT-EventQueue-0	Thread.getStackTrace(1559)	create new SvTablePanel instance, view id :15731996
2026-03-18 10:39:24	INFO	AWT-EventQueue-0	Thread.getStackTrace(1559)	register slip progress, view id : 15731996
2026-03-18 10:39:24	INFO	SlipWinThread_com.huawei.u2000.ucbb.table.slip.SlipTableMsgService	Thread.getStackTrace(1559)	register slip , return result/ view id : 1 / 15731996
2026-03-18 10:39:25	INFO	AWT-EventQueue-0	Thread.getStackTrace(1559)	unregister slip, view id : 15731996
2026-03-18 10:39:25	INFO	AWT-EventQueue-0	Thread.getStackTrace(1559)	unregister slip progress, view id : 15731996
2026-03-18 10:39:26	INFO	AWT-EventQueue-0	Thread.getStackTrace(1559)	create new SvTablePanel instance, view id :19874074
2026-03-18 10:39:26	INFO	AWT-EventQueue-0	Thread.getStackTrace(1559)	register slip progress, view id : 19874074
2026-03-18 10:39:26	INFO	SlipWinThread_com.huawei.u2000.ucbb.table.slip.SlipTableMsgService	Thread.getStackTrace(1559)	register slip , return result/ view id : 1 / 19874074
2026-03-18 10:40:20	INFO	AWT-EventQueue-0	Thread.getStackTrace(1559)	unregister slip, view id : 19874074
2026-03-18 10:40:20	INFO	AWT-EventQueue-0	Thread.getStackTrace(1559)	unregister slip progress, view id : 19874074
2026-03-18 10:40:20	INFO	AWT-EventQueue-0	Thread.getStackTrace(1559)	create new SvTablePanel instance, view id :24135421
2026-03-18 10:40:20	INFO	AWT-EventQueue-0	Thread.getStackTrace(1559)	register slip progress, view id : 24135421
2026-03-18 10:40:20	INFO	SlipWinThread_com.huawei.u2000.ucbb.table.slip.SlipTableMsgService	Thread.getStackTrace(1559)	register slip , return result/ view id : 1 / 24135421
2026-03-18 10:40:21	INFO	SvTableMsgReceiver Thread-50023	Thread.getStackTrace(1559)	recieve message cmdcode:12639
2026-03-18 10:40:21	INFO	SvTableMsgReceiver Thread-53905	Thread.getStackTrace(1559)	recieve message cmdcode:12639
2026-03-18 10:40:21	INFO	SvTableMsgReceiver Thread-63022	Thread.getStackTrace(1559)	recieve message cmdcode:12639
2026-03-18 10:40:21	INFO	AWT-EventQueue-0	Thread.getStackTrace(1559)	unregister slip, view id : 24135421
2026-03-18 10:40:21	INFO	AWT-EventQueue-0	Thread.getStackTrace(1559)	unregister slip progress, view id : 24135421
2026-03-18 10:40:22	INFO	AWT-EventQueue-0	Thread.getStackTrace(1559)	create new SvTablePanel instance, view id :16541669
2026-03-18 10:40:22	INFO	AWT-EventQueue-0	Thread.getStackTrace(1559)	register slip progress, view id : 16541669
2026-03-18 10:40:22	INFO	SlipWinThread_com.huawei.u2000.ucbb.table.slip.SlipTableMsgService	Thread.getStackTrace(1559)	register slip , return result/ view id : 1 / 16541669
2026-03-18 10:40:22	INFO	AWT-EventQueue-0	Thread.getStackTrace(1559)	unregister slip, view id : 16541669
2026-03-18 10:40:22	INFO	AWT-EventQueue-0	Thread.getStackTrace(1559)	unregister slip progress, view id : 16541669
2026-03-18 10:40:22	INFO	AWT-EventQueue-0	Thread.getStackTrace(1559)	create new SvTablePanel instance, view id :11095119
2026-03-18 10:40:22	INFO	AWT-EventQueue-0	Thread.getStackTrace(1559)	register slip progress, view id : 11095119
2026-03-18 10:40:22	INFO	SlipWinThread_com.huawei.u2000.ucbb.table.slip.SlipTableMsgService	Thread.getStackTrace(1559)	register slip , return result/ view id : 1 / 11095119
2026-03-18 10:40:23	INFO	SvTableMsgReceiver Thread-50023	Thread.getStackTrace(1559)	recieve message cmdcode:12639
2026-03-18 10:40:23	INFO	SvTableMsgReceiver Thread-50023	Thread.getStackTrace(1559)	can not find SvTablePanel : 16541669
2026-03-18 10:40:23	INFO	SvTableMsgReceiver Thread-53905	Thread.getStackTrace(1559)	recieve message cmdcode:12639
2026-03-18 10:40:23	INFO	SvTableMsgReceiver Thread-53905	Thread.getStackTrace(1559)	can not find SvTablePanel : 16541669
2026-03-18 10:40:23	INFO	SvTableMsgReceiver Thread-63052	Thread.getStackTrace(1559)	recieve message cmdcode:12639
2026-03-18 10:40:23	INFO	SvTableMsgReceiver Thread-63052	Thread.getStackTrace(1559)	can not find SvTablePanel : 16541669
2026-03-18 10:40:23	INFO	SvTableMsgReceiver Thread-50023	Thread.getStackTrace(1559)	recieve message cmdcode:12639
2026-03-18 10:40:23	INFO	SvTableMsgReceiver Thread-53905	Thread.getStackTrace(1559)	recieve message cmdcode:12639
2026-03-18 10:40:23	INFO	SvTableMsgReceiver Thread-63052	Thread.getStackTrace(1559)	recieve message cmdcode:12639
2026-03-18 10:40:41	INFO	AWT-EventQueue-0	Thread.getStackTrace(1559)	unregister slip, view id : 11095119
2026-03-18 10:40:41	INFO	AWT-EventQueue-0	Thread.getStackTrace(1559)	unregister slip progress, view id : 11095119
2026-03-18 10:40:41	INFO	AWT-EventQueue-0	Thread.getStackTrace(1559)	create new SvTablePanel instance, view id :7253936
2026-03-18 10:40:41	INFO	AWT-EventQueue-0	Thread.getStackTrace(1559)	register slip progress, view id : 7253936
2026-03-18 10:40:41	INFO	SlipWinThread_com.huawei.u2000.ucbb.table.slip.SlipTableMsgService	Thread.getStackTrace(1559)	register slip , return result/ view id : 1 / 7253936
2026-03-18 10:40:42	INFO	SvTableMsgReceiver Thread-53905	Thread.getStackTrace(1559)	recieve message cmdcode:12639
2026-03-18 10:40:42	INFO	SvTableMsgReceiver Thread-50023	Thread.getStackTrace(1559)	recieve message cmdcode:12639
2026-03-18 10:40:42	INFO	SvTableMsgReceiver Thread-64244	Thread.getStackTrace(1559)	recieve message cmdcode:12639
2026-03-18 10:40:46	INFO	AWT-EventQueue-0	Thread.getStackTrace(1559)	unregister slip, view id : 7253936
2026-03-18 10:40:46	INFO	AWT-EventQueue-0	Thread.getStackTrace(1559)	unregister slip progress, view id : 7253936
2026-03-18 10:40:46	INFO	AWT-EventQueue-0	Thread.getStackTrace(1559)	create new SvTablePanel instance, view id :30470101
2026-03-18 10:40:46	INFO	AWT-EventQueue-0	Thread.getStackTrace(1559)	register slip progress, view id : 30470101
2026-03-18 10:40:46	INFO	SlipWinThread_com.huawei.u2000.ucbb.table.slip.SlipTableMsgService	Thread.getStackTrace(1559)	register slip , return result/ view id : 1 / 30470101
2026-03-18 10:40:47	INFO	AWT-EventQueue-0	Thread.getStackTrace(1559)	unregister slip, view id : 30470101
2026-03-18 10:40:47	INFO	AWT-EventQueue-0	Thread.getStackTrace(1559)	unregister slip progress, view id : 30470101
2026-03-18 10:40:47	INFO	AWT-EventQueue-0	Thread.getStackTrace(1559)	create new SvTablePanel instance, view id :28813600
2026-03-18 10:40:47	INFO	AWT-EventQueue-0	Thread.getStackTrace(1559)	register slip progress, view id : 28813600
2026-03-18 10:40:47	INFO	SlipWinThread_com.huawei.u2000.ucbb.table.slip.SlipTableMsgService	Thread.getStackTrace(1559)	register slip , return result/ view id : 1 / 28813600
2026-03-18 10:40:47	INFO	SvTableMsgReceiver Thread-50023	Thread.getStackTrace(1559)	recieve message cmdcode:12639
2026-03-18 10:40:47	INFO	SvTableMsgReceiver Thread-53905	Thread.getStackTrace(1559)	recieve message cmdcode:12639
2026-03-18 10:40:47	INFO	SvTableMsgReceiver Thread-53905	Thread.getStackTrace(1559)	can not find SvTablePanel : 30470101
2026-03-18 10:40:47	INFO	SvTableMsgReceiver Thread-50023	Thread.getStackTrace(1559)	can not find SvTablePanel : 30470101
2026-03-18 10:40:47	INFO	SvTableMsgReceiver Thread-64274	Thread.getStackTrace(1559)	recieve message cmdcode:12639
2026-03-18 10:40:47	INFO	SvTableMsgReceiver Thread-64274	Thread.getStackTrace(1559)	can not find SvTablePanel : 30470101
2026-03-18 10:40:48	INFO	SvTableMsgReceiver Thread-50023	Thread.getStackTrace(1559)	recieve message cmdcode:12639
2026-03-18 10:40:48	INFO	SvTableMsgReceiver Thread-53905	Thread.getStackTrace(1559)	recieve message cmdcode:12639
2026-03-18 10:40:48	INFO	SvTableMsgReceiver Thread-64274	Thread.getStackTrace(1559)	recieve message cmdcode:12639
2026-03-18 10:41:00	INFO	AWT-EventQueue-0	Thread.getStackTrace(1559)	unregister slip, view id : 28813600
2026-03-18 10:41:00	INFO	AWT-EventQueue-0	Thread.getStackTrace(1559)	unregister slip progress, view id : 28813600
2026-03-18 10:41:00	INFO	AWT-EventQueue-0	Thread.getStackTrace(1559)	create new SvTablePanel instance, view id :29237810
2026-03-18 10:41:00	INFO	AWT-EventQueue-0	Thread.getStackTrace(1559)	register slip progress, view id : 29237810
2026-03-18 10:41:00	INFO	SlipWinThread_com.huawei.u2000.ucbb.table.slip.SlipTableMsgService	Thread.getStackTrace(1559)	register slip , return result/ view id : 1 / 29237810
2026-03-18 10:41:01	INFO	SvTableMsgReceiver Thread-50023	Thread.getStackTrace(1559)	recieve message cmdcode:12639
2026-03-18 10:41:01	INFO	SvTableMsgReceiver Thread-53905	Thread.getStackTrace(1559)	recieve message cmdcode:12639
2026-03-18 10:41:01	INFO	SvTableMsgReceiver Thread-64751	Thread.getStackTrace(1559)	recieve message cmdcode:12639
2026-03-18 10:46:02	INFO	AWT-EventQueue-0	Thread.getStackTrace(1559)	unregister slip, view id : 29237810
2026-03-18 10:46:02	INFO	AWT-EventQueue-0	Thread.getStackTrace(1559)	unregister slip progress, view id : 29237810
2026-03-18 10:46:02	INFO	AWT-EventQueue-0	Thread.getStackTrace(1559)	create new SvTablePanel instance, view id :6154768
2026-03-18 10:46:02	INFO	AWT-EventQueue-0	Thread.getStackTrace(1559)	register slip progress, view id : 6154768
2026-03-18 10:46:02	INFO	SlipWinThread_com.huawei.u2000.ucbb.table.slip.SlipTableMsgService	Thread.getStackTrace(1559)	register slip , return result/ view id : 1 / 6154768
2026-03-18 10:46:03	INFO	SvTableMsgReceiver Thread-53905	Thread.getStackTrace(1559)	recieve message cmdcode:12639
2026-03-18 10:46:03	INFO	SvTableMsgReceiver Thread-50023	Thread.getStackTrace(1559)	recieve message cmdcode:12639
2026-03-18 10:46:03	INFO	SvTableMsgReceiver Thread-64759	Thread.getStackTrace(1559)	recieve message cmdcode:12639
2026-03-18 15:29:05	INFO	AWT-EventQueue-0	Thread.getStackTrace(1559)	start slip view
2026-03-18 15:29:05	INFO	AWT-EventQueue-0	Thread.getStackTrace(1559)	create new SvTablePanel instance, view id :26280356
2026-03-18 15:29:05	INFO	AWT-EventQueue-0	Thread.getStackTrace(1559)	register slip progress, view id : 26280356
2026-03-18 15:29:05	INFO	SlipWinThread_com.huawei.u2000.pf.frame.ui.slipTable.SlipTableMsgService	Thread.getStackTrace(1559)	register slip , return result/ view id : 1 / 26280356
2026-03-18 15:29:06	INFO	SvTableMsgReceiver Thread-20184	Thread.getStackTrace(1559)	recieve message cmdcode:12639
2026-03-18 15:29:07	INFO	pool-14-thread-16	Thread.getStackTrace(1559)	unregister slip, view id : 26280356
2026-03-18 15:29:07	INFO	pool-14-thread-16	Thread.getStackTrace(1559)	unregister slip progress, view id : 26280356
2026-03-18 15:31:40	INFO	AWT-EventQueue-0	Thread.getStackTrace(1559)	create new SvTablePanel instance, view id :4351994
2026-03-18 15:31:40	INFO	AWT-EventQueue-0	Thread.getStackTrace(1559)	register slip progress, view id : 4351994
2026-03-18 15:31:40	INFO	SlipWinThread_com.huawei.u2000.ucbb.table.slip.SlipTableMsgService	Thread.getStackTrace(1559)	register slip , return result/ view id : 1 / 4351994
2026-03-18 15:39:11	INFO	AWT-EventQueue-0	Thread.getStackTrace(1559)	create new SvTablePanel instance, view id :6503766
2026-03-18 15:39:11	INFO	AWT-EventQueue-0	Thread.getStackTrace(1559)	register slip progress, view id : 6503766
2026-03-18 15:39:11	INFO	SlipWinThread_com.huawei.u2000.ucbb.table.slip.SlipTableMsgService	Thread.getStackTrace(1559)	register slip , return result/ view id : 1 / 6503766
2026-03-18 15:39:32	INFO	AWT-EventQueue-0	Thread.getStackTrace(1559)	create new SvTablePanel instance, view id :22229314
2026-03-18 15:39:32	INFO	AWT-EventQueue-0	Thread.getStackTrace(1559)	register slip progress, view id : 22229314
2026-03-18 15:39:32	INFO	SlipWinThread_com.huawei.u2000.ucbb.table.slip.SlipTableMsgService	Thread.getStackTrace(1559)	register slip , return result/ view id : 1 / 22229314
2026-03-18 15:39:32	INFO	AWT-EventQueue-0	Thread.getStackTrace(1559)	unregister slip, view id : 4351994
2026-03-18 15:39:32	INFO	AWT-EventQueue-0	Thread.getStackTrace(1559)	unregister slip progress, view id : 4351994
2026-03-18 15:39:32	INFO	AWT-EventQueue-0	Thread.getStackTrace(1559)	create new SvTablePanel instance, view id :33443308
2026-03-18 15:39:32	INFO	AWT-EventQueue-0	Thread.getStackTrace(1559)	register slip progress, view id : 33443308
2026-03-18 15:39:32	INFO	SlipWinThread_com.huawei.u2000.ucbb.table.slip.SlipTableMsgService	Thread.getStackTrace(1559)	register slip , return result/ view id : 1 / 33443308
2026-03-18 15:39:32	INFO	AWT-EventQueue-0	Thread.getStackTrace(1559)	unregister slip, view id : 22229314
2026-03-18 15:39:32	INFO	AWT-EventQueue-0	Thread.getStackTrace(1559)	unregister slip progress, view id : 22229314
2026-03-18 15:39:43	INFO	AWT-EventQueue-0	Thread.getStackTrace(1559)	create new SvTablePanel instance, view id :14364540
2026-03-18 15:39:43	INFO	AWT-EventQueue-0	Thread.getStackTrace(1559)	register slip progress, view id : 14364540
2026-03-18 15:39:43	INFO	SlipWinThread_com.huawei.u2000.ucbb.table.slip.SlipTableMsgService	Thread.getStackTrace(1559)	register slip , return result/ view id : 1 / 14364540
2026-03-18 15:39:43	INFO	AWT-EventQueue-0	Thread.getStackTrace(1559)	unregister slip, view id : 33443308
2026-03-18 15:39:43	INFO	AWT-EventQueue-0	Thread.getStackTrace(1559)	unregister slip progress, view id : 33443308
2026-03-18 15:39:43	INFO	AWT-EventQueue-0	Thread.getStackTrace(1559)	create new SvTablePanel instance, view id :8625934
2026-03-18 15:39:43	INFO	AWT-EventQueue-0	Thread.getStackTrace(1559)	register slip progress, view id : 8625934
2026-03-18 15:39:43	INFO	SlipWinThread_com.huawei.u2000.ucbb.table.slip.SlipTableMsgService	Thread.getStackTrace(1559)	register slip , return result/ view id : 1 / 8625934
2026-03-18 15:39:43	INFO	AWT-EventQueue-0	Thread.getStackTrace(1559)	unregister slip, view id : 14364540
2026-03-18 15:39:43	INFO	AWT-EventQueue-0	Thread.getStackTrace(1559)	unregister slip progress, view id : 14364540
2026-03-18 15:39:48	INFO	AWT-EventQueue-0	Thread.getStackTrace(1559)	create new SvTablePanel instance, view id :16039172
2026-03-18 15:39:48	INFO	AWT-EventQueue-0	Thread.getStackTrace(1559)	register slip progress, view id : 16039172
2026-03-18 15:39:48	INFO	SlipWinThread_com.huawei.u2000.ucbb.table.slip.SlipTableMsgService	Thread.getStackTrace(1559)	register slip , return result/ view id : 1 / 16039172
2026-03-18 15:39:48	INFO	AWT-EventQueue-0	Thread.getStackTrace(1559)	unregister slip, view id : 8625934
2026-03-18 15:39:48	INFO	AWT-EventQueue-0	Thread.getStackTrace(1559)	unregister slip progress, view id : 8625934
2026-03-18 15:39:54	INFO	AWT-EventQueue-0	Thread.getStackTrace(1559)	create new SvTablePanel instance, view id :11705384
2026-03-18 15:39:54	INFO	AWT-EventQueue-0	Thread.getStackTrace(1559)	register slip progress, view id : 11705384
2026-03-18 15:39:54	INFO	SlipWinThread_com.huawei.u2000.ucbb.table.slip.SlipTableMsgService	Thread.getStackTrace(1559)	register slip , return result/ view id : 1 / 11705384
2026-03-18 15:39:54	INFO	AWT-EventQueue-0	Thread.getStackTrace(1559)	unregister slip, view id : 16039172
2026-03-18 15:39:54	INFO	AWT-EventQueue-0	Thread.getStackTrace(1559)	unregister slip progress, view id : 16039172
2026-03-18 15:39:54	INFO	AWT-EventQueue-0	Thread.getStackTrace(1559)	create new SvTablePanel instance, view id :2555157
2026-03-18 15:39:54	INFO	AWT-EventQueue-0	Thread.getStackTrace(1559)	register slip progress, view id : 2555157
2026-03-18 15:39:54	INFO	SlipWinThread_com.huawei.u2000.ucbb.table.slip.SlipTableMsgService	Thread.getStackTrace(1559)	register slip , return result/ view id : 1 / 2555157
2026-03-18 15:39:54	INFO	AWT-EventQueue-0	Thread.getStackTrace(1559)	unregister slip, view id : 11705384
2026-03-18 15:39:54	INFO	AWT-EventQueue-0	Thread.getStackTrace(1559)	unregister slip progress, view id : 11705384
2026-03-18 15:39:56	INFO	AWT-EventQueue-0	Thread.getStackTrace(1559)	create new SvTablePanel instance, view id :9336155
2026-03-18 15:39:56	INFO	AWT-EventQueue-0	Thread.getStackTrace(1559)	register slip progress, view id : 9336155
2026-03-18 15:39:56	INFO	SlipWinThread_com.huawei.u2000.ucbb.table.slip.SlipTableMsgService	Thread.getStackTrace(1559)	register slip , return result/ view id : 1 / 9336155
2026-03-18 15:39:56	INFO	AWT-EventQueue-0	Thread.getStackTrace(1559)	unregister slip, view id : 2555157
2026-03-18 15:39:56	INFO	AWT-EventQueue-0	Thread.getStackTrace(1559)	unregister slip progress, view id : 2555157
2026-03-18 15:40:00	INFO	AWT-EventQueue-0	Thread.getStackTrace(1559)	create new SvTablePanel instance, view id :8665783
2026-03-18 15:40:00	INFO	AWT-EventQueue-0	Thread.getStackTrace(1559)	register slip progress, view id : 8665783
2026-03-18 15:40:00	INFO	SlipWinThread_com.huawei.u2000.ucbb.table.slip.SlipTableMsgService	Thread.getStackTrace(1559)	register slip , return result/ view id : 1 / 8665783
2026-03-18 15:40:00	INFO	AWT-EventQueue-0	Thread.getStackTrace(1559)	unregister slip, view id : 9336155
2026-03-18 15:40:00	INFO	AWT-EventQueue-0	Thread.getStackTrace(1559)	unregister slip progress, view id : 9336155
2026-03-18 15:40:00	INFO	AWT-EventQueue-0	Thread.getStackTrace(1559)	create new SvTablePanel instance, view id :28629391
2026-03-18 15:40:00	INFO	AWT-EventQueue-0	Thread.getStackTrace(1559)	register slip progress, view id : 28629391
2026-03-18 15:40:00	INFO	SlipWinThread_com.huawei.u2000.ucbb.table.slip.SlipTableMsgService	Thread.getStackTrace(1559)	register slip , return result/ view id : 1 / 28629391
2026-03-18 15:40:00	INFO	AWT-EventQueue-0	Thread.getStackTrace(1559)	unregister slip, view id : 8665783
2026-03-18 15:40:00	INFO	AWT-EventQueue-0	Thread.getStackTrace(1559)	unregister slip progress, view id : 8665783
2026-03-18 15:40:01	INFO	AWT-EventQueue-0	Thread.getStackTrace(1559)	create new SvTablePanel instance, view id :32710842
2026-03-18 15:40:01	INFO	AWT-EventQueue-0	Thread.getStackTrace(1559)	register slip progress, view id : 32710842
2026-03-18 15:40:01	INFO	SlipWinThread_com.huawei.u2000.ucbb.table.slip.SlipTableMsgService	Thread.getStackTrace(1559)	register slip , return result/ view id : 1 / 32710842
2026-03-18 15:40:01	INFO	AWT-EventQueue-0	Thread.getStackTrace(1559)	unregister slip, view id : 28629391
2026-03-18 15:40:01	INFO	AWT-EventQueue-0	Thread.getStackTrace(1559)	unregister slip progress, view id : 28629391
2026-03-18 15:40:06	INFO	AWT-EventQueue-0	Thread.getStackTrace(1559)	create new SvTablePanel instance, view id :20327022
2026-03-18 15:40:06	INFO	AWT-EventQueue-0	Thread.getStackTrace(1559)	register slip progress, view id : 20327022
2026-03-18 15:40:06	INFO	SlipWinThread_com.huawei.u2000.ucbb.table.slip.SlipTableMsgService	Thread.getStackTrace(1559)	register slip , return result/ view id : 1 / 20327022
2026-03-18 15:40:06	INFO	AWT-EventQueue-0	Thread.getStackTrace(1559)	unregister slip, view id : 32710842
2026-03-18 15:40:06	INFO	AWT-EventQueue-0	Thread.getStackTrace(1559)	unregister slip progress, view id : 32710842
2026-03-18 15:40:06	INFO	AWT-EventQueue-0	Thread.getStackTrace(1559)	create new SvTablePanel instance, view id :11831495
2026-03-18 15:40:06	INFO	AWT-EventQueue-0	Thread.getStackTrace(1559)	register slip progress, view id : 11831495
2026-03-18 15:40:06	INFO	SlipWinThread_com.huawei.u2000.ucbb.table.slip.SlipTableMsgService	Thread.getStackTrace(1559)	register slip , return result/ view id : 1 / 11831495
2026-03-18 15:40:06	INFO	AWT-EventQueue-0	Thread.getStackTrace(1559)	unregister slip, view id : 20327022
2026-03-18 15:40:06	INFO	AWT-EventQueue-0	Thread.getStackTrace(1559)	unregister slip progress, view id : 20327022
2026-03-18 15:40:08	INFO	AWT-EventQueue-0	Thread.getStackTrace(1559)	create new SvTablePanel instance, view id :3743890
2026-03-18 15:40:08	INFO	AWT-EventQueue-0	Thread.getStackTrace(1559)	register slip progress, view id : 3743890
2026-03-18 15:40:08	INFO	SlipWinThread_com.huawei.u2000.ucbb.table.slip.SlipTableMsgService	Thread.getStackTrace(1559)	register slip , return result/ view id : 1 / 3743890
2026-03-18 15:40:08	INFO	AWT-EventQueue-0	Thread.getStackTrace(1559)	unregister slip, view id : 11831495
2026-03-18 15:40:08	INFO	AWT-EventQueue-0	Thread.getStackTrace(1559)	unregister slip progress, view id : 11831495
2026-03-18 15:40:13	INFO	AWT-EventQueue-0	Thread.getStackTrace(1559)	create new SvTablePanel instance, view id :26789923
2026-03-18 15:40:13	INFO	AWT-EventQueue-0	Thread.getStackTrace(1559)	register slip progress, view id : 26789923
2026-03-18 15:40:13	INFO	SlipWinThread_com.huawei.u2000.ucbb.table.slip.SlipTableMsgService	Thread.getStackTrace(1559)	register slip , return result/ view id : 1 / 26789923
2026-03-18 15:40:13	INFO	AWT-EventQueue-0	Thread.getStackTrace(1559)	unregister slip, view id : 3743890
2026-03-18 15:40:13	INFO	AWT-EventQueue-0	Thread.getStackTrace(1559)	unregister slip progress, view id : 3743890
2026-03-18 15:40:13	INFO	AWT-EventQueue-0	Thread.getStackTrace(1559)	create new SvTablePanel instance, view id :20153028
2026-03-18 15:40:13	INFO	AWT-EventQueue-0	Thread.getStackTrace(1559)	register slip progress, view id : 20153028
2026-03-18 15:40:13	INFO	SlipWinThread_com.huawei.u2000.ucbb.table.slip.SlipTableMsgService	Thread.getStackTrace(1559)	register slip , return result/ view id : 1 / 20153028
2026-03-18 15:40:13	INFO	AWT-EventQueue-0	Thread.getStackTrace(1559)	unregister slip, view id : 26789923
2026-03-18 15:40:13	INFO	AWT-EventQueue-0	Thread.getStackTrace(1559)	unregister slip progress, view id : 26789923
2026-03-18 15:40:14	INFO	AWT-EventQueue-0	Thread.getStackTrace(1559)	create new SvTablePanel instance, view id :17698801
2026-03-18 15:40:14	INFO	AWT-EventQueue-0	Thread.getStackTrace(1559)	register slip progress, view id : 17698801
2026-03-18 15:40:14	INFO	SlipWinThread_com.huawei.u2000.ucbb.table.slip.SlipTableMsgService	Thread.getStackTrace(1559)	register slip , return result/ view id : 1 / 17698801
2026-03-18 15:40:14	INFO	AWT-EventQueue-0	Thread.getStackTrace(1559)	unregister slip, view id : 20153028
2026-03-18 15:40:14	INFO	AWT-EventQueue-0	Thread.getStackTrace(1559)	unregister slip progress, view id : 20153028
2026-03-18 15:40:18	INFO	AWT-EventQueue-0	Thread.getStackTrace(1559)	create new SvTablePanel instance, view id :19943388
2026-03-18 15:40:18	INFO	AWT-EventQueue-0	Thread.getStackTrace(1559)	register slip progress, view id : 19943388
2026-03-18 15:40:18	INFO	SlipWinThread_com.huawei.u2000.ucbb.table.slip.SlipTableMsgService	Thread.getStackTrace(1559)	register slip , return result/ view id : 1 / 19943388
2026-03-18 15:40:18	INFO	AWT-EventQueue-0	Thread.getStackTrace(1559)	unregister slip, view id : 17698801
2026-03-18 15:40:18	INFO	AWT-EventQueue-0	Thread.getStackTrace(1559)	unregister slip progress, view id : 17698801
2026-03-18 15:40:19	INFO	AWT-EventQueue-0	Thread.getStackTrace(1559)	create new SvTablePanel instance, view id :31012642
2026-03-18 15:40:19	INFO	AWT-EventQueue-0	Thread.getStackTrace(1559)	register slip progress, view id : 31012642
2026-03-18 15:40:19	INFO	SlipWinThread_com.huawei.u2000.ucbb.table.slip.SlipTableMsgService	Thread.getStackTrace(1559)	register slip , return result/ view id : 1 / 31012642
2026-03-18 15:40:19	INFO	AWT-EventQueue-0	Thread.getStackTrace(1559)	unregister slip, view id : 19943388
2026-03-18 15:40:19	INFO	AWT-EventQueue-0	Thread.getStackTrace(1559)	unregister slip progress, view id : 19943388
2026-03-18 15:40:20	INFO	AWT-EventQueue-0	Thread.getStackTrace(1559)	create new SvTablePanel instance, view id :15702657
2026-03-18 15:40:20	INFO	AWT-EventQueue-0	Thread.getStackTrace(1559)	register slip progress, view id : 15702657
2026-03-18 15:40:20	INFO	SlipWinThread_com.huawei.u2000.ucbb.table.slip.SlipTableMsgService	Thread.getStackTrace(1559)	register slip , return result/ view id : 1 / 15702657
2026-03-18 15:40:20	INFO	AWT-EventQueue-0	Thread.getStackTrace(1559)	unregister slip, view id : 31012642
2026-03-18 15:40:20	INFO	AWT-EventQueue-0	Thread.getStackTrace(1559)	unregister slip progress, view id : 31012642
2026-03-18 15:40:24	INFO	AWT-EventQueue-0	Thread.getStackTrace(1559)	create new SvTablePanel instance, view id :26165496
2026-03-18 15:40:24	INFO	AWT-EventQueue-0	Thread.getStackTrace(1559)	register slip progress, view id : 26165496
2026-03-18 15:40:24	INFO	SlipWinThread_com.huawei.u2000.ucbb.table.slip.SlipTableMsgService	Thread.getStackTrace(1559)	register slip , return result/ view id : 1 / 26165496
2026-03-18 15:40:24	INFO	AWT-EventQueue-0	Thread.getStackTrace(1559)	unregister slip, view id : 15702657
2026-03-18 15:40:24	INFO	AWT-EventQueue-0	Thread.getStackTrace(1559)	unregister slip progress, view id : 15702657
2026-03-18 15:40:24	INFO	AWT-EventQueue-0	Thread.getStackTrace(1559)	create new SvTablePanel instance, view id :13592433
2026-03-18 15:40:24	INFO	AWT-EventQueue-0	Thread.getStackTrace(1559)	register slip progress, view id : 13592433
2026-03-18 15:40:24	INFO	SlipWinThread_com.huawei.u2000.ucbb.table.slip.SlipTableMsgService	Thread.getStackTrace(1559)	register slip , return result/ view id : 1 / 13592433
2026-03-18 15:40:24	INFO	AWT-EventQueue-0	Thread.getStackTrace(1559)	unregister slip, view id : 26165496
2026-03-18 15:40:24	INFO	AWT-EventQueue-0	Thread.getStackTrace(1559)	unregister slip progress, view id : 26165496
2026-03-18 15:40:25	INFO	AWT-EventQueue-0	Thread.getStackTrace(1559)	create new SvTablePanel instance, view id :23490275
2026-03-18 15:40:25	INFO	AWT-EventQueue-0	Thread.getStackTrace(1559)	register slip progress, view id : 23490275
2026-03-18 15:40:25	INFO	SlipWinThread_com.huawei.u2000.ucbb.table.slip.SlipTableMsgService	Thread.getStackTrace(1559)	register slip , return result/ view id : 1 / 23490275
2026-03-18 15:40:25	INFO	AWT-EventQueue-0	Thread.getStackTrace(1559)	unregister slip, view id : 13592433
2026-03-18 15:40:25	INFO	AWT-EventQueue-0	Thread.getStackTrace(1559)	unregister slip progress, view id : 13592433
2026-03-18 15:40:30	INFO	AWT-EventQueue-0	Thread.getStackTrace(1559)	create new SvTablePanel instance, view id :23285901
2026-03-18 15:40:30	INFO	AWT-EventQueue-0	Thread.getStackTrace(1559)	register slip progress, view id : 23285901
2026-03-18 15:40:30	INFO	SlipWinThread_com.huawei.u2000.ucbb.table.slip.SlipTableMsgService	Thread.getStackTrace(1559)	register slip , return result/ view id : 1 / 23285901
2026-03-18 15:40:30	INFO	AWT-EventQueue-0	Thread.getStackTrace(1559)	unregister slip, view id : 23490275
2026-03-18 15:40:30	INFO	AWT-EventQueue-0	Thread.getStackTrace(1559)	unregister slip progress, view id : 23490275
2026-03-18 15:40:30	INFO	AWT-EventQueue-0	Thread.getStackTrace(1559)	create new SvTablePanel instance, view id :21869750
2026-03-18 15:40:30	INFO	AWT-EventQueue-0	Thread.getStackTrace(1559)	register slip progress, view id : 21869750
2026-03-18 15:40:30	INFO	SlipWinThread_com.huawei.u2000.ucbb.table.slip.SlipTableMsgService	Thread.getStackTrace(1559)	register slip , return result/ view id : 1 / 21869750
2026-03-18 15:40:30	INFO	AWT-EventQueue-0	Thread.getStackTrace(1559)	unregister slip, view id : 23285901
2026-03-18 15:40:30	INFO	AWT-EventQueue-0	Thread.getStackTrace(1559)	unregister slip progress, view id : 23285901
2026-03-18 15:40:31	INFO	AWT-EventQueue-0	Thread.getStackTrace(1559)	create new SvTablePanel instance, view id :20539159
2026-03-18 15:40:31	INFO	AWT-EventQueue-0	Thread.getStackTrace(1559)	register slip progress, view id : 20539159
2026-03-18 15:40:31	INFO	SlipWinThread_com.huawei.u2000.ucbb.table.slip.SlipTableMsgService	Thread.getStackTrace(1559)	register slip , return result/ view id : 1 / 20539159
2026-03-18 15:40:31	INFO	AWT-EventQueue-0	Thread.getStackTrace(1559)	unregister slip, view id : 21869750
2026-03-18 15:40:31	INFO	AWT-EventQueue-0	Thread.getStackTrace(1559)	unregister slip progress, view id : 21869750
2026-03-18 15:40:35	INFO	AWT-EventQueue-0	Thread.getStackTrace(1559)	create new SvTablePanel instance, view id :13882978
2026-03-18 15:40:35	INFO	AWT-EventQueue-0	Thread.getStackTrace(1559)	register slip progress, view id : 13882978
2026-03-18 15:40:35	INFO	SlipWinThread_com.huawei.u2000.ucbb.table.slip.SlipTableMsgService	Thread.getStackTrace(1559)	register slip , return result/ view id : 1 / 13882978
2026-03-18 15:40:35	INFO	AWT-EventQueue-0	Thread.getStackTrace(1559)	unregister slip, view id : 20539159
2026-03-18 15:40:35	INFO	AWT-EventQueue-0	Thread.getStackTrace(1559)	unregister slip progress, view id : 20539159
2026-03-18 15:40:35	INFO	AWT-EventQueue-0	Thread.getStackTrace(1559)	create new SvTablePanel instance, view id :15959319
2026-03-18 15:40:35	INFO	AWT-EventQueue-0	Thread.getStackTrace(1559)	register slip progress, view id : 15959319
2026-03-18 15:40:35	INFO	SlipWinThread_com.huawei.u2000.ucbb.table.slip.SlipTableMsgService	Thread.getStackTrace(1559)	register slip , return result/ view id : 1 / 15959319
2026-03-18 15:40:35	INFO	AWT-EventQueue-0	Thread.getStackTrace(1559)	unregister slip, view id : 13882978
2026-03-18 15:40:35	INFO	AWT-EventQueue-0	Thread.getStackTrace(1559)	unregister slip progress, view id : 13882978
2026-03-18 15:40:36	INFO	AWT-EventQueue-0	Thread.getStackTrace(1559)	create new SvTablePanel instance, view id :402233
2026-03-18 15:40:36	INFO	AWT-EventQueue-0	Thread.getStackTrace(1559)	register slip progress, view id : 402233
2026-03-18 15:40:36	INFO	SlipWinThread_com.huawei.u2000.ucbb.table.slip.SlipTableMsgService	Thread.getStackTrace(1559)	register slip , return result/ view id : 1 / 402233
2026-03-18 15:40:37	INFO	AWT-EventQueue-0	Thread.getStackTrace(1559)	unregister slip, view id : 15959319
2026-03-18 15:40:37	INFO	AWT-EventQueue-0	Thread.getStackTrace(1559)	unregister slip progress, view id : 15959319
2026-03-18 15:40:40	INFO	AWT-EventQueue-0	Thread.getStackTrace(1559)	create new SvTablePanel instance, view id :17176384
2026-03-18 15:40:40	INFO	AWT-EventQueue-0	Thread.getStackTrace(1559)	register slip progress, view id : 17176384
2026-03-18 15:40:40	INFO	SlipWinThread_com.huawei.u2000.ucbb.table.slip.SlipTableMsgService	Thread.getStackTrace(1559)	register slip , return result/ view id : 1 / 17176384
2026-03-18 15:40:40	INFO	AWT-EventQueue-0	Thread.getStackTrace(1559)	unregister slip, view id : 402233
2026-03-18 15:40:40	INFO	AWT-EventQueue-0	Thread.getStackTrace(1559)	unregister slip progress, view id : 402233
2026-03-18 15:40:41	INFO	AWT-EventQueue-0	Thread.getStackTrace(1559)	create new SvTablePanel instance, view id :10056939
2026-03-18 15:40:41	INFO	AWT-EventQueue-0	Thread.getStackTrace(1559)	register slip progress, view id : 10056939
2026-03-18 15:40:41	INFO	SlipWinThread_com.huawei.u2000.ucbb.table.slip.SlipTableMsgService	Thread.getStackTrace(1559)	register slip , return result/ view id : 1 / 10056939
2026-03-18 15:40:41	INFO	AWT-EventQueue-0	Thread.getStackTrace(1559)	unregister slip, view id : 17176384
2026-03-18 15:40:41	INFO	AWT-EventQueue-0	Thread.getStackTrace(1559)	unregister slip progress, view id : 17176384
2026-03-18 15:40:43	INFO	AWT-EventQueue-0	Thread.getStackTrace(1559)	create new SvTablePanel instance, view id :16864788
2026-03-18 15:40:43	INFO	AWT-EventQueue-0	Thread.getStackTrace(1559)	register slip progress, view id : 16864788
2026-03-18 15:40:43	INFO	SlipWinThread_com.huawei.u2000.ucbb.table.slip.SlipTableMsgService	Thread.getStackTrace(1559)	register slip , return result/ view id : 1 / 16864788
2026-03-18 15:40:43	INFO	AWT-EventQueue-0	Thread.getStackTrace(1559)	unregister slip, view id : 10056939
2026-03-18 15:40:43	INFO	AWT-EventQueue-0	Thread.getStackTrace(1559)	unregister slip progress, view id : 10056939
2026-03-18 15:40:47	INFO	AWT-EventQueue-0	Thread.getStackTrace(1559)	create new SvTablePanel instance, view id :14426957
2026-03-18 15:40:47	INFO	AWT-EventQueue-0	Thread.getStackTrace(1559)	register slip progress, view id : 14426957
2026-03-18 15:40:47	INFO	SlipWinThread_com.huawei.u2000.ucbb.table.slip.SlipTableMsgService	Thread.getStackTrace(1559)	register slip , return result/ view id : 1 / 14426957
2026-03-18 15:40:47	INFO	AWT-EventQueue-0	Thread.getStackTrace(1559)	unregister slip, view id : 16864788
2026-03-18 15:40:47	INFO	AWT-EventQueue-0	Thread.getStackTrace(1559)	unregister slip progress, view id : 16864788
2026-03-18 15:40:47	INFO	AWT-EventQueue-0	Thread.getStackTrace(1559)	create new SvTablePanel instance, view id :27451739
2026-03-18 15:40:47	INFO	AWT-EventQueue-0	Thread.getStackTrace(1559)	register slip progress, view id : 27451739
2026-03-18 15:40:47	INFO	SlipWinThread_com.huawei.u2000.ucbb.table.slip.SlipTableMsgService	Thread.getStackTrace(1559)	register slip , return result/ view id : 1 / 27451739
2026-03-18 15:40:47	INFO	AWT-EventQueue-0	Thread.getStackTrace(1559)	unregister slip, view id : 14426957
2026-03-18 15:40:47	INFO	AWT-EventQueue-0	Thread.getStackTrace(1559)	unregister slip progress, view id : 14426957
2026-03-18 15:40:49	INFO	AWT-EventQueue-0	Thread.getStackTrace(1559)	create new SvTablePanel instance, view id :32201444
2026-03-18 15:40:49	INFO	AWT-EventQueue-0	Thread.getStackTrace(1559)	register slip progress, view id : 32201444
2026-03-18 15:40:49	INFO	SlipWinThread_com.huawei.u2000.ucbb.table.slip.SlipTableMsgService	Thread.getStackTrace(1559)	register slip , return result/ view id : 1 / 32201444
2026-03-18 15:40:49	INFO	AWT-EventQueue-0	Thread.getStackTrace(1559)	unregister slip, view id : 27451739
2026-03-18 15:40:49	INFO	AWT-EventQueue-0	Thread.getStackTrace(1559)	unregister slip progress, view id : 27451739
2026-03-18 15:40:53	INFO	AWT-EventQueue-0	Thread.getStackTrace(1559)	create new SvTablePanel instance, view id :25853881
2026-03-18 15:40:53	INFO	AWT-EventQueue-0	Thread.getStackTrace(1559)	register slip progress, view id : 25853881
2026-03-18 15:40:53	INFO	SlipWinThread_com.huawei.u2000.ucbb.table.slip.SlipTableMsgService	Thread.getStackTrace(1559)	register slip , return result/ view id : 1 / 25853881
2026-03-18 15:40:53	INFO	AWT-EventQueue-0	Thread.getStackTrace(1559)	unregister slip, view id : 32201444
2026-03-18 15:40:53	INFO	AWT-EventQueue-0	Thread.getStackTrace(1559)	unregister slip progress, view id : 32201444
2026-03-18 15:40:53	INFO	AWT-EventQueue-0	Thread.getStackTrace(1559)	create new SvTablePanel instance, view id :30061155
2026-03-18 15:40:53	INFO	AWT-EventQueue-0	Thread.getStackTrace(1559)	register slip progress, view id : 30061155
2026-03-18 15:40:53	INFO	SlipWinThread_com.huawei.u2000.ucbb.table.slip.SlipTableMsgService	Thread.getStackTrace(1559)	register slip , return result/ view id : 1 / 30061155
2026-03-18 15:40:53	INFO	AWT-EventQueue-0	Thread.getStackTrace(1559)	unregister slip, view id : 25853881
2026-03-18 15:40:53	INFO	AWT-EventQueue-0	Thread.getStackTrace(1559)	unregister slip progress, view id : 25853881
2026-03-18 15:40:54	INFO	AWT-EventQueue-0	Thread.getStackTrace(1559)	create new SvTablePanel instance, view id :24829596
2026-03-18 15:40:54	INFO	AWT-EventQueue-0	Thread.getStackTrace(1559)	register slip progress, view id : 24829596
2026-03-18 15:40:54	INFO	SlipWinThread_com.huawei.u2000.ucbb.table.slip.SlipTableMsgService	Thread.getStackTrace(1559)	register slip , return result/ view id : 1 / 24829596
2026-03-18 15:40:54	INFO	AWT-EventQueue-0	Thread.getStackTrace(1559)	unregister slip, view id : 30061155
2026-03-18 15:40:54	INFO	AWT-EventQueue-0	Thread.getStackTrace(1559)	unregister slip progress, view id : 30061155
2026-03-18 15:41:01	INFO	AWT-EventQueue-0	Thread.getStackTrace(1559)	create new SvTablePanel instance, view id :9955483
2026-03-18 15:41:01	INFO	AWT-EventQueue-0	Thread.getStackTrace(1559)	register slip progress, view id : 9955483
2026-03-18 15:41:01	INFO	SlipWinThread_com.huawei.u2000.ucbb.table.slip.SlipTableMsgService	Thread.getStackTrace(1559)	register slip , return result/ view id : 1 / 9955483
2026-03-18 15:41:01	INFO	AWT-EventQueue-0	Thread.getStackTrace(1559)	unregister slip, view id : 24829596
2026-03-18 15:41:01	INFO	AWT-EventQueue-0	Thread.getStackTrace(1559)	unregister slip progress, view id : 24829596
2026-03-18 15:41:01	INFO	AWT-EventQueue-0	Thread.getStackTrace(1559)	create new SvTablePanel instance, view id :31436681
2026-03-18 15:41:01	INFO	AWT-EventQueue-0	Thread.getStackTrace(1559)	register slip progress, view id : 31436681
2026-03-18 15:41:01	INFO	SlipWinThread_com.huawei.u2000.ucbb.table.slip.SlipTableMsgService	Thread.getStackTrace(1559)	register slip , return result/ view id : 1 / 31436681
2026-03-18 15:41:01	INFO	AWT-EventQueue-0	Thread.getStackTrace(1559)	unregister slip, view id : 9955483
2026-03-18 15:41:01	INFO	AWT-EventQueue-0	Thread.getStackTrace(1559)	unregister slip progress, view id : 9955483
2026-03-18 15:41:03	INFO	AWT-EventQueue-0	Thread.getStackTrace(1559)	create new SvTablePanel instance, view id :31354799
2026-03-18 15:41:03	INFO	AWT-EventQueue-0	Thread.getStackTrace(1559)	register slip progress, view id : 31354799
2026-03-18 15:41:03	INFO	SlipWinThread_com.huawei.u2000.ucbb.table.slip.SlipTableMsgService	Thread.getStackTrace(1559)	register slip , return result/ view id : 1 / 31354799
2026-03-18 15:41:03	INFO	AWT-EventQueue-0	Thread.getStackTrace(1559)	unregister slip, view id : 31436681
2026-03-18 15:41:03	INFO	AWT-EventQueue-0	Thread.getStackTrace(1559)	unregister slip progress, view id : 31436681
2026-03-18 15:41:09	INFO	AWT-EventQueue-0	Thread.getStackTrace(1559)	create new SvTablePanel instance, view id :10241682
2026-03-18 15:41:09	INFO	AWT-EventQueue-0	Thread.getStackTrace(1559)	register slip progress, view id : 10241682
2026-03-18 15:41:09	INFO	SlipWinThread_com.huawei.u2000.ucbb.table.slip.SlipTableMsgService	Thread.getStackTrace(1559)	register slip , return result/ view id : 1 / 10241682
2026-03-18 15:41:09	INFO	AWT-EventQueue-0	Thread.getStackTrace(1559)	unregister slip, view id : 31354799
2026-03-18 15:41:09	INFO	AWT-EventQueue-0	Thread.getStackTrace(1559)	unregister slip progress, view id : 31354799
2026-03-18 15:41:09	INFO	AWT-EventQueue-0	Thread.getStackTrace(1559)	create new SvTablePanel instance, view id :31478513
2026-03-18 15:41:09	INFO	AWT-EventQueue-0	Thread.getStackTrace(1559)	register slip progress, view id : 31478513
2026-03-18 15:41:09	INFO	SlipWinThread_com.huawei.u2000.ucbb.table.slip.SlipTableMsgService	Thread.getStackTrace(1559)	register slip , return result/ view id : 1 / 31478513
2026-03-18 15:41:09	INFO	AWT-EventQueue-0	Thread.getStackTrace(1559)	unregister slip, view id : 10241682
2026-03-18 15:41:09	INFO	AWT-EventQueue-0	Thread.getStackTrace(1559)	unregister slip progress, view id : 10241682
2026-03-18 15:41:11	INFO	AWT-EventQueue-0	Thread.getStackTrace(1559)	create new SvTablePanel instance, view id :15799043
2026-03-18 15:41:11	INFO	AWT-EventQueue-0	Thread.getStackTrace(1559)	register slip progress, view id : 15799043
2026-03-18 15:41:11	INFO	SlipWinThread_com.huawei.u2000.ucbb.table.slip.SlipTableMsgService	Thread.getStackTrace(1559)	register slip , return result/ view id : 1 / 15799043
2026-03-18 15:41:11	INFO	AWT-EventQueue-0	Thread.getStackTrace(1559)	unregister slip, view id : 31478513
2026-03-18 15:41:11	INFO	AWT-EventQueue-0	Thread.getStackTrace(1559)	unregister slip progress, view id : 31478513
2026-03-18 15:41:16	INFO	AWT-EventQueue-0	Thread.getStackTrace(1559)	create new SvTablePanel instance, view id :26918769
2026-03-18 15:41:16	INFO	AWT-EventQueue-0	Thread.getStackTrace(1559)	register slip progress, view id : 26918769
2026-03-18 15:41:16	INFO	SlipWinThread_com.huawei.u2000.ucbb.table.slip.SlipTableMsgService	Thread.getStackTrace(1559)	register slip , return result/ view id : 1 / 26918769
2026-03-18 15:41:16	INFO	AWT-EventQueue-0	Thread.getStackTrace(1559)	unregister slip, view id : 15799043
2026-03-18 15:41:16	INFO	AWT-EventQueue-0	Thread.getStackTrace(1559)	unregister slip progress, view id : 15799043
2026-03-18 15:41:16	INFO	AWT-EventQueue-0	Thread.getStackTrace(1559)	create new SvTablePanel instance, view id :6763876
2026-03-18 15:41:16	INFO	AWT-EventQueue-0	Thread.getStackTrace(1559)	register slip progress, view id : 6763876
2026-03-18 15:41:16	INFO	SlipWinThread_com.huawei.u2000.ucbb.table.slip.SlipTableMsgService	Thread.getStackTrace(1559)	register slip , return result/ view id : 1 / 6763876
2026-03-18 15:41:16	INFO	AWT-EventQueue-0	Thread.getStackTrace(1559)	unregister slip, view id : 26918769
2026-03-18 15:41:16	INFO	AWT-EventQueue-0	Thread.getStackTrace(1559)	unregister slip progress, view id : 26918769
2026-03-18 15:41:18	INFO	AWT-EventQueue-0	Thread.getStackTrace(1559)	create new SvTablePanel instance, view id :27742533
2026-03-18 15:41:18	INFO	AWT-EventQueue-0	Thread.getStackTrace(1559)	register slip progress, view id : 27742533
2026-03-18 15:41:18	INFO	SlipWinThread_com.huawei.u2000.ucbb.table.slip.SlipTableMsgService	Thread.getStackTrace(1559)	register slip , return result/ view id : 1 / 27742533
2026-03-18 15:41:18	INFO	AWT-EventQueue-0	Thread.getStackTrace(1559)	unregister slip, view id : 6763876
2026-03-18 15:41:18	INFO	AWT-EventQueue-0	Thread.getStackTrace(1559)	unregister slip progress, view id : 6763876
2026-03-18 15:41:21	INFO	AWT-EventQueue-0	Thread.getStackTrace(1559)	create new SvTablePanel instance, view id :23726906
2026-03-18 15:41:21	INFO	AWT-EventQueue-0	Thread.getStackTrace(1559)	register slip progress, view id : 23726906
2026-03-18 15:41:21	INFO	SlipWinThread_com.huawei.u2000.ucbb.table.slip.SlipTableMsgService	Thread.getStackTrace(1559)	register slip , return result/ view id : 1 / 23726906
2026-03-18 15:41:21	INFO	AWT-EventQueue-0	Thread.getStackTrace(1559)	unregister slip, view id : 27742533
2026-03-18 15:41:21	INFO	AWT-EventQueue-0	Thread.getStackTrace(1559)	unregister slip progress, view id : 27742533
2026-03-18 15:41:22	INFO	AWT-EventQueue-0	Thread.getStackTrace(1559)	create new SvTablePanel instance, view id :15504391
2026-03-18 15:41:22	INFO	AWT-EventQueue-0	Thread.getStackTrace(1559)	register slip progress, view id : 15504391
2026-03-18 15:41:22	INFO	SlipWinThread_com.huawei.u2000.ucbb.table.slip.SlipTableMsgService	Thread.getStackTrace(1559)	register slip , return result/ view id : 1 / 15504391
2026-03-18 15:41:22	INFO	AWT-EventQueue-0	Thread.getStackTrace(1559)	unregister slip, view id : 23726906
2026-03-18 15:41:22	INFO	AWT-EventQueue-0	Thread.getStackTrace(1559)	unregister slip progress, view id : 23726906
2026-03-18 15:41:24	INFO	AWT-EventQueue-0	Thread.getStackTrace(1559)	create new SvTablePanel instance, view id :33275049
2026-03-18 15:41:24	INFO	AWT-EventQueue-0	Thread.getStackTrace(1559)	register slip progress, view id : 33275049
2026-03-18 15:41:24	INFO	SlipWinThread_com.huawei.u2000.ucbb.table.slip.SlipTableMsgService	Thread.getStackTrace(1559)	register slip , return result/ view id : 1 / 33275049
2026-03-18 15:41:24	INFO	AWT-EventQueue-0	Thread.getStackTrace(1559)	unregister slip, view id : 15504391
2026-03-18 15:41:24	INFO	AWT-EventQueue-0	Thread.getStackTrace(1559)	unregister slip progress, view id : 15504391
2026-03-18 15:41:32	INFO	AWT-EventQueue-0	Thread.getStackTrace(1559)	create new SvTablePanel instance, view id :22531299
2026-03-18 15:41:32	INFO	AWT-EventQueue-0	Thread.getStackTrace(1559)	register slip progress, view id : 22531299
2026-03-18 15:41:32	INFO	SlipWinThread_com.huawei.u2000.ucbb.table.slip.SlipTableMsgService	Thread.getStackTrace(1559)	register slip , return result/ view id : 1 / 22531299
2026-03-18 15:41:32	INFO	AWT-EventQueue-0	Thread.getStackTrace(1559)	unregister slip, view id : 33275049
2026-03-18 15:41:32	INFO	AWT-EventQueue-0	Thread.getStackTrace(1559)	unregister slip progress, view id : 33275049
2026-03-18 15:41:32	INFO	AWT-EventQueue-0	Thread.getStackTrace(1559)	create new SvTablePanel instance, view id :31952948
2026-03-18 15:41:32	INFO	AWT-EventQueue-0	Thread.getStackTrace(1559)	register slip progress, view id : 31952948
2026-03-18 15:41:32	INFO	SlipWinThread_com.huawei.u2000.ucbb.table.slip.SlipTableMsgService	Thread.getStackTrace(1559)	register slip , return result/ view id : 1 / 31952948
2026-03-18 15:41:32	INFO	AWT-EventQueue-0	Thread.getStackTrace(1559)	unregister slip, view id : 22531299
2026-03-18 15:41:32	INFO	AWT-EventQueue-0	Thread.getStackTrace(1559)	unregister slip progress, view id : 22531299
2026-03-18 15:41:33	INFO	AWT-EventQueue-0	Thread.getStackTrace(1559)	create new SvTablePanel instance, view id :15803198
2026-03-18 15:41:33	INFO	AWT-EventQueue-0	Thread.getStackTrace(1559)	register slip progress, view id : 15803198
2026-03-18 15:41:33	INFO	SlipWinThread_com.huawei.u2000.ucbb.table.slip.SlipTableMsgService	Thread.getStackTrace(1559)	register slip , return result/ view id : 1 / 15803198
2026-03-18 15:41:33	INFO	AWT-EventQueue-0	Thread.getStackTrace(1559)	unregister slip, view id : 31952948
2026-03-18 15:41:33	INFO	AWT-EventQueue-0	Thread.getStackTrace(1559)	unregister slip progress, view id : 31952948
2026-03-18 15:41:39	INFO	AWT-EventQueue-0	Thread.getStackTrace(1559)	create new SvTablePanel instance, view id :11743716
2026-03-18 15:41:39	INFO	AWT-EventQueue-0	Thread.getStackTrace(1559)	register slip progress, view id : 11743716
2026-03-18 15:41:39	INFO	SlipWinThread_com.huawei.u2000.ucbb.table.slip.SlipTableMsgService	Thread.getStackTrace(1559)	register slip , return result/ view id : 1 / 11743716
2026-03-18 15:41:39	INFO	AWT-EventQueue-0	Thread.getStackTrace(1559)	unregister slip, view id : 15803198
2026-03-18 15:41:39	INFO	AWT-EventQueue-0	Thread.getStackTrace(1559)	unregister slip progress, view id : 15803198
2026-03-18 15:41:40	INFO	AWT-EventQueue-0	Thread.getStackTrace(1559)	create new SvTablePanel instance, view id :5609995
2026-03-18 15:41:40	INFO	AWT-EventQueue-0	Thread.getStackTrace(1559)	register slip progress, view id : 5609995
2026-03-18 15:41:40	INFO	SlipWinThread_com.huawei.u2000.ucbb.table.slip.SlipTableMsgService	Thread.getStackTrace(1559)	register slip , return result/ view id : 1 / 5609995
2026-03-18 15:41:40	INFO	AWT-EventQueue-0	Thread.getStackTrace(1559)	unregister slip, view id : 11743716
2026-03-18 15:41:40	INFO	AWT-EventQueue-0	Thread.getStackTrace(1559)	unregister slip progress, view id : 11743716
2026-03-18 15:41:41	INFO	AWT-EventQueue-0	Thread.getStackTrace(1559)	create new SvTablePanel instance, view id :24696431
2026-03-18 15:41:41	INFO	AWT-EventQueue-0	Thread.getStackTrace(1559)	register slip progress, view id : 24696431
2026-03-18 15:41:41	INFO	SlipWinThread_com.huawei.u2000.ucbb.table.slip.SlipTableMsgService	Thread.getStackTrace(1559)	register slip , return result/ view id : 1 / 24696431
2026-03-18 15:41:41	INFO	AWT-EventQueue-0	Thread.getStackTrace(1559)	unregister slip, view id : 5609995
2026-03-18 15:41:41	INFO	AWT-EventQueue-0	Thread.getStackTrace(1559)	unregister slip progress, view id : 5609995
2026-03-18 15:41:45	INFO	AWT-EventQueue-0	Thread.getStackTrace(1559)	create new SvTablePanel instance, view id :10066245
2026-03-18 15:41:45	INFO	AWT-EventQueue-0	Thread.getStackTrace(1559)	register slip progress, view id : 10066245
2026-03-18 15:41:45	INFO	SlipWinThread_com.huawei.u2000.ucbb.table.slip.SlipTableMsgService	Thread.getStackTrace(1559)	register slip , return result/ view id : 1 / 10066245
2026-03-18 15:41:45	INFO	AWT-EventQueue-0	Thread.getStackTrace(1559)	unregister slip, view id : 24696431
2026-03-18 15:41:45	INFO	AWT-EventQueue-0	Thread.getStackTrace(1559)	unregister slip progress, view id : 24696431
2026-03-18 15:41:45	INFO	AWT-EventQueue-0	Thread.getStackTrace(1559)	create new SvTablePanel instance, view id :20358533
2026-03-18 15:41:45	INFO	AWT-EventQueue-0	Thread.getStackTrace(1559)	register slip progress, view id : 20358533
2026-03-18 15:41:45	INFO	SlipWinThread_com.huawei.u2000.ucbb.table.slip.SlipTableMsgService	Thread.getStackTrace(1559)	register slip , return result/ view id : 1 / 20358533
2026-03-18 15:41:46	INFO	AWT-EventQueue-0	Thread.getStackTrace(1559)	unregister slip, view id : 10066245
2026-03-18 15:41:46	INFO	AWT-EventQueue-0	Thread.getStackTrace(1559)	unregister slip progress, view id : 10066245
2026-03-18 15:41:47	INFO	AWT-EventQueue-0	Thread.getStackTrace(1559)	create new SvTablePanel instance, view id :1642798
2026-03-18 15:41:47	INFO	AWT-EventQueue-0	Thread.getStackTrace(1559)	register slip progress, view id : 1642798
2026-03-18 15:41:47	INFO	SlipWinThread_com.huawei.u2000.ucbb.table.slip.SlipTableMsgService	Thread.getStackTrace(1559)	register slip , return result/ view id : 1 / 1642798
2026-03-18 15:41:47	INFO	AWT-EventQueue-0	Thread.getStackTrace(1559)	unregister slip, view id : 20358533
2026-03-18 15:41:47	INFO	AWT-EventQueue-0	Thread.getStackTrace(1559)	unregister slip progress, view id : 20358533
2026-03-18 15:41:51	INFO	AWT-EventQueue-0	Thread.getStackTrace(1559)	create new SvTablePanel instance, view id :5504928
2026-03-18 15:41:51	INFO	AWT-EventQueue-0	Thread.getStackTrace(1559)	register slip progress, view id : 5504928
2026-03-18 15:41:51	INFO	SlipWinThread_com.huawei.u2000.ucbb.table.slip.SlipTableMsgService	Thread.getStackTrace(1559)	register slip , return result/ view id : 1 / 5504928
2026-03-18 15:41:51	INFO	AWT-EventQueue-0	Thread.getStackTrace(1559)	unregister slip, view id : 1642798
2026-03-18 15:41:51	INFO	AWT-EventQueue-0	Thread.getStackTrace(1559)	unregister slip progress, view id : 1642798
2026-03-18 15:41:51	INFO	AWT-EventQueue-0	Thread.getStackTrace(1559)	create new SvTablePanel instance, view id :5703956
2026-03-18 15:41:51	INFO	AWT-EventQueue-0	Thread.getStackTrace(1559)	register slip progress, view id : 5703956
2026-03-18 15:41:51	INFO	SlipWinThread_com.huawei.u2000.ucbb.table.slip.SlipTableMsgService	Thread.getStackTrace(1559)	register slip , return result/ view id : 1 / 5703956
2026-03-18 15:41:51	INFO	AWT-EventQueue-0	Thread.getStackTrace(1559)	unregister slip, view id : 5504928
2026-03-18 15:41:51	INFO	AWT-EventQueue-0	Thread.getStackTrace(1559)	unregister slip progress, view id : 5504928
2026-03-18 15:41:53	INFO	AWT-EventQueue-0	Thread.getStackTrace(1559)	create new SvTablePanel instance, view id :20423269
2026-03-18 15:41:53	INFO	AWT-EventQueue-0	Thread.getStackTrace(1559)	register slip progress, view id : 20423269
2026-03-18 15:41:53	INFO	SlipWinThread_com.huawei.u2000.ucbb.table.slip.SlipTableMsgService	Thread.getStackTrace(1559)	register slip , return result/ view id : 1 / 20423269
2026-03-18 15:41:53	INFO	AWT-EventQueue-0	Thread.getStackTrace(1559)	unregister slip, view id : 5703956
2026-03-18 15:41:53	INFO	AWT-EventQueue-0	Thread.getStackTrace(1559)	unregister slip progress, view id : 5703956
2026-03-18 15:41:57	INFO	AWT-EventQueue-0	Thread.getStackTrace(1559)	create new SvTablePanel instance, view id :1005186
2026-03-18 15:41:57	INFO	AWT-EventQueue-0	Thread.getStackTrace(1559)	register slip progress, view id : 1005186
2026-03-18 15:41:57	INFO	SlipWinThread_com.huawei.u2000.ucbb.table.slip.SlipTableMsgService	Thread.getStackTrace(1559)	register slip , return result/ view id : 1 / 1005186
2026-03-18 15:41:57	INFO	AWT-EventQueue-0	Thread.getStackTrace(1559)	unregister slip, view id : 20423269
2026-03-18 15:41:57	INFO	AWT-EventQueue-0	Thread.getStackTrace(1559)	unregister slip progress, view id : 20423269
2026-03-18 15:41:57	INFO	AWT-EventQueue-0	Thread.getStackTrace(1559)	create new SvTablePanel instance, view id :29046164
2026-03-18 15:41:57	INFO	AWT-EventQueue-0	Thread.getStackTrace(1559)	register slip progress, view id : 29046164
2026-03-18 15:41:57	INFO	SlipWinThread_com.huawei.u2000.ucbb.table.slip.SlipTableMsgService	Thread.getStackTrace(1559)	register slip , return result/ view id : 1 / 29046164
2026-03-18 15:41:57	INFO	AWT-EventQueue-0	Thread.getStackTrace(1559)	unregister slip, view id : 1005186
2026-03-18 15:41:57	INFO	AWT-EventQueue-0	Thread.getStackTrace(1559)	unregister slip progress, view id : 1005186
2026-03-18 15:41:58	INFO	AWT-EventQueue-0	Thread.getStackTrace(1559)	create new SvTablePanel instance, view id :7820408
2026-03-18 15:41:58	INFO	AWT-EventQueue-0	Thread.getStackTrace(1559)	register slip progress, view id : 7820408
2026-03-18 15:41:58	INFO	SlipWinThread_com.huawei.u2000.ucbb.table.slip.SlipTableMsgService	Thread.getStackTrace(1559)	register slip , return result/ view id : 1 / 7820408
2026-03-18 15:41:58	INFO	AWT-EventQueue-0	Thread.getStackTrace(1559)	unregister slip, view id : 29046164
2026-03-18 15:41:58	INFO	AWT-EventQueue-0	Thread.getStackTrace(1559)	unregister slip progress, view id : 29046164
2026-03-18 15:42:03	INFO	AWT-EventQueue-0	Thread.getStackTrace(1559)	create new SvTablePanel instance, view id :6153507
2026-03-18 15:42:03	INFO	AWT-EventQueue-0	Thread.getStackTrace(1559)	register slip progress, view id : 6153507
2026-03-18 15:42:03	INFO	SlipWinThread_com.huawei.u2000.ucbb.table.slip.SlipTableMsgService	Thread.getStackTrace(1559)	register slip , return result/ view id : 1 / 6153507
2026-03-18 15:42:03	INFO	AWT-EventQueue-0	Thread.getStackTrace(1559)	unregister slip, view id : 7820408
2026-03-18 15:42:03	INFO	AWT-EventQueue-0	Thread.getStackTrace(1559)	unregister slip progress, view id : 7820408
2026-03-18 15:42:03	INFO	AWT-EventQueue-0	Thread.getStackTrace(1559)	create new SvTablePanel instance, view id :20232450
2026-03-18 15:42:03	INFO	AWT-EventQueue-0	Thread.getStackTrace(1559)	register slip progress, view id : 20232450
2026-03-18 15:42:03	INFO	SlipWinThread_com.huawei.u2000.ucbb.table.slip.SlipTableMsgService	Thread.getStackTrace(1559)	register slip , return result/ view id : 1 / 20232450
2026-03-18 15:42:03	INFO	AWT-EventQueue-0	Thread.getStackTrace(1559)	unregister slip, view id : 6153507
2026-03-18 15:42:03	INFO	AWT-EventQueue-0	Thread.getStackTrace(1559)	unregister slip progress, view id : 6153507
2026-03-18 15:42:04	INFO	AWT-EventQueue-0	Thread.getStackTrace(1559)	create new SvTablePanel instance, view id :18894784
2026-03-18 15:42:04	INFO	AWT-EventQueue-0	Thread.getStackTrace(1559)	register slip progress, view id : 18894784
2026-03-18 15:42:04	INFO	SlipWinThread_com.huawei.u2000.ucbb.table.slip.SlipTableMsgService	Thread.getStackTrace(1559)	register slip , return result/ view id : 1 / 18894784
2026-03-18 15:42:04	INFO	AWT-EventQueue-0	Thread.getStackTrace(1559)	unregister slip, view id : 20232450
2026-03-18 15:42:04	INFO	AWT-EventQueue-0	Thread.getStackTrace(1559)	unregister slip progress, view id : 20232450
2026-03-18 15:42:08	INFO	AWT-EventQueue-0	Thread.getStackTrace(1559)	create new SvTablePanel instance, view id :5308040
2026-03-18 15:42:08	INFO	AWT-EventQueue-0	Thread.getStackTrace(1559)	register slip progress, view id : 5308040
2026-03-18 15:42:08	INFO	SlipWinThread_com.huawei.u2000.ucbb.table.slip.SlipTableMsgService	Thread.getStackTrace(1559)	register slip , return result/ view id : 1 / 5308040
2026-03-18 15:42:08	INFO	AWT-EventQueue-0	Thread.getStackTrace(1559)	unregister slip, view id : 18894784
2026-03-18 15:42:08	INFO	AWT-EventQueue-0	Thread.getStackTrace(1559)	unregister slip progress, view id : 18894784
2026-03-18 15:42:08	INFO	AWT-EventQueue-0	Thread.getStackTrace(1559)	create new SvTablePanel instance, view id :555529
2026-03-18 15:42:08	INFO	AWT-EventQueue-0	Thread.getStackTrace(1559)	register slip progress, view id : 555529
2026-03-18 15:42:08	INFO	SlipWinThread_com.huawei.u2000.ucbb.table.slip.SlipTableMsgService	Thread.getStackTrace(1559)	register slip , return result/ view id : 1 / 555529
2026-03-18 15:42:08	INFO	AWT-EventQueue-0	Thread.getStackTrace(1559)	unregister slip, view id : 5308040
2026-03-18 15:42:08	INFO	AWT-EventQueue-0	Thread.getStackTrace(1559)	unregister slip progress, view id : 5308040
2026-03-18 15:42:09	INFO	AWT-EventQueue-0	Thread.getStackTrace(1559)	create new SvTablePanel instance, view id :21100736
2026-03-18 15:42:09	INFO	AWT-EventQueue-0	Thread.getStackTrace(1559)	register slip progress, view id : 21100736
2026-03-18 15:42:09	INFO	AWT-EventQueue-0	Thread.getStackTrace(1559)	unregister slip, view id : 555529
2026-03-18 15:42:09	INFO	AWT-EventQueue-0	Thread.getStackTrace(1559)	unregister slip progress, view id : 555529
2026-03-18 15:42:09	INFO	SlipWinThread_com.huawei.u2000.ucbb.table.slip.SlipTableMsgService	Thread.getStackTrace(1559)	register slip , return result/ view id : 1 / 21100736
2026-03-18 15:42:13	INFO	AWT-EventQueue-0	Thread.getStackTrace(1559)	create new SvTablePanel instance, view id :28246976
2026-03-18 15:42:13	INFO	AWT-EventQueue-0	Thread.getStackTrace(1559)	register slip progress, view id : 28246976
2026-03-18 15:42:13	INFO	SlipWinThread_com.huawei.u2000.ucbb.table.slip.SlipTableMsgService	Thread.getStackTrace(1559)	register slip , return result/ view id : 1 / 28246976
2026-03-18 15:42:13	INFO	AWT-EventQueue-0	Thread.getStackTrace(1559)	unregister slip, view id : 21100736
2026-03-18 15:42:13	INFO	AWT-EventQueue-0	Thread.getStackTrace(1559)	unregister slip progress, view id : 21100736
2026-03-18 15:42:14	INFO	AWT-EventQueue-0	Thread.getStackTrace(1559)	create new SvTablePanel instance, view id :8715998
2026-03-18 15:42:14	INFO	AWT-EventQueue-0	Thread.getStackTrace(1559)	register slip progress, view id : 8715998
2026-03-18 15:42:14	INFO	SlipWinThread_com.huawei.u2000.ucbb.table.slip.SlipTableMsgService	Thread.getStackTrace(1559)	register slip , return result/ view id : 1 / 8715998
2026-03-18 15:42:14	INFO	AWT-EventQueue-0	Thread.getStackTrace(1559)	unregister slip, view id : 28246976
2026-03-18 15:42:14	INFO	AWT-EventQueue-0	Thread.getStackTrace(1559)	unregister slip progress, view id : 28246976
2026-03-18 15:42:14	INFO	AWT-EventQueue-0	Thread.getStackTrace(1559)	create new SvTablePanel instance, view id :19781274
2026-03-18 15:42:14	INFO	AWT-EventQueue-0	Thread.getStackTrace(1559)	register slip progress, view id : 19781274
2026-03-18 15:42:14	INFO	SlipWinThread_com.huawei.u2000.ucbb.table.slip.SlipTableMsgService	Thread.getStackTrace(1559)	register slip , return result/ view id : 1 / 19781274
2026-03-18 15:42:14	INFO	AWT-EventQueue-0	Thread.getStackTrace(1559)	unregister slip, view id : 8715998
2026-03-18 15:42:14	INFO	AWT-EventQueue-0	Thread.getStackTrace(1559)	unregister slip progress, view id : 8715998
2026-03-18 15:42:21	INFO	AWT-EventQueue-0	Thread.getStackTrace(1559)	create new SvTablePanel instance, view id :21876022
2026-03-18 15:42:21	INFO	AWT-EventQueue-0	Thread.getStackTrace(1559)	register slip progress, view id : 21876022
2026-03-18 15:42:21	INFO	SlipWinThread_com.huawei.u2000.ucbb.table.slip.SlipTableMsgService	Thread.getStackTrace(1559)	register slip , return result/ view id : 1 / 21876022
2026-03-18 15:42:21	INFO	AWT-EventQueue-0	Thread.getStackTrace(1559)	unregister slip, view id : 19781274
2026-03-18 15:42:21	INFO	AWT-EventQueue-0	Thread.getStackTrace(1559)	unregister slip progress, view id : 19781274
2026-03-18 15:42:22	INFO	AWT-EventQueue-0	Thread.getStackTrace(1559)	create new SvTablePanel instance, view id :18129498
2026-03-18 15:42:22	INFO	AWT-EventQueue-0	Thread.getStackTrace(1559)	register slip progress, view id : 18129498
2026-03-18 15:42:22	INFO	SlipWinThread_com.huawei.u2000.ucbb.table.slip.SlipTableMsgService	Thread.getStackTrace(1559)	register slip , return result/ view id : 1 / 18129498
2026-03-18 15:42:22	INFO	AWT-EventQueue-0	Thread.getStackTrace(1559)	unregister slip, view id : 21876022
2026-03-18 15:42:22	INFO	AWT-EventQueue-0	Thread.getStackTrace(1559)	unregister slip progress, view id : 21876022
2026-03-18 15:42:23	INFO	AWT-EventQueue-0	Thread.getStackTrace(1559)	create new SvTablePanel instance, view id :286943
2026-03-18 15:42:23	INFO	AWT-EventQueue-0	Thread.getStackTrace(1559)	register slip progress, view id : 286943
2026-03-18 15:42:23	INFO	SlipWinThread_com.huawei.u2000.ucbb.table.slip.SlipTableMsgService	Thread.getStackTrace(1559)	register slip , return result/ view id : 1 / 286943
2026-03-18 15:42:23	INFO	AWT-EventQueue-0	Thread.getStackTrace(1559)	unregister slip, view id : 18129498
2026-03-18 15:42:23	INFO	AWT-EventQueue-0	Thread.getStackTrace(1559)	unregister slip progress, view id : 18129498
2026-03-18 15:42:26	INFO	AWT-EventQueue-0	Thread.getStackTrace(1559)	create new SvTablePanel instance, view id :24455062
2026-03-18 15:42:26	INFO	AWT-EventQueue-0	Thread.getStackTrace(1559)	register slip progress, view id : 24455062
2026-03-18 15:42:26	INFO	SlipWinThread_com.huawei.u2000.ucbb.table.slip.SlipTableMsgService	Thread.getStackTrace(1559)	register slip , return result/ view id : 1 / 24455062
2026-03-18 15:42:26	INFO	AWT-EventQueue-0	Thread.getStackTrace(1559)	unregister slip, view id : 286943
2026-03-18 15:42:26	INFO	AWT-EventQueue-0	Thread.getStackTrace(1559)	unregister slip progress, view id : 286943
2026-03-18 15:42:27	INFO	AWT-EventQueue-0	Thread.getStackTrace(1559)	create new SvTablePanel instance, view id :17625786
2026-03-18 15:42:27	INFO	AWT-EventQueue-0	Thread.getStackTrace(1559)	register slip progress, view id : 17625786
2026-03-18 15:42:27	INFO	SlipWinThread_com.huawei.u2000.ucbb.table.slip.SlipTableMsgService	Thread.getStackTrace(1559)	register slip , return result/ view id : 1 / 17625786
2026-03-18 15:42:27	INFO	AWT-EventQueue-0	Thread.getStackTrace(1559)	unregister slip, view id : 24455062
2026-03-18 15:42:27	INFO	AWT-EventQueue-0	Thread.getStackTrace(1559)	unregister slip progress, view id : 24455062
2026-03-18 15:42:28	INFO	AWT-EventQueue-0	Thread.getStackTrace(1559)	create new SvTablePanel instance, view id :27693831
2026-03-18 15:42:28	INFO	AWT-EventQueue-0	Thread.getStackTrace(1559)	register slip progress, view id : 27693831
2026-03-18 15:42:28	INFO	SlipWinThread_com.huawei.u2000.ucbb.table.slip.SlipTableMsgService	Thread.getStackTrace(1559)	register slip , return result/ view id : 1 / 27693831
2026-03-18 15:42:28	INFO	AWT-EventQueue-0	Thread.getStackTrace(1559)	unregister slip, view id : 17625786
2026-03-18 15:42:28	INFO	AWT-EventQueue-0	Thread.getStackTrace(1559)	unregister slip progress, view id : 17625786
2026-03-18 15:42:32	INFO	AWT-EventQueue-0	Thread.getStackTrace(1559)	create new SvTablePanel instance, view id :30605064
2026-03-18 15:42:32	INFO	AWT-EventQueue-0	Thread.getStackTrace(1559)	register slip progress, view id : 30605064
2026-03-18 15:42:32	INFO	SlipWinThread_com.huawei.u2000.ucbb.table.slip.SlipTableMsgService	Thread.getStackTrace(1559)	register slip , return result/ view id : 1 / 30605064
2026-03-18 15:42:32	INFO	AWT-EventQueue-0	Thread.getStackTrace(1559)	unregister slip, view id : 27693831
2026-03-18 15:42:32	INFO	AWT-EventQueue-0	Thread.getStackTrace(1559)	unregister slip progress, view id : 27693831
2026-03-18 15:42:32	INFO	AWT-EventQueue-0	Thread.getStackTrace(1559)	create new SvTablePanel instance, view id :14076734
2026-03-18 15:42:32	INFO	AWT-EventQueue-0	Thread.getStackTrace(1559)	register slip progress, view id : 14076734
2026-03-18 15:42:32	INFO	AWT-EventQueue-0	Thread.getStackTrace(1559)	unregister slip, view id : 30605064
2026-03-18 15:42:32	INFO	AWT-EventQueue-0	Thread.getStackTrace(1559)	unregister slip progress, view id : 30605064
2026-03-18 15:42:32	INFO	SlipWinThread_com.huawei.u2000.ucbb.table.slip.SlipTableMsgService	Thread.getStackTrace(1559)	register slip , return result/ view id : 1 / 14076734
2026-03-18 15:42:34	INFO	AWT-EventQueue-0	Thread.getStackTrace(1559)	create new SvTablePanel instance, view id :19317343
2026-03-18 15:42:34	INFO	AWT-EventQueue-0	Thread.getStackTrace(1559)	register slip progress, view id : 19317343
2026-03-18 15:42:34	INFO	SlipWinThread_com.huawei.u2000.ucbb.table.slip.SlipTableMsgService	Thread.getStackTrace(1559)	register slip , return result/ view id : 1 / 19317343
2026-03-18 15:42:34	INFO	AWT-EventQueue-0	Thread.getStackTrace(1559)	unregister slip, view id : 14076734
2026-03-18 15:42:34	INFO	AWT-EventQueue-0	Thread.getStackTrace(1559)	unregister slip progress, view id : 14076734
2026-03-18 15:42:38	INFO	AWT-EventQueue-0	Thread.getStackTrace(1559)	create new SvTablePanel instance, view id :22442719
2026-03-18 15:42:38	INFO	AWT-EventQueue-0	Thread.getStackTrace(1559)	register slip progress, view id : 22442719
2026-03-18 15:42:38	INFO	SlipWinThread_com.huawei.u2000.ucbb.table.slip.SlipTableMsgService	Thread.getStackTrace(1559)	register slip , return result/ view id : 1 / 22442719
2026-03-18 15:42:38	INFO	AWT-EventQueue-0	Thread.getStackTrace(1559)	unregister slip, view id : 19317343
2026-03-18 15:42:38	INFO	AWT-EventQueue-0	Thread.getStackTrace(1559)	unregister slip progress, view id : 19317343
2026-03-18 15:42:38	INFO	AWT-EventQueue-0	Thread.getStackTrace(1559)	create new SvTablePanel instance, view id :27206904
2026-03-18 15:42:38	INFO	AWT-EventQueue-0	Thread.getStackTrace(1559)	register slip progress, view id : 27206904
2026-03-18 15:42:38	INFO	SlipWinThread_com.huawei.u2000.ucbb.table.slip.SlipTableMsgService	Thread.getStackTrace(1559)	register slip , return result/ view id : 1 / 27206904
2026-03-18 15:42:38	INFO	AWT-EventQueue-0	Thread.getStackTrace(1559)	unregister slip, view id : 22442719
2026-03-18 15:42:38	INFO	AWT-EventQueue-0	Thread.getStackTrace(1559)	unregister slip progress, view id : 22442719
2026-03-18 15:42:40	INFO	AWT-EventQueue-0	Thread.getStackTrace(1559)	create new SvTablePanel instance, view id :8749334
2026-03-18 15:42:40	INFO	AWT-EventQueue-0	Thread.getStackTrace(1559)	register slip progress, view id : 8749334
2026-03-18 15:42:40	INFO	AWT-EventQueue-0	Thread.getStackTrace(1559)	unregister slip, view id : 27206904
2026-03-18 15:42:40	INFO	AWT-EventQueue-0	Thread.getStackTrace(1559)	unregister slip progress, view id : 27206904
2026-03-18 15:42:40	INFO	SlipWinThread_com.huawei.u2000.ucbb.table.slip.SlipTableMsgService	Thread.getStackTrace(1559)	register slip , return result/ view id : 1 / 8749334
2026-03-18 15:42:44	INFO	AWT-EventQueue-0	Thread.getStackTrace(1559)	create new SvTablePanel instance, view id :8496779
2026-03-18 15:42:44	INFO	AWT-EventQueue-0	Thread.getStackTrace(1559)	register slip progress, view id : 8496779
2026-03-18 15:42:44	INFO	SlipWinThread_com.huawei.u2000.ucbb.table.slip.SlipTableMsgService	Thread.getStackTrace(1559)	register slip , return result/ view id : 1 / 8496779
2026-03-18 15:42:44	INFO	AWT-EventQueue-0	Thread.getStackTrace(1559)	unregister slip, view id : 8749334
2026-03-18 15:42:44	INFO	AWT-EventQueue-0	Thread.getStackTrace(1559)	unregister slip progress, view id : 8749334
2026-03-18 15:42:45	INFO	AWT-EventQueue-0	Thread.getStackTrace(1559)	create new SvTablePanel instance, view id :5271631
2026-03-18 15:42:45	INFO	AWT-EventQueue-0	Thread.getStackTrace(1559)	register slip progress, view id : 5271631
2026-03-18 15:42:45	INFO	SlipWinThread_com.huawei.u2000.ucbb.table.slip.SlipTableMsgService	Thread.getStackTrace(1559)	register slip , return result/ view id : 1 / 5271631
2026-03-18 15:42:45	INFO	AWT-EventQueue-0	Thread.getStackTrace(1559)	unregister slip, view id : 8496779
2026-03-18 15:42:45	INFO	AWT-EventQueue-0	Thread.getStackTrace(1559)	unregister slip progress, view id : 8496779
2026-03-18 15:42:46	INFO	AWT-EventQueue-0	Thread.getStackTrace(1559)	create new SvTablePanel instance, view id :11947602
2026-03-18 15:42:46	INFO	AWT-EventQueue-0	Thread.getStackTrace(1559)	register slip progress, view id : 11947602
2026-03-18 15:42:46	INFO	SlipWinThread_com.huawei.u2000.ucbb.table.slip.SlipTableMsgService	Thread.getStackTrace(1559)	register slip , return result/ view id : 1 / 11947602
2026-03-18 15:42:46	INFO	AWT-EventQueue-0	Thread.getStackTrace(1559)	unregister slip, view id : 5271631
2026-03-18 15:42:46	INFO	AWT-EventQueue-0	Thread.getStackTrace(1559)	unregister slip progress, view id : 5271631
2026-03-18 15:42:50	INFO	AWT-EventQueue-0	Thread.getStackTrace(1559)	create new SvTablePanel instance, view id :25890993
2026-03-18 15:42:50	INFO	AWT-EventQueue-0	Thread.getStackTrace(1559)	register slip progress, view id : 25890993
2026-03-18 15:42:50	INFO	SlipWinThread_com.huawei.u2000.ucbb.table.slip.SlipTableMsgService	Thread.getStackTrace(1559)	register slip , return result/ view id : 1 / 25890993
2026-03-18 15:42:50	INFO	AWT-EventQueue-0	Thread.getStackTrace(1559)	unregister slip, view id : 11947602
2026-03-18 15:42:50	INFO	AWT-EventQueue-0	Thread.getStackTrace(1559)	unregister slip progress, view id : 11947602
2026-03-18 15:42:50	INFO	AWT-EventQueue-0	Thread.getStackTrace(1559)	create new SvTablePanel instance, view id :29179824
2026-03-18 15:42:50	INFO	AWT-EventQueue-0	Thread.getStackTrace(1559)	register slip progress, view id : 29179824
2026-03-18 15:42:50	INFO	SlipWinThread_com.huawei.u2000.ucbb.table.slip.SlipTableMsgService	Thread.getStackTrace(1559)	register slip , return result/ view id : 1 / 29179824
2026-03-18 15:42:50	INFO	AWT-EventQueue-0	Thread.getStackTrace(1559)	unregister slip, view id : 25890993
2026-03-18 15:42:50	INFO	AWT-EventQueue-0	Thread.getStackTrace(1559)	unregister slip progress, view id : 25890993
2026-03-18 15:42:51	INFO	AWT-EventQueue-0	Thread.getStackTrace(1559)	create new SvTablePanel instance, view id :12473567
2026-03-18 15:42:51	INFO	AWT-EventQueue-0	Thread.getStackTrace(1559)	register slip progress, view id : 12473567
2026-03-18 15:42:51	INFO	SlipWinThread_com.huawei.u2000.ucbb.table.slip.SlipTableMsgService	Thread.getStackTrace(1559)	register slip , return result/ view id : 1 / 12473567
2026-03-18 15:42:51	INFO	AWT-EventQueue-0	Thread.getStackTrace(1559)	unregister slip, view id : 29179824
2026-03-18 15:42:51	INFO	AWT-EventQueue-0	Thread.getStackTrace(1559)	unregister slip progress, view id : 29179824
2026-03-18 15:42:54	INFO	AWT-EventQueue-0	Thread.getStackTrace(1559)	create new SvTablePanel instance, view id :21592565
2026-03-18 15:42:54	INFO	AWT-EventQueue-0	Thread.getStackTrace(1559)	register slip progress, view id : 21592565
2026-03-18 15:42:54	INFO	SlipWinThread_com.huawei.u2000.ucbb.table.slip.SlipTableMsgService	Thread.getStackTrace(1559)	register slip , return result/ view id : 1 / 21592565
2026-03-18 15:42:54	INFO	AWT-EventQueue-0	Thread.getStackTrace(1559)	unregister slip, view id : 12473567
2026-03-18 15:42:54	INFO	AWT-EventQueue-0	Thread.getStackTrace(1559)	unregister slip progress, view id : 12473567
2026-03-18 15:42:55	INFO	AWT-EventQueue-0	Thread.getStackTrace(1559)	create new SvTablePanel instance, view id :32393452
2026-03-18 15:42:55	INFO	AWT-EventQueue-0	Thread.getStackTrace(1559)	register slip progress, view id : 32393452
2026-03-18 15:42:55	INFO	SlipWinThread_com.huawei.u2000.ucbb.table.slip.SlipTableMsgService	Thread.getStackTrace(1559)	register slip , return result/ view id : 1 / 32393452
2026-03-18 15:42:55	INFO	AWT-EventQueue-0	Thread.getStackTrace(1559)	unregister slip, view id : 21592565
2026-03-18 15:42:55	INFO	AWT-EventQueue-0	Thread.getStackTrace(1559)	unregister slip progress, view id : 21592565
2026-03-18 15:42:56	INFO	AWT-EventQueue-0	Thread.getStackTrace(1559)	create new SvTablePanel instance, view id :21419474
2026-03-18 15:42:56	INFO	AWT-EventQueue-0	Thread.getStackTrace(1559)	register slip progress, view id : 21419474
2026-03-18 15:42:56	INFO	SlipWinThread_com.huawei.u2000.ucbb.table.slip.SlipTableMsgService	Thread.getStackTrace(1559)	register slip , return result/ view id : 1 / 21419474
2026-03-18 15:42:56	INFO	AWT-EventQueue-0	Thread.getStackTrace(1559)	unregister slip, view id : 32393452
2026-03-18 15:42:56	INFO	AWT-EventQueue-0	Thread.getStackTrace(1559)	unregister slip progress, view id : 32393452
2026-03-18 15:43:00	INFO	AWT-EventQueue-0	Thread.getStackTrace(1559)	create new SvTablePanel instance, view id :8010041
2026-03-18 15:43:00	INFO	AWT-EventQueue-0	Thread.getStackTrace(1559)	register slip progress, view id : 8010041
2026-03-18 15:43:00	INFO	SlipWinThread_com.huawei.u2000.ucbb.table.slip.SlipTableMsgService	Thread.getStackTrace(1559)	register slip , return result/ view id : 1 / 8010041
2026-03-18 15:43:00	INFO	AWT-EventQueue-0	Thread.getStackTrace(1559)	unregister slip, view id : 21419474
2026-03-18 15:43:00	INFO	AWT-EventQueue-0	Thread.getStackTrace(1559)	unregister slip progress, view id : 21419474
2026-03-18 15:43:00	INFO	AWT-EventQueue-0	Thread.getStackTrace(1559)	create new SvTablePanel instance, view id :14245957
2026-03-18 15:43:00	INFO	AWT-EventQueue-0	Thread.getStackTrace(1559)	register slip progress, view id : 14245957
2026-03-18 15:43:00	INFO	SlipWinThread_com.huawei.u2000.ucbb.table.slip.SlipTableMsgService	Thread.getStackTrace(1559)	register slip , return result/ view id : 1 / 14245957
2026-03-18 15:43:00	INFO	AWT-EventQueue-0	Thread.getStackTrace(1559)	unregister slip, view id : 8010041
2026-03-18 15:43:00	INFO	AWT-EventQueue-0	Thread.getStackTrace(1559)	unregister slip progress, view id : 8010041
2026-03-18 15:43:03	INFO	AWT-EventQueue-0	Thread.getStackTrace(1559)	create new SvTablePanel instance, view id :10562756
2026-03-18 15:43:03	INFO	AWT-EventQueue-0	Thread.getStackTrace(1559)	register slip progress, view id : 10562756
2026-03-18 15:43:03	INFO	SlipWinThread_com.huawei.u2000.ucbb.table.slip.SlipTableMsgService	Thread.getStackTrace(1559)	register slip , return result/ view id : 1 / 10562756
2026-03-18 15:43:03	INFO	AWT-EventQueue-0	Thread.getStackTrace(1559)	unregister slip, view id : 14245957
2026-03-18 15:43:03	INFO	AWT-EventQueue-0	Thread.getStackTrace(1559)	unregister slip progress, view id : 14245957
2026-03-18 15:43:26	INFO	AWT-EventQueue-0	Thread.getStackTrace(1559)	unregister slip, view id : 10562756
2026-03-18 15:43:26	INFO	AWT-EventQueue-0	Thread.getStackTrace(1559)	unregister slip progress, view id : 10562756
2026-03-18 15:43:49	INFO	AWT-EventQueue-0	Thread.getStackTrace(1559)	create new SvTablePanel instance, view id :8572186
2026-03-18 15:43:49	INFO	AWT-EventQueue-0	Thread.getStackTrace(1559)	register slip progress, view id : 8572186
2026-03-18 15:43:49	INFO	SlipWinThread_com.huawei.u2000.ucbb.table.slip.SlipTableMsgService	Thread.getStackTrace(1559)	register slip , return result/ view id : 1 / 8572186
2026-03-18 15:43:50	INFO	AWT-EventQueue-0	Thread.getStackTrace(1559)	create new SvTablePanel instance, view id :24392512
2026-03-18 15:43:50	INFO	AWT-EventQueue-0	Thread.getStackTrace(1559)	register slip progress, view id : 24392512
2026-03-18 15:43:50	INFO	SlipWinThread_com.huawei.u2000.ucbb.table.slip.SlipTableMsgService	Thread.getStackTrace(1559)	register slip , return result/ view id : 1 / 24392512
2026-03-18 15:43:50	INFO	AWT-EventQueue-0	Thread.getStackTrace(1559)	unregister slip, view id : 8572186
2026-03-18 15:43:50	INFO	AWT-EventQueue-0	Thread.getStackTrace(1559)	unregister slip progress, view id : 8572186
2026-03-18 15:43:55	INFO	AWT-EventQueue-0	Thread.getStackTrace(1559)	unregister slip, view id : 24392512
2026-03-18 15:43:55	INFO	AWT-EventQueue-0	Thread.getStackTrace(1559)	unregister slip progress, view id : 24392512
2026-03-18 15:44:06	INFO	AWT-EventQueue-0	Thread.getStackTrace(1559)	create new SvTablePanel instance, view id :33320706
2026-03-18 15:44:06	INFO	AWT-EventQueue-0	Thread.getStackTrace(1559)	register slip progress, view id : 33320706
2026-03-18 15:44:06	INFO	SlipWinThread_com.huawei.u2000.ucbb.table.slip.SlipTableMsgService	Thread.getStackTrace(1559)	register slip , return result/ view id : 1 / 33320706
2026-03-18 15:44:09	INFO	AWT-EventQueue-0	Thread.getStackTrace(1559)	unregister slip, view id : 6503766
2026-03-18 15:44:09	INFO	AWT-EventQueue-0	Thread.getStackTrace(1559)	unregister slip progress, view id : 6503766
2026-03-18 15:44:12	INFO	AWT-EventQueue-0	Thread.getStackTrace(1559)	create new SvTablePanel instance, view id :16647537
2026-03-18 15:44:12	INFO	AWT-EventQueue-0	Thread.getStackTrace(1559)	register slip progress, view id : 16647537
2026-03-18 15:44:12	INFO	SlipWinThread_com.huawei.u2000.ucbb.table.slip.SlipTableMsgService	Thread.getStackTrace(1559)	register slip , return result/ view id : 1 / 16647537
2026-03-18 15:44:20	INFO	AWT-EventQueue-0	Thread.getStackTrace(1559)	create new SvTablePanel instance, view id :29404943
2026-03-18 15:44:20	INFO	AWT-EventQueue-0	Thread.getStackTrace(1559)	register slip progress, view id : 29404943
2026-03-18 15:44:20	INFO	SlipWinThread_com.huawei.u2000.ucbb.table.slip.SlipTableMsgService	Thread.getStackTrace(1559)	register slip , return result/ view id : 1 / 29404943
2026-03-18 15:44:20	INFO	AWT-EventQueue-0	Thread.getStackTrace(1559)	unregister slip, view id : 16647537
2026-03-18 15:44:20	INFO	AWT-EventQueue-0	Thread.getStackTrace(1559)	unregister slip progress, view id : 16647537
2026-03-18 15:44:20	INFO	AWT-EventQueue-0	Thread.getStackTrace(1559)	create new SvTablePanel instance, view id :18543517
2026-03-18 15:44:20	INFO	AWT-EventQueue-0	Thread.getStackTrace(1559)	register slip progress, view id : 18543517
2026-03-18 15:44:20	INFO	SlipWinThread_com.huawei.u2000.ucbb.table.slip.SlipTableMsgService	Thread.getStackTrace(1559)	register slip , return result/ view id : 1 / 18543517
2026-03-18 15:44:20	INFO	AWT-EventQueue-0	Thread.getStackTrace(1559)	unregister slip, view id : 29404943
2026-03-18 15:44:20	INFO	AWT-EventQueue-0	Thread.getStackTrace(1559)	unregister slip progress, view id : 29404943
2026-03-18 15:48:44	INFO	AWT-EventQueue-0	Thread.getStackTrace(1559)	create new SvTablePanel instance, view id :15073899
2026-03-18 15:48:44	INFO	AWT-EventQueue-0	Thread.getStackTrace(1559)	register slip progress, view id : 15073899
2026-03-18 15:48:44	INFO	SlipWinThread_com.huawei.u2000.ucbb.table.slip.SlipTableMsgService	Thread.getStackTrace(1559)	register slip , return result/ view id : 1 / 15073899
2026-03-18 15:48:44	INFO	AWT-EventQueue-0	Thread.getStackTrace(1559)	unregister slip, view id : 18543517
2026-03-18 15:48:44	INFO	AWT-EventQueue-0	Thread.getStackTrace(1559)	unregister slip progress, view id : 18543517
2026-03-19 05:38:59	INFO	AWT-EventQueue-0	Thread.getStackTrace(1559)	create new SvTablePanel instance, view id :32220095
2026-03-19 05:38:59	INFO	AWT-EventQueue-0	Thread.getStackTrace(1559)	register slip progress, view id : 32220095
2026-03-19 05:39:00	INFO	SlipWinThread_com.huawei.u2000.pf.frame.ui.slipTable.SlipTableMsgService	Thread.getStackTrace(1559)	register slip , return result/ view id : 1 / 32220095
2026-03-19 05:39:01	INFO	SvTableMsgReceiver Thread-56132	Thread.getStackTrace(1559)	recieve message cmdcode:12639
2026-03-19 05:39:01	INFO	SvTableMsgReceiver Thread-76754	Thread.getStackTrace(1559)	recieve message cmdcode:12639
2026-03-19 05:39:01	INFO	SvTableMsgReceiver Thread-112918	Thread.getStackTrace(1559)	recieve message cmdcode:12639
2026-03-19 05:39:02	INFO	pool-14-thread-10	Thread.getStackTrace(1559)	unregister slip, view id : 32220095
2026-03-19 05:39:02	INFO	pool-14-thread-10	Thread.getStackTrace(1559)	unregister slip progress, view id : 32220095
2026-03-19 05:40:06	INFO	AWT-EventQueue-0	Thread.getStackTrace(1559)	create new SvTablePanel instance, view id :31763555
2026-03-19 05:40:06	INFO	AWT-EventQueue-0	Thread.getStackTrace(1559)	register slip progress, view id : 31763555
2026-03-19 05:40:06	INFO	SlipWinThread_com.huawei.u2000.pf.frame.ui.slipTable.SlipTableMsgService	Thread.getStackTrace(1559)	register slip , return result/ view id : 1 / 31763555
2026-03-19 05:40:07	INFO	SvTableMsgReceiver Thread-56132	Thread.getStackTrace(1559)	recieve message cmdcode:12639
2026-03-19 05:40:07	INFO	SvTableMsgReceiver Thread-76754	Thread.getStackTrace(1559)	recieve message cmdcode:12639
2026-03-19 05:40:07	INFO	SvTableMsgReceiver Thread-116268	Thread.getStackTrace(1559)	recieve message cmdcode:12639
2026-03-19 05:40:11	INFO	pool-14-thread-10	Thread.getStackTrace(1559)	unregister slip, view id : 31763555
2026-03-19 05:40:11	INFO	pool-14-thread-10	Thread.getStackTrace(1559)	unregister slip progress, view id : 31763555
2026-03-19 05:40:12	INFO	AWT-EventQueue-0	Thread.getStackTrace(1559)	create new SvTablePanel instance, view id :15764563
2026-03-19 05:40:13	INFO	AWT-EventQueue-0	Thread.getStackTrace(1559)	register slip progress, view id : 15764563
2026-03-19 05:40:13	INFO	SlipWinThread_com.huawei.u2000.pf.frame.ui.slipTable.SlipTableMsgService	Thread.getStackTrace(1559)	register slip , return result/ view id : 1 / 15764563
2026-03-19 05:40:14	INFO	SvTableMsgReceiver Thread-76754	Thread.getStackTrace(1559)	recieve message cmdcode:12639
2026-03-19 05:40:14	INFO	SvTableMsgReceiver Thread-56132	Thread.getStackTrace(1559)	recieve message cmdcode:12639
2026-03-19 05:40:14	INFO	SvTableMsgReceiver Thread-117155	Thread.getStackTrace(1559)	recieve message cmdcode:12639
2026-03-19 05:40:18	INFO	pool-14-thread-10	Thread.getStackTrace(1559)	unregister slip, view id : 15764563
2026-03-19 05:40:18	INFO	pool-14-thread-10	Thread.getStackTrace(1559)	unregister slip progress, view id : 15764563
2026-03-19 05:40:22	INFO	AWT-EventQueue-0	Thread.getStackTrace(1559)	create new SvTablePanel instance, view id :1598981
2026-03-19 05:40:22	INFO	AWT-EventQueue-0	Thread.getStackTrace(1559)	register slip progress, view id : 1598981
2026-03-19 05:40:22	INFO	SlipWinThread_com.huawei.u2000.pf.frame.ui.slipTable.SlipTableMsgService	Thread.getStackTrace(1559)	register slip , return result/ view id : 1 / 1598981
2026-03-19 05:40:23	INFO	SvTableMsgReceiver Thread-56132	Thread.getStackTrace(1559)	recieve message cmdcode:12639
2026-03-19 05:40:23	INFO	SvTableMsgReceiver Thread-76754	Thread.getStackTrace(1559)	recieve message cmdcode:12639
2026-03-19 05:40:23	INFO	SvTableMsgReceiver Thread-118142	Thread.getStackTrace(1559)	recieve message cmdcode:12639
2026-03-19 05:40:24	INFO	pool-14-thread-10	Thread.getStackTrace(1559)	unregister slip, view id : 1598981
2026-03-19 05:40:24	INFO	pool-14-thread-10	Thread.getStackTrace(1559)	unregister slip progress, view id : 1598981
2026-03-19 05:40:34	INFO	AWT-EventQueue-0	Thread.getStackTrace(1559)	create new SvTablePanel instance, view id :21504677
2026-03-19 05:40:34	INFO	AWT-EventQueue-0	Thread.getStackTrace(1559)	register slip progress, view id : 21504677
2026-03-19 05:40:34	INFO	SlipWinThread_com.huawei.u2000.pf.frame.ui.slipTable.SlipTableMsgService	Thread.getStackTrace(1559)	register slip , return result/ view id : 1 / 21504677
2026-03-19 05:40:35	INFO	SvTableMsgReceiver Thread-56132	Thread.getStackTrace(1559)	recieve message cmdcode:12639
2026-03-19 05:40:35	INFO	SvTableMsgReceiver Thread-76754	Thread.getStackTrace(1559)	recieve message cmdcode:12639
2026-03-19 05:40:35	INFO	SvTableMsgReceiver Thread-119067	Thread.getStackTrace(1559)	recieve message cmdcode:12639
2026-03-19 05:40:39	INFO	pool-14-thread-10	Thread.getStackTrace(1559)	unregister slip, view id : 21504677
2026-03-19 05:40:39	INFO	pool-14-thread-10	Thread.getStackTrace(1559)	unregister slip progress, view id : 21504677
2026-03-19 06:11:42	INFO	AWT-EventQueue-0	Thread.getStackTrace(1559)	create new SvTablePanel instance, view id :17053734
2026-03-19 06:11:42	INFO	AWT-EventQueue-0	Thread.getStackTrace(1559)	create new SvTablePanel instance, view id :8719183
2026-03-19 06:11:43	INFO	AWT-EventQueue-0	Thread.getStackTrace(1559)	create new SvTablePanel instance, view id :1365414
2026-03-19 06:11:43	INFO	AWT-EventQueue-0	Thread.getStackTrace(1559)	register slip progress, view id : 17053734
2026-03-19 06:11:43	INFO	SlipWinThread_com.huawei.u2000.pf.frame.ui.slipTable.SlipTableMsgService	Thread.getStackTrace(1559)	register slip , return result/ view id : 1 / 17053734
2026-03-19 06:12:09	INFO	SvTableMsgReceiver Thread-76754	Thread.getStackTrace(1559)	recieve message cmdcode:12639
2026-03-19 06:12:09	INFO	SvTableMsgReceiver Thread-142059	Thread.getStackTrace(1559)	recieve message cmdcode:12639
2026-03-19 06:12:09	INFO	SvTableMsgReceiver Thread-56132	Thread.getStackTrace(1559)	recieve message cmdcode:12639
2026-03-19 06:12:09	INFO	SvTableMsgReceiver Thread-56132	Thread.getStackTrace(1559)	can not find SvTablePanel : 24426994
2026-03-19 06:12:09	INFO	SvTableMsgReceiver Thread-142059	Thread.getStackTrace(1559)	can not find SvTablePanel : 24426994
2026-03-19 06:12:09	INFO	SvTableMsgReceiver Thread-76754	Thread.getStackTrace(1559)	can not find SvTablePanel : 24426994
2026-03-19 06:12:12	INFO	pool-14-thread-9	Thread.getStackTrace(1559)	unregister slip, view id : 17053734
2026-03-19 06:12:12	INFO	pool-14-thread-9	Thread.getStackTrace(1559)	unregister slip progress, view id : 17053734
2026-03-19 06:12:22	INFO	SvTableMsgReceiver Thread-76754	Thread.getStackTrace(1559)	recieve message cmdcode:12639
2026-03-19 06:12:22	INFO	SvTableMsgReceiver Thread-56132	Thread.getStackTrace(1559)	recieve message cmdcode:12639
2026-03-19 06:12:22	INFO	SvTableMsgReceiver Thread-76754	Thread.getStackTrace(1559)	can not find SvTablePanel : 11653910
2026-03-19 06:12:22	INFO	SvTableMsgReceiver Thread-56132	Thread.getStackTrace(1559)	can not find SvTablePanel : 11653910
2026-03-19 06:12:25	INFO	SvTableMsgReceiver Thread-76754	Thread.getStackTrace(1559)	recieve message cmdcode:12639
2026-03-19 06:12:25	INFO	SvTableMsgReceiver Thread-56132	Thread.getStackTrace(1559)	recieve message cmdcode:12639
2026-03-19 06:12:25	INFO	SvTableMsgReceiver Thread-76754	Thread.getStackTrace(1559)	can not find SvTablePanel : 18567772
2026-03-19 06:12:25	INFO	SvTableMsgReceiver Thread-56132	Thread.getStackTrace(1559)	can not find SvTablePanel : 18567772
2026-03-19 06:25:37	INFO	AWT-EventQueue-0	Thread.getStackTrace(1559)	create new SvTablePanel instance, view id :31269923
2026-03-19 06:25:37	INFO	AWT-EventQueue-0	Thread.getStackTrace(1559)	register slip progress, view id : 31269923
2026-03-19 06:25:37	INFO	SlipWinThread_com.huawei.u2000.ucbb.table.slip.SlipTableMsgService	Thread.getStackTrace(1559)	register slip , return result/ view id : 1 / 31269923
2026-03-19 06:26:04	INFO	SvTableMsgReceiver Thread-56132	Thread.getStackTrace(1559)	recieve message cmdcode:12639
2026-03-19 06:26:04	INFO	SvTableMsgReceiver Thread-76754	Thread.getStackTrace(1559)	recieve message cmdcode:12639
2026-03-19 06:26:04	INFO	SvTableMsgReceiver Thread-157306	Thread.getStackTrace(1559)	recieve message cmdcode:12639
2026-03-19 06:35:55	INFO	AWT-EventQueue-0	Thread.getStackTrace(1559)	create new SvTablePanel instance, view id :888199
2026-03-19 06:35:55	INFO	AWT-EventQueue-0	Thread.getStackTrace(1559)	register slip progress, view id : 888199
2026-03-19 06:35:55	INFO	SlipWinThread_com.huawei.u2000.ucbb.table.slip.SlipTableMsgService	Thread.getStackTrace(1559)	register slip , return result/ view id : 1 / 888199
2026-03-19 06:36:29	INFO	SvTableMsgReceiver Thread-56132	Thread.getStackTrace(1559)	recieve message cmdcode:12639
2026-03-19 06:36:29	INFO	SvTableMsgReceiver Thread-76754	Thread.getStackTrace(1559)	recieve message cmdcode:12639
2026-03-19 06:36:29	INFO	SvTableMsgReceiver Thread-157306	Thread.getStackTrace(1559)	recieve message cmdcode:12639
2026-03-19 06:36:29	INFO	SvTableMsgReceiver Thread-170518	Thread.getStackTrace(1559)	recieve message cmdcode:12639
2026-03-19 06:37:15	INFO	AWT-EventQueue-0	Thread.getStackTrace(1559)	unregister slip, view id : 31269923
2026-03-19 06:37:15	INFO	AWT-EventQueue-0	Thread.getStackTrace(1559)	unregister slip progress, view id : 31269923
2026-03-19 06:37:29	INFO	AWT-EventQueue-0	Thread.getStackTrace(1559)	unregister slip, view id : 888199
2026-03-19 06:37:29	INFO	AWT-EventQueue-0	Thread.getStackTrace(1559)	unregister slip progress, view id : 888199
2026-03-19 06:37:37	INFO	AWT-EventQueue-0	Thread.getStackTrace(1559)	create new SvTablePanel instance, view id :18014481
2026-03-19 06:37:37	INFO	AWT-EventQueue-0	Thread.getStackTrace(1559)	create new SvTablePanel instance, view id :30035627
2026-03-19 06:37:37	INFO	AWT-EventQueue-0	Thread.getStackTrace(1559)	create new SvTablePanel instance, view id :32935705
2026-03-19 06:37:37	INFO	AWT-EventQueue-0	Thread.getStackTrace(1559)	register slip progress, view id : 18014481
2026-03-19 06:37:37	INFO	SlipWinThread_com.huawei.u2000.pf.frame.ui.slipTable.SlipTableMsgService	Thread.getStackTrace(1559)	register slip , return result/ view id : 1 / 18014481
2026-03-19 06:41:35	INFO	SvTableMsgReceiver Thread-56132	Thread.getStackTrace(1559)	recieve message cmdcode:12639
2026-03-19 06:41:35	INFO	SvTableMsgReceiver Thread-76754	Thread.getStackTrace(1559)	recieve message cmdcode:12639
2026-03-19 06:41:35	INFO	SvTableMsgReceiver Thread-178381	Thread.getStackTrace(1559)	recieve message cmdcode:12639
2026-03-19 06:41:35	INFO	SvTableMsgReceiver Thread-178381	Thread.getStackTrace(1559)	can not find SvTablePanel : 6967904
2026-03-19 06:41:35	INFO	SvTableMsgReceiver Thread-56132	Thread.getStackTrace(1559)	can not find SvTablePanel : 6967904
2026-03-19 06:41:35	INFO	SvTableMsgReceiver Thread-76754	Thread.getStackTrace(1559)	can not find SvTablePanel : 6967904
2026-03-19 06:41:38	INFO	pool-14-thread-3	Thread.getStackTrace(1559)	unregister slip, view id : 18014481
2026-03-19 06:41:38	INFO	pool-14-thread-3	Thread.getStackTrace(1559)	unregister slip progress, view id : 18014481
2026-03-19 06:41:52	INFO	SvTableMsgReceiver Thread-56132	Thread.getStackTrace(1559)	recieve message cmdcode:12639
2026-03-19 06:41:52	INFO	SvTableMsgReceiver Thread-76754	Thread.getStackTrace(1559)	recieve message cmdcode:12639
2026-03-19 06:41:52	INFO	SvTableMsgReceiver Thread-56132	Thread.getStackTrace(1559)	can not find SvTablePanel : 24520849
2026-03-19 06:41:52	INFO	SvTableMsgReceiver Thread-76754	Thread.getStackTrace(1559)	can not find SvTablePanel : 24520849
2026-03-19 06:41:55	INFO	SvTableMsgReceiver Thread-56132	Thread.getStackTrace(1559)	recieve message cmdcode:12639
2026-03-19 06:41:55	INFO	SvTableMsgReceiver Thread-76754	Thread.getStackTrace(1559)	recieve message cmdcode:12639
2026-03-19 06:41:55	INFO	SvTableMsgReceiver Thread-56132	Thread.getStackTrace(1559)	can not find SvTablePanel : 3067437
2026-03-19 06:41:55	INFO	SvTableMsgReceiver Thread-76754	Thread.getStackTrace(1559)	can not find SvTablePanel : 3067437
2026-03-19 06:41:57	INFO	SvTableMsgReceiver Thread-76754	Thread.getStackTrace(1559)	recieve message cmdcode:12639
2026-03-19 06:41:57	INFO	SvTableMsgReceiver Thread-56132	Thread.getStackTrace(1559)	recieve message cmdcode:12639
2026-03-19 06:41:57	INFO	SvTableMsgReceiver Thread-76754	Thread.getStackTrace(1559)	can not find SvTablePanel : 3067437
2026-03-19 06:41:57	INFO	SvTableMsgReceiver Thread-56132	Thread.getStackTrace(1559)	can not find SvTablePanel : 3067437
2026-03-19 06:42:02	INFO	SvTableMsgReceiver Thread-56132	Thread.getStackTrace(1559)	recieve message cmdcode:12639
2026-03-19 06:42:02	INFO	SvTableMsgReceiver Thread-76754	Thread.getStackTrace(1559)	recieve message cmdcode:12639
2026-03-19 06:42:02	INFO	SvTableMsgReceiver Thread-56132	Thread.getStackTrace(1559)	can not find SvTablePanel : 3067437
2026-03-19 06:42:02	INFO	SvTableMsgReceiver Thread-76754	Thread.getStackTrace(1559)	can not find SvTablePanel : 3067437
2026-03-19 06:45:00	INFO	SvTableMsgReceiver Thread-76754	Thread.getStackTrace(1559)	recieve message cmdcode:12639
2026-03-19 06:45:00	INFO	SvTableMsgReceiver Thread-56132	Thread.getStackTrace(1559)	recieve message cmdcode:12639
2026-03-19 06:45:00	INFO	SvTableMsgReceiver Thread-76754	Thread.getStackTrace(1559)	can not find SvTablePanel : 3067437
2026-03-19 06:45:00	INFO	SvTableMsgReceiver Thread-56132	Thread.getStackTrace(1559)	can not find SvTablePanel : 3067437
2026-03-19 07:01:04	INFO	AWT-EventQueue-0	Thread.getStackTrace(1559)	create new SvTablePanel instance, view id :1986350
2026-03-19 07:01:04	INFO	AWT-EventQueue-0	Thread.getStackTrace(1559)	create new SvTablePanel instance, view id :33246776
2026-03-19 07:01:04	INFO	AWT-EventQueue-0	Thread.getStackTrace(1559)	create new SvTablePanel instance, view id :13126041
2026-03-19 07:01:04	INFO	AWT-EventQueue-0	Thread.getStackTrace(1559)	register slip progress, view id : 1986350
2026-03-19 07:01:04	INFO	SlipWinThread_com.huawei.u2000.pf.frame.ui.slipTable.SlipTableMsgService	Thread.getStackTrace(1559)	register slip , return result/ view id : 1 / 1986350
2026-03-19 07:01:11	INFO	SvTableMsgReceiver Thread-76754	Thread.getStackTrace(1559)	recieve message cmdcode:12639
2026-03-19 07:01:11	INFO	SvTableMsgReceiver Thread-56132	Thread.getStackTrace(1559)	recieve message cmdcode:12639
2026-03-19 07:01:11	INFO	SvTableMsgReceiver Thread-76754	Thread.getStackTrace(1559)	can not find SvTablePanel : 148619
2026-03-19 07:01:11	INFO	SvTableMsgReceiver Thread-56132	Thread.getStackTrace(1559)	can not find SvTablePanel : 148619
2026-03-19 07:01:11	INFO	SvTableMsgReceiver Thread-201010	Thread.getStackTrace(1559)	recieve message cmdcode:12639
2026-03-19 07:01:11	INFO	SvTableMsgReceiver Thread-201010	Thread.getStackTrace(1559)	can not find SvTablePanel : 148619
2026-03-19 07:01:14	INFO	pool-14-thread-11	Thread.getStackTrace(1559)	unregister slip, view id : 1986350
2026-03-19 07:01:14	INFO	pool-14-thread-11	Thread.getStackTrace(1559)	unregister slip progress, view id : 1986350
2026-03-19 07:01:18	INFO	SvTableMsgReceiver Thread-56132	Thread.getStackTrace(1559)	recieve message cmdcode:12639
2026-03-19 07:01:18	INFO	SvTableMsgReceiver Thread-76754	Thread.getStackTrace(1559)	recieve message cmdcode:12639
2026-03-19 07:01:18	INFO	SvTableMsgReceiver Thread-56132	Thread.getStackTrace(1559)	can not find SvTablePanel : 12729384
2026-03-19 07:01:18	INFO	SvTableMsgReceiver Thread-76754	Thread.getStackTrace(1559)	can not find SvTablePanel : 12729384
2026-03-19 07:01:35	INFO	AWT-EventQueue-0	Thread.getStackTrace(1559)	create new SvTablePanel instance, view id :7227954
2026-03-19 07:01:36	INFO	AWT-EventQueue-0	Thread.getStackTrace(1559)	create new SvTablePanel instance, view id :27197064
2026-03-19 07:01:36	INFO	AWT-EventQueue-0	Thread.getStackTrace(1559)	create new SvTablePanel instance, view id :2365797
2026-03-19 07:01:36	INFO	AWT-EventQueue-0	Thread.getStackTrace(1559)	register slip progress, view id : 7227954
2026-03-19 07:01:36	INFO	SlipWinThread_com.huawei.u2000.pf.frame.ui.slipTable.SlipTableMsgService	Thread.getStackTrace(1559)	register slip , return result/ view id : 1 / 7227954
2026-03-19 07:01:40	INFO	AWT-EventQueue-0	Thread.getStackTrace(1559)	create new SvTablePanel instance, view id :14521842
2026-03-19 07:01:40	INFO	AWT-EventQueue-0	Thread.getStackTrace(1559)	create new SvTablePanel instance, view id :29476382
2026-03-19 07:01:40	INFO	AWT-EventQueue-0	Thread.getStackTrace(1559)	create new SvTablePanel instance, view id :28571294
2026-03-19 07:01:40	INFO	AWT-EventQueue-0	Thread.getStackTrace(1559)	register slip progress, view id : 14521842
2026-03-19 07:01:40	INFO	SlipWinThread_com.huawei.u2000.pf.frame.ui.slipTable.SlipTableMsgService	Thread.getStackTrace(1559)	register slip , return result/ view id : 1 / 14521842
2026-03-19 07:01:41	INFO	pool-14-thread-15	Thread.getStackTrace(1559)	unregister slip, view id : 7227954
2026-03-19 07:01:41	INFO	pool-14-thread-15	Thread.getStackTrace(1559)	unregister slip progress, view id : 7227954
2026-03-19 07:01:41	INFO	SvTableMsgReceiver Thread-76754	Thread.getStackTrace(1559)	recieve message cmdcode:12639
2026-03-19 07:01:41	INFO	SvTableMsgReceiver Thread-56132	Thread.getStackTrace(1559)	recieve message cmdcode:12639
2026-03-19 07:01:41	INFO	SvTableMsgReceiver Thread-202654	Thread.getStackTrace(1559)	recieve message cmdcode:12639
2026-03-19 07:01:55	INFO	SvTableMsgReceiver Thread-56132	Thread.getStackTrace(1559)	recieve message cmdcode:12639
2026-03-19 07:01:55	INFO	SvTableMsgReceiver Thread-76754	Thread.getStackTrace(1559)	recieve message cmdcode:12639
2026-03-19 07:01:55	INFO	SvTableMsgReceiver Thread-56132	Thread.getStackTrace(1559)	can not find SvTablePanel : 24230696
2026-03-19 07:01:55	INFO	SvTableMsgReceiver Thread-76754	Thread.getStackTrace(1559)	can not find SvTablePanel : 24230696
2026-03-19 07:01:55	INFO	SvTableMsgReceiver Thread-202654	Thread.getStackTrace(1559)	recieve message cmdcode:12639
2026-03-19 07:01:55	INFO	SvTableMsgReceiver Thread-202654	Thread.getStackTrace(1559)	can not find SvTablePanel : 24230696
2026-03-19 07:01:58	INFO	pool-14-thread-15	Thread.getStackTrace(1559)	unregister slip, view id : 14521842
2026-03-19 07:01:58	INFO	pool-14-thread-15	Thread.getStackTrace(1559)	unregister slip progress, view id : 14521842
2026-03-19 07:02:02	INFO	SvTableMsgReceiver Thread-56132	Thread.getStackTrace(1559)	recieve message cmdcode:12639
2026-03-19 07:02:02	INFO	SvTableMsgReceiver Thread-76754	Thread.getStackTrace(1559)	recieve message cmdcode:12639
2026-03-19 07:02:02	INFO	SvTableMsgReceiver Thread-56132	Thread.getStackTrace(1559)	can not find SvTablePanel : 10962968
2026-03-19 07:02:02	INFO	SvTableMsgReceiver Thread-76754	Thread.getStackTrace(1559)	can not find SvTablePanel : 10962968
2026-03-19 07:02:04	INFO	SvTableMsgReceiver Thread-56132	Thread.getStackTrace(1559)	recieve message cmdcode:12639
2026-03-19 07:02:04	INFO	SvTableMsgReceiver Thread-76754	Thread.getStackTrace(1559)	recieve message cmdcode:12639
2026-03-19 07:02:04	INFO	SvTableMsgReceiver Thread-56132	Thread.getStackTrace(1559)	can not find SvTablePanel : 26934503
2026-03-19 07:02:04	INFO	SvTableMsgReceiver Thread-76754	Thread.getStackTrace(1559)	can not find SvTablePanel : 26934503
2026-03-19 07:04:50	INFO	SvTableMsgReceiver Thread-76754	Thread.getStackTrace(1559)	recieve message cmdcode:12639
2026-03-19 07:04:50	INFO	SvTableMsgReceiver Thread-56132	Thread.getStackTrace(1559)	recieve message cmdcode:12639
2026-03-19 07:04:50	INFO	SvTableMsgReceiver Thread-76754	Thread.getStackTrace(1559)	can not find SvTablePanel : 26934503
2026-03-19 07:04:50	INFO	SvTableMsgReceiver Thread-56132	Thread.getStackTrace(1559)	can not find SvTablePanel : 26934503
2026-03-19 07:04:51	INFO	SvTableMsgReceiver Thread-56132	Thread.getStackTrace(1559)	recieve message cmdcode:12639
2026-03-19 07:04:51	INFO	SvTableMsgReceiver Thread-76754	Thread.getStackTrace(1559)	recieve message cmdcode:12639
2026-03-19 07:04:51	INFO	SvTableMsgReceiver Thread-76754	Thread.getStackTrace(1559)	can not find SvTablePanel : 26934503
2026-03-19 07:04:51	INFO	SvTableMsgReceiver Thread-56132	Thread.getStackTrace(1559)	can not find SvTablePanel : 26934503
2026-03-19 07:04:53	INFO	SvTableMsgReceiver Thread-56132	Thread.getStackTrace(1559)	recieve message cmdcode:12639
2026-03-19 07:04:53	INFO	SvTableMsgReceiver Thread-76754	Thread.getStackTrace(1559)	recieve message cmdcode:12639
2026-03-19 07:04:53	INFO	SvTableMsgReceiver Thread-76754	Thread.getStackTrace(1559)	can not find SvTablePanel : 2347076
2026-03-19 07:04:53	INFO	SvTableMsgReceiver Thread-56132	Thread.getStackTrace(1559)	can not find SvTablePanel : 2347076
2026-03-19 07:04:59	INFO	SvTableMsgReceiver Thread-76754	Thread.getStackTrace(1559)	recieve message cmdcode:12639
2026-03-19 07:04:59	INFO	SvTableMsgReceiver Thread-56132	Thread.getStackTrace(1559)	recieve message cmdcode:12639
2026-03-19 07:04:59	INFO	SvTableMsgReceiver Thread-76754	Thread.getStackTrace(1559)	can not find SvTablePanel : 26934503
2026-03-19 07:04:59	INFO	SvTableMsgReceiver Thread-56132	Thread.getStackTrace(1559)	can not find SvTablePanel : 26934503
2026-03-19 07:08:56	INFO	SvTableMsgReceiver Thread-76754	Thread.getStackTrace(1559)	recieve message cmdcode:12639
2026-03-19 07:08:56	INFO	SvTableMsgReceiver Thread-56132	Thread.getStackTrace(1559)	recieve message cmdcode:12639
2026-03-19 07:08:56	INFO	SvTableMsgReceiver Thread-76754	Thread.getStackTrace(1559)	can not find SvTablePanel : 5152435
2026-03-19 07:08:56	INFO	SvTableMsgReceiver Thread-56132	Thread.getStackTrace(1559)	can not find SvTablePanel : 5152435
2026-03-19 07:09:11	INFO	SvTableMsgReceiver Thread-56132	Thread.getStackTrace(1559)	recieve message cmdcode:12639
2026-03-19 07:09:11	INFO	SvTableMsgReceiver Thread-56132	Thread.getStackTrace(1559)	can not find SvTablePanel : 26656677
2026-03-19 07:09:11	INFO	SvTableMsgReceiver Thread-76754	Thread.getStackTrace(1559)	recieve message cmdcode:12639
2026-03-19 07:09:11	INFO	SvTableMsgReceiver Thread-76754	Thread.getStackTrace(1559)	can not find SvTablePanel : 26656677
2026-03-19 07:09:15	INFO	SvTableMsgReceiver Thread-56132	Thread.getStackTrace(1559)	recieve message cmdcode:12639
2026-03-19 07:09:15	INFO	SvTableMsgReceiver Thread-76754	Thread.getStackTrace(1559)	recieve message cmdcode:12639
2026-03-19 07:09:15	INFO	SvTableMsgReceiver Thread-76754	Thread.getStackTrace(1559)	can not find SvTablePanel : 8214519
2026-03-19 07:09:15	INFO	SvTableMsgReceiver Thread-56132	Thread.getStackTrace(1559)	can not find SvTablePanel : 8214519
2026-03-19 09:49:57	INFO	AWT-EventQueue-0	Thread.getStackTrace(1559)	create new SvTablePanel instance, view id :6280643
2026-03-19 09:49:57	INFO	AWT-EventQueue-0	Thread.getStackTrace(1559)	create new SvTablePanel instance, view id :21284845
2026-03-19 09:49:57	INFO	AWT-EventQueue-0	Thread.getStackTrace(1559)	create new SvTablePanel instance, view id :416067
2026-03-19 09:49:57	INFO	AWT-EventQueue-0	Thread.getStackTrace(1559)	register slip progress, view id : 6280643
2026-03-19 09:49:57	INFO	SlipWinThread_com.huawei.u2000.pf.frame.ui.slipTable.SlipTableMsgService	Thread.getStackTrace(1559)	register slip , return result/ view id : 1 / 6280643
2026-03-19 09:50:04	INFO	SvTableMsgReceiver Thread-56132	Thread.getStackTrace(1559)	recieve message cmdcode:12639
2026-03-19 09:50:04	INFO	SvTableMsgReceiver Thread-76754	Thread.getStackTrace(1559)	recieve message cmdcode:12639
2026-03-19 09:50:04	INFO	SvTableMsgReceiver Thread-233713	Thread.getStackTrace(1559)	recieve message cmdcode:12639
2026-03-19 09:50:04	INFO	SvTableMsgReceiver Thread-56132	Thread.getStackTrace(1559)	can not find SvTablePanel : 22732009
2026-03-19 09:50:04	INFO	SvTableMsgReceiver Thread-233713	Thread.getStackTrace(1559)	can not find SvTablePanel : 22732009
2026-03-19 09:50:04	INFO	SvTableMsgReceiver Thread-76754	Thread.getStackTrace(1559)	can not find SvTablePanel : 22732009
2026-03-19 09:50:07	INFO	pool-14-thread-11	Thread.getStackTrace(1559)	unregister slip, view id : 6280643
2026-03-19 09:50:07	INFO	pool-14-thread-11	Thread.getStackTrace(1559)	unregister slip progress, view id : 6280643
2026-03-19 09:50:11	INFO	SvTableMsgReceiver Thread-76754	Thread.getStackTrace(1559)	recieve message cmdcode:12639
2026-03-19 09:50:11	INFO	SvTableMsgReceiver Thread-76754	Thread.getStackTrace(1559)	can not find SvTablePanel : 6629822
2026-03-19 09:50:11	INFO	SvTableMsgReceiver Thread-56132	Thread.getStackTrace(1559)	recieve message cmdcode:12639
2026-03-19 09:50:11	INFO	SvTableMsgReceiver Thread-56132	Thread.getStackTrace(1559)	can not find SvTablePanel : 6629822
2026-03-19 09:50:16	INFO	SvTableMsgReceiver Thread-56132	Thread.getStackTrace(1559)	recieve message cmdcode:12639
2026-03-19 09:50:16	INFO	SvTableMsgReceiver Thread-76754	Thread.getStackTrace(1559)	recieve message cmdcode:12639
2026-03-19 09:50:16	INFO	SvTableMsgReceiver Thread-56132	Thread.getStackTrace(1559)	can not find SvTablePanel : 28855552
2026-03-19 09:50:16	INFO	SvTableMsgReceiver Thread-76754	Thread.getStackTrace(1559)	can not find SvTablePanel : 28855552
2026-03-19 10:14:10	INFO	AWT-EventQueue-0	Thread.getStackTrace(1559)	unregister slip, view id : 33320706
2026-03-19 10:14:10	INFO	AWT-EventQueue-0	Thread.getStackTrace(1559)	unregister slip progress, view id : 33320706
2026-03-19 11:59:37	INFO	AWT-EventQueue-0	Thread.getStackTrace(1559)	create new SvTablePanel instance, view id :2696529
2026-03-19 11:59:38	INFO	AWT-EventQueue-0	Thread.getStackTrace(1559)	register slip progress, view id : 2696529
2026-03-19 11:59:38	INFO	SlipWinThread_com.huawei.u2000.ucbb.table.slip.SlipTableMsgService	Thread.getStackTrace(1559)	register slip , return result/ view id : 1 / 2696529
2026-03-19 11:59:39	INFO	SvTableMsgReceiver Thread-76754	Thread.getStackTrace(1559)	recieve message cmdcode:12639
2026-03-19 11:59:39	INFO	SvTableMsgReceiver Thread-268300	Thread.getStackTrace(1559)	recieve message cmdcode:12639
2026-03-19 11:59:50	INFO	AWT-EventQueue-0	Thread.getStackTrace(1559)	unregister slip, view id : 2696529
2026-03-19 11:59:50	INFO	AWT-EventQueue-0	Thread.getStackTrace(1559)	unregister slip progress, view id : 2696529
2026-03-19 11:59:55	INFO	AWT-EventQueue-0	Thread.getStackTrace(1559)	create new SvTablePanel instance, view id :28117514
2026-03-19 11:59:55	INFO	AWT-EventQueue-0	Thread.getStackTrace(1559)	register slip progress, view id : 28117514
2026-03-19 11:59:55	INFO	SlipWinThread_com.huawei.u2000.ucbb.table.slip.SlipTableMsgService	Thread.getStackTrace(1559)	register slip , return result/ view id : 1 / 28117514
2026-03-19 11:59:56	INFO	SvTableMsgReceiver Thread-76754	Thread.getStackTrace(1559)	recieve message cmdcode:12639
2026-03-19 11:59:56	INFO	SvTableMsgReceiver Thread-269402	Thread.getStackTrace(1559)	recieve message cmdcode:12639
2026-03-19 12:00:07	INFO	AWT-EventQueue-0	Thread.getStackTrace(1559)	create new SvTablePanel instance, view id :8500802
2026-03-19 12:00:07	INFO	AWT-EventQueue-0	Thread.getStackTrace(1559)	register slip progress, view id : 8500802
2026-03-19 12:00:07	INFO	SlipWinThread_com.huawei.u2000.ucbb.table.slip.SlipTableMsgService	Thread.getStackTrace(1559)	register slip , return result/ view id : 1 / 8500802
2026-03-19 12:00:08	INFO	SvTableMsgReceiver Thread-76754	Thread.getStackTrace(1559)	recieve message cmdcode:12639
2026-03-19 12:00:08	INFO	SvTableMsgReceiver Thread-269402	Thread.getStackTrace(1559)	recieve message cmdcode:12639
2026-03-19 12:00:08	INFO	SvTableMsgReceiver Thread-270433	Thread.getStackTrace(1559)	recieve message cmdcode:12639
2026-03-19 12:00:19	INFO	AWT-EventQueue-0	Thread.getStackTrace(1559)	create new SvTablePanel instance, view id :25854507
2026-03-19 12:00:19	INFO	AWT-EventQueue-0	Thread.getStackTrace(1559)	register slip progress, view id : 25854507
2026-03-19 12:00:19	INFO	SlipWinThread_com.huawei.u2000.ucbb.table.slip.SlipTableMsgService	Thread.getStackTrace(1559)	register slip , return result/ view id : 1 / 25854507
2026-03-19 12:00:21	INFO	SvTableMsgReceiver Thread-76754	Thread.getStackTrace(1559)	recieve message cmdcode:12639
2026-03-19 12:00:21	INFO	SvTableMsgReceiver Thread-269402	Thread.getStackTrace(1559)	recieve message cmdcode:12639
2026-03-19 12:00:21	INFO	SvTableMsgReceiver Thread-270433	Thread.getStackTrace(1559)	recieve message cmdcode:12639
2026-03-19 12:00:21	INFO	SvTableMsgReceiver Thread-271236	Thread.getStackTrace(1559)	recieve message cmdcode:12639
2026-03-19 12:00:28	INFO	AWT-EventQueue-0	Thread.getStackTrace(1559)	create new SvTablePanel instance, view id :31059988
2026-03-19 12:00:28	INFO	AWT-EventQueue-0	Thread.getStackTrace(1559)	register slip progress, view id : 31059988
2026-03-19 12:00:28	INFO	SlipWinThread_com.huawei.u2000.ucbb.table.slip.SlipTableMsgService	Thread.getStackTrace(1559)	register slip , return result/ view id : 1 / 31059988
2026-03-19 12:01:24	INFO	AWT-EventQueue-0	Thread.getStackTrace(1559)	unregister slip, view id : 28117514
2026-03-19 12:01:24	INFO	AWT-EventQueue-0	Thread.getStackTrace(1559)	unregister slip progress, view id : 28117514
2026-03-19 12:01:42	INFO	AWT-EventQueue-0	Thread.getStackTrace(1559)	create new SvTablePanel instance, view id :13722285
2026-03-19 12:01:42	INFO	AWT-EventQueue-0	Thread.getStackTrace(1559)	register slip progress, view id : 13722285
2026-03-19 12:01:42	INFO	SlipWinThread_com.huawei.u2000.ucbb.table.slip.SlipTableMsgService	Thread.getStackTrace(1559)	register slip , return result/ view id : 1 / 13722285
2026-03-19 12:01:44	INFO	SvTableMsgReceiver Thread-76754	Thread.getStackTrace(1559)	recieve message cmdcode:12639
2026-03-19 12:01:44	INFO	SvTableMsgReceiver Thread-270433	Thread.getStackTrace(1559)	recieve message cmdcode:12639
2026-03-19 12:01:44	INFO	SvTableMsgReceiver Thread-271236	Thread.getStackTrace(1559)	recieve message cmdcode:12639
2026-03-19 12:01:44	INFO	SvTableMsgReceiver Thread-272176	Thread.getStackTrace(1559)	recieve message cmdcode:12639
2026-03-19 12:01:44	INFO	SvTableMsgReceiver Thread-275512	Thread.getStackTrace(1559)	recieve message cmdcode:12639
2026-03-19 12:17:06	INFO	AWT-EventQueue-0	Thread.getStackTrace(1559)	unregister slip, view id : 25854507
2026-03-19 12:17:06	INFO	AWT-EventQueue-0	Thread.getStackTrace(1559)	unregister slip progress, view id : 25854507
2026-03-23 05:59:18	INFO	AWT-EventQueue-0	Thread.getStackTrace(1559)	unregister slip, view id : 13722285
2026-03-23 05:59:18	INFO	AWT-EventQueue-0	Thread.getStackTrace(1559)	unregister slip progress, view id : 13722285
2026-03-23 05:59:18	INFO	AWT-EventQueue-0	Thread.getStackTrace(1559)	unregister slip, view id : 8500802
2026-03-23 05:59:18	INFO	AWT-EventQueue-0	Thread.getStackTrace(1559)	unregister slip progress, view id : 8500802
2026-03-23 05:59:18	INFO	AWT-EventQueue-0	Thread.getStackTrace(1559)	unregister slip, view id : 31059988
2026-03-23 05:59:18	INFO	AWT-EventQueue-0	Thread.getStackTrace(1559)	unregister slip progress, view id : 31059988
2026-03-23 09:27:20	INFO	AWT-EventQueue-0	Thread.getStackTrace(1559)	create new SvTablePanel instance, view id :6889782
2026-03-23 09:27:20	INFO	AWT-EventQueue-0	Thread.getStackTrace(1559)	register slip progress, view id : 6889782
2026-03-23 09:27:20	INFO	SlipWinThread_com.huawei.u2000.pf.frame.ui.slipTable.SlipTableMsgService	Thread.getStackTrace(1559)	register slip , return result/ view id : 1 / 6889782
2026-03-23 09:27:21	INFO	SvTableMsgReceiver Thread-291098	Thread.getStackTrace(1559)	recieve message cmdcode:12639
2026-03-23 09:27:22	INFO	pool-14-thread-14	Thread.getStackTrace(1559)	unregister slip, view id : 6889782
2026-03-23 09:27:23	INFO	pool-14-thread-14	Thread.getStackTrace(1559)	unregister slip progress, view id : 6889782
2026-03-23 09:27:23	INFO	AWT-EventQueue-0	Thread.getStackTrace(1559)	create new SvTablePanel instance, view id :25859096
2026-03-23 09:27:24	INFO	AWT-EventQueue-0	Thread.getStackTrace(1559)	register slip progress, view id : 25859096
2026-03-23 09:27:24	INFO	SlipWinThread_com.huawei.u2000.pf.frame.ui.slipTable.SlipTableMsgService	Thread.getStackTrace(1559)	register slip , return result/ view id : 1 / 25859096
2026-03-23 09:27:25	INFO	SvTableMsgReceiver Thread-291662	Thread.getStackTrace(1559)	recieve message cmdcode:12639
2026-03-23 09:27:26	INFO	pool-14-thread-14	Thread.getStackTrace(1559)	unregister slip, view id : 25859096
2026-03-23 09:27:26	INFO	pool-14-thread-14	Thread.getStackTrace(1559)	unregister slip progress, view id : 25859096
2026-03-23 09:28:32	INFO	AWT-EventQueue-0	Thread.getStackTrace(1559)	create new SvTablePanel instance, view id :21353527
2026-03-23 09:28:32	INFO	AWT-EventQueue-0	Thread.getStackTrace(1559)	register slip progress, view id : 21353527
2026-03-23 09:28:32	INFO	SlipWinThread_com.huawei.u2000.ucbb.table.slip.SlipTableMsgService	Thread.getStackTrace(1559)	register slip , return result/ view id : 1 / 21353527
2026-03-23 09:28:53	INFO	AWT-EventQueue-0	Thread.getStackTrace(1559)	unregister slip, view id : 21353527
2026-03-23 09:28:53	INFO	AWT-EventQueue-0	Thread.getStackTrace(1559)	unregister slip progress, view id : 21353527
2026-03-23 09:28:53	INFO	AWT-EventQueue-0	Thread.getStackTrace(1559)	create new SvTablePanel instance, view id :3397623
2026-03-23 09:28:53	INFO	AWT-EventQueue-0	Thread.getStackTrace(1559)	register slip progress, view id : 3397623
2026-03-23 09:28:53	INFO	SlipWinThread_com.huawei.u2000.ucbb.table.slip.SlipTableMsgService	Thread.getStackTrace(1559)	register slip , return result/ view id : 1 / 3397623
2026-03-23 09:32:56	INFO	SvTableMsgReceiver Thread-296497	Thread.getStackTrace(1559)	recieve message cmdcode:12639
2026-03-24 06:31:24	INFO	AWT-EventQueue-0	Thread.getStackTrace(1559)	start slip view
2026-03-24 06:31:24	INFO	AWT-EventQueue-0	Thread.getStackTrace(1559)	create new SvTablePanel instance, view id :30750038
2026-03-24 06:31:24	INFO	AWT-EventQueue-0	Thread.getStackTrace(1559)	register slip progress, view id : 30750038
2026-03-24 06:31:24	INFO	SlipWinThread_com.huawei.u2000.pf.frame.ui.slipTable.SlipTableMsgService	Thread.getStackTrace(1559)	register slip , return result/ view id : 1 / 30750038
2026-03-24 06:31:25	INFO	SvTableMsgReceiver Thread-3862	Thread.getStackTrace(1559)	recieve message cmdcode:12639
2026-03-24 06:31:27	INFO	pool-13-thread-4	Thread.getStackTrace(1559)	unregister slip, view id : 30750038
2026-03-24 06:31:27	INFO	pool-13-thread-4	Thread.getStackTrace(1559)	unregister slip progress, view id : 30750038
2026-03-24 06:31:27	INFO	AWT-EventQueue-0	Thread.getStackTrace(1559)	create new SvTablePanel instance, view id :27953515
2026-03-24 06:31:27	INFO	AWT-EventQueue-0	Thread.getStackTrace(1559)	register slip progress, view id : 27953515
2026-03-24 06:31:28	INFO	SlipWinThread_com.huawei.u2000.pf.frame.ui.slipTable.SlipTableMsgService	Thread.getStackTrace(1559)	register slip , return result/ view id : 1 / 27953515
2026-03-24 06:31:29	INFO	SvTableMsgReceiver Thread-4218	Thread.getStackTrace(1559)	recieve message cmdcode:12639
2026-03-24 06:31:30	INFO	pool-13-thread-4	Thread.getStackTrace(1559)	unregister slip, view id : 27953515
2026-03-24 06:31:30	INFO	pool-13-thread-4	Thread.getStackTrace(1559)	unregister slip progress, view id : 27953515
2026-03-24 06:32:00	INFO	AWT-EventQueue-0	Thread.getStackTrace(1559)	create new SvTablePanel instance, view id :7653674
2026-03-24 06:32:00	INFO	AWT-EventQueue-0	Thread.getStackTrace(1559)	register slip progress, view id : 7653674
2026-03-24 06:32:00	INFO	SlipWinThread_com.huawei.u2000.ucbb.table.slip.SlipTableMsgService	Thread.getStackTrace(1559)	register slip , return result/ view id : 1 / 7653674
2026-03-24 06:38:05	INFO	AWT-EventQueue-0	Thread.getStackTrace(1559)	create new SvTablePanel instance, view id :28572388
2026-03-24 06:38:05	INFO	AWT-EventQueue-0	Thread.getStackTrace(1559)	register slip progress, view id : 28572388
2026-03-24 06:38:05	INFO	SlipWinThread_com.huawei.u2000.ucbb.table.slip.SlipTableMsgService	Thread.getStackTrace(1559)	register slip , return result/ view id : 1 / 28572388
2026-03-24 06:38:26	INFO	SvTableMsgReceiver Thread-5473	Thread.getStackTrace(1559)	recieve message cmdcode:12639
2026-03-24 06:38:26	INFO	SvTableMsgReceiver Thread-10679	Thread.getStackTrace(1559)	recieve message cmdcode:12639
2026-03-24 06:40:11	INFO	AWT-EventQueue-0	Thread.getStackTrace(1559)	create new SvTablePanel instance, view id :22479975
2026-03-24 06:40:11	INFO	AWT-EventQueue-0	Thread.getStackTrace(1559)	register slip progress, view id : 22479975
2026-03-24 06:40:11	INFO	SlipWinThread_com.huawei.u2000.pf.frame.ui.slipTable.SlipTableMsgService	Thread.getStackTrace(1559)	register slip , return result/ view id : 1 / 22479975
2026-03-24 06:40:43	INFO	pool-13-thread-4	Thread.getStackTrace(1559)	unregister slip, view id : 22479975
2026-03-24 06:40:43	INFO	pool-13-thread-4	Thread.getStackTrace(1559)	unregister slip progress, view id : 22479975
2026-03-24 06:40:53	INFO	AWT-EventQueue-0	Thread.getStackTrace(1559)	create new SvTablePanel instance, view id :21843604
2026-03-24 06:40:53	INFO	AWT-EventQueue-0	Thread.getStackTrace(1559)	create new SvTablePanel instance, view id :7313833
2026-03-24 06:40:53	INFO	AWT-EventQueue-0	Thread.getStackTrace(1559)	create new SvTablePanel instance, view id :17923093
2026-03-24 06:40:53	INFO	AWT-EventQueue-0	Thread.getStackTrace(1559)	register slip progress, view id : 21843604
2026-03-24 06:40:53	INFO	SlipWinThread_com.huawei.u2000.pf.frame.ui.slipTable.SlipTableMsgService	Thread.getStackTrace(1559)	register slip , return result/ view id : 1 / 21843604
2026-03-24 06:41:53	INFO	AWT-EventQueue-0	Thread.getStackTrace(1559)	create new SvTablePanel instance, view id :19764999
2026-03-24 06:41:53	INFO	AWT-EventQueue-0	Thread.getStackTrace(1559)	create new SvTablePanel instance, view id :18649129
2026-03-24 06:41:53	INFO	AWT-EventQueue-0	Thread.getStackTrace(1559)	create new SvTablePanel instance, view id :30514924
2026-03-24 06:41:53	INFO	AWT-EventQueue-0	Thread.getStackTrace(1559)	register slip progress, view id : 19764999
2026-03-24 06:41:53	INFO	SlipWinThread_com.huawei.u2000.pf.frame.ui.slipTable.SlipTableMsgService	Thread.getStackTrace(1559)	register slip , return result/ view id : 1 / 19764999
2026-03-24 06:41:53	INFO	pool-13-thread-4	Thread.getStackTrace(1559)	unregister slip, view id : 21843604
2026-03-24 06:41:53	INFO	pool-13-thread-4	Thread.getStackTrace(1559)	unregister slip progress, view id : 21843604
2026-03-24 06:41:54	INFO	SvTableMsgReceiver Thread-5473	Thread.getStackTrace(1559)	recieve message cmdcode:12639
2026-03-24 06:41:54	INFO	SvTableMsgReceiver Thread-10679	Thread.getStackTrace(1559)	recieve message cmdcode:12639
2026-03-24 06:41:54	INFO	SvTableMsgReceiver Thread-15405	Thread.getStackTrace(1559)	recieve message cmdcode:12639
2026-03-24 06:41:56	INFO	AWT-EventQueue-0	Thread.getStackTrace(1559)	create new SvTablePanel instance, view id :8437051
2026-03-24 06:41:56	INFO	AWT-EventQueue-0	Thread.getStackTrace(1559)	create new SvTablePanel instance, view id :23720089
2026-03-24 06:41:56	INFO	AWT-EventQueue-0	Thread.getStackTrace(1559)	create new SvTablePanel instance, view id :10067161
2026-03-24 06:41:56	INFO	AWT-EventQueue-0	Thread.getStackTrace(1559)	register slip progress, view id : 8437051
2026-03-24 06:41:56	INFO	SlipWinThread_com.huawei.u2000.pf.frame.ui.slipTable.SlipTableMsgService	Thread.getStackTrace(1559)	register slip , return result/ view id : 1 / 8437051
2026-03-24 06:41:57	INFO	SvTableMsgReceiver Thread-5473	Thread.getStackTrace(1559)	recieve message cmdcode:12639
2026-03-24 06:41:57	INFO	SvTableMsgReceiver Thread-10679	Thread.getStackTrace(1559)	recieve message cmdcode:12639
2026-03-24 06:41:57	INFO	SvTableMsgReceiver Thread-15405	Thread.getStackTrace(1559)	recieve message cmdcode:12639
2026-03-24 06:41:57	INFO	SvTableMsgReceiver Thread-15714	Thread.getStackTrace(1559)	recieve message cmdcode:12639
2026-03-24 06:42:03	INFO	AWT-EventQueue-0	Thread.getStackTrace(1559)	create new SvTablePanel instance, view id :33404551
2026-03-24 06:42:03	INFO	AWT-EventQueue-0	Thread.getStackTrace(1559)	create new SvTablePanel instance, view id :2767700
2026-03-24 06:42:03	INFO	AWT-EventQueue-0	Thread.getStackTrace(1559)	create new SvTablePanel instance, view id :11930453
2026-03-24 06:42:03	INFO	AWT-EventQueue-0	Thread.getStackTrace(1559)	register slip progress, view id : 33404551
2026-03-24 06:42:03	INFO	SlipWinThread_com.huawei.u2000.pf.frame.ui.slipTable.SlipTableMsgService	Thread.getStackTrace(1559)	register slip , return result/ view id : 1 / 33404551
2026-03-24 06:42:04	INFO	SvTableMsgReceiver Thread-5473	Thread.getStackTrace(1559)	recieve message cmdcode:12639
2026-03-24 06:42:04	INFO	SvTableMsgReceiver Thread-10679	Thread.getStackTrace(1559)	recieve message cmdcode:12639
2026-03-24 06:42:04	INFO	SvTableMsgReceiver Thread-15405	Thread.getStackTrace(1559)	recieve message cmdcode:12639
2026-03-24 06:42:04	INFO	SvTableMsgReceiver Thread-16376	Thread.getStackTrace(1559)	recieve message cmdcode:12639
2026-03-24 06:42:04	INFO	SvTableMsgReceiver Thread-15714	Thread.getStackTrace(1559)	recieve message cmdcode:12639
2026-03-24 06:42:05	INFO	AWT-EventQueue-0	Thread.getStackTrace(1559)	create new SvTablePanel instance, view id :16313339
2026-03-24 06:42:05	INFO	AWT-EventQueue-0	Thread.getStackTrace(1559)	create new SvTablePanel instance, view id :9299850
2026-03-24 06:42:05	INFO	AWT-EventQueue-0	Thread.getStackTrace(1559)	create new SvTablePanel instance, view id :11298643
2026-03-24 06:42:05	INFO	AWT-EventQueue-0	Thread.getStackTrace(1559)	register slip progress, view id : 16313339
2026-03-24 06:42:05	INFO	SlipWinThread_com.huawei.u2000.pf.frame.ui.slipTable.SlipTableMsgService	Thread.getStackTrace(1559)	register slip , return result/ view id : 1 / 16313339
2026-03-24 06:42:06	INFO	AWT-EventQueue-0	Thread.getStackTrace(1559)	create new SvTablePanel instance, view id :31342451
2026-03-24 06:42:06	INFO	AWT-EventQueue-0	Thread.getStackTrace(1559)	create new SvTablePanel instance, view id :15358388
2026-03-24 06:42:06	INFO	AWT-EventQueue-0	Thread.getStackTrace(1559)	create new SvTablePanel instance, view id :14558310
2026-03-24 06:42:06	INFO	AWT-EventQueue-0	Thread.getStackTrace(1559)	register slip progress, view id : 31342451
2026-03-24 06:42:06	INFO	SlipWinThread_com.huawei.u2000.pf.frame.ui.slipTable.SlipTableMsgService	Thread.getStackTrace(1559)	register slip , return result/ view id : 1 / 31342451
2026-03-24 06:42:21	INFO	SvTableMsgReceiver Thread-5473	Thread.getStackTrace(1559)	recieve message cmdcode:12639
2026-03-24 06:42:21	INFO	SvTableMsgReceiver Thread-10679	Thread.getStackTrace(1559)	recieve message cmdcode:12639
2026-03-24 06:42:21	INFO	SvTableMsgReceiver Thread-10679	Thread.getStackTrace(1559)	can not find SvTablePanel : 2701499
2026-03-24 06:42:21	INFO	SvTableMsgReceiver Thread-5473	Thread.getStackTrace(1559)	can not find SvTablePanel : 2701499
2026-03-24 06:42:21	INFO	SvTableMsgReceiver Thread-15714	Thread.getStackTrace(1559)	recieve message cmdcode:12639
2026-03-24 06:42:21	INFO	SvTableMsgReceiver Thread-16376	Thread.getStackTrace(1559)	recieve message cmdcode:12639
2026-03-24 06:42:21	INFO	SvTableMsgReceiver Thread-16376	Thread.getStackTrace(1559)	can not find SvTablePanel : 2701499
2026-03-24 06:42:21	INFO	SvTableMsgReceiver Thread-15405	Thread.getStackTrace(1559)	recieve message cmdcode:12639
2026-03-24 06:42:21	INFO	SvTableMsgReceiver Thread-16606	Thread.getStackTrace(1559)	recieve message cmdcode:12639
2026-03-24 06:42:21	INFO	SvTableMsgReceiver Thread-16467	Thread.getStackTrace(1559)	recieve message cmdcode:12639
2026-03-24 06:42:21	INFO	SvTableMsgReceiver Thread-15714	Thread.getStackTrace(1559)	can not find SvTablePanel : 2701499
2026-03-24 06:42:21	INFO	SvTableMsgReceiver Thread-16467	Thread.getStackTrace(1559)	can not find SvTablePanel : 2701499
2026-03-24 06:42:21	INFO	SvTableMsgReceiver Thread-16606	Thread.getStackTrace(1559)	can not find SvTablePanel : 2701499
2026-03-24 06:42:21	INFO	SvTableMsgReceiver Thread-15405	Thread.getStackTrace(1559)	can not find SvTablePanel : 2701499
2026-03-24 06:42:24	INFO	pool-13-thread-4	Thread.getStackTrace(1559)	unregister slip, view id : 19764999
2026-03-24 06:42:24	INFO	pool-13-thread-5	Thread.getStackTrace(1559)	unregister slip, view id : 8437051
2026-03-24 06:42:24	INFO	pool-13-thread-4	Thread.getStackTrace(1559)	unregister slip progress, view id : 19764999
2026-03-24 06:42:24	INFO	pool-13-thread-7	Thread.getStackTrace(1559)	unregister slip, view id : 31342451
2026-03-24 06:42:24	INFO	pool-13-thread-5	Thread.getStackTrace(1559)	unregister slip progress, view id : 8437051
2026-03-24 06:42:24	INFO	pool-13-thread-2	Thread.getStackTrace(1559)	unregister slip, view id : 16313339
2026-03-24 06:42:24	INFO	pool-13-thread-7	Thread.getStackTrace(1559)	unregister slip progress, view id : 31342451
2026-03-24 06:42:24	INFO	pool-13-thread-2	Thread.getStackTrace(1559)	unregister slip progress, view id : 16313339
2026-03-24 06:42:24	INFO	pool-13-thread-13	Thread.getStackTrace(1559)	unregister slip, view id : 33404551
2026-03-24 06:42:24	INFO	pool-13-thread-13	Thread.getStackTrace(1559)	unregister slip progress, view id : 33404551
2026-03-24 06:42:28	INFO	SvTableMsgReceiver Thread-5473	Thread.getStackTrace(1559)	recieve message cmdcode:12639
2026-03-24 06:42:28	INFO	SvTableMsgReceiver Thread-10679	Thread.getStackTrace(1559)	recieve message cmdcode:12639
2026-03-24 06:42:28	INFO	SvTableMsgReceiver Thread-5473	Thread.getStackTrace(1559)	can not find SvTablePanel : 30430728
2026-03-24 06:42:28	INFO	SvTableMsgReceiver Thread-10679	Thread.getStackTrace(1559)	can not find SvTablePanel : 30430728
2026-03-24 06:42:37	INFO	AWT-EventQueue-0	Thread.getStackTrace(1559)	create new SvTablePanel instance, view id :9853482
2026-03-24 06:42:37	INFO	AWT-EventQueue-0	Thread.getStackTrace(1559)	create new SvTablePanel instance, view id :13421249
2026-03-24 06:42:37	INFO	AWT-EventQueue-0	Thread.getStackTrace(1559)	create new SvTablePanel instance, view id :10257914
2026-03-24 06:42:37	INFO	AWT-EventQueue-0	Thread.getStackTrace(1559)	register slip progress, view id : 9853482
2026-03-24 06:42:37	INFO	SlipWinThread_com.huawei.u2000.pf.frame.ui.slipTable.SlipTableMsgService	Thread.getStackTrace(1559)	register slip , return result/ view id : 1 / 9853482
2026-03-24 06:42:44	INFO	AWT-EventQueue-0	Thread.getStackTrace(1559)	create new SvTablePanel instance, view id :18887823
2026-03-24 06:42:44	INFO	AWT-EventQueue-0	Thread.getStackTrace(1559)	create new SvTablePanel instance, view id :1134277
2026-03-24 06:42:44	INFO	AWT-EventQueue-0	Thread.getStackTrace(1559)	create new SvTablePanel instance, view id :20734155
2026-03-24 06:42:44	INFO	AWT-EventQueue-0	Thread.getStackTrace(1559)	register slip progress, view id : 18887823
2026-03-24 06:42:44	INFO	SlipWinThread_com.huawei.u2000.pf.frame.ui.slipTable.SlipTableMsgService	Thread.getStackTrace(1559)	register slip , return result/ view id : 1 / 18887823
2026-03-24 06:42:44	INFO	pool-13-thread-7	Thread.getStackTrace(1559)	unregister slip, view id : 9853482
2026-03-24 06:42:44	INFO	pool-13-thread-7	Thread.getStackTrace(1559)	unregister slip progress, view id : 9853482
2026-03-24 06:42:45	INFO	SvTableMsgReceiver Thread-5473	Thread.getStackTrace(1559)	recieve message cmdcode:12639
2026-03-24 06:42:45	INFO	SvTableMsgReceiver Thread-10679	Thread.getStackTrace(1559)	recieve message cmdcode:12639
2026-03-24 06:42:45	INFO	SvTableMsgReceiver Thread-19350	Thread.getStackTrace(1559)	recieve message cmdcode:12639
2026-03-24 06:43:08	INFO	SvTableMsgReceiver Thread-5473	Thread.getStackTrace(1559)	recieve message cmdcode:12639
2026-03-24 06:43:08	INFO	SvTableMsgReceiver Thread-5473	Thread.getStackTrace(1559)	can not find SvTablePanel : 33551888
2026-03-24 06:43:08	INFO	SvTableMsgReceiver Thread-10679	Thread.getStackTrace(1559)	recieve message cmdcode:12639
2026-03-24 06:43:08	INFO	SvTableMsgReceiver Thread-10679	Thread.getStackTrace(1559)	can not find SvTablePanel : 33551888
2026-03-24 06:43:08	INFO	SvTableMsgReceiver Thread-19350	Thread.getStackTrace(1559)	recieve message cmdcode:12639
2026-03-24 06:43:08	INFO	SvTableMsgReceiver Thread-19350	Thread.getStackTrace(1559)	can not find SvTablePanel : 33551888
2026-03-24 06:43:31	INFO	AWT-EventQueue-0	Thread.getStackTrace(1559)	create new SvTablePanel instance, view id :21775543
2026-03-24 06:43:31	INFO	AWT-EventQueue-0	Thread.getStackTrace(1559)	register slip progress, view id : 21775543
2026-03-24 06:43:32	INFO	SlipWinThread_com.huawei.u2000.pf.frame.ui.slipTable.SlipTableMsgService	Thread.getStackTrace(1559)	register slip , return result/ view id : 1 / 21775543
2026-03-24 06:43:33	INFO	SvTableMsgReceiver Thread-5473	Thread.getStackTrace(1559)	recieve message cmdcode:12639
2026-03-24 06:43:33	INFO	SvTableMsgReceiver Thread-10679	Thread.getStackTrace(1559)	recieve message cmdcode:12639
2026-03-24 06:43:33	INFO	SvTableMsgReceiver Thread-19350	Thread.getStackTrace(1559)	recieve message cmdcode:12639
2026-03-24 06:43:33	INFO	SvTableMsgReceiver Thread-21520	Thread.getStackTrace(1559)	recieve message cmdcode:12639
2026-03-24 06:43:34	INFO	pool-13-thread-7	Thread.getStackTrace(1559)	unregister slip, view id : 21775543
2026-03-24 06:43:34	INFO	pool-13-thread-7	Thread.getStackTrace(1559)	unregister slip progress, view id : 21775543
2026-03-24 06:43:37	INFO	AWT-EventQueue-0	Thread.getStackTrace(1559)	unregister slip, view id : 28572388
2026-03-24 06:43:37	INFO	AWT-EventQueue-0	Thread.getStackTrace(1559)	unregister slip progress, view id : 28572388
2026-03-24 06:43:38	INFO	AWT-EventQueue-0	Thread.getStackTrace(1559)	create new SvTablePanel instance, view id :143425
2026-03-24 06:43:38	INFO	AWT-EventQueue-0	Thread.getStackTrace(1559)	register slip progress, view id : 143425
2026-03-24 06:43:38	INFO	SlipWinThread_com.huawei.u2000.ucbb.table.slip.SlipTableMsgService	Thread.getStackTrace(1559)	register slip , return result/ view id : 1 / 143425
2026-03-24 06:43:38	INFO	AWT-EventQueue-0	Thread.getStackTrace(1559)	unregister slip, view id : 143425
2026-03-24 06:43:38	INFO	AWT-EventQueue-0	Thread.getStackTrace(1559)	unregister slip progress, view id : 143425
2026-03-24 06:43:39	INFO	AWT-EventQueue-0	Thread.getStackTrace(1559)	create new SvTablePanel instance, view id :32587871
2026-03-24 06:43:39	INFO	AWT-EventQueue-0	Thread.getStackTrace(1559)	register slip progress, view id : 32587871
2026-03-24 06:43:39	INFO	SlipWinThread_com.huawei.u2000.ucbb.table.slip.SlipTableMsgService	Thread.getStackTrace(1559)	register slip , return result/ view id : 1 / 32587871
2026-03-24 06:43:39	INFO	SvTableMsgReceiver Thread-5473	Thread.getStackTrace(1559)	recieve message cmdcode:12639
2026-03-24 06:43:39	INFO	SvTableMsgReceiver Thread-5473	Thread.getStackTrace(1559)	can not find SvTablePanel : 143425
2026-03-24 06:43:39	INFO	SvTableMsgReceiver Thread-19350	Thread.getStackTrace(1559)	recieve message cmdcode:12639
2026-03-24 06:43:39	INFO	SvTableMsgReceiver Thread-19350	Thread.getStackTrace(1559)	can not find SvTablePanel : 143425
2026-03-24 06:43:39	INFO	SvTableMsgReceiver Thread-21956	Thread.getStackTrace(1559)	recieve message cmdcode:12639
2026-03-24 06:43:39	INFO	SvTableMsgReceiver Thread-21956	Thread.getStackTrace(1559)	can not find SvTablePanel : 143425
2026-03-24 06:43:39	INFO	AWT-EventQueue-0	Thread.getStackTrace(1559)	unregister slip, view id : 32587871
2026-03-24 06:43:39	INFO	AWT-EventQueue-0	Thread.getStackTrace(1559)	unregister slip progress, view id : 32587871
2026-03-24 06:43:40	INFO	AWT-EventQueue-0	Thread.getStackTrace(1559)	create new SvTablePanel instance, view id :22186859
2026-03-24 06:43:40	INFO	AWT-EventQueue-0	Thread.getStackTrace(1559)	register slip progress, view id : 22186859
2026-03-24 06:43:40	INFO	SlipWinThread_com.huawei.u2000.ucbb.table.slip.SlipTableMsgService	Thread.getStackTrace(1559)	register slip , return result/ view id : 1 / 22186859
2026-03-24 06:43:40	INFO	SvTableMsgReceiver Thread-5473	Thread.getStackTrace(1559)	recieve message cmdcode:12639
2026-03-24 06:43:40	INFO	SvTableMsgReceiver Thread-5473	Thread.getStackTrace(1559)	can not find SvTablePanel : 32587871
2026-03-24 06:43:40	INFO	SvTableMsgReceiver Thread-19350	Thread.getStackTrace(1559)	recieve message cmdcode:12639
2026-03-24 06:43:40	INFO	SvTableMsgReceiver Thread-19350	Thread.getStackTrace(1559)	can not find SvTablePanel : 32587871
2026-03-24 06:43:40	INFO	SvTableMsgReceiver Thread-21962	Thread.getStackTrace(1559)	recieve message cmdcode:12639
2026-03-24 06:43:40	INFO	SvTableMsgReceiver Thread-21962	Thread.getStackTrace(1559)	can not find SvTablePanel : 32587871
2026-03-24 06:43:40	INFO	AWT-EventQueue-0	Thread.getStackTrace(1559)	unregister slip, view id : 22186859
2026-03-24 06:43:40	INFO	AWT-EventQueue-0	Thread.getStackTrace(1559)	unregister slip progress, view id : 22186859
2026-03-24 06:43:40	INFO	AWT-EventQueue-0	Thread.getStackTrace(1559)	create new SvTablePanel instance, view id :27183330
2026-03-24 06:43:40	INFO	AWT-EventQueue-0	Thread.getStackTrace(1559)	register slip progress, view id : 27183330
2026-03-24 06:43:40	INFO	SlipWinThread_com.huawei.u2000.ucbb.table.slip.SlipTableMsgService	Thread.getStackTrace(1559)	register slip , return result/ view id : 1 / 27183330
2026-03-24 06:43:41	INFO	SvTableMsgReceiver Thread-5473	Thread.getStackTrace(1559)	recieve message cmdcode:12639
2026-03-24 06:43:41	INFO	SvTableMsgReceiver Thread-5473	Thread.getStackTrace(1559)	can not find SvTablePanel : 22186859
2026-03-24 06:43:41	INFO	SvTableMsgReceiver Thread-19350	Thread.getStackTrace(1559)	recieve message cmdcode:12639
2026-03-24 06:43:41	INFO	SvTableMsgReceiver Thread-19350	Thread.getStackTrace(1559)	can not find SvTablePanel : 22186859
2026-03-24 06:43:41	INFO	SvTableMsgReceiver Thread-21964	Thread.getStackTrace(1559)	recieve message cmdcode:12639
2026-03-24 06:43:41	INFO	SvTableMsgReceiver Thread-21964	Thread.getStackTrace(1559)	can not find SvTablePanel : 22186859
2026-03-24 06:43:42	INFO	SvTableMsgReceiver Thread-5473	Thread.getStackTrace(1559)	recieve message cmdcode:12639
2026-03-24 06:43:42	INFO	SvTableMsgReceiver Thread-19350	Thread.getStackTrace(1559)	recieve message cmdcode:12639
2026-03-24 06:43:42	INFO	SvTableMsgReceiver Thread-21964	Thread.getStackTrace(1559)	recieve message cmdcode:12639
2026-03-24 06:49:08	INFO	AWT-EventQueue-0	Thread.getStackTrace(1559)	unregister slip, view id : 27183330
2026-03-24 06:49:08	INFO	AWT-EventQueue-0	Thread.getStackTrace(1559)	unregister slip progress, view id : 27183330
2026-03-24 06:49:08	INFO	AWT-EventQueue-0	Thread.getStackTrace(1559)	create new SvTablePanel instance, view id :15637042
2026-03-24 06:49:08	INFO	AWT-EventQueue-0	Thread.getStackTrace(1559)	register slip progress, view id : 15637042
2026-03-24 06:49:08	INFO	SlipWinThread_com.huawei.u2000.ucbb.table.slip.SlipTableMsgService	Thread.getStackTrace(1559)	register slip , return result/ view id : 1 / 15637042
2026-03-24 06:49:09	INFO	AWT-EventQueue-0	Thread.getStackTrace(1559)	unregister slip, view id : 15637042
2026-03-24 06:49:09	INFO	AWT-EventQueue-0	Thread.getStackTrace(1559)	unregister slip progress, view id : 15637042
2026-03-24 06:49:10	INFO	SvTableMsgReceiver Thread-5473	Thread.getStackTrace(1559)	recieve message cmdcode:12639
2026-03-24 06:49:10	INFO	SvTableMsgReceiver Thread-5473	Thread.getStackTrace(1559)	can not find SvTablePanel : 15637042
2026-03-24 06:49:10	INFO	SvTableMsgReceiver Thread-19350	Thread.getStackTrace(1559)	recieve message cmdcode:12639
2026-03-24 06:49:10	INFO	SvTableMsgReceiver Thread-19350	Thread.getStackTrace(1559)	can not find SvTablePanel : 15637042
2026-03-24 06:49:10	INFO	AWT-EventQueue-0	Thread.getStackTrace(1559)	create new SvTablePanel instance, view id :1956497
2026-03-24 06:49:10	INFO	AWT-EventQueue-0	Thread.getStackTrace(1559)	register slip progress, view id : 1956497
2026-03-24 06:49:10	INFO	SlipWinThread_com.huawei.u2000.ucbb.table.slip.SlipTableMsgService	Thread.getStackTrace(1559)	register slip , return result/ view id : 1 / 1956497
2026-03-24 06:49:10	INFO	AWT-EventQueue-0	Thread.getStackTrace(1559)	unregister slip, view id : 1956497
2026-03-24 06:49:10	INFO	AWT-EventQueue-0	Thread.getStackTrace(1559)	unregister slip progress, view id : 1956497
2026-03-24 06:49:10	INFO	AWT-EventQueue-0	Thread.getStackTrace(1559)	create new SvTablePanel instance, view id :11310871
2026-03-24 06:49:11	INFO	AWT-EventQueue-0	Thread.getStackTrace(1559)	register slip progress, view id : 11310871
2026-03-24 06:49:11	INFO	SlipWinThread_com.huawei.u2000.ucbb.table.slip.SlipTableMsgService	Thread.getStackTrace(1559)	register slip , return result/ view id : 1 / 11310871
2026-03-24 06:49:11	INFO	SvTableMsgReceiver Thread-5473	Thread.getStackTrace(1559)	recieve message cmdcode:12639
2026-03-24 06:49:11	INFO	SvTableMsgReceiver Thread-19350	Thread.getStackTrace(1559)	recieve message cmdcode:12639
2026-03-24 06:49:11	INFO	SvTableMsgReceiver Thread-5473	Thread.getStackTrace(1559)	can not find SvTablePanel : 1956497
2026-03-24 06:49:11	INFO	SvTableMsgReceiver Thread-19350	Thread.getStackTrace(1559)	can not find SvTablePanel : 1956497
2026-03-24 06:49:11	INFO	SvTableMsgReceiver Thread-21997	Thread.getStackTrace(1559)	recieve message cmdcode:12639
2026-03-24 06:49:11	INFO	SvTableMsgReceiver Thread-21997	Thread.getStackTrace(1559)	can not find SvTablePanel : 1956497
2026-03-24 06:49:12	INFO	SvTableMsgReceiver Thread-5473	Thread.getStackTrace(1559)	recieve message cmdcode:12639
2026-03-24 06:49:12	INFO	SvTableMsgReceiver Thread-19350	Thread.getStackTrace(1559)	recieve message cmdcode:12639
2026-03-24 06:49:12	INFO	SvTableMsgReceiver Thread-21997	Thread.getStackTrace(1559)	recieve message cmdcode:12639
2026-03-24 07:31:47	INFO	AWT-EventQueue-0	Thread.getStackTrace(1559)	unregister slip, view id : 11310871
2026-03-24 07:31:47	INFO	AWT-EventQueue-0	Thread.getStackTrace(1559)	unregister slip progress, view id : 11310871
2026-03-24 07:31:47	INFO	AWT-EventQueue-0	Thread.getStackTrace(1559)	create new SvTablePanel instance, view id :25723776
2026-03-24 07:31:47	INFO	AWT-EventQueue-0	Thread.getStackTrace(1559)	register slip progress, view id : 25723776
2026-03-24 07:31:47	INFO	SlipWinThread_com.huawei.u2000.ucbb.table.slip.SlipTableMsgService	Thread.getStackTrace(1559)	register slip , return result/ view id : 1 / 25723776
2026-03-24 07:31:48	INFO	AWT-EventQueue-0	Thread.getStackTrace(1559)	unregister slip, view id : 25723776
2026-03-24 07:31:48	INFO	AWT-EventQueue-0	Thread.getStackTrace(1559)	unregister slip progress, view id : 25723776
2026-03-24 07:31:48	INFO	SvTableMsgReceiver Thread-5473	Thread.getStackTrace(1559)	recieve message cmdcode:12639
2026-03-24 07:31:48	INFO	SvTableMsgReceiver Thread-5473	Thread.getStackTrace(1559)	can not find SvTablePanel : 25723776
2026-03-24 07:31:48	INFO	SvTableMsgReceiver Thread-19350	Thread.getStackTrace(1559)	recieve message cmdcode:12639
2026-03-24 07:31:48	INFO	SvTableMsgReceiver Thread-19350	Thread.getStackTrace(1559)	can not find SvTablePanel : 25723776
2026-03-24 07:31:49	INFO	AWT-EventQueue-0	Thread.getStackTrace(1559)	create new SvTablePanel instance, view id :19641507
2026-03-24 07:31:49	INFO	AWT-EventQueue-0	Thread.getStackTrace(1559)	register slip progress, view id : 19641507
2026-03-24 07:31:49	INFO	SlipWinThread_com.huawei.u2000.ucbb.table.slip.SlipTableMsgService	Thread.getStackTrace(1559)	register slip , return result/ view id : 1 / 19641507
2026-03-24 07:31:50	INFO	AWT-EventQueue-0	Thread.getStackTrace(1559)	unregister slip, view id : 19641507
2026-03-24 07:31:50	INFO	AWT-EventQueue-0	Thread.getStackTrace(1559)	unregister slip progress, view id : 19641507
2026-03-24 07:31:50	INFO	AWT-EventQueue-0	Thread.getStackTrace(1559)	create new SvTablePanel instance, view id :26301260
2026-03-24 07:31:50	INFO	AWT-EventQueue-0	Thread.getStackTrace(1559)	register slip progress, view id : 26301260
2026-03-24 07:31:50	INFO	SlipWinThread_com.huawei.u2000.ucbb.table.slip.SlipTableMsgService	Thread.getStackTrace(1559)	register slip , return result/ view id : 1 / 26301260
2026-03-24 07:31:50	INFO	SvTableMsgReceiver Thread-5473	Thread.getStackTrace(1559)	recieve message cmdcode:12639
2026-03-24 07:31:50	INFO	SvTableMsgReceiver Thread-5473	Thread.getStackTrace(1559)	can not find SvTablePanel : 19641507
2026-03-24 07:31:50	INFO	SvTableMsgReceiver Thread-19350	Thread.getStackTrace(1559)	recieve message cmdcode:12639
2026-03-24 07:31:50	INFO	SvTableMsgReceiver Thread-19350	Thread.getStackTrace(1559)	can not find SvTablePanel : 19641507
2026-03-24 07:31:50	INFO	SvTableMsgReceiver Thread-22024	Thread.getStackTrace(1559)	recieve message cmdcode:12639
2026-03-24 07:31:50	INFO	SvTableMsgReceiver Thread-22024	Thread.getStackTrace(1559)	can not find SvTablePanel : 19641507
2026-03-24 07:31:51	INFO	SvTableMsgReceiver Thread-5473	Thread.getStackTrace(1559)	recieve message cmdcode:12639
2026-03-24 07:31:51	INFO	SvTableMsgReceiver Thread-19350	Thread.getStackTrace(1559)	recieve message cmdcode:12639
2026-03-24 07:31:51	INFO	SvTableMsgReceiver Thread-22024	Thread.getStackTrace(1559)	recieve message cmdcode:12639
2026-03-24 08:35:16	INFO	AWT-EventQueue-0	Thread.getStackTrace(1559)	unregister slip, view id : 26301260
2026-03-24 08:35:16	INFO	AWT-EventQueue-0	Thread.getStackTrace(1559)	unregister slip progress, view id : 26301260
2026-03-24 08:43:31	INFO	AWT-EventQueue-0	Thread.getStackTrace(1559)	unregister slip, view id : 7653674
2026-03-24 08:43:31	INFO	AWT-EventQueue-0	Thread.getStackTrace(1559)	unregister slip progress, view id : 7653674
2026-03-25 12:06:27	INFO	AWT-EventQueue-0	Thread.getStackTrace(1559)	start slip view
2026-03-25 12:06:27	INFO	AWT-EventQueue-0	Thread.getStackTrace(1559)	create new SvTablePanel instance, view id :16231209
2026-03-25 12:06:27	INFO	AWT-EventQueue-0	Thread.getStackTrace(1559)	register slip progress, view id : 16231209
2026-03-25 12:06:27	INFO	SlipWinThread_com.huawei.u2000.ucbb.table.slip.SlipTableMsgService	Thread.getStackTrace(1559)	register slip , return result/ view id : 1 / 16231209
2026-03-25 12:06:28	INFO	SvTableMsgReceiver Thread-9641	Thread.getStackTrace(1559)	recieve message cmdcode:12639
2026-03-25 12:06:36	INFO	SvTableMsgReceiver Thread-9641	Thread.getStackTrace(1559)	recieve message cmdcode:12639
2026-03-25 12:06:58	INFO	SvTableMsgReceiver Thread-9641	Thread.getStackTrace(1559)	recieve message cmdcode:12639
2026-03-25 12:06:58	INFO	SvTableMsgReceiver Thread-9641	Thread.getStackTrace(1559)	can not find SvTablePanel : 7930096
2026-03-25 12:07:01	INFO	SvTableMsgReceiver Thread-9641	Thread.getStackTrace(1559)	recieve message cmdcode:12639
2026-03-25 12:07:01	INFO	SvTableMsgReceiver Thread-9641	Thread.getStackTrace(1559)	can not find SvTablePanel : 12378739
2026-03-25 12:09:35	INFO	AWT-EventQueue-0	Thread.getStackTrace(1559)	unregister slip, view id : 16231209
2026-03-25 12:09:35	INFO	AWT-EventQueue-0	Thread.getStackTrace(1559)	unregister slip progress, view id : 16231209
2026-03-25 12:09:35	INFO	AWT-EventQueue-0	Thread.getStackTrace(1559)	create new SvTablePanel instance, view id :19246728
2026-03-25 12:09:35	INFO	AWT-EventQueue-0	Thread.getStackTrace(1559)	register slip progress, view id : 19246728
2026-03-25 12:09:35	INFO	SlipWinThread_com.huawei.u2000.ucbb.table.slip.SlipTableMsgService	Thread.getStackTrace(1559)	register slip , return result/ view id : 1 / 19246728
2026-03-25 12:09:37	INFO	SvTableMsgReceiver Thread-12145	Thread.getStackTrace(1559)	recieve message cmdcode:12639
2026-03-25 12:09:37	INFO	AWT-EventQueue-0	Thread.getStackTrace(1559)	unregister slip, view id : 19246728
2026-03-25 12:09:37	INFO	AWT-EventQueue-0	Thread.getStackTrace(1559)	unregister slip progress, view id : 19246728
2026-03-25 12:09:37	INFO	AWT-EventQueue-0	Thread.getStackTrace(1559)	create new SvTablePanel instance, view id :7917873
2026-03-25 12:09:37	INFO	AWT-EventQueue-0	Thread.getStackTrace(1559)	register slip progress, view id : 7917873
2026-03-25 12:09:37	INFO	SlipWinThread_com.huawei.u2000.ucbb.table.slip.SlipTableMsgService	Thread.getStackTrace(1559)	register slip , return result/ view id : 1 / 7917873
2026-03-25 12:09:38	INFO	AWT-EventQueue-0	Thread.getStackTrace(1559)	unregister slip, view id : 7917873
2026-03-25 12:09:38	INFO	AWT-EventQueue-0	Thread.getStackTrace(1559)	unregister slip progress, view id : 7917873
2026-03-25 12:09:38	INFO	AWT-EventQueue-0	Thread.getStackTrace(1559)	create new SvTablePanel instance, view id :16417842
2026-03-25 12:09:38	INFO	AWT-EventQueue-0	Thread.getStackTrace(1559)	register slip progress, view id : 16417842
2026-03-25 12:09:38	INFO	SlipWinThread_com.huawei.u2000.ucbb.table.slip.SlipTableMsgService	Thread.getStackTrace(1559)	register slip , return result/ view id : 1 / 16417842
2026-03-25 12:09:38	INFO	SvTableMsgReceiver Thread-12207	Thread.getStackTrace(1559)	recieve message cmdcode:12639
2026-03-25 12:09:38	INFO	SvTableMsgReceiver Thread-12207	Thread.getStackTrace(1559)	can not find SvTablePanel : 7917873
2026-03-25 12:09:39	INFO	AWT-EventQueue-0	Thread.getStackTrace(1559)	unregister slip, view id : 16417842
2026-03-25 12:09:39	INFO	AWT-EventQueue-0	Thread.getStackTrace(1559)	unregister slip progress, view id : 16417842
2026-03-25 12:09:39	INFO	AWT-EventQueue-0	Thread.getStackTrace(1559)	create new SvTablePanel instance, view id :9793745
2026-03-25 12:09:39	INFO	AWT-EventQueue-0	Thread.getStackTrace(1559)	register slip progress, view id : 9793745
2026-03-25 12:09:39	INFO	SlipWinThread_com.huawei.u2000.ucbb.table.slip.SlipTableMsgService	Thread.getStackTrace(1559)	register slip , return result/ view id : 1 / 9793745
2026-03-25 12:09:39	INFO	SvTableMsgReceiver Thread-12209	Thread.getStackTrace(1559)	recieve message cmdcode:12639
2026-03-25 12:09:39	INFO	SvTableMsgReceiver Thread-12209	Thread.getStackTrace(1559)	can not find SvTablePanel : 16417842
2026-03-25 12:09:40	INFO	SvTableMsgReceiver Thread-12209	Thread.getStackTrace(1559)	recieve message cmdcode:12639
2026-03-25 12:10:25	INFO	AWT-EventQueue-0	Thread.getStackTrace(1559)	create new SvTablePanel instance, view id :7561433
2026-03-25 12:10:25	INFO	AWT-EventQueue-0	Thread.getStackTrace(1559)	register slip progress, view id : 7561433
2026-03-25 12:10:25	INFO	SlipWinThread_com.huawei.u2000.pf.frame.ui.slipTable.SlipTableMsgService	Thread.getStackTrace(1559)	register slip , return result/ view id : 1 / 7561433
2026-03-25 12:10:26	INFO	SvTableMsgReceiver Thread-12209	Thread.getStackTrace(1559)	recieve message cmdcode:12639
2026-03-25 12:10:26	INFO	SvTableMsgReceiver Thread-13713	Thread.getStackTrace(1559)	recieve message cmdcode:12639
2026-03-25 12:10:27	INFO	pool-14-thread-11	Thread.getStackTrace(1559)	unregister slip, view id : 7561433
2026-03-25 12:10:27	INFO	pool-14-thread-11	Thread.getStackTrace(1559)	unregister slip progress, view id : 7561433
2026-03-26 05:40:58	INFO	AWT-EventQueue-0	Thread.getStackTrace(1559)	create new SvTablePanel instance, view id :12405762
2026-03-26 05:40:58	INFO	AWT-EventQueue-0	Thread.getStackTrace(1559)	register slip progress, view id : 12405762
2026-03-26 05:40:58	INFO	SlipWinThread_com.huawei.u2000.ucbb.table.slip.SlipTableMsgService	Thread.getStackTrace(1559)	register slip , return result/ view id : 1 / 12405762
2026-03-26 05:41:40	INFO	SvTableMsgReceiver Thread-12209	Thread.getStackTrace(1559)	recieve message cmdcode:12639
2026-03-26 05:41:40	INFO	SvTableMsgReceiver Thread-20037	Thread.getStackTrace(1559)	recieve message cmdcode:12639
2026-03-26 05:41:41	INFO	SvTableMsgReceiver Thread-12209	Thread.getStackTrace(1559)	recieve message cmdcode:12639
2026-03-26 05:41:41	INFO	SvTableMsgReceiver Thread-20037	Thread.getStackTrace(1559)	recieve message cmdcode:12639
2026-03-26 05:43:15	INFO	AWT-EventQueue-0	Thread.getStackTrace(1559)	unregister slip, view id : 12405762
2026-03-26 05:43:15	INFO	AWT-EventQueue-0	Thread.getStackTrace(1559)	unregister slip progress, view id : 12405762
2026-03-26 05:43:15	INFO	AWT-EventQueue-0	Thread.getStackTrace(1559)	create new SvTablePanel instance, view id :23760627
2026-03-26 05:43:15	INFO	AWT-EventQueue-0	Thread.getStackTrace(1559)	register slip progress, view id : 23760627
2026-03-26 05:43:15	INFO	SlipWinThread_com.huawei.u2000.ucbb.table.slip.SlipTableMsgService	Thread.getStackTrace(1559)	register slip , return result/ view id : 1 / 23760627
2026-03-26 05:43:15	INFO	AWT-EventQueue-0	Thread.getStackTrace(1559)	unregister slip, view id : 23760627
2026-03-26 05:43:15	INFO	AWT-EventQueue-0	Thread.getStackTrace(1559)	unregister slip progress, view id : 23760627
2026-03-26 05:43:16	INFO	AWT-EventQueue-0	Thread.getStackTrace(1559)	create new SvTablePanel instance, view id :21775232
2026-03-26 05:43:16	INFO	AWT-EventQueue-0	Thread.getStackTrace(1559)	register slip progress, view id : 21775232
2026-03-26 05:43:16	INFO	SlipWinThread_com.huawei.u2000.ucbb.table.slip.SlipTableMsgService	Thread.getStackTrace(1559)	register slip , return result/ view id : 1 / 21775232
2026-03-26 05:43:16	INFO	SvTableMsgReceiver Thread-12209	Thread.getStackTrace(1559)	recieve message cmdcode:12639
2026-03-26 05:43:16	INFO	SvTableMsgReceiver Thread-12209	Thread.getStackTrace(1559)	can not find SvTablePanel : 23760627
2026-03-26 05:43:16	INFO	SvTableMsgReceiver Thread-22577	Thread.getStackTrace(1559)	recieve message cmdcode:12639
2026-03-26 05:43:16	INFO	SvTableMsgReceiver Thread-22577	Thread.getStackTrace(1559)	can not find SvTablePanel : 23760627
2026-03-26 05:43:16	INFO	AWT-EventQueue-0	Thread.getStackTrace(1559)	unregister slip, view id : 21775232
2026-03-26 05:43:16	INFO	AWT-EventQueue-0	Thread.getStackTrace(1559)	unregister slip progress, view id : 21775232
2026-03-26 05:43:16	INFO	AWT-EventQueue-0	Thread.getStackTrace(1559)	create new SvTablePanel instance, view id :16545056
2026-03-26 05:43:16	INFO	AWT-EventQueue-0	Thread.getStackTrace(1559)	register slip progress, view id : 16545056
2026-03-26 05:43:16	INFO	SlipWinThread_com.huawei.u2000.ucbb.table.slip.SlipTableMsgService	Thread.getStackTrace(1559)	register slip , return result/ view id : 1 / 16545056
2026-03-26 05:43:17	INFO	SvTableMsgReceiver Thread-12209	Thread.getStackTrace(1559)	recieve message cmdcode:12639
2026-03-26 05:43:17	INFO	SvTableMsgReceiver Thread-12209	Thread.getStackTrace(1559)	can not find SvTablePanel : 21775232
2026-03-26 05:43:17	INFO	SvTableMsgReceiver Thread-22579	Thread.getStackTrace(1559)	recieve message cmdcode:12639
2026-03-26 05:43:17	INFO	SvTableMsgReceiver Thread-22579	Thread.getStackTrace(1559)	can not find SvTablePanel : 21775232
2026-03-26 05:43:17	INFO	SvTableMsgReceiver Thread-12209	Thread.getStackTrace(1559)	recieve message cmdcode:12639
2026-03-26 05:43:17	INFO	SvTableMsgReceiver Thread-22579	Thread.getStackTrace(1559)	recieve message cmdcode:12639
2026-03-26 05:43:42	INFO	AWT-EventQueue-0	Thread.getStackTrace(1559)	unregister slip, view id : 16545056
2026-03-26 05:43:42	INFO	AWT-EventQueue-0	Thread.getStackTrace(1559)	unregister slip progress, view id : 16545056
2026-03-26 05:43:42	INFO	AWT-EventQueue-0	Thread.getStackTrace(1559)	create new SvTablePanel instance, view id :33424345
2026-03-26 05:43:42	INFO	AWT-EventQueue-0	Thread.getStackTrace(1559)	register slip progress, view id : 33424345
2026-03-26 05:43:42	INFO	SlipWinThread_com.huawei.u2000.ucbb.table.slip.SlipTableMsgService	Thread.getStackTrace(1559)	register slip , return result/ view id : 1 / 33424345
2026-03-26 05:43:42	INFO	AWT-EventQueue-0	Thread.getStackTrace(1559)	unregister slip, view id : 33424345
2026-03-26 05:43:42	INFO	AWT-EventQueue-0	Thread.getStackTrace(1559)	unregister slip progress, view id : 33424345
2026-03-26 05:43:43	INFO	AWT-EventQueue-0	Thread.getStackTrace(1559)	create new SvTablePanel instance, view id :2880090
2026-03-26 05:43:43	INFO	AWT-EventQueue-0	Thread.getStackTrace(1559)	register slip progress, view id : 2880090
2026-03-26 05:43:43	INFO	SlipWinThread_com.huawei.u2000.ucbb.table.slip.SlipTableMsgService	Thread.getStackTrace(1559)	register slip , return result/ view id : 1 / 2880090
2026-03-26 05:43:43	INFO	SvTableMsgReceiver Thread-12209	Thread.getStackTrace(1559)	recieve message cmdcode:12639
2026-03-26 05:43:43	INFO	SvTableMsgReceiver Thread-12209	Thread.getStackTrace(1559)	can not find SvTablePanel : 33424345
2026-03-26 05:43:43	INFO	SvTableMsgReceiver Thread-22597	Thread.getStackTrace(1559)	recieve message cmdcode:12639
2026-03-26 05:43:43	INFO	SvTableMsgReceiver Thread-22597	Thread.getStackTrace(1559)	can not find SvTablePanel : 33424345
2026-03-26 05:43:44	INFO	SvTableMsgReceiver Thread-12209	Thread.getStackTrace(1559)	recieve message cmdcode:12639
2026-03-26 05:43:44	INFO	SvTableMsgReceiver Thread-22597	Thread.getStackTrace(1559)	recieve message cmdcode:12639
2026-03-26 05:44:03	INFO	AWT-EventQueue-0	Thread.getStackTrace(1559)	unregister slip, view id : 2880090
2026-03-26 05:44:03	INFO	AWT-EventQueue-0	Thread.getStackTrace(1559)	unregister slip progress, view id : 2880090
2026-03-26 05:44:03	INFO	AWT-EventQueue-0	Thread.getStackTrace(1559)	create new SvTablePanel instance, view id :7448762
2026-03-26 05:44:03	INFO	AWT-EventQueue-0	Thread.getStackTrace(1559)	register slip progress, view id : 7448762
2026-03-26 05:44:03	INFO	SlipWinThread_com.huawei.u2000.ucbb.table.slip.SlipTableMsgService	Thread.getStackTrace(1559)	register slip , return result/ view id : 1 / 7448762
2026-03-26 05:44:04	INFO	AWT-EventQueue-0	Thread.getStackTrace(1559)	unregister slip, view id : 7448762
2026-03-26 05:44:04	INFO	AWT-EventQueue-0	Thread.getStackTrace(1559)	unregister slip progress, view id : 7448762
2026-03-26 05:44:04	INFO	AWT-EventQueue-0	Thread.getStackTrace(1559)	create new SvTablePanel instance, view id :32103748
2026-03-26 05:44:04	INFO	AWT-EventQueue-0	Thread.getStackTrace(1559)	register slip progress, view id : 32103748
2026-03-26 05:44:04	INFO	SlipWinThread_com.huawei.u2000.ucbb.table.slip.SlipTableMsgService	Thread.getStackTrace(1559)	register slip , return result/ view id : 1 / 32103748
2026-03-26 05:44:04	INFO	SvTableMsgReceiver Thread-12209	Thread.getStackTrace(1559)	recieve message cmdcode:12639
2026-03-26 05:44:04	INFO	SvTableMsgReceiver Thread-12209	Thread.getStackTrace(1559)	can not find SvTablePanel : 7448762
2026-03-26 05:44:04	INFO	SvTableMsgReceiver Thread-22616	Thread.getStackTrace(1559)	recieve message cmdcode:12639
2026-03-26 05:44:05	INFO	SvTableMsgReceiver Thread-22616	Thread.getStackTrace(1559)	can not find SvTablePanel : 7448762
2026-03-26 05:44:06	INFO	SvTableMsgReceiver Thread-12209	Thread.getStackTrace(1559)	recieve message cmdcode:12639
2026-03-26 05:44:06	INFO	SvTableMsgReceiver Thread-22616	Thread.getStackTrace(1559)	recieve message cmdcode:12639
2026-03-26 05:44:56	INFO	AWT-EventQueue-0	Thread.getStackTrace(1559)	unregister slip, view id : 32103748
2026-03-26 05:44:56	INFO	AWT-EventQueue-0	Thread.getStackTrace(1559)	unregister slip progress, view id : 32103748
2026-03-26 05:44:56	INFO	AWT-EventQueue-0	Thread.getStackTrace(1559)	create new SvTablePanel instance, view id :11711545
2026-03-26 05:44:56	INFO	AWT-EventQueue-0	Thread.getStackTrace(1559)	register slip progress, view id : 11711545
2026-03-26 05:44:56	INFO	SlipWinThread_com.huawei.u2000.ucbb.table.slip.SlipTableMsgService	Thread.getStackTrace(1559)	register slip , return result/ view id : 1 / 11711545
2026-03-26 05:44:57	INFO	SvTableMsgReceiver Thread-12209	Thread.getStackTrace(1559)	recieve message cmdcode:12639
2026-03-26 05:44:57	INFO	SvTableMsgReceiver Thread-22626	Thread.getStackTrace(1559)	recieve message cmdcode:12639
2026-03-26 05:55:37	INFO	AWT-EventQueue-0	Thread.getStackTrace(1559)	unregister slip, view id : 11711545
2026-03-26 05:55:37	INFO	AWT-EventQueue-0	Thread.getStackTrace(1559)	unregister slip progress, view id : 11711545
2026-03-26 05:55:37	INFO	AWT-EventQueue-0	Thread.getStackTrace(1559)	create new SvTablePanel instance, view id :2132454
2026-03-26 05:55:38	INFO	AWT-EventQueue-0	Thread.getStackTrace(1559)	register slip progress, view id : 2132454
2026-03-26 05:55:38	INFO	SlipWinThread_com.huawei.u2000.ucbb.table.slip.SlipTableMsgService	Thread.getStackTrace(1559)	register slip , return result/ view id : 1 / 2132454
2026-03-26 05:55:38	INFO	AWT-EventQueue-0	Thread.getStackTrace(1559)	unregister slip, view id : 2132454
2026-03-26 05:55:38	INFO	AWT-EventQueue-0	Thread.getStackTrace(1559)	unregister slip progress, view id : 2132454
2026-03-26 05:55:38	INFO	AWT-EventQueue-0	Thread.getStackTrace(1559)	create new SvTablePanel instance, view id :163626
2026-03-26 05:55:38	INFO	AWT-EventQueue-0	Thread.getStackTrace(1559)	register slip progress, view id : 163626
2026-03-26 05:55:38	INFO	SlipWinThread_com.huawei.u2000.ucbb.table.slip.SlipTableMsgService	Thread.getStackTrace(1559)	register slip , return result/ view id : 1 / 163626
2026-03-26 05:55:39	INFO	SvTableMsgReceiver Thread-12209	Thread.getStackTrace(1559)	recieve message cmdcode:12639
2026-03-26 05:55:39	INFO	SvTableMsgReceiver Thread-12209	Thread.getStackTrace(1559)	can not find SvTablePanel : 2132454
2026-03-26 05:55:39	INFO	SvTableMsgReceiver Thread-22651	Thread.getStackTrace(1559)	recieve message cmdcode:12639
2026-03-26 05:55:39	INFO	SvTableMsgReceiver Thread-22651	Thread.getStackTrace(1559)	can not find SvTablePanel : 2132454
2026-03-26 05:55:39	INFO	AWT-EventQueue-0	Thread.getStackTrace(1559)	unregister slip, view id : 163626
2026-03-26 05:55:39	INFO	AWT-EventQueue-0	Thread.getStackTrace(1559)	unregister slip progress, view id : 163626
2026-03-26 05:55:39	INFO	AWT-EventQueue-0	Thread.getStackTrace(1559)	create new SvTablePanel instance, view id :20025686
2026-03-26 05:55:39	INFO	AWT-EventQueue-0	Thread.getStackTrace(1559)	register slip progress, view id : 20025686
2026-03-26 05:55:39	INFO	SlipWinThread_com.huawei.u2000.ucbb.table.slip.SlipTableMsgService	Thread.getStackTrace(1559)	register slip , return result/ view id : 1 / 20025686
2026-03-26 05:55:40	INFO	SvTableMsgReceiver Thread-12209	Thread.getStackTrace(1559)	recieve message cmdcode:12639
2026-03-26 05:55:40	INFO	SvTableMsgReceiver Thread-12209	Thread.getStackTrace(1559)	can not find SvTablePanel : 163626
2026-03-26 05:55:40	INFO	SvTableMsgReceiver Thread-22653	Thread.getStackTrace(1559)	recieve message cmdcode:12639
2026-03-26 05:55:40	INFO	SvTableMsgReceiver Thread-22653	Thread.getStackTrace(1559)	can not find SvTablePanel : 163626
2026-03-26 05:55:40	INFO	SvTableMsgReceiver Thread-12209	Thread.getStackTrace(1559)	recieve message cmdcode:12639
2026-03-26 05:55:40	INFO	SvTableMsgReceiver Thread-22653	Thread.getStackTrace(1559)	recieve message cmdcode:12639
2026-03-26 05:55:58	INFO	AWT-EventQueue-0	Thread.getStackTrace(1559)	unregister slip, view id : 20025686
2026-03-26 05:55:58	INFO	AWT-EventQueue-0	Thread.getStackTrace(1559)	unregister slip progress, view id : 20025686
2026-03-26 05:55:59	INFO	AWT-EventQueue-0	Thread.getStackTrace(1559)	create new SvTablePanel instance, view id :11370662
2026-03-26 05:55:59	INFO	AWT-EventQueue-0	Thread.getStackTrace(1559)	register slip progress, view id : 11370662
2026-03-26 05:55:59	INFO	SlipWinThread_com.huawei.u2000.ucbb.table.slip.SlipTableMsgService	Thread.getStackTrace(1559)	register slip , return result/ view id : 1 / 11370662
2026-03-26 05:55:59	INFO	AWT-EventQueue-0	Thread.getStackTrace(1559)	unregister slip, view id : 11370662
2026-03-26 05:55:59	INFO	AWT-EventQueue-0	Thread.getStackTrace(1559)	unregister slip progress, view id : 11370662
2026-03-26 05:55:59	INFO	AWT-EventQueue-0	Thread.getStackTrace(1559)	create new SvTablePanel instance, view id :17296253
2026-03-26 05:55:59	INFO	AWT-EventQueue-0	Thread.getStackTrace(1559)	register slip progress, view id : 17296253
2026-03-26 05:55:59	INFO	SlipWinThread_com.huawei.u2000.ucbb.table.slip.SlipTableMsgService	Thread.getStackTrace(1559)	register slip , return result/ view id : 1 / 17296253
2026-03-26 05:56:00	INFO	SvTableMsgReceiver Thread-12209	Thread.getStackTrace(1559)	recieve message cmdcode:12639
2026-03-26 05:56:00	INFO	SvTableMsgReceiver Thread-12209	Thread.getStackTrace(1559)	can not find SvTablePanel : 11370662
2026-03-26 05:56:00	INFO	SvTableMsgReceiver Thread-22671	Thread.getStackTrace(1559)	recieve message cmdcode:12639
2026-03-26 05:56:00	INFO	SvTableMsgReceiver Thread-22671	Thread.getStackTrace(1559)	can not find SvTablePanel : 11370662
2026-03-26 05:56:00	INFO	SvTableMsgReceiver Thread-12209	Thread.getStackTrace(1559)	recieve message cmdcode:12639
2026-03-26 05:56:00	INFO	SvTableMsgReceiver Thread-22671	Thread.getStackTrace(1559)	recieve message cmdcode:12639
2026-03-26 05:56:05	INFO	AWT-EventQueue-0	Thread.getStackTrace(1559)	unregister slip, view id : 17296253
2026-03-26 05:56:05	INFO	AWT-EventQueue-0	Thread.getStackTrace(1559)	unregister slip progress, view id : 17296253
2026-03-26 05:56:05	INFO	AWT-EventQueue-0	Thread.getStackTrace(1559)	create new SvTablePanel instance, view id :12568475
2026-03-26 05:56:05	INFO	AWT-EventQueue-0	Thread.getStackTrace(1559)	register slip progress, view id : 12568475
2026-03-26 05:56:05	INFO	SlipWinThread_com.huawei.u2000.ucbb.table.slip.SlipTableMsgService	Thread.getStackTrace(1559)	register slip , return result/ view id : 1 / 12568475
2026-03-26 05:56:06	INFO	SvTableMsgReceiver Thread-12209	Thread.getStackTrace(1559)	recieve message cmdcode:12639
2026-03-26 05:56:06	INFO	SvTableMsgReceiver Thread-22679	Thread.getStackTrace(1559)	recieve message cmdcode:12639
2026-03-26 06:29:13	INFO	AWT-EventQueue-0	Thread.getStackTrace(1559)	unregister slip, view id : 12568475
2026-03-26 06:29:13	INFO	AWT-EventQueue-0	Thread.getStackTrace(1559)	unregister slip progress, view id : 12568475
2026-03-26 06:29:14	INFO	AWT-EventQueue-0	Thread.getStackTrace(1559)	create new SvTablePanel instance, view id :7286556
2026-03-26 06:29:14	INFO	AWT-EventQueue-0	Thread.getStackTrace(1559)	register slip progress, view id : 7286556
2026-03-26 06:29:14	INFO	SlipWinThread_com.huawei.u2000.ucbb.table.slip.SlipTableMsgService	Thread.getStackTrace(1559)	register slip , return result/ view id : 1 / 7286556
2026-03-26 06:29:14	INFO	AWT-EventQueue-0	Thread.getStackTrace(1559)	unregister slip, view id : 7286556
2026-03-26 06:29:14	INFO	AWT-EventQueue-0	Thread.getStackTrace(1559)	unregister slip progress, view id : 7286556
2026-03-26 06:29:14	INFO	AWT-EventQueue-0	Thread.getStackTrace(1559)	create new SvTablePanel instance, view id :23612736
2026-03-26 06:29:14	INFO	AWT-EventQueue-0	Thread.getStackTrace(1559)	register slip progress, view id : 23612736
2026-03-26 06:29:14	INFO	SlipWinThread_com.huawei.u2000.ucbb.table.slip.SlipTableMsgService	Thread.getStackTrace(1559)	register slip , return result/ view id : 1 / 23612736
2026-03-26 06:29:15	INFO	SvTableMsgReceiver Thread-12209	Thread.getStackTrace(1559)	recieve message cmdcode:12639
2026-03-26 06:29:15	INFO	SvTableMsgReceiver Thread-12209	Thread.getStackTrace(1559)	can not find SvTablePanel : 7286556
2026-03-26 06:29:15	INFO	SvTableMsgReceiver Thread-22705	Thread.getStackTrace(1559)	recieve message cmdcode:12639
2026-03-26 06:29:15	INFO	SvTableMsgReceiver Thread-22705	Thread.getStackTrace(1559)	can not find SvTablePanel : 7286556
2026-03-26 06:29:15	INFO	AWT-EventQueue-0	Thread.getStackTrace(1559)	unregister slip, view id : 23612736
2026-03-26 06:29:15	INFO	AWT-EventQueue-0	Thread.getStackTrace(1559)	unregister slip progress, view id : 23612736
2026-03-26 06:29:15	INFO	AWT-EventQueue-0	Thread.getStackTrace(1559)	create new SvTablePanel instance, view id :10122079
2026-03-26 06:29:15	INFO	AWT-EventQueue-0	Thread.getStackTrace(1559)	register slip progress, view id : 10122079
2026-03-26 06:29:15	INFO	SlipWinThread_com.huawei.u2000.ucbb.table.slip.SlipTableMsgService	Thread.getStackTrace(1559)	register slip , return result/ view id : 1 / 10122079
2026-03-26 06:29:16	INFO	SvTableMsgReceiver Thread-12209	Thread.getStackTrace(1559)	recieve message cmdcode:12639
2026-03-26 06:29:16	INFO	SvTableMsgReceiver Thread-12209	Thread.getStackTrace(1559)	can not find SvTablePanel : 23612736
2026-03-26 06:29:16	INFO	SvTableMsgReceiver Thread-22707	Thread.getStackTrace(1559)	recieve message cmdcode:12639
2026-03-26 06:29:16	INFO	SvTableMsgReceiver Thread-22707	Thread.getStackTrace(1559)	can not find SvTablePanel : 23612736
2026-03-26 06:29:16	INFO	SvTableMsgReceiver Thread-12209	Thread.getStackTrace(1559)	recieve message cmdcode:12639
2026-03-26 06:29:16	INFO	SvTableMsgReceiver Thread-22707	Thread.getStackTrace(1559)	recieve message cmdcode:12639
2026-03-26 06:29:35	INFO	AWT-EventQueue-0	Thread.getStackTrace(1559)	unregister slip, view id : 10122079
2026-03-26 06:29:35	INFO	AWT-EventQueue-0	Thread.getStackTrace(1559)	unregister slip progress, view id : 10122079
2026-03-26 06:29:35	INFO	AWT-EventQueue-0	Thread.getStackTrace(1559)	create new SvTablePanel instance, view id :3095049
2026-03-26 06:29:35	INFO	AWT-EventQueue-0	Thread.getStackTrace(1559)	register slip progress, view id : 3095049
2026-03-26 06:29:35	INFO	SlipWinThread_com.huawei.u2000.ucbb.table.slip.SlipTableMsgService	Thread.getStackTrace(1559)	register slip , return result/ view id : 1 / 3095049
2026-03-26 06:29:36	INFO	SvTableMsgReceiver Thread-12209	Thread.getStackTrace(1559)	recieve message cmdcode:12639
2026-03-26 06:29:36	INFO	SvTableMsgReceiver Thread-22717	Thread.getStackTrace(1559)	recieve message cmdcode:12639
2026-03-26 06:55:58	INFO	AWT-EventQueue-0	Thread.getStackTrace(1559)	unregister slip, view id : 3095049
2026-03-26 06:55:58	INFO	AWT-EventQueue-0	Thread.getStackTrace(1559)	unregister slip progress, view id : 3095049
2026-03-26 07:08:02	INFO	AWT-EventQueue-0	Thread.getStackTrace(1559)	create new SvTablePanel instance, view id :2972090
2026-03-26 07:08:02	INFO	AWT-EventQueue-0	Thread.getStackTrace(1559)	register slip progress, view id : 2972090
2026-03-26 07:08:02	INFO	SlipWinThread_com.huawei.u2000.ucbb.table.slip.SlipTableMsgService	Thread.getStackTrace(1559)	register slip , return result/ view id : 1 / 2972090
2026-03-26 07:08:03	INFO	SvTableMsgReceiver Thread-12209	Thread.getStackTrace(1559)	recieve message cmdcode:12639
2026-03-26 07:08:03	INFO	SvTableMsgReceiver Thread-34380	Thread.getStackTrace(1559)	recieve message cmdcode:12639
2026-03-26 07:08:37	INFO	AWT-EventQueue-0	Thread.getStackTrace(1559)	unregister slip, view id : 2972090
2026-03-26 07:08:37	INFO	AWT-EventQueue-0	Thread.getStackTrace(1559)	unregister slip progress, view id : 2972090
2026-03-26 07:09:11	INFO	AWT-EventQueue-0	Thread.getStackTrace(1559)	create new SvTablePanel instance, view id :1726577
2026-03-26 07:09:11	INFO	AWT-EventQueue-0	Thread.getStackTrace(1559)	register slip progress, view id : 1726577
2026-03-26 07:09:11	INFO	SlipWinThread_com.huawei.u2000.ucbb.table.slip.SlipTableMsgService	Thread.getStackTrace(1559)	register slip , return result/ view id : 1 / 1726577
2026-03-26 07:09:12	INFO	SvTableMsgReceiver Thread-12209	Thread.getStackTrace(1559)	recieve message cmdcode:12639
2026-03-26 07:09:12	INFO	SvTableMsgReceiver Thread-38819	Thread.getStackTrace(1559)	recieve message cmdcode:12639
2026-03-26 07:09:42	INFO	AWT-EventQueue-0	Thread.getStackTrace(1559)	unregister slip, view id : 1726577
2026-03-26 07:09:42	INFO	AWT-EventQueue-0	Thread.getStackTrace(1559)	unregister slip progress, view id : 1726577
2026-03-26 07:09:43	INFO	AWT-EventQueue-0	Thread.getStackTrace(1559)	create new SvTablePanel instance, view id :31514175
2026-03-26 07:09:43	INFO	AWT-EventQueue-0	Thread.getStackTrace(1559)	register slip progress, view id : 31514175
2026-03-26 07:09:43	INFO	SlipWinThread_com.huawei.u2000.ucbb.table.slip.SlipTableMsgService	Thread.getStackTrace(1559)	register slip , return result/ view id : 1 / 31514175
2026-03-26 07:09:46	INFO	AWT-EventQueue-0	Thread.getStackTrace(1559)	unregister slip, view id : 31514175
2026-03-26 07:09:46	INFO	AWT-EventQueue-0	Thread.getStackTrace(1559)	unregister slip progress, view id : 31514175
2026-03-26 07:09:46	INFO	AWT-EventQueue-0	Thread.getStackTrace(1559)	create new SvTablePanel instance, view id :643267
2026-03-26 07:09:46	INFO	AWT-EventQueue-0	Thread.getStackTrace(1559)	register slip progress, view id : 643267
2026-03-26 07:09:46	INFO	SlipWinThread_com.huawei.u2000.ucbb.table.slip.SlipTableMsgService	Thread.getStackTrace(1559)	register slip , return result/ view id : 1 / 643267
2026-03-26 07:09:47	INFO	SvTableMsgReceiver Thread-12209	Thread.getStackTrace(1559)	recieve message cmdcode:12639
2026-03-26 07:09:47	INFO	SvTableMsgReceiver Thread-12209	Thread.getStackTrace(1559)	can not find SvTablePanel : 31514175
2026-03-26 07:09:47	INFO	SvTableMsgReceiver Thread-39748	Thread.getStackTrace(1559)	recieve message cmdcode:12639
2026-03-26 07:09:47	INFO	SvTableMsgReceiver Thread-39748	Thread.getStackTrace(1559)	can not find SvTablePanel : 31514175
2026-03-26 07:09:48	INFO	SvTableMsgReceiver Thread-12209	Thread.getStackTrace(1559)	recieve message cmdcode:12639
2026-03-26 07:09:48	INFO	SvTableMsgReceiver Thread-39748	Thread.getStackTrace(1559)	recieve message cmdcode:12639
2026-03-26 07:10:34	INFO	AWT-EventQueue-0	Thread.getStackTrace(1559)	unregister slip, view id : 643267
2026-03-26 07:10:34	INFO	AWT-EventQueue-0	Thread.getStackTrace(1559)	unregister slip progress, view id : 643267
2026-03-26 07:10:34	INFO	AWT-EventQueue-0	Thread.getStackTrace(1559)	create new SvTablePanel instance, view id :8158864
2026-03-26 07:10:34	INFO	AWT-EventQueue-0	Thread.getStackTrace(1559)	register slip progress, view id : 8158864
2026-03-26 07:10:34	INFO	SlipWinThread_com.huawei.u2000.ucbb.table.slip.SlipTableMsgService	Thread.getStackTrace(1559)	register slip , return result/ view id : 1 / 8158864
2026-03-26 07:10:35	INFO	AWT-EventQueue-0	Thread.getStackTrace(1559)	unregister slip, view id : 8158864
2026-03-26 07:10:35	INFO	AWT-EventQueue-0	Thread.getStackTrace(1559)	unregister slip progress, view id : 8158864
2026-03-26 07:10:35	INFO	AWT-EventQueue-0	Thread.getStackTrace(1559)	create new SvTablePanel instance, view id :5399964
2026-03-26 07:10:35	INFO	AWT-EventQueue-0	Thread.getStackTrace(1559)	register slip progress, view id : 5399964
2026-03-26 07:10:35	INFO	SlipWinThread_com.huawei.u2000.ucbb.table.slip.SlipTableMsgService	Thread.getStackTrace(1559)	register slip , return result/ view id : 1 / 5399964
2026-03-26 07:10:35	INFO	SvTableMsgReceiver Thread-12209	Thread.getStackTrace(1559)	recieve message cmdcode:12639
2026-03-26 07:10:35	INFO	SvTableMsgReceiver Thread-12209	Thread.getStackTrace(1559)	can not find SvTablePanel : 8158864
2026-03-26 07:10:35	INFO	SvTableMsgReceiver Thread-39767	Thread.getStackTrace(1559)	recieve message cmdcode:12639
2026-03-26 07:10:35	INFO	SvTableMsgReceiver Thread-39767	Thread.getStackTrace(1559)	can not find SvTablePanel : 8158864
2026-03-26 07:10:36	INFO	SvTableMsgReceiver Thread-12209	Thread.getStackTrace(1559)	recieve message cmdcode:12639
2026-03-26 07:10:36	INFO	SvTableMsgReceiver Thread-39767	Thread.getStackTrace(1559)	recieve message cmdcode:12639
2026-03-26 07:32:59	INFO	SvTableMsgReceiver Thread-12209	Thread.getStackTrace(1559)	recieve message cmdcode:12639
2026-03-26 07:32:59	INFO	SvTableMsgReceiver Thread-39767	Thread.getStackTrace(1559)	recieve message cmdcode:12639
2026-03-26 07:33:14	INFO	AWT-EventQueue-0	Thread.getStackTrace(1559)	unregister slip, view id : 5399964
2026-03-26 07:33:14	INFO	AWT-EventQueue-0	Thread.getStackTrace(1559)	unregister slip progress, view id : 5399964
2026-03-26 07:33:15	INFO	AWT-EventQueue-0	Thread.getStackTrace(1559)	create new SvTablePanel instance, view id :8650075
2026-03-26 07:33:15	INFO	AWT-EventQueue-0	Thread.getStackTrace(1559)	register slip progress, view id : 8650075
2026-03-26 07:33:15	INFO	SlipWinThread_com.huawei.u2000.ucbb.table.slip.SlipTableMsgService	Thread.getStackTrace(1559)	register slip , return result/ view id : 1 / 8650075
2026-03-26 07:33:16	INFO	SvTableMsgReceiver Thread-12209	Thread.getStackTrace(1559)	recieve message cmdcode:12639
2026-03-26 07:33:16	INFO	SvTableMsgReceiver Thread-41448	Thread.getStackTrace(1559)	recieve message cmdcode:12639
2026-03-26 07:35:36	INFO	SvTableMsgReceiver Thread-12209	Thread.getStackTrace(1559)	recieve message cmdcode:12639
2026-03-26 07:35:36	INFO	SvTableMsgReceiver Thread-41448	Thread.getStackTrace(1559)	recieve message cmdcode:12639
2026-03-26 07:52:10	INFO	AWT-EventQueue-0	Thread.getStackTrace(1559)	unregister slip, view id : 8650075
2026-03-26 07:52:10	INFO	AWT-EventQueue-0	Thread.getStackTrace(1559)	unregister slip progress, view id : 8650075
2026-03-27 04:59:32	INFO	AWT-EventQueue-0	Thread.getStackTrace(1559)	unregister slip, view id : 9793745
2026-03-27 04:59:32	INFO	AWT-EventQueue-0	Thread.getStackTrace(1559)	unregister slip progress, view id : 9793745
2026-03-30 10:22:24	INFO	AWT-EventQueue-0	SvTablePanelFactory.addScrollPaneToMap(53)	start slip view
2026-03-30 10:22:24	INFO	AWT-EventQueue-0	SvTablePanelFactory.addScrollPaneToMap(53)	create new SvTablePanel instance, view id :14767228
2026-03-30 10:22:24	INFO	AWT-EventQueue-0	SvCommunicator.registerAsynMessage(78)	register slip progress, view id : 14767228
2026-03-30 10:22:24	DEBUG	AWT-EventQueue-0	SvTablePanel.register(335)	register slipview asyn message: 14767228
2026-03-30 10:22:24	ERROR	AWT-EventQueue-0	SvTablePanel.setDataToModel(421)	resultData parameter is null : class com.huawei.cmf.slipwindow.slip.SvResultData
2026-03-30 10:22:25	DEBUG	AWT-EventQueue-0	SvTablePanel.release(344)	release slipview asyn message: 14767228
2026-03-30 10:22:25	INFO	AWT-EventQueue-0	SvCommunicator.unregisterAsynMessage(105)	unregister slip progress, view id : 14767228
2026-03-30 10:22:25	INFO	AWT-EventQueue-0	SvCommunicator.unregisterSlipInstance(129)	unregister slip, view id : 14767228 ,SeqID=128438
2026-03-31 08:01:14	INFO	AWT-EventQueue-0	SvTablePanelFactory.addScrollPaneToMap(53)	start slip view
2026-03-31 08:01:14	INFO	AWT-EventQueue-0	SvTablePanelFactory.addScrollPaneToMap(53)	create new SvTablePanel instance, view id :1081959
2026-03-31 08:01:14	INFO	AWT-EventQueue-0	SvCommunicator.registerAsynMessage(78)	register slip progress, view id : 1081959
2026-03-31 08:01:14	DEBUG	AWT-EventQueue-0	SvTablePanel.register(335)	register slipview asyn message: 1081959
2026-03-31 08:01:14	ERROR	AWT-EventQueue-0	SvTablePanel.setDataToModel(421)	resultData parameter is null : class com.huawei.cmf.slipwindow.slip.SvResultData
2026-03-31 08:01:19	DEBUG	AWT-EventQueue-0	SvTablePanel.release(344)	release slipview asyn message: 1081959
2026-03-31 08:01:19	INFO	AWT-EventQueue-0	SvCommunicator.unregisterAsynMessage(105)	unregister slip progress, view id : 1081959
2026-03-31 08:01:19	INFO	AWT-EventQueue-0	SvCommunicator.unregisterSlipInstance(129)	unregister slip, view id : 1081959 ,SeqID=48366
2026-03-31 08:01:20	INFO	AWT-EventQueue-0	SvTablePanelFactory.addScrollPaneToMap(53)	create new SvTablePanel instance, view id :13633163
2026-03-31 08:01:20	INFO	AWT-EventQueue-0	SvCommunicator.registerAsynMessage(78)	register slip progress, view id : 13633163
2026-03-31 08:01:20	DEBUG	AWT-EventQueue-0	SvTablePanel.register(335)	register slipview asyn message: 13633163
2026-03-31 08:01:20	ERROR	AWT-EventQueue-0	SvTablePanel.setDataToModel(421)	resultData parameter is null : class com.huawei.cmf.slipwindow.slip.SvResultData
2026-03-31 08:01:22	DEBUG	AWT-EventQueue-0	SvTablePanel.release(344)	release slipview asyn message: 13633163
2026-03-31 08:01:22	INFO	AWT-EventQueue-0	SvCommunicator.unregisterAsynMessage(105)	unregister slip progress, view id : 13633163
2026-03-31 08:01:22	INFO	AWT-EventQueue-0	SvCommunicator.unregisterSlipInstance(129)	unregister slip, view id : 13633163 ,SeqID=72013
2026-03-31 08:02:17	INFO	AWT-EventQueue-0	Thread.getStackTrace(1559)	start slip view
2026-03-31 08:02:17	INFO	AWT-EventQueue-0	Thread.getStackTrace(1559)	create new SvTablePanel instance, view id :3584506
2026-03-31 08:02:17	INFO	AWT-EventQueue-0	Thread.getStackTrace(1559)	register slip progress, view id : 3584506
2026-03-31 08:02:17	INFO	SlipWinThread_com.huawei.u2000.ucbb.table.slip.SlipTableMsgService	Thread.getStackTrace(1559)	register slip , return result/ view id : 1 / 3584506
2026-03-31 08:02:18	INFO	SvTableMsgReceiver Thread-13401	Thread.getStackTrace(1559)	recieve message cmdcode:12639
2026-03-31 08:03:31	INFO	SvTableMsgReceiver Thread-13401	Thread.getStackTrace(1559)	recieve message cmdcode:12639
2026-03-31 08:04:12	INFO	SvTableMsgReceiver Thread-13401	Thread.getStackTrace(1559)	recieve message cmdcode:12639
2026-03-31 12:43:30	INFO	AWT-EventQueue-0	Thread.getStackTrace(1559)	unregister slip, view id : 3584506
2026-03-31 12:43:30	INFO	AWT-EventQueue-0	Thread.getStackTrace(1559)	unregister slip progress, view id : 3584506
2026-04-02 14:53:55	INFO	AWT-EventQueue-0	Thread.getStackTrace(1559)	create new SvTablePanel instance, view id :1843738
2026-04-02 14:53:55	INFO	AWT-EventQueue-0	Thread.getStackTrace(1559)	register slip progress, view id : 1843738
2026-04-02 14:53:55	INFO	SlipWinThread_com.huawei.u2000.ucbb.table.slip.SlipTableMsgService	Thread.getStackTrace(1559)	register slip , return result/ view id : 1 / 1843738
2026-04-02 14:54:13	INFO	SvTableMsgReceiver Thread-41258	Thread.getStackTrace(1559)	recieve message cmdcode:12639
2026-04-02 14:54:17	INFO	SvTableMsgReceiver Thread-41258	Thread.getStackTrace(1559)	recieve message cmdcode:12639
2026-04-02 14:59:15	INFO	AWT-EventQueue-0	Thread.getStackTrace(1559)	unregister slip, view id : 1843738
2026-04-02 14:59:15	INFO	AWT-EventQueue-0	Thread.getStackTrace(1559)	unregister slip progress, view id : 1843738
2026-04-08 06:34:15	INFO	AWT-EventQueue-0	Thread.getStackTrace(1559)	start slip view
2026-04-08 06:34:15	INFO	AWT-EventQueue-0	Thread.getStackTrace(1559)	create new SvTablePanel instance, view id :26236767
2026-04-08 06:34:15	INFO	AWT-EventQueue-0	Thread.getStackTrace(1559)	register slip progress, view id : 26236767
2026-04-08 06:34:15	INFO	SlipWinThread_com.huawei.u2000.ucbb.table.slip.SlipTableMsgService	Thread.getStackTrace(1559)	register slip , return result/ view id : 1 / 26236767
2026-04-08 06:35:22	INFO	AWT-EventQueue-0	Thread.getStackTrace(1559)	unregister slip, view id : 26236767
2026-04-08 06:35:22	INFO	AWT-EventQueue-0	Thread.getStackTrace(1559)	unregister slip progress, view id : 26236767
2026-04-08 06:59:36	INFO	AWT-EventQueue-0	Thread.getStackTrace(1559)	create new SvTablePanel instance, view id :20108655
2026-04-08 06:59:36	INFO	AWT-EventQueue-0	Thread.getStackTrace(1559)	register slip progress, view id : 20108655
2026-04-08 06:59:36	INFO	SlipWinThread_com.huawei.u2000.ucbb.table.slip.SlipTableMsgService	Thread.getStackTrace(1559)	register slip , return result/ view id : 1 / 20108655
2026-04-08 07:02:29	INFO	AWT-EventQueue-0	Thread.getStackTrace(1559)	unregister slip, view id : 20108655
2026-04-08 07:02:29	INFO	AWT-EventQueue-0	Thread.getStackTrace(1559)	unregister slip progress, view id : 20108655
2026-04-08 07:06:54	INFO	AWT-EventQueue-0	Thread.getStackTrace(1559)	create new SvTablePanel instance, view id :19545767
2026-04-08 07:06:54	INFO	AWT-EventQueue-0	Thread.getStackTrace(1559)	register slip progress, view id : 19545767
2026-04-08 07:06:54	INFO	SlipWinThread_com.huawei.u2000.ucbb.table.slip.SlipTableMsgService	Thread.getStackTrace(1559)	register slip , return result/ view id : 1 / 19545767
2026-04-08 07:07:08	INFO	AWT-EventQueue-0	Thread.getStackTrace(1559)	unregister slip, view id : 19545767
2026-04-08 07:07:08	INFO	AWT-EventQueue-0	Thread.getStackTrace(1559)	unregister slip progress, view id : 19545767
2026-04-08 07:09:26	INFO	AWT-EventQueue-0	Thread.getStackTrace(1559)	create new SvTablePanel instance, view id :24157896
2026-04-08 07:09:26	INFO	AWT-EventQueue-0	Thread.getStackTrace(1559)	register slip progress, view id : 24157896
2026-04-08 07:09:26	INFO	SlipWinThread_com.huawei.u2000.ucbb.table.slip.SlipTableMsgService	Thread.getStackTrace(1559)	register slip , return result/ view id : 1 / 24157896
2026-04-08 07:09:49	INFO	AWT-EventQueue-0	Thread.getStackTrace(1559)	create new SvTablePanel instance, view id :13182238
2026-04-08 07:09:49	INFO	AWT-EventQueue-0	Thread.getStackTrace(1559)	register slip progress, view id : 13182238
2026-04-08 07:09:49	INFO	SlipWinThread_com.huawei.u2000.ucbb.table.slip.SlipTableMsgService	Thread.getStackTrace(1559)	register slip , return result/ view id : 1 / 13182238
2026-04-08 07:09:49	INFO	AWT-EventQueue-0	Thread.getStackTrace(1559)	unregister slip, view id : 24157896
2026-04-08 07:09:49	INFO	AWT-EventQueue-0	Thread.getStackTrace(1559)	unregister slip progress, view id : 24157896
2026-04-08 07:09:50	INFO	AWT-EventQueue-0	Thread.getStackTrace(1559)	create new SvTablePanel instance, view id :8745172
2026-04-08 07:09:50	INFO	AWT-EventQueue-0	Thread.getStackTrace(1559)	register slip progress, view id : 8745172
2026-04-08 07:09:50	INFO	SlipWinThread_com.huawei.u2000.ucbb.table.slip.SlipTableMsgService	Thread.getStackTrace(1559)	register slip , return result/ view id : 1 / 8745172
2026-04-08 07:09:50	INFO	AWT-EventQueue-0	Thread.getStackTrace(1559)	unregister slip, view id : 13182238
2026-04-08 07:09:50	INFO	AWT-EventQueue-0	Thread.getStackTrace(1559)	unregister slip progress, view id : 13182238
2026-04-09 04:43:32	INFO	AWT-EventQueue-0	Thread.getStackTrace(1559)	unregister slip, view id : 8745172
2026-04-09 04:43:32	INFO	AWT-EventQueue-0	Thread.getStackTrace(1559)	unregister slip progress, view id : 8745172
2026-04-09 10:15:31	INFO	AWT-EventQueue-0	Thread.getStackTrace(1559)	create new SvTablePanel instance, view id :16498981
2026-04-09 10:15:31	INFO	AWT-EventQueue-0	Thread.getStackTrace(1559)	register slip progress, view id : 16498981
2026-04-09 10:15:31	INFO	SlipWinThread_com.huawei.u2000.ucbb.table.slip.SlipTableMsgService	Thread.getStackTrace(1559)	register slip , return result/ view id : 1 / 16498981
2026-04-09 10:16:19	INFO	SvTableMsgReceiver Thread-58337	Thread.getStackTrace(1559)	recieve message cmdcode:12639
2026-04-09 10:24:21	INFO	AWT-EventQueue-0	Thread.getStackTrace(1559)	create new SvTablePanel instance, view id :26915337
2026-04-09 10:24:21	INFO	AWT-EventQueue-0	Thread.getStackTrace(1559)	register slip progress, view id : 26915337
2026-04-09 10:24:21	INFO	SlipWinThread_com.huawei.u2000.ucbb.table.slip.SlipTableMsgService	Thread.getStackTrace(1559)	register slip , return result/ view id : 1 / 26915337
2026-04-09 10:24:22	INFO	SvTableMsgReceiver Thread-58337	Thread.getStackTrace(1559)	recieve message cmdcode:12639
2026-04-09 10:24:22	INFO	SvTableMsgReceiver Thread-68342	Thread.getStackTrace(1559)	recieve message cmdcode:12639
2026-04-09 10:25:25	INFO	SvTableMsgReceiver Thread-58337	Thread.getStackTrace(1559)	recieve message cmdcode:12639
2026-04-09 10:25:25	INFO	SvTableMsgReceiver Thread-68342	Thread.getStackTrace(1559)	recieve message cmdcode:12639
2026-04-09 10:25:27	INFO	SvTableMsgReceiver Thread-58337	Thread.getStackTrace(1559)	recieve message cmdcode:12639
2026-04-09 10:25:27	INFO	SvTableMsgReceiver Thread-68342	Thread.getStackTrace(1559)	recieve message cmdcode:12639
2026-04-09 10:25:31	INFO	SvTableMsgReceiver Thread-58337	Thread.getStackTrace(1559)	recieve message cmdcode:12639
2026-04-09 10:25:31	INFO	SvTableMsgReceiver Thread-68342	Thread.getStackTrace(1559)	recieve message cmdcode:12639
2026-04-09 10:44:21	INFO	SvTableMsgReceiver Thread-58337	Thread.getStackTrace(1559)	recieve message cmdcode:12639
2026-04-09 10:44:21	INFO	SvTableMsgReceiver Thread-68342	Thread.getStackTrace(1559)	recieve message cmdcode:12639
2026-04-09 10:44:22	INFO	SvTableMsgReceiver Thread-58337	Thread.getStackTrace(1559)	recieve message cmdcode:12639
2026-04-09 10:44:22	INFO	SvTableMsgReceiver Thread-68342	Thread.getStackTrace(1559)	recieve message cmdcode:12639
2026-04-09 10:44:24	INFO	SvTableMsgReceiver Thread-58337	Thread.getStackTrace(1559)	recieve message cmdcode:12639
2026-04-09 10:44:24	INFO	SvTableMsgReceiver Thread-68342	Thread.getStackTrace(1559)	recieve message cmdcode:12639
2026-04-09 10:44:25	INFO	SvTableMsgReceiver Thread-58337	Thread.getStackTrace(1559)	recieve message cmdcode:12639
2026-04-09 10:44:25	INFO	SvTableMsgReceiver Thread-68342	Thread.getStackTrace(1559)	recieve message cmdcode:12639
2026-04-09 10:44:26	INFO	SvTableMsgReceiver Thread-58337	Thread.getStackTrace(1559)	recieve message cmdcode:12639
2026-04-09 10:44:26	INFO	SvTableMsgReceiver Thread-68342	Thread.getStackTrace(1559)	recieve message cmdcode:12639
2026-04-09 10:44:30	INFO	SvTableMsgReceiver Thread-58337	Thread.getStackTrace(1559)	recieve message cmdcode:12639
2026-04-09 10:44:30	INFO	SvTableMsgReceiver Thread-68342	Thread.getStackTrace(1559)	recieve message cmdcode:12639
2026-04-09 10:44:31	INFO	SvTableMsgReceiver Thread-58337	Thread.getStackTrace(1559)	recieve message cmdcode:12639
2026-04-09 10:44:31	INFO	SvTableMsgReceiver Thread-68342	Thread.getStackTrace(1559)	recieve message cmdcode:12639
2026-04-09 10:46:21	INFO	AWT-EventQueue-0	Thread.getStackTrace(1559)	create new SvTablePanel instance, view id :14969745
2026-04-09 10:46:21	INFO	AWT-EventQueue-0	Thread.getStackTrace(1559)	register slip progress, view id : 14969745
2026-04-09 10:46:21	INFO	SlipWinThread_com.huawei.u2000.pf.frame.ui.slipTable.SlipTableMsgService	Thread.getStackTrace(1559)	register slip , return result/ view id : 1 / 14969745
2026-04-09 10:46:22	INFO	SvTableMsgReceiver Thread-58337	Thread.getStackTrace(1559)	recieve message cmdcode:12639
2026-04-09 10:46:22	INFO	SvTableMsgReceiver Thread-68342	Thread.getStackTrace(1559)	recieve message cmdcode:12639
2026-04-09 10:46:22	INFO	SvTableMsgReceiver Thread-73944	Thread.getStackTrace(1559)	recieve message cmdcode:12639
2026-04-09 10:46:23	INFO	pool-14-thread-10	Thread.getStackTrace(1559)	unregister slip, view id : 14969745
2026-04-09 10:46:23	INFO	pool-14-thread-10	Thread.getStackTrace(1559)	unregister slip progress, view id : 14969745
2026-04-09 10:46:24	INFO	AWT-EventQueue-0	Thread.getStackTrace(1559)	create new SvTablePanel instance, view id :2494855
2026-04-09 10:46:24	INFO	AWT-EventQueue-0	Thread.getStackTrace(1559)	register slip progress, view id : 2494855
2026-04-09 10:46:24	INFO	SlipWinThread_com.huawei.u2000.pf.frame.ui.slipTable.SlipTableMsgService	Thread.getStackTrace(1559)	register slip , return result/ view id : 1 / 2494855
2026-04-09 10:46:25	INFO	SvTableMsgReceiver Thread-58337	Thread.getStackTrace(1559)	recieve message cmdcode:12639
2026-04-09 10:46:25	INFO	SvTableMsgReceiver Thread-68342	Thread.getStackTrace(1559)	recieve message cmdcode:12639
2026-04-09 10:46:25	INFO	SvTableMsgReceiver Thread-74382	Thread.getStackTrace(1559)	recieve message cmdcode:12639
2026-04-09 10:46:27	INFO	pool-14-thread-10	Thread.getStackTrace(1559)	unregister slip, view id : 2494855
2026-04-09 10:46:27	INFO	pool-14-thread-10	Thread.getStackTrace(1559)	unregister slip progress, view id : 2494855
2026-04-09 10:46:30	INFO	AWT-EventQueue-0	Thread.getStackTrace(1559)	unregister slip, view id : 26915337
2026-04-09 10:46:30	INFO	AWT-EventQueue-0	Thread.getStackTrace(1559)	unregister slip progress, view id : 26915337
2026-04-09 10:46:37	INFO	AWT-EventQueue-0	Thread.getStackTrace(1559)	create new SvTablePanel instance, view id :1870614
2026-04-09 10:46:37	INFO	AWT-EventQueue-0	Thread.getStackTrace(1559)	register slip progress, view id : 1870614
2026-04-09 10:46:37	INFO	SlipWinThread_com.huawei.u2000.ucbb.table.slip.SlipTableMsgService	Thread.getStackTrace(1559)	register slip , return result/ view id : 1 / 1870614
2026-04-09 10:54:26	INFO	AWT-EventQueue-0	Thread.getStackTrace(1559)	unregister slip, view id : 1870614
2026-04-09 10:54:26	INFO	AWT-EventQueue-0	Thread.getStackTrace(1559)	unregister slip progress, view id : 1870614
2026-04-09 10:55:10	INFO	AWT-EventQueue-0	Thread.getStackTrace(1559)	create new SvTablePanel instance, view id :24572713
2026-04-09 10:55:10	INFO	AWT-EventQueue-0	Thread.getStackTrace(1559)	register slip progress, view id : 24572713
2026-04-09 10:55:10	INFO	SlipWinThread_com.huawei.u2000.ucbb.table.slip.SlipTableMsgService	Thread.getStackTrace(1559)	register slip , return result/ view id : 1 / 24572713
2026-04-09 10:55:12	INFO	SvTableMsgReceiver Thread-58337	Thread.getStackTrace(1559)	recieve message cmdcode:12639
2026-04-09 10:55:12	INFO	SvTableMsgReceiver Thread-82313	Thread.getStackTrace(1559)	recieve message cmdcode:12639
2026-04-09 11:19:25	INFO	AWT-EventQueue-0	Thread.getStackTrace(1559)	unregister slip, view id : 24572713
2026-04-09 11:19:25	INFO	AWT-EventQueue-0	Thread.getStackTrace(1559)	unregister slip progress, view id : 24572713
2026-04-09 11:19:25	INFO	AWT-EventQueue-0	Thread.getStackTrace(1559)	create new SvTablePanel instance, view id :14749367
2026-04-09 11:19:25	INFO	AWT-EventQueue-0	Thread.getStackTrace(1559)	register slip progress, view id : 14749367
2026-04-09 11:19:25	INFO	SlipWinThread_com.huawei.u2000.ucbb.table.slip.SlipTableMsgService	Thread.getStackTrace(1559)	register slip , return result/ view id : 1 / 14749367
2026-04-09 11:19:26	INFO	SvTableMsgReceiver Thread-58337	Thread.getStackTrace(1559)	recieve message cmdcode:12639
2026-04-09 11:19:26	INFO	SvTableMsgReceiver Thread-86252	Thread.getStackTrace(1559)	recieve message cmdcode:12639
2026-04-09 11:20:22	INFO	AWT-EventQueue-0	Thread.getStackTrace(1559)	unregister slip, view id : 14749367
2026-04-09 11:20:22	INFO	AWT-EventQueue-0	Thread.getStackTrace(1559)	unregister slip progress, view id : 14749367
2026-04-13 10:24:08	INFO	AWT-EventQueue-0	Thread.getStackTrace(1559)	start slip view
2026-04-13 10:24:08	INFO	AWT-EventQueue-0	Thread.getStackTrace(1559)	create new SvTablePanel instance, view id :24682988
2026-04-13 10:24:08	INFO	AWT-EventQueue-0	Thread.getStackTrace(1559)	register slip progress, view id : 24682988
2026-04-13 10:24:08	INFO	SlipWinThread_com.huawei.u2000.ucbb.table.slip.SlipTableMsgService	Thread.getStackTrace(1559)	register slip , return result/ view id : 1 / 24682988
2026-04-13 10:24:56	INFO	AWT-EventQueue-0	Thread.getStackTrace(1559)	unregister slip, view id : 24682988
2026-04-13 10:24:56	INFO	AWT-EventQueue-0	Thread.getStackTrace(1559)	unregister slip progress, view id : 24682988
2026-04-13 10:25:13	INFO	AWT-EventQueue-0	Thread.getStackTrace(1559)	create new SvTablePanel instance, view id :25611920
2026-04-13 10:25:13	INFO	AWT-EventQueue-0	Thread.getStackTrace(1559)	register slip progress, view id : 25611920
2026-04-13 10:25:13	INFO	SlipWinThread_com.huawei.u2000.ucbb.table.slip.SlipTableMsgService	Thread.getStackTrace(1559)	register slip , return result/ view id : 1 / 25611920
2026-04-13 10:25:14	INFO	AWT-EventQueue-0	Thread.getStackTrace(1559)	unregister slip, view id : 25611920
2026-04-13 10:25:14	INFO	AWT-EventQueue-0	Thread.getStackTrace(1559)	unregister slip progress, view id : 25611920
2026-04-13 10:28:46	INFO	AWT-EventQueue-0	Thread.getStackTrace(1559)	create new SvTablePanel instance, view id :28817503
2026-04-13 10:28:46	INFO	AWT-EventQueue-0	Thread.getStackTrace(1559)	register slip progress, view id : 28817503
2026-04-13 10:28:46	INFO	SlipWinThread_com.huawei.u2000.ucbb.table.slip.SlipTableMsgService	Thread.getStackTrace(1559)	register slip , return result/ view id : 1 / 28817503
2026-04-13 10:29:32	INFO	pool-13-thread-14	Thread.getStackTrace(1559)	create new SvTablePanel instance, view id :10457283
2026-04-13 10:29:32	INFO	pool-13-thread-14	Thread.getStackTrace(1559)	register slip progress, view id : 10457283
2026-04-13 10:29:32	INFO	AWT-EventQueue-0	Thread.getStackTrace(1559)	create new SvTablePanel instance, view id :28632850
2026-04-13 10:29:32	INFO	AWT-EventQueue-0	Thread.getStackTrace(1559)	register slip progress, view id : 28632850
2026-04-13 10:29:32	INFO	SlipWinThread_com.huawei.u2000.ucbb.table.slip.SlipTableMsgService	Thread.getStackTrace(1559)	register slip , return result/ view id : 1 / 28632850
2026-04-13 10:29:33	INFO	SlipWinThread_com.huawei.u2000.ucbb.table.slip.SlipTableMsgService	Thread.getStackTrace(1559)	register slip , return result/ view id : 1 / 10457283
2026-04-13 10:29:33	INFO	AWT-EventQueue-0	Thread.getStackTrace(1559)	unregister slip, view id : 10457283
2026-04-13 10:29:33	INFO	AWT-EventQueue-0	Thread.getStackTrace(1559)	unregister slip progress, view id : 10457283
2026-04-13 10:29:56	INFO	AWT-EventQueue-0	Thread.getStackTrace(1559)	unregister slip, view id : 28632850
2026-04-13 10:29:56	INFO	AWT-EventQueue-0	Thread.getStackTrace(1559)	unregister slip progress, view id : 28632850
2026-04-15 10:31:29	INFO	AWT-EventQueue-0	Thread.getStackTrace(1559)	start slip view
2026-04-15 10:31:29	INFO	AWT-EventQueue-0	Thread.getStackTrace(1559)	create new SvTablePanel instance, view id :27001789
2026-04-15 10:31:29	INFO	AWT-EventQueue-0	Thread.getStackTrace(1559)	register slip progress, view id : 27001789
2026-04-15 10:31:29	INFO	SlipWinThread_com.huawei.u2000.ucbb.table.slip.SlipTableMsgService	Thread.getStackTrace(1559)	register slip , return result/ view id : 1 / 27001789
2026-04-15 10:31:30	INFO	SvTableMsgReceiver Thread-3623	Thread.getStackTrace(1559)	recieve message cmdcode:12639
2026-04-15 10:32:42	INFO	AWT-EventQueue-0	Thread.getStackTrace(1559)	unregister slip, view id : 27001789
2026-04-15 10:32:42	INFO	AWT-EventQueue-0	Thread.getStackTrace(1559)	unregister slip progress, view id : 27001789
2026-04-16 05:32:01	INFO	AWT-EventQueue-0	Thread.getStackTrace(1559)	start slip view
2026-04-16 05:32:01	INFO	AWT-EventQueue-0	Thread.getStackTrace(1559)	create new SvTablePanel instance, view id :463750
2026-04-16 05:32:01	INFO	AWT-EventQueue-0	Thread.getStackTrace(1559)	register slip progress, view id : 463750
2026-04-16 05:32:01	INFO	SlipWinThread_com.huawei.u2000.ucbb.table.slip.SlipTableMsgService	Thread.getStackTrace(1559)	register slip , return result/ view id : 1 / 463750
2026-04-16 05:32:02	INFO	SvTableMsgReceiver Thread-3258	Thread.getStackTrace(1559)	recieve message cmdcode:12639
2026-04-16 05:32:11	INFO	AWT-EventQueue-0	Thread.getStackTrace(1559)	create new SvTablePanel instance, view id :3050660
2026-04-16 05:32:11	INFO	AWT-EventQueue-0	Thread.getStackTrace(1559)	register slip progress, view id : 3050660
2026-04-16 05:32:11	INFO	SlipWinThread_com.huawei.u2000.pf.frame.ui.slipTable.SlipTableMsgService	Thread.getStackTrace(1559)	register slip , return result/ view id : 1 / 3050660
2026-04-16 05:32:12	INFO	SvTableMsgReceiver Thread-3258	Thread.getStackTrace(1559)	recieve message cmdcode:12639
2026-04-16 05:32:12	INFO	SvTableMsgReceiver Thread-4091	Thread.getStackTrace(1559)	recieve message cmdcode:12639
2026-04-16 05:32:15	INFO	pool-14-thread-12	Thread.getStackTrace(1559)	unregister slip, view id : 3050660
2026-04-16 05:32:15	INFO	pool-14-thread-12	Thread.getStackTrace(1559)	unregister slip progress, view id : 3050660
2026-04-16 05:32:22	INFO	SvTableMsgReceiver Thread-3258	Thread.getStackTrace(1559)	recieve message cmdcode:12639
2026-04-16 05:32:22	INFO	SvTableMsgReceiver Thread-3258	Thread.getStackTrace(1559)	can not find SvTablePanel : 12556843
2026-04-16 05:32:29	INFO	AWT-EventQueue-0	Thread.getStackTrace(1559)	create new SvTablePanel instance, view id :32882261
2026-04-16 05:32:29	INFO	AWT-EventQueue-0	Thread.getStackTrace(1559)	register slip progress, view id : 32882261
2026-04-16 05:32:29	INFO	SlipWinThread_com.huawei.u2000.pf.frame.ui.slipTable.SlipTableMsgService	Thread.getStackTrace(1559)	register slip , return result/ view id : 1 / 32882261
2026-04-16 05:32:30	INFO	SvTableMsgReceiver Thread-3258	Thread.getStackTrace(1559)	recieve message cmdcode:12639
2026-04-16 05:32:30	INFO	SvTableMsgReceiver Thread-5353	Thread.getStackTrace(1559)	recieve message cmdcode:12639
2026-04-16 05:32:32	INFO	pool-14-thread-12	Thread.getStackTrace(1559)	unregister slip, view id : 32882261
2026-04-16 05:32:32	INFO	pool-14-thread-12	Thread.getStackTrace(1559)	unregister slip progress, view id : 32882261
2026-04-16 05:37:44	INFO	SvTableMsgReceiver Thread-3258	Thread.getStackTrace(1559)	recieve message cmdcode:12639
2026-04-16 05:38:35	INFO	SvTableMsgReceiver Thread-3258	Thread.getStackTrace(1559)	recieve message cmdcode:12639
2026-04-16 05:38:39	INFO	SvTableMsgReceiver Thread-3258	Thread.getStackTrace(1559)	recieve message cmdcode:12639
2026-04-16 05:45:20	INFO	SvTableMsgReceiver Thread-3258	Thread.getStackTrace(1559)	recieve message cmdcode:12639
2026-04-16 06:00:52	INFO	SvTableMsgReceiver Thread-3258	Thread.getStackTrace(1559)	recieve message cmdcode:12639
2026-04-20 07:23:43	INFO	AWT-EventQueue-0	Thread.getStackTrace(1559)	start slip view
2026-04-20 07:23:43	INFO	AWT-EventQueue-0	Thread.getStackTrace(1559)	create new SvTablePanel instance, view id :26355837
2026-04-20 07:23:43	INFO	AWT-EventQueue-0	Thread.getStackTrace(1559)	register slip progress, view id : 26355837
2026-04-20 07:23:43	INFO	SlipWinThread_com.huawei.u2000.pf.frame.ui.slipTable.SlipTableMsgService	Thread.getStackTrace(1559)	register slip , return result/ view id : 1 / 26355837
2026-04-20 07:23:44	INFO	SvTableMsgReceiver Thread-8618	Thread.getStackTrace(1559)	recieve message cmdcode:12639
2026-04-20 07:23:44	INFO	pool-15-thread-4	Thread.getStackTrace(1559)	unregister slip, view id : 26355837
2026-04-20 07:23:44	INFO	pool-15-thread-4	Thread.getStackTrace(1559)	unregister slip progress, view id : 26355837
2026-04-20 07:27:09	INFO	AWT-EventQueue-0	Thread.getStackTrace(1559)	create new SvTablePanel instance, view id :1630312
2026-04-20 07:27:09	INFO	AWT-EventQueue-0	Thread.getStackTrace(1559)	register slip progress, view id : 1630312
2026-04-20 07:27:09	INFO	SlipWinThread_com.huawei.u2000.ucbb.table.slip.SlipTableMsgService	Thread.getStackTrace(1559)	register slip , return result/ view id : 1 / 1630312
2026-04-20 07:29:34	INFO	SvTableMsgReceiver Thread-16327	Thread.getStackTrace(1559)	recieve message cmdcode:12639
2026-04-20 07:32:03	INFO	AWT-EventQueue-0	Thread.getStackTrace(1559)	unregister slip, view id : 1630312
2026-04-20 07:32:03	INFO	AWT-EventQueue-0	Thread.getStackTrace(1559)	unregister slip progress, view id : 1630312
2026-04-20 07:32:03	INFO	AWT-EventQueue-0	Thread.getStackTrace(1559)	create new SvTablePanel instance, view id :13820811
2026-04-20 07:32:04	INFO	AWT-EventQueue-0	Thread.getStackTrace(1559)	register slip progress, view id : 13820811
2026-04-20 07:32:04	INFO	SlipWinThread_com.huawei.u2000.ucbb.table.slip.SlipTableMsgService	Thread.getStackTrace(1559)	register slip , return result/ view id : 1 / 13820811
2026-04-20 07:32:04	INFO	AWT-EventQueue-0	Thread.getStackTrace(1559)	unregister slip, view id : 13820811
2026-04-20 07:32:04	INFO	AWT-EventQueue-0	Thread.getStackTrace(1559)	unregister slip progress, view id : 13820811
2026-04-20 07:32:05	INFO	AWT-EventQueue-0	Thread.getStackTrace(1559)	create new SvTablePanel instance, view id :15655296
2026-04-20 07:32:05	INFO	AWT-EventQueue-0	Thread.getStackTrace(1559)	register slip progress, view id : 15655296
2026-04-20 07:32:05	INFO	SlipWinThread_com.huawei.u2000.ucbb.table.slip.SlipTableMsgService	Thread.getStackTrace(1559)	register slip , return result/ view id : 1 / 15655296
2026-04-20 07:32:05	INFO	AWT-EventQueue-0	Thread.getStackTrace(1559)	unregister slip, view id : 15655296
2026-04-20 07:32:05	INFO	AWT-EventQueue-0	Thread.getStackTrace(1559)	unregister slip progress, view id : 15655296
2026-04-20 07:32:06	INFO	AWT-EventQueue-0	Thread.getStackTrace(1559)	create new SvTablePanel instance, view id :18369149
2026-04-20 07:32:06	INFO	AWT-EventQueue-0	Thread.getStackTrace(1559)	register slip progress, view id : 18369149
2026-04-20 07:32:06	INFO	SlipWinThread_com.huawei.u2000.ucbb.table.slip.SlipTableMsgService	Thread.getStackTrace(1559)	register slip , return result/ view id : 1 / 18369149
2026-04-20 07:32:06	INFO	SvTableMsgReceiver Thread-21014	Thread.getStackTrace(1559)	recieve message cmdcode:12639
2026-04-20 07:32:06	INFO	SvTableMsgReceiver Thread-21014	Thread.getStackTrace(1559)	can not find SvTablePanel : 15655296
2026-04-20 07:32:07	INFO	SvTableMsgReceiver Thread-21014	Thread.getStackTrace(1559)	recieve message cmdcode:12639
2026-04-20 07:51:55	INFO	AWT-EventQueue-0	Thread.getStackTrace(1559)	unregister slip, view id : 18369149
