2026-04-20 07:51:55	INFO	AWT-EventQueue-0	Thread.getStackTrace(1559)	unregister slip progress, view id : 18369149
2026-04-20 08:58:03	INFO	AWT-EventQueue-0	Thread.getStackTrace(1559)	create new SvTablePanel instance, view id :4491127
2026-04-20 08:58:03	INFO	AWT-EventQueue-0	Thread.getStackTrace(1559)	register slip progress, view id : 4491127
2026-04-20 08:58:03	INFO	SlipWinThread_com.huawei.u2000.ucbb.table.slip.SlipTableMsgService	Thread.getStackTrace(1559)	register slip , return result/ view id : 1 / 4491127
2026-04-20 08:58:04	INFO	SvTableMsgReceiver Thread-33583	Thread.getStackTrace(1559)	recieve message cmdcode:12639
2026-04-20 08:58:57	INFO	AWT-EventQueue-0	Thread.getStackTrace(1559)	unregister slip, view id : 4491127
2026-04-20 08:58:57	INFO	AWT-EventQueue-0	Thread.getStackTrace(1559)	unregister slip progress, view id : 4491127
2026-04-20 09:02:47	INFO	AWT-EventQueue-0	Thread.getStackTrace(1559)	create new SvTablePanel instance, view id :17387669
2026-04-20 09:02:47	INFO	AWT-EventQueue-0	Thread.getStackTrace(1559)	create new SvTablePanel instance, view id :1984371
2026-04-20 09:02:47	INFO	AWT-EventQueue-0	Thread.getStackTrace(1559)	create new SvTablePanel instance, view id :13863101
2026-04-20 09:02:47	INFO	AWT-EventQueue-0	Thread.getStackTrace(1559)	register slip progress, view id : 17387669
2026-04-20 09:02:47	INFO	SlipWinThread_com.huawei.u2000.pf.frame.ui.slipTable.SlipTableMsgService	Thread.getStackTrace(1559)	register slip , return result/ view id : 1 / 17387669
2026-04-20 09:02:57	INFO	AWT-EventQueue-0	Thread.getStackTrace(1559)	create new SvTablePanel instance, view id :8732336
2026-04-20 09:02:57	INFO	AWT-EventQueue-0	Thread.getStackTrace(1559)	create new SvTablePanel instance, view id :29643501
2026-04-20 09:02:57	INFO	AWT-EventQueue-0	Thread.getStackTrace(1559)	create new SvTablePanel instance, view id :12810129
2026-04-20 09:02:57	INFO	AWT-EventQueue-0	Thread.getStackTrace(1559)	register slip progress, view id : 8732336
2026-04-20 09:02:57	INFO	SlipWinThread_com.huawei.u2000.pf.frame.ui.slipTable.SlipTableMsgService	Thread.getStackTrace(1559)	register slip , return result/ view id : 1 / 8732336
2026-04-20 09:02:57	INFO	pool-15-thread-4	Thread.getStackTrace(1559)	unregister slip, view id : 17387669
2026-04-20 09:02:57	INFO	pool-15-thread-4	Thread.getStackTrace(1559)	unregister slip progress, view id : 17387669
2026-04-20 09:02:58	INFO	SvTableMsgReceiver Thread-43811	Thread.getStackTrace(1559)	recieve message cmdcode:12639
2026-04-20 09:03:31	INFO	AWT-EventQueue-0	Thread.getStackTrace(1559)	create new SvTablePanel instance, view id :12559683
2026-04-20 09:03:31	INFO	AWT-EventQueue-0	Thread.getStackTrace(1559)	create new SvTablePanel instance, view id :16075172
2026-04-20 09:03:31	INFO	AWT-EventQueue-0	Thread.getStackTrace(1559)	create new SvTablePanel instance, view id :10620222
2026-04-20 09:03:31	INFO	AWT-EventQueue-0	Thread.getStackTrace(1559)	register slip progress, view id : 12559683
2026-04-20 09:03:31	INFO	SlipWinThread_com.huawei.u2000.pf.frame.ui.slipTable.SlipTableMsgService	Thread.getStackTrace(1559)	register slip , return result/ view id : 1 / 12559683
2026-04-20 09:03:32	INFO	SvTableMsgReceiver Thread-45118	Thread.getStackTrace(1559)	recieve message cmdcode:12639
2026-04-20 09:03:32	INFO	SvTableMsgReceiver Thread-43811	Thread.getStackTrace(1559)	recieve message cmdcode:12639
2026-04-20 09:04:10	INFO	AWT-EventQueue-0	Thread.getStackTrace(1559)	register slip progress, view id : 29643501
2026-04-20 09:04:10	INFO	SlipWinThread_com.huawei.u2000.pf.frame.ui.slipTable.SlipTableMsgService	Thread.getStackTrace(1559)	register slip , return result/ view id : 1 / 29643501
2026-04-20 09:04:11	INFO	SvTableMsgReceiver Thread-43811	Thread.getStackTrace(1559)	recieve message cmdcode:12639
2026-04-20 09:04:11	INFO	SvTableMsgReceiver Thread-45118	Thread.getStackTrace(1559)	recieve message cmdcode:12639
2026-04-20 09:04:11	INFO	SvTableMsgReceiver Thread-43812	Thread.getStackTrace(1559)	recieve message cmdcode:12639
2026-04-20 09:04:14	INFO	AWT-EventQueue-0	Thread.getStackTrace(1559)	register slip progress, view id : 12810129
2026-04-20 09:04:14	INFO	SlipWinThread_com.huawei.u2000.pf.frame.ui.slipTable.SlipTableMsgService	Thread.getStackTrace(1559)	register slip , return result/ view id : 1 / 12810129
2026-04-20 09:04:16	INFO	SvTableMsgReceiver Thread-43811	Thread.getStackTrace(1559)	recieve message cmdcode:12639
2026-04-20 09:04:16	INFO	SvTableMsgReceiver Thread-43813	Thread.getStackTrace(1559)	recieve message cmdcode:12639
2026-04-20 09:04:16	INFO	SvTableMsgReceiver Thread-45118	Thread.getStackTrace(1559)	recieve message cmdcode:12639
2026-04-20 09:04:16	INFO	SvTableMsgReceiver Thread-43812	Thread.getStackTrace(1559)	recieve message cmdcode:12639
2026-04-20 09:08:02	INFO	AWT-EventQueue-0	Thread.getStackTrace(1559)	create new SvTablePanel instance, view id :7746116
2026-04-20 09:08:02	INFO	AWT-EventQueue-0	Thread.getStackTrace(1559)	create new SvTablePanel instance, view id :20319180
2026-04-20 09:08:02	INFO	AWT-EventQueue-0	Thread.getStackTrace(1559)	create new SvTablePanel instance, view id :26168713
2026-04-20 09:08:02	INFO	AWT-EventQueue-0	Thread.getStackTrace(1559)	register slip progress, view id : 7746116
2026-04-20 09:08:02	INFO	SlipWinThread_com.huawei.u2000.pf.frame.ui.slipTable.SlipTableMsgService	Thread.getStackTrace(1559)	register slip , return result/ view id : 1 / 7746116
2026-04-20 09:08:03	INFO	SvTableMsgReceiver Thread-43811	Thread.getStackTrace(1559)	recieve message cmdcode:12639
2026-04-20 09:08:03	INFO	SvTableMsgReceiver Thread-45118	Thread.getStackTrace(1559)	recieve message cmdcode:12639
2026-04-20 09:08:03	INFO	SvTableMsgReceiver Thread-43813	Thread.getStackTrace(1559)	recieve message cmdcode:12639
2026-04-20 09:08:03	INFO	SvTableMsgReceiver Thread-43812	Thread.getStackTrace(1559)	recieve message cmdcode:12639
2026-04-20 09:08:03	INFO	SvTableMsgReceiver Thread-55884	Thread.getStackTrace(1559)	recieve message cmdcode:12639
2026-04-20 09:08:06	INFO	AWT-EventQueue-0	Thread.getStackTrace(1559)	create new SvTablePanel instance, view id :25858105
2026-04-20 09:08:06	INFO	AWT-EventQueue-0	Thread.getStackTrace(1559)	create new SvTablePanel instance, view id :26616369
2026-04-20 09:08:06	INFO	AWT-EventQueue-0	Thread.getStackTrace(1559)	create new SvTablePanel instance, view id :30266273
2026-04-20 09:08:06	INFO	AWT-EventQueue-0	Thread.getStackTrace(1559)	register slip progress, view id : 25858105
2026-04-20 09:08:06	INFO	SlipWinThread_com.huawei.u2000.pf.frame.ui.slipTable.SlipTableMsgService	Thread.getStackTrace(1559)	register slip , return result/ view id : 1 / 25858105
2026-04-20 09:08:06	INFO	pool-15-thread-4	Thread.getStackTrace(1559)	unregister slip, view id : 8732336
2026-04-20 09:08:06	INFO	pool-15-thread-4	Thread.getStackTrace(1559)	unregister slip progress, view id : 8732336
2026-04-20 09:08:06	INFO	pool-15-thread-2	Thread.getStackTrace(1559)	unregister slip, view id : 12559683
2026-04-20 09:08:06	INFO	pool-15-thread-15	Thread.getStackTrace(1559)	unregister slip, view id : 12810129
2026-04-20 09:08:06	INFO	pool-15-thread-10	Thread.getStackTrace(1559)	unregister slip, view id : 29643501
2026-04-20 09:08:06	INFO	pool-15-thread-2	Thread.getStackTrace(1559)	unregister slip progress, view id : 12559683
2026-04-20 09:08:06	INFO	pool-15-thread-13	Thread.getStackTrace(1559)	unregister slip, view id : 7746116
2026-04-20 09:08:06	INFO	pool-15-thread-15	Thread.getStackTrace(1559)	unregister slip progress, view id : 12810129
2026-04-20 09:08:06	INFO	pool-15-thread-10	Thread.getStackTrace(1559)	unregister slip progress, view id : 29643501
2026-04-20 09:08:06	INFO	pool-15-thread-13	Thread.getStackTrace(1559)	unregister slip progress, view id : 7746116
2026-04-20 09:08:11	INFO	AWT-EventQueue-0	Thread.getStackTrace(1559)	create new SvTablePanel instance, view id :24050391
2026-04-20 09:08:11	INFO	AWT-EventQueue-0	Thread.getStackTrace(1559)	create new SvTablePanel instance, view id :32461792
2026-04-20 09:08:11	INFO	AWT-EventQueue-0	Thread.getStackTrace(1559)	create new SvTablePanel instance, view id :8728720
2026-04-20 09:08:11	INFO	AWT-EventQueue-0	Thread.getStackTrace(1559)	register slip progress, view id : 24050391
2026-04-20 09:08:11	INFO	SlipWinThread_com.huawei.u2000.pf.frame.ui.slipTable.SlipTableMsgService	Thread.getStackTrace(1559)	register slip , return result/ view id : 1 / 24050391
2026-04-20 09:08:14	INFO	AWT-EventQueue-0	Thread.getStackTrace(1559)	create new SvTablePanel instance, view id :8553853
2026-04-20 09:08:14	INFO	AWT-EventQueue-0	Thread.getStackTrace(1559)	create new SvTablePanel instance, view id :16242294
2026-04-20 09:08:14	INFO	AWT-EventQueue-0	Thread.getStackTrace(1559)	create new SvTablePanel instance, view id :21662181
2026-04-20 09:08:14	INFO	AWT-EventQueue-0	Thread.getStackTrace(1559)	register slip progress, view id : 8553853
2026-04-20 09:08:14	INFO	SlipWinThread_com.huawei.u2000.pf.frame.ui.slipTable.SlipTableMsgService	Thread.getStackTrace(1559)	register slip , return result/ view id : 1 / 8553853
2026-04-20 09:08:15	INFO	SvTableMsgReceiver Thread-56271	Thread.getStackTrace(1559)	recieve message cmdcode:12639
2026-04-20 09:08:15	INFO	SvTableMsgReceiver Thread-57457	Thread.getStackTrace(1559)	recieve message cmdcode:12639
2026-04-20 09:08:15	INFO	SvTableMsgReceiver Thread-57038	Thread.getStackTrace(1559)	recieve message cmdcode:12639
2026-04-20 09:08:15	INFO	AWT-EventQueue-0	Thread.getStackTrace(1559)	create new SvTablePanel instance, view id :22496201
2026-04-20 09:08:15	INFO	AWT-EventQueue-0	Thread.getStackTrace(1559)	create new SvTablePanel instance, view id :18250487
2026-04-20 09:08:16	INFO	AWT-EventQueue-0	Thread.getStackTrace(1559)	create new SvTablePanel instance, view id :22908255
2026-04-20 09:08:16	INFO	AWT-EventQueue-0	Thread.getStackTrace(1559)	register slip progress, view id : 22496201
2026-04-20 09:08:16	INFO	SlipWinThread_com.huawei.u2000.pf.frame.ui.slipTable.SlipTableMsgService	Thread.getStackTrace(1559)	register slip , return result/ view id : 1 / 22496201
2026-04-20 09:08:21	INFO	AWT-EventQueue-0	Thread.getStackTrace(1559)	create new SvTablePanel instance, view id :22893095
2026-04-20 09:08:21	INFO	AWT-EventQueue-0	Thread.getStackTrace(1559)	create new SvTablePanel instance, view id :20325809
2026-04-20 09:08:21	INFO	AWT-EventQueue-0	Thread.getStackTrace(1559)	create new SvTablePanel instance, view id :19431822
2026-04-20 09:08:21	INFO	AWT-EventQueue-0	Thread.getStackTrace(1559)	register slip progress, view id : 22893095
2026-04-20 09:08:21	INFO	SlipWinThread_com.huawei.u2000.pf.frame.ui.slipTable.SlipTableMsgService	Thread.getStackTrace(1559)	register slip , return result/ view id : 1 / 22893095
2026-04-20 09:08:21	INFO	pool-15-thread-16	Thread.getStackTrace(1559)	unregister slip, view id : 8553853
2026-04-20 09:08:21	INFO	pool-15-thread-16	Thread.getStackTrace(1559)	unregister slip progress, view id : 8553853
2026-04-20 09:08:21	INFO	pool-15-thread-5	Thread.getStackTrace(1559)	unregister slip, view id : 22496201
2026-04-20 09:08:21	INFO	pool-15-thread-13	Thread.getStackTrace(1559)	unregister slip, view id : 25858105
2026-04-20 09:08:21	INFO	pool-15-thread-2	Thread.getStackTrace(1559)	unregister slip, view id : 24050391
2026-04-20 09:08:21	INFO	pool-15-thread-5	Thread.getStackTrace(1559)	unregister slip progress, view id : 22496201
2026-04-20 09:08:21	INFO	pool-15-thread-13	Thread.getStackTrace(1559)	unregister slip progress, view id : 25858105
2026-04-20 09:08:21	INFO	pool-15-thread-2	Thread.getStackTrace(1559)	unregister slip progress, view id : 24050391
2026-04-20 09:08:23	INFO	AWT-EventQueue-0	Thread.getStackTrace(1559)	create new SvTablePanel instance, view id :23815580
2026-04-20 09:08:23	INFO	AWT-EventQueue-0	Thread.getStackTrace(1559)	create new SvTablePanel instance, view id :19579070
2026-04-20 09:08:23	INFO	AWT-EventQueue-0	Thread.getStackTrace(1559)	create new SvTablePanel instance, view id :499107
2026-04-20 09:08:23	INFO	AWT-EventQueue-0	Thread.getStackTrace(1559)	register slip progress, view id : 23815580
2026-04-20 09:08:23	INFO	SlipWinThread_com.huawei.u2000.pf.frame.ui.slipTable.SlipTableMsgService	Thread.getStackTrace(1559)	register slip , return result/ view id : 1 / 23815580
2026-04-20 09:08:23	INFO	pool-15-thread-2	Thread.getStackTrace(1559)	unregister slip, view id : 22893095
2026-04-20 09:08:23	INFO	pool-15-thread-2	Thread.getStackTrace(1559)	unregister slip progress, view id : 22893095
2026-04-20 09:08:49	INFO	AWT-EventQueue-0	Thread.getStackTrace(1559)	create new SvTablePanel instance, view id :15798648
2026-04-20 09:08:49	INFO	AWT-EventQueue-0	Thread.getStackTrace(1559)	create new SvTablePanel instance, view id :12439050
2026-04-20 09:08:49	INFO	AWT-EventQueue-0	Thread.getStackTrace(1559)	create new SvTablePanel instance, view id :26745046
2026-04-20 09:08:49	INFO	AWT-EventQueue-0	Thread.getStackTrace(1559)	register slip progress, view id : 15798648
2026-04-20 09:08:49	INFO	SlipWinThread_com.huawei.u2000.pf.frame.ui.slipTable.SlipTableMsgService	Thread.getStackTrace(1559)	register slip , return result/ view id : 1 / 15798648
2026-04-20 09:08:49	INFO	pool-15-thread-2	Thread.getStackTrace(1559)	unregister slip, view id : 23815580
2026-04-20 09:08:49	INFO	pool-15-thread-2	Thread.getStackTrace(1559)	unregister slip progress, view id : 23815580
2026-04-20 09:08:50	INFO	SvTableMsgReceiver Thread-60040	Thread.getStackTrace(1559)	recieve message cmdcode:12639
2026-04-20 09:08:54	INFO	AWT-EventQueue-0	Thread.getStackTrace(1559)	create new SvTablePanel instance, view id :6341726
2026-04-20 09:08:54	INFO	AWT-EventQueue-0	Thread.getStackTrace(1559)	create new SvTablePanel instance, view id :5819991
2026-04-20 09:08:54	INFO	AWT-EventQueue-0	Thread.getStackTrace(1559)	create new SvTablePanel instance, view id :32260818
2026-04-20 09:08:54	INFO	AWT-EventQueue-0	Thread.getStackTrace(1559)	register slip progress, view id : 6341726
2026-04-20 09:08:54	INFO	SlipWinThread_com.huawei.u2000.pf.frame.ui.slipTable.SlipTableMsgService	Thread.getStackTrace(1559)	register slip , return result/ view id : 1 / 6341726
2026-04-20 09:08:55	INFO	SvTableMsgReceiver Thread-60379	Thread.getStackTrace(1559)	recieve message cmdcode:12639
2026-04-20 09:08:55	INFO	SvTableMsgReceiver Thread-60040	Thread.getStackTrace(1559)	recieve message cmdcode:12639
2026-04-20 09:08:58	INFO	AWT-EventQueue-0	Thread.getStackTrace(1559)	create new SvTablePanel instance, view id :16104120
2026-04-20 09:08:58	INFO	AWT-EventQueue-0	Thread.getStackTrace(1559)	create new SvTablePanel instance, view id :4883523
2026-04-20 09:08:58	INFO	AWT-EventQueue-0	Thread.getStackTrace(1559)	create new SvTablePanel instance, view id :24893010
2026-04-20 09:08:58	INFO	AWT-EventQueue-0	Thread.getStackTrace(1559)	register slip progress, view id : 16104120
2026-04-20 09:08:58	INFO	SlipWinThread_com.huawei.u2000.pf.frame.ui.slipTable.SlipTableMsgService	Thread.getStackTrace(1559)	register slip , return result/ view id : 1 / 16104120
2026-04-20 09:08:59	INFO	SvTableMsgReceiver Thread-60040	Thread.getStackTrace(1559)	recieve message cmdcode:12639
2026-04-20 09:08:59	INFO	SvTableMsgReceiver Thread-60379	Thread.getStackTrace(1559)	recieve message cmdcode:12639
2026-04-20 09:08:59	INFO	SvTableMsgReceiver Thread-60605	Thread.getStackTrace(1559)	recieve message cmdcode:12639
2026-04-20 09:09:01	INFO	AWT-EventQueue-0	Thread.getStackTrace(1559)	create new SvTablePanel instance, view id :26539777
2026-04-20 09:09:01	INFO	AWT-EventQueue-0	Thread.getStackTrace(1559)	create new SvTablePanel instance, view id :20634218
2026-04-20 09:09:01	INFO	AWT-EventQueue-0	Thread.getStackTrace(1559)	create new SvTablePanel instance, view id :5429832
2026-04-20 09:09:01	INFO	AWT-EventQueue-0	Thread.getStackTrace(1559)	register slip progress, view id : 26539777
2026-04-20 09:09:01	INFO	SlipWinThread_com.huawei.u2000.pf.frame.ui.slipTable.SlipTableMsgService	Thread.getStackTrace(1559)	register slip , return result/ view id : 1 / 26539777
2026-04-20 09:09:08	INFO	SvTableMsgReceiver Thread-60040	Thread.getStackTrace(1559)	recieve message cmdcode:12639
2026-04-20 09:09:08	INFO	SvTableMsgReceiver Thread-60040	Thread.getStackTrace(1559)	can not find SvTablePanel : 12028973
2026-04-20 09:09:08	INFO	SvTableMsgReceiver Thread-60379	Thread.getStackTrace(1559)	recieve message cmdcode:12639
2026-04-20 09:09:08	INFO	SvTableMsgReceiver Thread-60605	Thread.getStackTrace(1559)	recieve message cmdcode:12639
2026-04-20 09:09:08	INFO	SvTableMsgReceiver Thread-60692	Thread.getStackTrace(1559)	recieve message cmdcode:12639
2026-04-20 09:09:08	INFO	SvTableMsgReceiver Thread-60379	Thread.getStackTrace(1559)	can not find SvTablePanel : 12028973
2026-04-20 09:09:08	INFO	SvTableMsgReceiver Thread-60692	Thread.getStackTrace(1559)	can not find SvTablePanel : 12028973
2026-04-20 09:09:08	INFO	SvTableMsgReceiver Thread-60605	Thread.getStackTrace(1559)	can not find SvTablePanel : 12028973
2026-04-20 09:09:11	INFO	pool-15-thread-16	Thread.getStackTrace(1559)	unregister slip, view id : 6341726
2026-04-20 09:09:11	INFO	pool-15-thread-16	Thread.getStackTrace(1559)	unregister slip progress, view id : 6341726
2026-04-20 09:09:11	INFO	pool-15-thread-15	Thread.getStackTrace(1559)	unregister slip, view id : 16104120
2026-04-20 09:09:11	INFO	pool-15-thread-15	Thread.getStackTrace(1559)	unregister slip progress, view id : 16104120
2026-04-20 09:09:11	INFO	pool-15-thread-4	Thread.getStackTrace(1559)	unregister slip, view id : 26539777
2026-04-20 09:09:11	INFO	pool-15-thread-2	Thread.getStackTrace(1559)	unregister slip, view id : 15798648
2026-04-20 09:09:11	INFO	pool-15-thread-4	Thread.getStackTrace(1559)	unregister slip progress, view id : 26539777
2026-04-20 09:09:11	INFO	pool-15-thread-2	Thread.getStackTrace(1559)	unregister slip progress, view id : 15798648
2026-04-20 09:13:19	INFO	AWT-EventQueue-0	Thread.getStackTrace(1559)	create new SvTablePanel instance, view id :3316780
2026-04-20 09:13:19	INFO	AWT-EventQueue-0	Thread.getStackTrace(1559)	create new SvTablePanel instance, view id :22624285
2026-04-20 09:13:19	INFO	AWT-EventQueue-0	Thread.getStackTrace(1559)	create new SvTablePanel instance, view id :12163706
2026-04-20 09:13:19	INFO	AWT-EventQueue-0	Thread.getStackTrace(1559)	register slip progress, view id : 3316780
2026-04-20 09:13:19	INFO	SlipWinThread_com.huawei.u2000.pf.frame.ui.slipTable.SlipTableMsgService	Thread.getStackTrace(1559)	register slip , return result/ view id : 1 / 3316780
2026-04-20 09:13:20	INFO	SvTableMsgReceiver Thread-74658	Thread.getStackTrace(1559)	recieve message cmdcode:12639
2026-04-20 09:13:44	INFO	AWT-EventQueue-0	Thread.getStackTrace(1559)	create new SvTablePanel instance, view id :18574849
2026-04-20 09:13:44	INFO	AWT-EventQueue-0	Thread.getStackTrace(1559)	create new SvTablePanel instance, view id :16042160
2026-04-20 09:13:44	INFO	AWT-EventQueue-0	Thread.getStackTrace(1559)	create new SvTablePanel instance, view id :4616003
2026-04-20 09:13:44	INFO	AWT-EventQueue-0	Thread.getStackTrace(1559)	register slip progress, view id : 18574849
2026-04-20 09:13:44	INFO	SlipWinThread_com.huawei.u2000.pf.frame.ui.slipTable.SlipTableMsgService	Thread.getStackTrace(1559)	register slip , return result/ view id : 1 / 18574849
2026-04-20 09:13:45	INFO	SvTableMsgReceiver Thread-74658	Thread.getStackTrace(1559)	recieve message cmdcode:12639
2026-04-20 09:13:45	INFO	SvTableMsgReceiver Thread-76676	Thread.getStackTrace(1559)	recieve message cmdcode:12639
2026-04-20 09:14:14	INFO	AWT-EventQueue-0	Thread.getStackTrace(1559)	register slip progress, view id : 16042160
2026-04-20 09:14:14	INFO	SlipWinThread_com.huawei.u2000.pf.frame.ui.slipTable.SlipTableMsgService	Thread.getStackTrace(1559)	register slip , return result/ view id : 1 / 16042160
2026-04-20 09:14:15	INFO	SvTableMsgReceiver Thread-74658	Thread.getStackTrace(1559)	recieve message cmdcode:12639
2026-04-20 09:14:15	INFO	SvTableMsgReceiver Thread-76676	Thread.getStackTrace(1559)	recieve message cmdcode:12639
2026-04-20 09:14:15	INFO	SvTableMsgReceiver Thread-76677	Thread.getStackTrace(1559)	recieve message cmdcode:12639
2026-04-20 09:14:15	INFO	AWT-EventQueue-0	Thread.getStackTrace(1559)	register slip progress, view id : 4616003
2026-04-20 09:14:15	INFO	SlipWinThread_com.huawei.u2000.pf.frame.ui.slipTable.SlipTableMsgService	Thread.getStackTrace(1559)	register slip , return result/ view id : 1 / 4616003
2026-04-20 09:18:33	INFO	AWT-EventQueue-0	Thread.getStackTrace(1559)	create new SvTablePanel instance, view id :9159737
2026-04-20 09:18:33	INFO	AWT-EventQueue-0	Thread.getStackTrace(1559)	create new SvTablePanel instance, view id :19456085
2026-04-20 09:18:33	INFO	AWT-EventQueue-0	Thread.getStackTrace(1559)	create new SvTablePanel instance, view id :22850192
2026-04-20 09:18:33	INFO	AWT-EventQueue-0	Thread.getStackTrace(1559)	register slip progress, view id : 9159737
2026-04-20 09:18:33	INFO	SlipWinThread_com.huawei.u2000.pf.frame.ui.slipTable.SlipTableMsgService	Thread.getStackTrace(1559)	register slip , return result/ view id : 1 / 9159737
2026-04-20 09:18:42	INFO	SvTableMsgReceiver Thread-74658	Thread.getStackTrace(1559)	recieve message cmdcode:12639
2026-04-20 09:18:42	INFO	SvTableMsgReceiver Thread-74658	Thread.getStackTrace(1559)	can not find SvTablePanel : 23904630
2026-04-20 09:18:42	INFO	SvTableMsgReceiver Thread-76676	Thread.getStackTrace(1559)	recieve message cmdcode:12639
2026-04-20 09:18:42	INFO	SvTableMsgReceiver Thread-76677	Thread.getStackTrace(1559)	recieve message cmdcode:12639
2026-04-20 09:18:42	INFO	SvTableMsgReceiver Thread-76678	Thread.getStackTrace(1559)	recieve message cmdcode:12639
2026-04-20 09:18:42	INFO	SvTableMsgReceiver Thread-76676	Thread.getStackTrace(1559)	can not find SvTablePanel : 23904630
2026-04-20 09:18:42	INFO	SvTableMsgReceiver Thread-86019	Thread.getStackTrace(1559)	recieve message cmdcode:12639
2026-04-20 09:18:42	INFO	SvTableMsgReceiver Thread-76678	Thread.getStackTrace(1559)	can not find SvTablePanel : 23904630
2026-04-20 09:18:42	INFO	SvTableMsgReceiver Thread-76677	Thread.getStackTrace(1559)	can not find SvTablePanel : 23904630
2026-04-20 09:18:42	INFO	SvTableMsgReceiver Thread-86019	Thread.getStackTrace(1559)	can not find SvTablePanel : 23904630
2026-04-20 09:18:45	INFO	pool-15-thread-15	Thread.getStackTrace(1559)	unregister slip, view id : 4616003
2026-04-20 09:18:45	INFO	pool-15-thread-12	Thread.getStackTrace(1559)	unregister slip, view id : 9159737
2026-04-20 09:18:45	INFO	pool-15-thread-12	Thread.getStackTrace(1559)	unregister slip progress, view id : 9159737
2026-04-20 09:18:45	INFO	pool-15-thread-6	Thread.getStackTrace(1559)	unregister slip, view id : 3316780
2026-04-20 09:18:45	INFO	pool-15-thread-15	Thread.getStackTrace(1559)	unregister slip progress, view id : 4616003
2026-04-20 09:18:45	INFO	pool-15-thread-10	Thread.getStackTrace(1559)	unregister slip, view id : 18574849
2026-04-20 09:18:45	INFO	pool-15-thread-4	Thread.getStackTrace(1559)	unregister slip, view id : 16042160
2026-04-20 09:18:45	INFO	pool-15-thread-6	Thread.getStackTrace(1559)	unregister slip progress, view id : 3316780
2026-04-20 09:18:45	INFO	pool-15-thread-10	Thread.getStackTrace(1559)	unregister slip progress, view id : 18574849
2026-04-20 09:18:45	INFO	pool-15-thread-4	Thread.getStackTrace(1559)	unregister slip progress, view id : 16042160
2026-04-20 09:18:50	INFO	AWT-EventQueue-0	Thread.getStackTrace(1559)	create new SvTablePanel instance, view id :3912769
2026-04-20 09:18:50	INFO	AWT-EventQueue-0	Thread.getStackTrace(1559)	create new SvTablePanel instance, view id :2631751
2026-04-20 09:18:50	INFO	AWT-EventQueue-0	Thread.getStackTrace(1559)	create new SvTablePanel instance, view id :9018884
2026-04-20 09:18:50	INFO	AWT-EventQueue-0	Thread.getStackTrace(1559)	register slip progress, view id : 3912769
2026-04-20 09:18:50	INFO	SlipWinThread_com.huawei.u2000.pf.frame.ui.slipTable.SlipTableMsgService	Thread.getStackTrace(1559)	register slip , return result/ view id : 1 / 3912769
2026-04-20 09:18:51	INFO	SvTableMsgReceiver Thread-86708	Thread.getStackTrace(1559)	recieve message cmdcode:12639
2026-04-20 09:18:57	INFO	AWT-EventQueue-0	Thread.getStackTrace(1559)	register slip progress, view id : 2631751
2026-04-20 09:18:57	INFO	SlipWinThread_com.huawei.u2000.pf.frame.ui.slipTable.SlipTableMsgService	Thread.getStackTrace(1559)	register slip , return result/ view id : 1 / 2631751
2026-04-20 09:18:58	INFO	SvTableMsgReceiver Thread-86708	Thread.getStackTrace(1559)	recieve message cmdcode:12639
2026-04-20 09:18:58	INFO	SvTableMsgReceiver Thread-86709	Thread.getStackTrace(1559)	recieve message cmdcode:12639
2026-04-20 09:19:00	INFO	AWT-EventQueue-0	Thread.getStackTrace(1559)	register slip progress, view id : 9018884
2026-04-20 09:19:00	INFO	SlipWinThread_com.huawei.u2000.pf.frame.ui.slipTable.SlipTableMsgService	Thread.getStackTrace(1559)	register slip , return result/ view id : 1 / 9018884
2026-04-20 09:19:02	INFO	SvTableMsgReceiver Thread-86708	Thread.getStackTrace(1559)	recieve message cmdcode:12639
2026-04-20 09:19:02	INFO	SvTableMsgReceiver Thread-86709	Thread.getStackTrace(1559)	recieve message cmdcode:12639
2026-04-20 09:19:02	INFO	SvTableMsgReceiver Thread-86710	Thread.getStackTrace(1559)	recieve message cmdcode:12639
2026-04-20 09:19:04	INFO	AWT-EventQueue-0	Thread.getStackTrace(1559)	create new SvTablePanel instance, view id :478146
2026-04-20 09:19:04	INFO	AWT-EventQueue-0	Thread.getStackTrace(1559)	create new SvTablePanel instance, view id :10794174
2026-04-20 09:19:04	INFO	AWT-EventQueue-0	Thread.getStackTrace(1559)	create new SvTablePanel instance, view id :19121851
2026-04-20 09:19:04	INFO	AWT-EventQueue-0	Thread.getStackTrace(1559)	register slip progress, view id : 478146
2026-04-20 09:19:04	INFO	SlipWinThread_com.huawei.u2000.pf.frame.ui.slipTable.SlipTableMsgService	Thread.getStackTrace(1559)	register slip , return result/ view id : 1 / 478146
2026-04-20 09:19:04	INFO	pool-15-thread-2	Thread.getStackTrace(1559)	unregister slip, view id : 9018884
2026-04-20 09:19:04	INFO	pool-15-thread-2	Thread.getStackTrace(1559)	unregister slip progress, view id : 9018884
2026-04-20 09:19:05	INFO	pool-15-thread-3	Thread.getStackTrace(1559)	unregister slip, view id : 3912769
2026-04-20 09:19:05	INFO	pool-15-thread-4	Thread.getStackTrace(1559)	unregister slip, view id : 2631751
2026-04-20 09:19:05	INFO	pool-15-thread-3	Thread.getStackTrace(1559)	unregister slip progress, view id : 3912769
2026-04-20 09:19:05	INFO	pool-15-thread-4	Thread.getStackTrace(1559)	unregister slip progress, view id : 2631751
2026-04-20 09:19:05	INFO	SvTableMsgReceiver Thread-87745	Thread.getStackTrace(1559)	recieve message cmdcode:12639
2026-04-20 09:19:18	INFO	AWT-EventQueue-0	Thread.getStackTrace(1559)	create new SvTablePanel instance, view id :2467221
2026-04-20 09:19:18	INFO	AWT-EventQueue-0	Thread.getStackTrace(1559)	register slip progress, view id : 2467221
2026-04-20 09:19:18	INFO	SlipWinThread_com.huawei.u2000.pf.frame.ui.slipTable.SlipTableMsgService	Thread.getStackTrace(1559)	register slip , return result/ view id : 1 / 2467221
2026-04-20 09:19:19	INFO	SvTableMsgReceiver Thread-87745	Thread.getStackTrace(1559)	recieve message cmdcode:12639
2026-04-20 09:19:19	INFO	SvTableMsgReceiver Thread-89047	Thread.getStackTrace(1559)	recieve message cmdcode:12639
2026-04-20 09:19:25	INFO	pool-15-thread-4	Thread.getStackTrace(1559)	unregister slip, view id : 2467221
2026-04-20 09:19:25	INFO	pool-15-thread-4	Thread.getStackTrace(1559)	unregister slip progress, view id : 2467221
2026-04-20 09:19:26	INFO	AWT-EventQueue-0	Thread.getStackTrace(1559)	create new SvTablePanel instance, view id :31764574
2026-04-20 09:19:26	INFO	AWT-EventQueue-0	Thread.getStackTrace(1559)	register slip progress, view id : 31764574
2026-04-20 09:19:26	INFO	SlipWinThread_com.huawei.u2000.pf.frame.ui.slipTable.SlipTableMsgService	Thread.getStackTrace(1559)	register slip , return result/ view id : 1 / 31764574
2026-04-20 09:19:27	INFO	SvTableMsgReceiver Thread-87745	Thread.getStackTrace(1559)	recieve message cmdcode:12639
2026-04-20 09:19:27	INFO	SvTableMsgReceiver Thread-89928	Thread.getStackTrace(1559)	recieve message cmdcode:12639
2026-04-20 09:19:31	INFO	pool-15-thread-4	Thread.getStackTrace(1559)	unregister slip, view id : 31764574
2026-04-20 09:19:31	INFO	pool-15-thread-4	Thread.getStackTrace(1559)	unregister slip progress, view id : 31764574
2026-04-20 09:19:37	INFO	SvTableMsgReceiver Thread-87745	Thread.getStackTrace(1559)	recieve message cmdcode:12639
2026-04-20 09:19:37	INFO	SvTableMsgReceiver Thread-87745	Thread.getStackTrace(1559)	can not find SvTablePanel : 6794922
2026-04-20 09:21:28	INFO	pool-15-thread-4	Thread.getStackTrace(1559)	unregister slip, view id : 478146
2026-04-20 09:21:28	INFO	pool-15-thread-4	Thread.getStackTrace(1559)	unregister slip progress, view id : 478146
2026-04-20 09:21:53	INFO	AWT-EventQueue-0	Thread.getStackTrace(1559)	create new SvTablePanel instance, view id :30501858
2026-04-20 09:21:53	INFO	AWT-EventQueue-0	Thread.getStackTrace(1559)	create new SvTablePanel instance, view id :29197083
2026-04-20 09:21:53	INFO	AWT-EventQueue-0	Thread.getStackTrace(1559)	create new SvTablePanel instance, view id :2749520
2026-04-20 09:21:53	INFO	AWT-EventQueue-0	Thread.getStackTrace(1559)	register slip progress, view id : 30501858
2026-04-20 09:21:53	INFO	SlipWinThread_com.huawei.u2000.pf.frame.ui.slipTable.SlipTableMsgService	Thread.getStackTrace(1559)	register slip , return result/ view id : 1 / 30501858
2026-04-20 09:22:11	INFO	AWT-EventQueue-0	Thread.getStackTrace(1559)	create new SvTablePanel instance, view id :9786535
2026-04-20 09:22:11	INFO	AWT-EventQueue-0	Thread.getStackTrace(1559)	create new SvTablePanel instance, view id :19864042
2026-04-20 09:22:11	INFO	AWT-EventQueue-0	Thread.getStackTrace(1559)	create new SvTablePanel instance, view id :22259502
2026-04-20 09:22:11	INFO	AWT-EventQueue-0	Thread.getStackTrace(1559)	register slip progress, view id : 9786535
2026-04-20 09:22:11	INFO	SlipWinThread_com.huawei.u2000.pf.frame.ui.slipTable.SlipTableMsgService	Thread.getStackTrace(1559)	register slip , return result/ view id : 1 / 9786535
2026-04-20 09:22:12	INFO	pool-15-thread-4	Thread.getStackTrace(1559)	unregister slip, view id : 30501858
2026-04-20 09:22:12	INFO	pool-15-thread-4	Thread.getStackTrace(1559)	unregister slip progress, view id : 30501858
2026-04-20 09:22:13	INFO	SvTableMsgReceiver Thread-94677	Thread.getStackTrace(1559)	recieve message cmdcode:12639
2026-04-20 09:22:40	INFO	AWT-EventQueue-0	Thread.getStackTrace(1559)	create new SvTablePanel instance, view id :6921239
2026-04-20 09:22:40	INFO	AWT-EventQueue-0	Thread.getStackTrace(1559)	create new SvTablePanel instance, view id :19723489
2026-04-20 09:22:40	INFO	AWT-EventQueue-0	Thread.getStackTrace(1559)	create new SvTablePanel instance, view id :30856182
2026-04-20 09:22:40	INFO	AWT-EventQueue-0	Thread.getStackTrace(1559)	register slip progress, view id : 6921239
2026-04-20 09:22:40	INFO	SlipWinThread_com.huawei.u2000.pf.frame.ui.slipTable.SlipTableMsgService	Thread.getStackTrace(1559)	register slip , return result/ view id : 1 / 6921239
2026-04-20 09:22:40	INFO	pool-15-thread-4	Thread.getStackTrace(1559)	unregister slip, view id : 9786535
2026-04-20 09:22:40	INFO	pool-15-thread-4	Thread.getStackTrace(1559)	unregister slip progress, view id : 9786535
2026-04-20 09:22:49	INFO	SvTableMsgReceiver Thread-95888	Thread.getStackTrace(1559)	recieve message cmdcode:12639
2026-04-20 09:22:49	INFO	SvTableMsgReceiver Thread-95888	Thread.getStackTrace(1559)	can not find SvTablePanel : 23252002
2026-04-20 09:22:52	INFO	pool-15-thread-4	Thread.getStackTrace(1559)	unregister slip, view id : 6921239
2026-04-20 09:22:52	INFO	pool-15-thread-4	Thread.getStackTrace(1559)	unregister slip progress, view id : 6921239
2026-04-20 09:22:53	INFO	AWT-EventQueue-0	Thread.getStackTrace(1559)	create new SvTablePanel instance, view id :27099736
2026-04-20 09:22:53	INFO	AWT-EventQueue-0	Thread.getStackTrace(1559)	create new SvTablePanel instance, view id :15407344
2026-04-20 09:22:53	INFO	AWT-EventQueue-0	Thread.getStackTrace(1559)	create new SvTablePanel instance, view id :7766193
2026-04-20 09:22:53	INFO	AWT-EventQueue-0	Thread.getStackTrace(1559)	register slip progress, view id : 27099736
2026-04-20 09:22:53	INFO	SlipWinThread_com.huawei.u2000.pf.frame.ui.slipTable.SlipTableMsgService	Thread.getStackTrace(1559)	register slip , return result/ view id : 1 / 27099736
2026-04-20 09:22:54	INFO	SvTableMsgReceiver Thread-96566	Thread.getStackTrace(1559)	recieve message cmdcode:12639
2026-04-20 09:24:28	INFO	SvTableMsgReceiver Thread-96566	Thread.getStackTrace(1559)	recieve message cmdcode:12639
2026-04-20 09:24:28	INFO	SvTableMsgReceiver Thread-96566	Thread.getStackTrace(1559)	can not find SvTablePanel : 7026647
2026-04-20 09:24:31	INFO	pool-15-thread-12	Thread.getStackTrace(1559)	unregister slip, view id : 27099736
2026-04-20 09:24:31	INFO	pool-15-thread-12	Thread.getStackTrace(1559)	unregister slip progress, view id : 27099736
2026-04-20 09:30:28	INFO	AWT-EventQueue-0	Thread.getStackTrace(1559)	create new SvTablePanel instance, view id :17331364
2026-04-20 09:30:28	INFO	AWT-EventQueue-0	Thread.getStackTrace(1559)	create new SvTablePanel instance, view id :30724729
2026-04-20 09:30:28	INFO	AWT-EventQueue-0	Thread.getStackTrace(1559)	create new SvTablePanel instance, view id :8544393
2026-04-20 09:30:28	INFO	AWT-EventQueue-0	Thread.getStackTrace(1559)	register slip progress, view id : 17331364
2026-04-20 09:30:28	INFO	SlipWinThread_com.huawei.u2000.pf.frame.ui.slipTable.SlipTableMsgService	Thread.getStackTrace(1559)	register slip , return result/ view id : 1 / 17331364
2026-04-20 09:30:29	INFO	SvTableMsgReceiver Thread-118163	Thread.getStackTrace(1559)	recieve message cmdcode:12639
2026-04-20 09:30:57	INFO	AWT-EventQueue-0	Thread.getStackTrace(1559)	create new SvTablePanel instance, view id :19309260
2026-04-20 09:30:57	INFO	AWT-EventQueue-0	Thread.getStackTrace(1559)	create new SvTablePanel instance, view id :30402956
2026-04-20 09:30:57	INFO	AWT-EventQueue-0	Thread.getStackTrace(1559)	create new SvTablePanel instance, view id :23254608
2026-04-20 09:30:57	INFO	AWT-EventQueue-0	Thread.getStackTrace(1559)	register slip progress, view id : 19309260
2026-04-20 09:30:57	INFO	SlipWinThread_com.huawei.u2000.pf.frame.ui.slipTable.SlipTableMsgService	Thread.getStackTrace(1559)	register slip , return result/ view id : 1 / 19309260
2026-04-20 09:30:58	INFO	SvTableMsgReceiver Thread-120765	Thread.getStackTrace(1559)	recieve message cmdcode:12639
2026-04-20 09:30:58	INFO	SvTableMsgReceiver Thread-118163	Thread.getStackTrace(1559)	recieve message cmdcode:12639
2026-04-20 09:31:27	INFO	AWT-EventQueue-0	Thread.getStackTrace(1559)	create new SvTablePanel instance, view id :5261311
2026-04-20 09:31:27	INFO	AWT-EventQueue-0	Thread.getStackTrace(1559)	create new SvTablePanel instance, view id :5832817
2026-04-20 09:31:27	INFO	AWT-EventQueue-0	Thread.getStackTrace(1559)	create new SvTablePanel instance, view id :2128728
2026-04-20 09:31:27	INFO	AWT-EventQueue-0	Thread.getStackTrace(1559)	register slip progress, view id : 5261311
2026-04-20 09:31:27	INFO	SlipWinThread_com.huawei.u2000.pf.frame.ui.slipTable.SlipTableMsgService	Thread.getStackTrace(1559)	register slip , return result/ view id : 1 / 5261311
2026-04-20 09:31:27	INFO	pool-15-thread-15	Thread.getStackTrace(1559)	unregister slip, view id : 17331364
2026-04-20 09:31:27	INFO	pool-15-thread-15	Thread.getStackTrace(1559)	unregister slip progress, view id : 17331364
2026-04-20 09:31:27	INFO	pool-15-thread-12	Thread.getStackTrace(1559)	unregister slip, view id : 19309260
2026-04-20 09:31:27	INFO	pool-15-thread-12	Thread.getStackTrace(1559)	unregister slip progress, view id : 19309260
2026-04-20 09:31:28	INFO	SvTableMsgReceiver Thread-123114	Thread.getStackTrace(1559)	recieve message cmdcode:12639
2026-04-20 09:31:39	INFO	AWT-EventQueue-0	Thread.getStackTrace(1559)	register slip progress, view id : 5832817
2026-04-20 09:31:39	INFO	SlipWinThread_com.huawei.u2000.pf.frame.ui.slipTable.SlipTableMsgService	Thread.getStackTrace(1559)	register slip , return result/ view id : 1 / 5832817
2026-04-20 09:31:40	INFO	SvTableMsgReceiver Thread-123114	Thread.getStackTrace(1559)	recieve message cmdcode:12639
2026-04-20 09:31:40	INFO	SvTableMsgReceiver Thread-123115	Thread.getStackTrace(1559)	recieve message cmdcode:12639
2026-04-20 09:31:40	INFO	AWT-EventQueue-0	Thread.getStackTrace(1559)	register slip progress, view id : 2128728
2026-04-20 09:31:40	INFO	SlipWinThread_com.huawei.u2000.pf.frame.ui.slipTable.SlipTableMsgService	Thread.getStackTrace(1559)	register slip , return result/ view id : 1 / 2128728
2026-04-20 09:32:08	INFO	AWT-EventQueue-0	Thread.getStackTrace(1559)	create new SvTablePanel instance, view id :11361739
2026-04-20 09:32:08	INFO	AWT-EventQueue-0	Thread.getStackTrace(1559)	create new SvTablePanel instance, view id :12192803
2026-04-20 09:32:08	INFO	AWT-EventQueue-0	Thread.getStackTrace(1559)	create new SvTablePanel instance, view id :5748605
2026-04-20 09:32:08	INFO	AWT-EventQueue-0	Thread.getStackTrace(1559)	register slip progress, view id : 11361739
2026-04-20 09:32:08	INFO	SlipWinThread_com.huawei.u2000.pf.frame.ui.slipTable.SlipTableMsgService	Thread.getStackTrace(1559)	register slip , return result/ view id : 1 / 11361739
2026-04-20 09:32:08	INFO	pool-15-thread-12	Thread.getStackTrace(1559)	unregister slip, view id : 5261311
2026-04-20 09:32:08	INFO	pool-15-thread-12	Thread.getStackTrace(1559)	unregister slip progress, view id : 5261311
2026-04-20 09:32:09	INFO	pool-15-thread-15	Thread.getStackTrace(1559)	unregister slip, view id : 2128728
2026-04-20 09:32:09	INFO	pool-15-thread-6	Thread.getStackTrace(1559)	unregister slip, view id : 5832817
2026-04-20 09:32:09	INFO	pool-15-thread-15	Thread.getStackTrace(1559)	unregister slip progress, view id : 2128728
2026-04-20 09:32:09	INFO	pool-15-thread-6	Thread.getStackTrace(1559)	unregister slip progress, view id : 5832817
2026-04-20 09:32:18	INFO	SvTableMsgReceiver Thread-125830	Thread.getStackTrace(1559)	recieve message cmdcode:12639
2026-04-20 09:32:18	INFO	SvTableMsgReceiver Thread-125830	Thread.getStackTrace(1559)	can not find SvTablePanel : 19679083
2026-04-20 09:32:21	INFO	pool-15-thread-6	Thread.getStackTrace(1559)	unregister slip, view id : 11361739
2026-04-20 09:32:21	INFO	pool-15-thread-6	Thread.getStackTrace(1559)	unregister slip progress, view id : 11361739
2026-04-20 09:35:42	INFO	AWT-EventQueue-0	Thread.getStackTrace(1559)	create new SvTablePanel instance, view id :21590389
2026-04-20 09:35:42	INFO	AWT-EventQueue-0	Thread.getStackTrace(1559)	create new SvTablePanel instance, view id :27307798
2026-04-20 09:35:42	INFO	AWT-EventQueue-0	Thread.getStackTrace(1559)	create new SvTablePanel instance, view id :21547687
2026-04-20 09:35:42	INFO	AWT-EventQueue-0	Thread.getStackTrace(1559)	register slip progress, view id : 21590389
2026-04-20 09:35:42	INFO	SlipWinThread_com.huawei.u2000.pf.frame.ui.slipTable.SlipTableMsgService	Thread.getStackTrace(1559)	register slip , return result/ view id : 1 / 21590389
2026-04-20 09:35:43	INFO	SvTableMsgReceiver Thread-136524	Thread.getStackTrace(1559)	recieve message cmdcode:12639
2026-04-20 09:35:46	INFO	AWT-EventQueue-0	Thread.getStackTrace(1559)	register slip progress, view id : 27307798
2026-04-20 09:35:46	INFO	SlipWinThread_com.huawei.u2000.pf.frame.ui.slipTable.SlipTableMsgService	Thread.getStackTrace(1559)	register slip , return result/ view id : 1 / 27307798
2026-04-20 09:35:47	INFO	SvTableMsgReceiver Thread-136524	Thread.getStackTrace(1559)	recieve message cmdcode:12639
2026-04-20 09:35:47	INFO	SvTableMsgReceiver Thread-136525	Thread.getStackTrace(1559)	recieve message cmdcode:12639
2026-04-20 09:35:49	INFO	AWT-EventQueue-0	Thread.getStackTrace(1559)	register slip progress, view id : 21547687
2026-04-20 09:35:49	INFO	SlipWinThread_com.huawei.u2000.pf.frame.ui.slipTable.SlipTableMsgService	Thread.getStackTrace(1559)	register slip , return result/ view id : 1 / 21547687
2026-04-20 09:35:51	INFO	SvTableMsgReceiver Thread-136524	Thread.getStackTrace(1559)	recieve message cmdcode:12639
2026-04-20 09:35:51	INFO	SvTableMsgReceiver Thread-136525	Thread.getStackTrace(1559)	recieve message cmdcode:12639
2026-04-20 09:35:51	INFO	SvTableMsgReceiver Thread-136526	Thread.getStackTrace(1559)	recieve message cmdcode:12639
2026-04-20 09:36:52	INFO	AWT-EventQueue-0	Thread.getStackTrace(1559)	create new SvTablePanel instance, view id :28265407
2026-04-20 09:36:52	INFO	AWT-EventQueue-0	Thread.getStackTrace(1559)	create new SvTablePanel instance, view id :4176623
2026-04-20 09:36:52	INFO	AWT-EventQueue-0	Thread.getStackTrace(1559)	create new SvTablePanel instance, view id :18095292
2026-04-20 09:36:52	INFO	AWT-EventQueue-0	Thread.getStackTrace(1559)	register slip progress, view id : 28265407
2026-04-20 09:36:52	INFO	SlipWinThread_com.huawei.u2000.pf.frame.ui.slipTable.SlipTableMsgService	Thread.getStackTrace(1559)	register slip , return result/ view id : 1 / 28265407
2026-04-20 09:36:53	INFO	SvTableMsgReceiver Thread-136524	Thread.getStackTrace(1559)	recieve message cmdcode:12639
2026-04-20 09:36:53	INFO	SvTableMsgReceiver Thread-136525	Thread.getStackTrace(1559)	recieve message cmdcode:12639
2026-04-20 09:36:53	INFO	SvTableMsgReceiver Thread-141139	Thread.getStackTrace(1559)	recieve message cmdcode:12639
2026-04-20 09:36:53	INFO	SvTableMsgReceiver Thread-136526	Thread.getStackTrace(1559)	recieve message cmdcode:12639
2026-04-20 09:37:28	INFO	AWT-EventQueue-0	Thread.getStackTrace(1559)	create new SvTablePanel instance, view id :351038
2026-04-20 09:37:28	INFO	AWT-EventQueue-0	Thread.getStackTrace(1559)	create new SvTablePanel instance, view id :9615384
2026-04-20 09:37:28	INFO	AWT-EventQueue-0	Thread.getStackTrace(1559)	create new SvTablePanel instance, view id :32356083
2026-04-20 09:37:28	INFO	AWT-EventQueue-0	Thread.getStackTrace(1559)	register slip progress, view id : 351038
2026-04-20 09:37:28	INFO	SlipWinThread_com.huawei.u2000.pf.frame.ui.slipTable.SlipTableMsgService	Thread.getStackTrace(1559)	register slip , return result/ view id : 1 / 351038
2026-04-20 09:37:29	INFO	SvTableMsgReceiver Thread-136524	Thread.getStackTrace(1559)	recieve message cmdcode:12639
2026-04-20 09:37:29	INFO	SvTableMsgReceiver Thread-136525	Thread.getStackTrace(1559)	recieve message cmdcode:12639
2026-04-20 09:37:29	INFO	SvTableMsgReceiver Thread-136526	Thread.getStackTrace(1559)	recieve message cmdcode:12639
2026-04-20 09:37:29	INFO	SvTableMsgReceiver Thread-141139	Thread.getStackTrace(1559)	recieve message cmdcode:12639
2026-04-20 09:37:29	INFO	SvTableMsgReceiver Thread-143574	Thread.getStackTrace(1559)	recieve message cmdcode:12639
2026-04-20 09:54:57	INFO	SvTableMsgReceiver Thread-136524	Thread.getStackTrace(1559)	recieve message cmdcode:12639
2026-04-20 09:54:57	INFO	SvTableMsgReceiver Thread-141139	Thread.getStackTrace(1559)	recieve message cmdcode:12639
2026-04-20 09:54:57	INFO	SvTableMsgReceiver Thread-136525	Thread.getStackTrace(1559)	recieve message cmdcode:12639
2026-04-20 09:54:57	INFO	SvTableMsgReceiver Thread-136526	Thread.getStackTrace(1559)	recieve message cmdcode:12639
2026-04-20 09:54:57	INFO	SvTableMsgReceiver Thread-136525	Thread.getStackTrace(1559)	can not find SvTablePanel : 12613822
2026-04-20 09:54:57	INFO	SvTableMsgReceiver Thread-141139	Thread.getStackTrace(1559)	can not find SvTablePanel : 12613822
2026-04-20 09:54:57	INFO	SvTableMsgReceiver Thread-143574	Thread.getStackTrace(1559)	recieve message cmdcode:12639
2026-04-20 09:54:57	INFO	SvTableMsgReceiver Thread-136524	Thread.getStackTrace(1559)	can not find SvTablePanel : 12613822
2026-04-20 09:54:57	INFO	SvTableMsgReceiver Thread-143574	Thread.getStackTrace(1559)	can not find SvTablePanel : 12613822
2026-04-20 09:54:57	INFO	SvTableMsgReceiver Thread-136526	Thread.getStackTrace(1559)	can not find SvTablePanel : 12613822
2026-04-20 09:55:00	INFO	pool-15-thread-10	Thread.getStackTrace(1559)	unregister slip, view id : 351038
2026-04-20 09:55:00	INFO	pool-15-thread-10	Thread.getStackTrace(1559)	unregister slip progress, view id : 351038
2026-04-20 09:55:00	INFO	pool-15-thread-6	Thread.getStackTrace(1559)	unregister slip, view id : 21590389
2026-04-20 09:55:00	INFO	pool-15-thread-4	Thread.getStackTrace(1559)	unregister slip, view id : 21547687
2026-04-20 09:55:00	INFO	pool-15-thread-15	Thread.getStackTrace(1559)	unregister slip, view id : 27307798
2026-04-20 09:55:00	INFO	pool-15-thread-6	Thread.getStackTrace(1559)	unregister slip progress, view id : 21590389
2026-04-20 09:55:00	INFO	pool-15-thread-3	Thread.getStackTrace(1559)	unregister slip, view id : 28265407
2026-04-20 09:55:00	INFO	pool-15-thread-15	Thread.getStackTrace(1559)	unregister slip progress, view id : 27307798
2026-04-20 09:55:00	INFO	pool-15-thread-4	Thread.getStackTrace(1559)	unregister slip progress, view id : 21547687
2026-04-20 09:55:00	INFO	pool-15-thread-3	Thread.getStackTrace(1559)	unregister slip progress, view id : 28265407
2026-04-20 12:24:23	INFO	AWT-EventQueue-0	Thread.getStackTrace(1559)	create new SvTablePanel instance, view id :15378070
2026-04-20 12:24:23	INFO	AWT-EventQueue-0	Thread.getStackTrace(1559)	create new SvTablePanel instance, view id :2618929
2026-04-20 12:24:23	INFO	AWT-EventQueue-0	Thread.getStackTrace(1559)	create new SvTablePanel instance, view id :18465194
2026-04-20 12:24:23	INFO	AWT-EventQueue-0	Thread.getStackTrace(1559)	register slip progress, view id : 15378070
2026-04-20 12:24:23	INFO	SlipWinThread_com.huawei.u2000.pf.frame.ui.slipTable.SlipTableMsgService	Thread.getStackTrace(1559)	register slip , return result/ view id : 1 / 15378070
2026-04-20 12:24:33	INFO	AWT-EventQueue-0	Thread.getStackTrace(1559)	create new SvTablePanel instance, view id :29826881
2026-04-20 12:24:33	INFO	AWT-EventQueue-0	Thread.getStackTrace(1559)	create new SvTablePanel instance, view id :30131167
2026-04-20 12:24:33	INFO	AWT-EventQueue-0	Thread.getStackTrace(1559)	create new SvTablePanel instance, view id :6174037
2026-04-20 12:24:33	INFO	AWT-EventQueue-0	Thread.getStackTrace(1559)	register slip progress, view id : 29826881
2026-04-20 12:24:33	INFO	SlipWinThread_com.huawei.u2000.pf.frame.ui.slipTable.SlipTableMsgService	Thread.getStackTrace(1559)	register slip , return result/ view id : 1 / 29826881
2026-04-20 12:24:33	INFO	pool-15-thread-11	Thread.getStackTrace(1559)	unregister slip, view id : 15378070
2026-04-20 12:24:33	INFO	pool-15-thread-11	Thread.getStackTrace(1559)	unregister slip progress, view id : 15378070
2026-04-20 12:24:34	INFO	SvTableMsgReceiver Thread-317026	Thread.getStackTrace(1559)	recieve message cmdcode:12639
2026-04-20 12:24:38	INFO	AWT-EventQueue-0	Thread.getStackTrace(1559)	create new SvTablePanel instance, view id :2047637
2026-04-20 12:24:38	INFO	AWT-EventQueue-0	Thread.getStackTrace(1559)	create new SvTablePanel instance, view id :16276846
2026-04-20 12:24:38	INFO	AWT-EventQueue-0	Thread.getStackTrace(1559)	create new SvTablePanel instance, view id :16059937
2026-04-20 12:24:38	INFO	AWT-EventQueue-0	Thread.getStackTrace(1559)	register slip progress, view id : 2047637
2026-04-20 12:24:38	INFO	SlipWinThread_com.huawei.u2000.pf.frame.ui.slipTable.SlipTableMsgService	Thread.getStackTrace(1559)	register slip , return result/ view id : 1 / 2047637
2026-04-20 12:24:38	INFO	pool-15-thread-11	Thread.getStackTrace(1559)	unregister slip, view id : 29826881
2026-04-20 12:24:38	INFO	pool-15-thread-11	Thread.getStackTrace(1559)	unregister slip progress, view id : 29826881
2026-04-20 12:24:39	INFO	AWT-EventQueue-0	Thread.getStackTrace(1559)	create new SvTablePanel instance, view id :3537581
2026-04-20 12:24:39	INFO	AWT-EventQueue-0	Thread.getStackTrace(1559)	create new SvTablePanel instance, view id :11137693
2026-04-20 12:24:39	INFO	AWT-EventQueue-0	Thread.getStackTrace(1559)	create new SvTablePanel instance, view id :22156544
2026-04-20 12:24:39	INFO	AWT-EventQueue-0	Thread.getStackTrace(1559)	register slip progress, view id : 3537581
2026-04-20 12:24:39	INFO	SlipWinThread_com.huawei.u2000.pf.frame.ui.slipTable.SlipTableMsgService	Thread.getStackTrace(1559)	register slip , return result/ view id : 1 / 3537581
2026-04-20 12:24:39	INFO	pool-15-thread-11	Thread.getStackTrace(1559)	unregister slip, view id : 2047637
2026-04-20 12:24:39	INFO	pool-15-thread-11	Thread.getStackTrace(1559)	unregister slip progress, view id : 2047637
2026-04-20 12:24:40	INFO	AWT-EventQueue-0	Thread.getStackTrace(1559)	create new SvTablePanel instance, view id :5369402
2026-04-20 12:24:40	INFO	AWT-EventQueue-0	Thread.getStackTrace(1559)	create new SvTablePanel instance, view id :29357093
2026-04-20 12:24:40	INFO	AWT-EventQueue-0	Thread.getStackTrace(1559)	create new SvTablePanel instance, view id :14580320
2026-04-20 12:24:40	INFO	AWT-EventQueue-0	Thread.getStackTrace(1559)	register slip progress, view id : 5369402
2026-04-20 12:24:40	INFO	SlipWinThread_com.huawei.u2000.pf.frame.ui.slipTable.SlipTableMsgService	Thread.getStackTrace(1559)	register slip , return result/ view id : 1 / 5369402
2026-04-20 12:24:41	INFO	pool-15-thread-11	Thread.getStackTrace(1559)	unregister slip, view id : 3537581
2026-04-20 12:24:41	INFO	pool-15-thread-11	Thread.getStackTrace(1559)	unregister slip progress, view id : 3537581
2026-04-20 12:24:41	INFO	AWT-EventQueue-0	Thread.getStackTrace(1559)	create new SvTablePanel instance, view id :21025431
2026-04-20 12:24:41	INFO	AWT-EventQueue-0	Thread.getStackTrace(1559)	create new SvTablePanel instance, view id :2830176
2026-04-20 12:24:41	INFO	AWT-EventQueue-0	Thread.getStackTrace(1559)	create new SvTablePanel instance, view id :28632527
2026-04-20 12:24:41	INFO	AWT-EventQueue-0	Thread.getStackTrace(1559)	register slip progress, view id : 21025431
2026-04-20 12:24:41	INFO	SlipWinThread_com.huawei.u2000.pf.frame.ui.slipTable.SlipTableMsgService	Thread.getStackTrace(1559)	register slip , return result/ view id : 1 / 21025431
2026-04-20 12:24:42	INFO	pool-15-thread-11	Thread.getStackTrace(1559)	unregister slip, view id : 5369402
2026-04-20 12:24:42	INFO	pool-15-thread-11	Thread.getStackTrace(1559)	unregister slip progress, view id : 5369402
2026-04-20 12:24:42	INFO	AWT-EventQueue-0	Thread.getStackTrace(1559)	create new SvTablePanel instance, view id :27926422
2026-04-20 12:24:42	INFO	AWT-EventQueue-0	Thread.getStackTrace(1559)	create new SvTablePanel instance, view id :33280770
2026-04-20 12:24:42	INFO	AWT-EventQueue-0	Thread.getStackTrace(1559)	create new SvTablePanel instance, view id :17316310
2026-04-20 12:24:42	INFO	AWT-EventQueue-0	Thread.getStackTrace(1559)	register slip progress, view id : 27926422
2026-04-20 12:24:42	INFO	SlipWinThread_com.huawei.u2000.pf.frame.ui.slipTable.SlipTableMsgService	Thread.getStackTrace(1559)	register slip , return result/ view id : 1 / 27926422
2026-04-20 12:24:43	INFO	pool-15-thread-11	Thread.getStackTrace(1559)	unregister slip, view id : 21025431
2026-04-20 12:24:43	INFO	pool-15-thread-11	Thread.getStackTrace(1559)	unregister slip progress, view id : 21025431
2026-04-20 12:24:47	INFO	SvTableMsgReceiver Thread-317749	Thread.getStackTrace(1559)	recieve message cmdcode:12639
2026-04-20 12:24:47	INFO	SvTableMsgReceiver Thread-317749	Thread.getStackTrace(1559)	can not find SvTablePanel : 31451756
2026-04-20 12:24:50	INFO	pool-15-thread-11	Thread.getStackTrace(1559)	unregister slip, view id : 27926422
2026-04-20 12:24:50	INFO	pool-15-thread-11	Thread.getStackTrace(1559)	unregister slip progress, view id : 27926422
2026-04-20 12:24:55	INFO	AWT-EventQueue-0	Thread.getStackTrace(1559)	create new SvTablePanel instance, view id :2969105
2026-04-20 12:24:55	INFO	AWT-EventQueue-0	Thread.getStackTrace(1559)	create new SvTablePanel instance, view id :2674365
2026-04-20 12:24:55	INFO	AWT-EventQueue-0	Thread.getStackTrace(1559)	create new SvTablePanel instance, view id :31939206
2026-04-20 12:24:55	INFO	AWT-EventQueue-0	Thread.getStackTrace(1559)	register slip progress, view id : 2969105
2026-04-20 12:24:55	INFO	SlipWinThread_com.huawei.u2000.pf.frame.ui.slipTable.SlipTableMsgService	Thread.getStackTrace(1559)	register slip , return result/ view id : 1 / 2969105
2026-04-20 12:24:56	INFO	AWT-EventQueue-0	Thread.getStackTrace(1559)	create new SvTablePanel instance, view id :6310618
2026-04-20 12:24:56	INFO	AWT-EventQueue-0	Thread.getStackTrace(1559)	create new SvTablePanel instance, view id :18245452
2026-04-20 12:24:56	INFO	AWT-EventQueue-0	Thread.getStackTrace(1559)	create new SvTablePanel instance, view id :19481811
2026-04-20 12:24:56	INFO	AWT-EventQueue-0	Thread.getStackTrace(1559)	register slip progress, view id : 6310618
2026-04-20 12:24:56	INFO	SlipWinThread_com.huawei.u2000.pf.frame.ui.slipTable.SlipTableMsgService	Thread.getStackTrace(1559)	register slip , return result/ view id : 1 / 6310618
2026-04-20 12:24:57	INFO	pool-15-thread-4	Thread.getStackTrace(1559)	unregister slip, view id : 2969105
2026-04-20 12:24:57	INFO	pool-15-thread-4	Thread.getStackTrace(1559)	unregister slip progress, view id : 2969105
2026-04-20 12:24:58	INFO	AWT-EventQueue-0	Thread.getStackTrace(1559)	create new SvTablePanel instance, view id :30417659
2026-04-20 12:24:58	INFO	AWT-EventQueue-0	Thread.getStackTrace(1559)	create new SvTablePanel instance, view id :2587395
2026-04-20 12:24:58	INFO	AWT-EventQueue-0	Thread.getStackTrace(1559)	create new SvTablePanel instance, view id :19691289
2026-04-20 12:24:58	INFO	AWT-EventQueue-0	Thread.getStackTrace(1559)	register slip progress, view id : 30417659
2026-04-20 12:24:58	INFO	SlipWinThread_com.huawei.u2000.pf.frame.ui.slipTable.SlipTableMsgService	Thread.getStackTrace(1559)	register slip , return result/ view id : 1 / 30417659
2026-04-20 12:24:58	INFO	pool-15-thread-4	Thread.getStackTrace(1559)	unregister slip, view id : 6310618
2026-04-20 12:24:58	INFO	pool-15-thread-4	Thread.getStackTrace(1559)	unregister slip progress, view id : 6310618
2026-04-20 12:24:59	INFO	SvTableMsgReceiver Thread-317986	Thread.getStackTrace(1559)	recieve message cmdcode:12639
2026-04-20 12:25:01	INFO	AWT-EventQueue-0	Thread.getStackTrace(1559)	create new SvTablePanel instance, view id :19618688
2026-04-20 12:25:01	INFO	AWT-EventQueue-0	Thread.getStackTrace(1559)	create new SvTablePanel instance, view id :15222617
2026-04-20 12:25:01	INFO	AWT-EventQueue-0	Thread.getStackTrace(1559)	create new SvTablePanel instance, view id :21933134
2026-04-20 12:25:01	INFO	AWT-EventQueue-0	Thread.getStackTrace(1559)	register slip progress, view id : 19618688
2026-04-20 12:25:01	INFO	SlipWinThread_com.huawei.u2000.pf.frame.ui.slipTable.SlipTableMsgService	Thread.getStackTrace(1559)	register slip , return result/ view id : 1 / 19618688
2026-04-20 12:25:19	INFO	SvTableMsgReceiver Thread-317986	Thread.getStackTrace(1559)	recieve message cmdcode:12639
2026-04-20 12:25:19	INFO	SvTableMsgReceiver Thread-317986	Thread.getStackTrace(1559)	can not find SvTablePanel : 18770219
2026-04-20 12:25:19	INFO	SvTableMsgReceiver Thread-318317	Thread.getStackTrace(1559)	recieve message cmdcode:12639
2026-04-20 12:25:19	INFO	SvTableMsgReceiver Thread-318317	Thread.getStackTrace(1559)	can not find SvTablePanel : 18770219
2026-04-20 12:25:22	INFO	pool-15-thread-4	Thread.getStackTrace(1559)	unregister slip, view id : 30417659
2026-04-20 12:25:22	INFO	pool-15-thread-4	Thread.getStackTrace(1559)	unregister slip progress, view id : 30417659
2026-04-20 12:25:22	INFO	pool-15-thread-15	Thread.getStackTrace(1559)	unregister slip, view id : 19618688
2026-04-20 12:25:22	INFO	pool-15-thread-15	Thread.getStackTrace(1559)	unregister slip progress, view id : 19618688
2026-04-20 12:25:24	INFO	AWT-EventQueue-0	Thread.getStackTrace(1559)	create new SvTablePanel instance, view id :10709269
2026-04-20 12:25:24	INFO	AWT-EventQueue-0	Thread.getStackTrace(1559)	create new SvTablePanel instance, view id :12758531
2026-04-20 12:25:24	INFO	AWT-EventQueue-0	Thread.getStackTrace(1559)	create new SvTablePanel instance, view id :14140200
2026-04-20 12:25:24	INFO	AWT-EventQueue-0	Thread.getStackTrace(1559)	register slip progress, view id : 10709269
2026-04-20 12:25:24	INFO	SlipWinThread_com.huawei.u2000.pf.frame.ui.slipTable.SlipTableMsgService	Thread.getStackTrace(1559)	register slip , return result/ view id : 1 / 10709269
2026-04-20 12:25:25	INFO	SvTableMsgReceiver Thread-319463	Thread.getStackTrace(1559)	recieve message cmdcode:12639
2026-04-20 12:25:26	INFO	AWT-EventQueue-0	Thread.getStackTrace(1559)	create new SvTablePanel instance, view id :25058910
2026-04-20 12:25:26	INFO	AWT-EventQueue-0	Thread.getStackTrace(1559)	create new SvTablePanel instance, view id :30379340
2026-04-20 12:25:26	INFO	AWT-EventQueue-0	Thread.getStackTrace(1559)	create new SvTablePanel instance, view id :26863373
2026-04-20 12:25:26	INFO	AWT-EventQueue-0	Thread.getStackTrace(1559)	register slip progress, view id : 25058910
2026-04-20 12:25:26	INFO	SlipWinThread_com.huawei.u2000.pf.frame.ui.slipTable.SlipTableMsgService	Thread.getStackTrace(1559)	register slip , return result/ view id : 1 / 25058910
2026-04-20 12:25:34	INFO	AWT-EventQueue-0	Thread.getStackTrace(1559)	create new SvTablePanel instance, view id :22902976
2026-04-20 12:25:34	INFO	AWT-EventQueue-0	Thread.getStackTrace(1559)	create new SvTablePanel instance, view id :15281328
2026-04-20 12:25:34	INFO	AWT-EventQueue-0	Thread.getStackTrace(1559)	create new SvTablePanel instance, view id :24009179
2026-04-20 12:25:34	INFO	AWT-EventQueue-0	Thread.getStackTrace(1559)	register slip progress, view id : 22902976
2026-04-20 12:25:34	INFO	SlipWinThread_com.huawei.u2000.pf.frame.ui.slipTable.SlipTableMsgService	Thread.getStackTrace(1559)	register slip , return result/ view id : 1 / 22902976
2026-04-20 12:25:35	INFO	AWT-EventQueue-0	Thread.getStackTrace(1559)	create new SvTablePanel instance, view id :15110268
2026-04-20 12:25:35	INFO	AWT-EventQueue-0	Thread.getStackTrace(1559)	create new SvTablePanel instance, view id :17457731
2026-04-20 12:25:35	INFO	AWT-EventQueue-0	Thread.getStackTrace(1559)	create new SvTablePanel instance, view id :7916769
2026-04-20 12:25:35	INFO	AWT-EventQueue-0	Thread.getStackTrace(1559)	register slip progress, view id : 15110268
2026-04-20 12:25:35	INFO	SlipWinThread_com.huawei.u2000.pf.frame.ui.slipTable.SlipTableMsgService	Thread.getStackTrace(1559)	register slip , return result/ view id : 1 / 15110268
2026-04-20 12:26:28	INFO	AWT-EventQueue-0	Thread.getStackTrace(1559)	create new SvTablePanel instance, view id :31371140
2026-04-20 12:26:28	INFO	AWT-EventQueue-0	Thread.getStackTrace(1559)	create new SvTablePanel instance, view id :20985049
2026-04-20 12:26:28	INFO	AWT-EventQueue-0	Thread.getStackTrace(1559)	create new SvTablePanel instance, view id :16129659
2026-04-20 12:26:28	INFO	AWT-EventQueue-0	Thread.getStackTrace(1559)	register slip progress, view id : 31371140
2026-04-20 12:26:28	INFO	SlipWinThread_com.huawei.u2000.pf.frame.ui.slipTable.SlipTableMsgService	Thread.getStackTrace(1559)	register slip , return result/ view id : 1 / 31371140
2026-04-20 12:26:29	INFO	SvTableMsgReceiver Thread-319463	Thread.getStackTrace(1559)	recieve message cmdcode:12639
2026-04-20 12:26:29	INFO	SvTableMsgReceiver Thread-319698	Thread.getStackTrace(1559)	recieve message cmdcode:12639
2026-04-20 12:26:29	INFO	SvTableMsgReceiver Thread-320459	Thread.getStackTrace(1559)	recieve message cmdcode:12639
2026-04-20 12:26:29	INFO	SvTableMsgReceiver Thread-323736	Thread.getStackTrace(1559)	recieve message cmdcode:12639
2026-04-20 12:26:29	INFO	SvTableMsgReceiver Thread-320486	Thread.getStackTrace(1559)	recieve message cmdcode:12639
2026-04-20 12:26:32	INFO	AWT-EventQueue-0	Thread.getStackTrace(1559)	create new SvTablePanel instance, view id :3903176
2026-04-20 12:26:32	INFO	AWT-EventQueue-0	Thread.getStackTrace(1559)	create new SvTablePanel instance, view id :1497683
2026-04-20 12:26:32	INFO	AWT-EventQueue-0	Thread.getStackTrace(1559)	create new SvTablePanel instance, view id :20565349
2026-04-20 12:26:32	INFO	AWT-EventQueue-0	Thread.getStackTrace(1559)	register slip progress, view id : 3903176
2026-04-20 12:26:32	INFO	SlipWinThread_com.huawei.u2000.pf.frame.ui.slipTable.SlipTableMsgService	Thread.getStackTrace(1559)	register slip , return result/ view id : 1 / 3903176
2026-04-20 12:26:33	INFO	SvTableMsgReceiver Thread-319463	Thread.getStackTrace(1559)	recieve message cmdcode:12639
2026-04-20 12:26:33	INFO	SvTableMsgReceiver Thread-319698	Thread.getStackTrace(1559)	recieve message cmdcode:12639
2026-04-20 12:26:33	INFO	SvTableMsgReceiver Thread-320486	Thread.getStackTrace(1559)	recieve message cmdcode:12639
2026-04-20 12:26:33	INFO	SvTableMsgReceiver Thread-323736	Thread.getStackTrace(1559)	recieve message cmdcode:12639
2026-04-20 12:26:33	INFO	SvTableMsgReceiver Thread-320459	Thread.getStackTrace(1559)	recieve message cmdcode:12639
2026-04-20 12:26:33	INFO	SvTableMsgReceiver Thread-324021	Thread.getStackTrace(1559)	recieve message cmdcode:12639
2026-04-20 12:26:43	INFO	SvTableMsgReceiver Thread-319463	Thread.getStackTrace(1559)	recieve message cmdcode:12639
2026-04-20 12:26:43	INFO	SvTableMsgReceiver Thread-319698	Thread.getStackTrace(1559)	recieve message cmdcode:12639
2026-04-20 12:26:43	INFO	SvTableMsgReceiver Thread-320459	Thread.getStackTrace(1559)	recieve message cmdcode:12639
2026-04-20 12:26:43	INFO	SvTableMsgReceiver Thread-319463	Thread.getStackTrace(1559)	can not find SvTablePanel : 9579913
2026-04-20 12:26:43	INFO	SvTableMsgReceiver Thread-320459	Thread.getStackTrace(1559)	can not find SvTablePanel : 9579913
2026-04-20 12:26:43	INFO	SvTableMsgReceiver Thread-324021	Thread.getStackTrace(1559)	recieve message cmdcode:12639
2026-04-20 12:26:43	INFO	SvTableMsgReceiver Thread-324021	Thread.getStackTrace(1559)	can not find SvTablePanel : 9579913
2026-04-20 12:26:43	INFO	SvTableMsgReceiver Thread-323736	Thread.getStackTrace(1559)	recieve message cmdcode:12639
2026-04-20 12:26:43	INFO	SvTableMsgReceiver Thread-320486	Thread.getStackTrace(1559)	recieve message cmdcode:12639
2026-04-20 12:26:43	INFO	SvTableMsgReceiver Thread-319698	Thread.getStackTrace(1559)	can not find SvTablePanel : 9579913
2026-04-20 12:26:43	INFO	SvTableMsgReceiver Thread-320486	Thread.getStackTrace(1559)	can not find SvTablePanel : 9579913
2026-04-20 12:26:43	INFO	SvTableMsgReceiver Thread-323736	Thread.getStackTrace(1559)	can not find SvTablePanel : 9579913
2026-04-20 12:26:46	INFO	pool-15-thread-1	Thread.getStackTrace(1559)	unregister slip, view id : 15110268
2026-04-20 12:26:46	INFO	pool-15-thread-1	Thread.getStackTrace(1559)	unregister slip progress, view id : 15110268
2026-04-20 12:26:46	INFO	pool-15-thread-7	Thread.getStackTrace(1559)	unregister slip, view id : 22902976
2026-04-20 12:26:46	INFO	pool-15-thread-2	Thread.getStackTrace(1559)	unregister slip, view id : 31371140
2026-04-20 12:26:46	INFO	pool-15-thread-13	Thread.getStackTrace(1559)	unregister slip, view id : 25058910
2026-04-20 12:26:46	INFO	pool-15-thread-6	Thread.getStackTrace(1559)	unregister slip, view id : 10709269
2026-04-20 12:26:46	INFO	pool-15-thread-7	Thread.getStackTrace(1559)	unregister slip progress, view id : 22902976
2026-04-20 12:26:46	INFO	pool-15-thread-2	Thread.getStackTrace(1559)	unregister slip progress, view id : 31371140
2026-04-20 12:26:46	INFO	pool-15-thread-4	Thread.getStackTrace(1559)	unregister slip, view id : 3903176
2026-04-20 12:26:46	INFO	pool-15-thread-6	Thread.getStackTrace(1559)	unregister slip progress, view id : 10709269
2026-04-20 12:26:46	INFO	pool-15-thread-13	Thread.getStackTrace(1559)	unregister slip progress, view id : 25058910
2026-04-20 12:26:46	INFO	pool-15-thread-4	Thread.getStackTrace(1559)	unregister slip progress, view id : 3903176
2026-04-20 12:26:48	INFO	AWT-EventQueue-0	Thread.getStackTrace(1559)	create new SvTablePanel instance, view id :18112279
2026-04-20 12:26:48	INFO	AWT-EventQueue-0	Thread.getStackTrace(1559)	create new SvTablePanel instance, view id :23739841
2026-04-20 12:26:48	INFO	AWT-EventQueue-0	Thread.getStackTrace(1559)	create new SvTablePanel instance, view id :16794947
2026-04-20 12:26:48	INFO	AWT-EventQueue-0	Thread.getStackTrace(1559)	register slip progress, view id : 18112279
2026-04-20 12:26:48	INFO	SlipWinThread_com.huawei.u2000.pf.frame.ui.slipTable.SlipTableMsgService	Thread.getStackTrace(1559)	register slip , return result/ view id : 1 / 18112279
2026-04-20 12:26:49	INFO	SvTableMsgReceiver Thread-324586	Thread.getStackTrace(1559)	recieve message cmdcode:12639
2026-04-20 12:47:02	INFO	SvTableMsgReceiver Thread-324586	Thread.getStackTrace(1559)	recieve message cmdcode:12639
2026-04-20 12:47:02	INFO	SvTableMsgReceiver Thread-324586	Thread.getStackTrace(1559)	can not find SvTablePanel : 338634
2026-04-20 12:47:05	INFO	pool-15-thread-13	Thread.getStackTrace(1559)	unregister slip, view id : 18112279
2026-04-20 12:47:05	INFO	pool-15-thread-13	Thread.getStackTrace(1559)	unregister slip progress, view id : 18112279
2026-04-20 12:48:32	INFO	AWT-EventQueue-0	Thread.getStackTrace(1559)	create new SvTablePanel instance, view id :4464267
2026-04-20 12:48:32	INFO	AWT-EventQueue-0	Thread.getStackTrace(1559)	create new SvTablePanel instance, view id :13062116
2026-04-20 12:48:32	INFO	AWT-EventQueue-0	Thread.getStackTrace(1559)	create new SvTablePanel instance, view id :6233447
2026-04-20 12:48:32	INFO	AWT-EventQueue-0	Thread.getStackTrace(1559)	register slip progress, view id : 4464267
2026-04-20 12:48:32	INFO	SlipWinThread_com.huawei.u2000.pf.frame.ui.slipTable.SlipTableMsgService	Thread.getStackTrace(1559)	register slip , return result/ view id : 1 / 4464267
2026-04-20 12:48:34	INFO	SvTableMsgReceiver Thread-333344	Thread.getStackTrace(1559)	recieve message cmdcode:12639
2026-04-20 12:49:56	INFO	SvTableMsgReceiver Thread-333344	Thread.getStackTrace(1559)	recieve message cmdcode:12639
2026-04-20 12:49:56	INFO	SvTableMsgReceiver Thread-333344	Thread.getStackTrace(1559)	can not find SvTablePanel : 15213504
2026-04-20 12:49:59	INFO	pool-15-thread-18	Thread.getStackTrace(1559)	unregister slip, view id : 4464267
2026-04-20 12:49:59	INFO	pool-15-thread-18	Thread.getStackTrace(1559)	unregister slip progress, view id : 4464267
2026-04-20 12:50:22	INFO	AWT-EventQueue-0	Thread.getStackTrace(1559)	create new SvTablePanel instance, view id :1791990
2026-04-20 12:50:22	INFO	AWT-EventQueue-0	Thread.getStackTrace(1559)	create new SvTablePanel instance, view id :16876066
2026-04-20 12:50:22	INFO	AWT-EventQueue-0	Thread.getStackTrace(1559)	create new SvTablePanel instance, view id :713638
2026-04-20 12:50:23	INFO	AWT-EventQueue-0	Thread.getStackTrace(1559)	register slip progress, view id : 1791990
2026-04-20 12:50:23	INFO	SlipWinThread_com.huawei.u2000.pf.frame.ui.slipTable.SlipTableMsgService	Thread.getStackTrace(1559)	register slip , return result/ view id : 1 / 1791990
2026-04-20 12:50:24	INFO	SvTableMsgReceiver Thread-337111	Thread.getStackTrace(1559)	recieve message cmdcode:12639
2026-04-20 12:50:28	INFO	AWT-EventQueue-0	Thread.getStackTrace(1559)	create new SvTablePanel instance, view id :17337918
2026-04-20 12:50:28	INFO	AWT-EventQueue-0	Thread.getStackTrace(1559)	create new SvTablePanel instance, view id :28120274
2026-04-20 12:50:28	INFO	AWT-EventQueue-0	Thread.getStackTrace(1559)	create new SvTablePanel instance, view id :29861637
2026-04-20 12:50:28	INFO	AWT-EventQueue-0	Thread.getStackTrace(1559)	register slip progress, view id : 17337918
2026-04-20 12:50:28	INFO	SlipWinThread_com.huawei.u2000.pf.frame.ui.slipTable.SlipTableMsgService	Thread.getStackTrace(1559)	register slip , return result/ view id : 1 / 17337918
2026-04-20 12:50:29	INFO	SvTableMsgReceiver Thread-337111	Thread.getStackTrace(1559)	recieve message cmdcode:12639
2026-04-20 12:50:29	INFO	SvTableMsgReceiver Thread-337575	Thread.getStackTrace(1559)	recieve message cmdcode:12639
2026-04-20 12:51:04	INFO	AWT-EventQueue-0	Thread.getStackTrace(1559)	register slip progress, view id : 28120274
2026-04-20 12:51:04	INFO	SlipWinThread_com.huawei.u2000.pf.frame.ui.slipTable.SlipTableMsgService	Thread.getStackTrace(1559)	register slip , return result/ view id : 1 / 28120274
2026-04-20 12:51:05	INFO	SvTableMsgReceiver Thread-337111	Thread.getStackTrace(1559)	recieve message cmdcode:12639
2026-04-20 12:51:05	INFO	SvTableMsgReceiver Thread-337575	Thread.getStackTrace(1559)	recieve message cmdcode:12639
2026-04-20 12:51:05	INFO	SvTableMsgReceiver Thread-337576	Thread.getStackTrace(1559)	recieve message cmdcode:12639
2026-04-20 12:51:06	INFO	AWT-EventQueue-0	Thread.getStackTrace(1559)	register slip progress, view id : 29861637
2026-04-20 12:51:06	INFO	SlipWinThread_com.huawei.u2000.pf.frame.ui.slipTable.SlipTableMsgService	Thread.getStackTrace(1559)	register slip , return result/ view id : 1 / 29861637
2026-04-20 12:51:08	INFO	SvTableMsgReceiver Thread-337111	Thread.getStackTrace(1559)	recieve message cmdcode:12639
2026-04-20 12:51:08	INFO	SvTableMsgReceiver Thread-337575	Thread.getStackTrace(1559)	recieve message cmdcode:12639
2026-04-20 12:51:08	INFO	SvTableMsgReceiver Thread-337576	Thread.getStackTrace(1559)	recieve message cmdcode:12639
2026-04-20 12:51:08	INFO	SvTableMsgReceiver Thread-337577	Thread.getStackTrace(1559)	recieve message cmdcode:12639
2026-04-20 12:52:01	INFO	SvTableMsgReceiver Thread-337111	Thread.getStackTrace(1559)	recieve message cmdcode:12639
2026-04-20 12:52:01	INFO	SvTableMsgReceiver Thread-337111	Thread.getStackTrace(1559)	can not find SvTablePanel : 5164871
2026-04-20 12:52:01	INFO	SvTableMsgReceiver Thread-337575	Thread.getStackTrace(1559)	recieve message cmdcode:12639
2026-04-20 12:52:01	INFO	SvTableMsgReceiver Thread-337577	Thread.getStackTrace(1559)	recieve message cmdcode:12639
2026-04-20 12:52:01	INFO	SvTableMsgReceiver Thread-337576	Thread.getStackTrace(1559)	recieve message cmdcode:12639
2026-04-20 12:52:01	INFO	SvTableMsgReceiver Thread-337575	Thread.getStackTrace(1559)	can not find SvTablePanel : 5164871
2026-04-20 12:52:01	INFO	SvTableMsgReceiver Thread-337576	Thread.getStackTrace(1559)	can not find SvTablePanel : 5164871
2026-04-20 12:52:01	INFO	SvTableMsgReceiver Thread-337577	Thread.getStackTrace(1559)	can not find SvTablePanel : 5164871
2026-04-20 12:52:04	INFO	pool-15-thread-4	Thread.getStackTrace(1559)	unregister slip, view id : 17337918
2026-04-20 12:52:04	INFO	pool-15-thread-4	Thread.getStackTrace(1559)	unregister slip progress, view id : 17337918
2026-04-20 12:52:04	INFO	pool-15-thread-7	Thread.getStackTrace(1559)	unregister slip, view id : 29861637
2026-04-20 12:52:04	INFO	pool-15-thread-1	Thread.getStackTrace(1559)	unregister slip, view id : 28120274
2026-04-20 12:52:04	INFO	pool-15-thread-13	Thread.getStackTrace(1559)	unregister slip, view id : 1791990
2026-04-20 12:52:04	INFO	pool-15-thread-7	Thread.getStackTrace(1559)	unregister slip progress, view id : 29861637
2026-04-20 12:52:04	INFO	pool-15-thread-1	Thread.getStackTrace(1559)	unregister slip progress, view id : 28120274
2026-04-20 12:52:04	INFO	pool-15-thread-13	Thread.getStackTrace(1559)	unregister slip progress, view id : 1791990
2026-04-20 12:53:30	INFO	AWT-EventQueue-0	Thread.getStackTrace(1559)	create new SvTablePanel instance, view id :20510082
2026-04-20 12:53:30	INFO	AWT-EventQueue-0	Thread.getStackTrace(1559)	create new SvTablePanel instance, view id :12363785
2026-04-20 12:53:30	INFO	AWT-EventQueue-0	Thread.getStackTrace(1559)	create new SvTablePanel instance, view id :26560893
2026-04-20 12:53:30	INFO	AWT-EventQueue-0	Thread.getStackTrace(1559)	register slip progress, view id : 20510082
2026-04-20 12:53:30	INFO	SlipWinThread_com.huawei.u2000.pf.frame.ui.slipTable.SlipTableMsgService	Thread.getStackTrace(1559)	register slip , return result/ view id : 1 / 20510082
2026-04-20 12:53:31	INFO	SvTableMsgReceiver Thread-345381	Thread.getStackTrace(1559)	recieve message cmdcode:12639
2026-04-20 12:53:31	INFO	AWT-EventQueue-0	Thread.getStackTrace(1559)	create new SvTablePanel instance, view id :21252588
2026-04-20 12:53:31	INFO	AWT-EventQueue-0	Thread.getStackTrace(1559)	create new SvTablePanel instance, view id :29041084
2026-04-20 12:53:31	INFO	AWT-EventQueue-0	Thread.getStackTrace(1559)	create new SvTablePanel instance, view id :32082105
2026-04-20 12:53:31	INFO	AWT-EventQueue-0	Thread.getStackTrace(1559)	register slip progress, view id : 21252588
2026-04-20 12:53:31	INFO	SlipWinThread_com.huawei.u2000.pf.frame.ui.slipTable.SlipTableMsgService	Thread.getStackTrace(1559)	register slip , return result/ view id : 1 / 21252588
2026-04-20 12:53:32	INFO	SvTableMsgReceiver Thread-345381	Thread.getStackTrace(1559)	recieve message cmdcode:12639
2026-04-20 12:53:32	INFO	SvTableMsgReceiver Thread-345557	Thread.getStackTrace(1559)	recieve message cmdcode:12639
2026-04-20 12:55:11	INFO	AWT-EventQueue-0	Thread.getStackTrace(1559)	register slip progress, view id : 29041084
2026-04-20 12:55:11	INFO	SlipWinThread_com.huawei.u2000.pf.frame.ui.slipTable.SlipTableMsgService	Thread.getStackTrace(1559)	register slip , return result/ view id : 1 / 29041084
2026-04-20 12:55:12	INFO	SvTableMsgReceiver Thread-345381	Thread.getStackTrace(1559)	recieve message cmdcode:12639
2026-04-20 12:55:12	INFO	SvTableMsgReceiver Thread-345558	Thread.getStackTrace(1559)	recieve message cmdcode:12639
2026-04-20 12:55:12	INFO	SvTableMsgReceiver Thread-345557	Thread.getStackTrace(1559)	recieve message cmdcode:12639
2026-04-20 13:02:55	INFO	SvTableMsgReceiver Thread-345381	Thread.getStackTrace(1559)	recieve message cmdcode:12639
2026-04-20 13:02:55	INFO	SvTableMsgReceiver Thread-345558	Thread.getStackTrace(1559)	recieve message cmdcode:12639
2026-04-20 13:02:55	INFO	SvTableMsgReceiver Thread-345557	Thread.getStackTrace(1559)	recieve message cmdcode:12639
2026-04-20 14:01:43	INFO	pool-15-thread-7	Thread.getStackTrace(1559)	unregister slip, view id : 29041084
2026-04-20 14:01:43	INFO	pool-15-thread-7	Thread.getStackTrace(1559)	unregister slip progress, view id : 29041084
2026-04-20 14:01:43	INFO	pool-15-thread-1	Thread.getStackTrace(1559)	unregister slip, view id : 20510082
2026-04-20 14:01:43	INFO	pool-15-thread-6	Thread.getStackTrace(1559)	unregister slip, view id : 21252588
2026-04-20 14:01:43	INFO	pool-15-thread-1	Thread.getStackTrace(1559)	unregister slip progress, view id : 20510082
2026-04-20 14:01:43	INFO	pool-15-thread-6	Thread.getStackTrace(1559)	unregister slip progress, view id : 21252588
2026-04-22 04:31:49	INFO	AWT-EventQueue-0	Thread.getStackTrace(1559)	create new SvTablePanel instance, view id :11186182
2026-04-22 04:31:49	INFO	AWT-EventQueue-0	Thread.getStackTrace(1559)	create new SvTablePanel instance, view id :23482914
2026-04-22 04:31:49	INFO	AWT-EventQueue-0	Thread.getStackTrace(1559)	create new SvTablePanel instance, view id :10846893
2026-04-22 04:31:49	INFO	AWT-EventQueue-0	Thread.getStackTrace(1559)	register slip progress, view id : 11186182
2026-04-22 04:31:49	INFO	SlipWinThread_com.huawei.u2000.pf.frame.ui.slipTable.SlipTableMsgService	Thread.getStackTrace(1559)	register slip , return result/ view id : 1 / 11186182
2026-04-22 04:31:55	INFO	SvTableMsgReceiver Thread-388710	Thread.getStackTrace(1559)	recieve message cmdcode:12639
2026-04-22 04:31:55	INFO	SvTableMsgReceiver Thread-388710	Thread.getStackTrace(1559)	can not find SvTablePanel : 18718548
2026-04-22 04:31:58	INFO	pool-15-thread-1	Thread.getStackTrace(1559)	unregister slip, view id : 11186182
2026-04-22 04:31:58	INFO	pool-15-thread-1	Thread.getStackTrace(1559)	unregister slip progress, view id : 11186182
2026-04-22 06:28:05	INFO	AWT-EventQueue-0	Thread.getStackTrace(1559)	create new SvTablePanel instance, view id :10954416
2026-04-22 06:28:05	INFO	AWT-EventQueue-0	Thread.getStackTrace(1559)	register slip progress, view id : 10954416
2026-04-22 06:28:05	INFO	SlipWinThread_com.huawei.u2000.ucbb.table.slip.SlipTableMsgService	Thread.getStackTrace(1559)	register slip , return result/ view id : 1 / 10954416
2026-04-22 06:28:06	INFO	SvTableMsgReceiver Thread-428416	Thread.getStackTrace(1559)	recieve message cmdcode:12639
2026-04-22 06:28:36	INFO	SvTableMsgReceiver Thread-428416	Thread.getStackTrace(1559)	recieve message cmdcode:12639
2026-04-22 06:29:39	INFO	SvTableMsgReceiver Thread-428416	Thread.getStackTrace(1559)	recieve message cmdcode:12639
2026-04-22 16:18:30	INFO	AWT-EventQueue-0	Thread.getStackTrace(1559)	unregister slip, view id : 10954416
2026-04-22 16:18:30	INFO	AWT-EventQueue-0	Thread.getStackTrace(1559)	unregister slip progress, view id : 10954416
2026-04-24 06:54:55	INFO	AWT-EventQueue-0	Thread.getStackTrace(1559)	start slip view
2026-04-24 06:54:55	INFO	AWT-EventQueue-0	Thread.getStackTrace(1559)	create new SvTablePanel instance, view id :23027195
2026-04-24 06:54:55	INFO	AWT-EventQueue-0	Thread.getStackTrace(1559)	register slip progress, view id : 23027195
2026-04-24 06:54:55	INFO	SlipWinThread_com.huawei.u2000.ucbb.table.slip.SlipTableMsgService	Thread.getStackTrace(1559)	register slip , return result/ view id : 1 / 23027195
2026-04-24 06:54:56	INFO	SvTableMsgReceiver Thread-3874	Thread.getStackTrace(1559)	recieve message cmdcode:12639
2026-04-24 07:31:45	INFO	AWT-EventQueue-0	Thread.getStackTrace(1559)	unregister slip, view id : 23027195
2026-04-24 07:31:45	INFO	AWT-EventQueue-0	Thread.getStackTrace(1559)	unregister slip progress, view id : 23027195
2026-04-24 07:31:45	INFO	AWT-EventQueue-0	Thread.getStackTrace(1559)	create new SvTablePanel instance, view id :1151876
2026-04-24 07:31:45	INFO	AWT-EventQueue-0	Thread.getStackTrace(1559)	register slip progress, view id : 1151876
2026-04-24 07:31:45	INFO	SlipWinThread_com.huawei.u2000.ucbb.table.slip.SlipTableMsgService	Thread.getStackTrace(1559)	register slip , return result/ view id : 1 / 1151876
2026-04-24 07:31:46	INFO	AWT-EventQueue-0	Thread.getStackTrace(1559)	unregister slip, view id : 1151876
2026-04-24 07:31:46	INFO	AWT-EventQueue-0	Thread.getStackTrace(1559)	unregister slip progress, view id : 1151876
2026-04-24 07:31:46	INFO	AWT-EventQueue-0	Thread.getStackTrace(1559)	create new SvTablePanel instance, view id :4186868
2026-04-24 07:31:46	INFO	AWT-EventQueue-0	Thread.getStackTrace(1559)	register slip progress, view id : 4186868
2026-04-24 07:31:46	INFO	SlipWinThread_com.huawei.u2000.ucbb.table.slip.SlipTableMsgService	Thread.getStackTrace(1559)	register slip , return result/ view id : 1 / 4186868
2026-04-24 07:31:46	INFO	SvTableMsgReceiver Thread-8840	Thread.getStackTrace(1559)	recieve message cmdcode:12639
2026-04-24 07:31:46	INFO	SvTableMsgReceiver Thread-8840	Thread.getStackTrace(1559)	can not find SvTablePanel : 1151876
2026-04-24 07:31:46	INFO	AWT-EventQueue-0	Thread.getStackTrace(1559)	unregister slip, view id : 4186868
2026-04-24 07:31:46	INFO	AWT-EventQueue-0	Thread.getStackTrace(1559)	unregister slip progress, view id : 4186868
2026-04-24 07:31:47	INFO	AWT-EventQueue-0	Thread.getStackTrace(1559)	create new SvTablePanel instance, view id :31715676
2026-04-24 07:31:47	INFO	AWT-EventQueue-0	Thread.getStackTrace(1559)	register slip progress, view id : 31715676
2026-04-24 07:31:47	INFO	SlipWinThread_com.huawei.u2000.ucbb.table.slip.SlipTableMsgService	Thread.getStackTrace(1559)	register slip , return result/ view id : 1 / 31715676
2026-04-24 07:31:47	INFO	SvTableMsgReceiver Thread-8842	Thread.getStackTrace(1559)	recieve message cmdcode:12639
2026-04-24 07:31:47	INFO	SvTableMsgReceiver Thread-8842	Thread.getStackTrace(1559)	can not find SvTablePanel : 4186868
2026-04-24 07:31:48	INFO	SvTableMsgReceiver Thread-8842	Thread.getStackTrace(1559)	recieve message cmdcode:12639
2026-04-24 22:48:35	INFO	AWT-EventQueue-0	Thread.getStackTrace(1559)	start slip view
2026-04-24 22:48:35	INFO	AWT-EventQueue-0	Thread.getStackTrace(1559)	create new SvTablePanel instance, view id :26052151
2026-04-24 22:48:35	INFO	AWT-EventQueue-0	Thread.getStackTrace(1559)	register slip progress, view id : 26052151
2026-04-24 22:48:35	INFO	SlipWinThread_com.huawei.u2000.ucbb.table.slip.SlipTableMsgService	Thread.getStackTrace(1559)	register slip , return result/ view id : 1 / 26052151
2026-04-24 22:49:30	INFO	AWT-EventQueue-0	Thread.getStackTrace(1559)	create new SvTablePanel instance, view id :13004529
2026-04-24 22:49:30	INFO	AWT-EventQueue-0	Thread.getStackTrace(1559)	register slip progress, view id : 13004529
2026-04-24 22:49:30	INFO	SlipWinThread_com.huawei.u2000.ucbb.table.slip.SlipTableMsgService	Thread.getStackTrace(1559)	register slip , return result/ view id : 1 / 13004529
2026-04-24 22:49:32	INFO	SvTableMsgReceiver Thread-46519	Thread.getStackTrace(1559)	recieve message cmdcode:12639
2026-04-24 22:49:32	INFO	SvTableMsgReceiver Thread-49903	Thread.getStackTrace(1559)	recieve message cmdcode:12639
2026-04-25 08:37:51	INFO	AWT-EventQueue-0	Thread.getStackTrace(1559)	unregister slip, view id : 13004529
2026-04-25 08:37:51	INFO	AWT-EventQueue-0	Thread.getStackTrace(1559)	unregister slip progress, view id : 13004529
2026-04-25 08:37:51	INFO	AWT-EventQueue-0	Thread.getStackTrace(1559)	unregister slip, view id : 26052151
2026-04-25 08:37:51	INFO	AWT-EventQueue-0	Thread.getStackTrace(1559)	unregister slip progress, view id : 26052151
2026-04-29 09:11:43	INFO	AWT-EventQueue-0	Thread.getStackTrace(1559)	start slip view
2026-04-29 09:11:43	INFO	AWT-EventQueue-0	Thread.getStackTrace(1559)	create new SvTablePanel instance, view id :18522687
2026-04-29 09:11:43	INFO	AWT-EventQueue-0	Thread.getStackTrace(1559)	register slip progress, view id : 18522687
2026-04-29 09:11:43	INFO	SlipWinThread_com.huawei.u2000.ucbb.table.slip.SlipTableMsgService	Thread.getStackTrace(1559)	register slip , return result/ view id : 1 / 18522687
2026-04-29 09:18:24	INFO	AWT-EventQueue-0	Thread.getStackTrace(1559)	unregister slip, view id : 18522687
2026-04-29 09:18:24	INFO	AWT-EventQueue-0	Thread.getStackTrace(1559)	unregister slip progress, view id : 18522687
2026-04-29 09:18:28	INFO	AWT-EventQueue-0	Thread.getStackTrace(1559)	create new SvTablePanel instance, view id :2451499
2026-04-29 09:18:29	INFO	AWT-EventQueue-0	Thread.getStackTrace(1559)	register slip progress, view id : 2451499
2026-04-29 09:18:29	INFO	SlipWinThread_com.huawei.u2000.ucbb.table.slip.SlipTableMsgService	Thread.getStackTrace(1559)	register slip , return result/ view id : 1 / 2451499
2026-04-29 11:24:57	INFO	AWT-EventQueue-0	Thread.getStackTrace(1559)	unregister slip, view id : 2451499
2026-04-29 11:24:57	INFO	AWT-EventQueue-0	Thread.getStackTrace(1559)	unregister slip progress, view id : 2451499
2026-04-30 11:07:57	INFO	AWT-EventQueue-0	Thread.getStackTrace(1559)	create new SvTablePanel instance, view id :14579394
2026-04-30 11:07:57	INFO	AWT-EventQueue-0	Thread.getStackTrace(1559)	register slip progress, view id : 14579394
2026-04-30 11:07:57	INFO	SlipWinThread_com.huawei.u2000.ucbb.table.slip.SlipTableMsgService	Thread.getStackTrace(1559)	register slip , return result/ view id : 1 / 14579394
2026-04-30 11:07:59	INFO	SvTableMsgReceiver Thread-48654	Thread.getStackTrace(1559)	recieve message cmdcode:12639
2026-04-30 11:08:02	INFO	SvTableMsgReceiver Thread-48654	Thread.getStackTrace(1559)	recieve message cmdcode:12639
2026-05-01 16:27:33	INFO	AWT-EventQueue-0	Thread.getStackTrace(1559)	unregister slip, view id : 14579394
2026-05-01 16:27:33	INFO	AWT-EventQueue-0	Thread.getStackTrace(1559)	unregister slip progress, view id : 14579394
2026-05-01 16:33:35	INFO	AWT-EventQueue-0	Thread.getStackTrace(1559)	create new SvTablePanel instance, view id :11316779
2026-05-01 16:33:35	INFO	AWT-EventQueue-0	Thread.getStackTrace(1559)	register slip progress, view id : 11316779
2026-05-01 16:33:35	INFO	SlipWinThread_com.huawei.u2000.pf.frame.ui.slipTable.SlipTableMsgService	Thread.getStackTrace(1559)	register slip , return result/ view id : 1 / 11316779
2026-05-01 16:33:36	INFO	SvTableMsgReceiver Thread-66155	Thread.getStackTrace(1559)	recieve message cmdcode:12639
2026-05-01 16:33:39	INFO	pool-14-thread-30	Thread.getStackTrace(1559)	unregister slip, view id : 11316779
2026-05-01 16:33:39	INFO	pool-14-thread-30	Thread.getStackTrace(1559)	unregister slip progress, view id : 11316779
2026-05-01 16:33:40	INFO	AWT-EventQueue-0	Thread.getStackTrace(1559)	create new SvTablePanel instance, view id :29255060
2026-05-01 16:33:40	INFO	AWT-EventQueue-0	Thread.getStackTrace(1559)	register slip progress, view id : 29255060
2026-05-01 16:33:40	INFO	SlipWinThread_com.huawei.u2000.pf.frame.ui.slipTable.SlipTableMsgService	Thread.getStackTrace(1559)	register slip , return result/ view id : 1 / 29255060
2026-05-01 16:33:41	INFO	SvTableMsgReceiver Thread-66794	Thread.getStackTrace(1559)	recieve message cmdcode:12639
2026-05-01 16:33:43	INFO	pool-14-thread-30	Thread.getStackTrace(1559)	unregister slip, view id : 29255060
2026-05-01 16:33:43	INFO	pool-14-thread-30	Thread.getStackTrace(1559)	unregister slip progress, view id : 29255060
2026-05-01 16:33:48	INFO	AWT-EventQueue-0	Thread.getStackTrace(1559)	create new SvTablePanel instance, view id :7067781
2026-05-01 16:33:48	INFO	AWT-EventQueue-0	Thread.getStackTrace(1559)	register slip progress, view id : 7067781
2026-05-01 16:33:48	INFO	SlipWinThread_com.huawei.u2000.pf.frame.ui.slipTable.SlipTableMsgService	Thread.getStackTrace(1559)	register slip , return result/ view id : 1 / 7067781
2026-05-01 16:33:49	INFO	SvTableMsgReceiver Thread-67521	Thread.getStackTrace(1559)	recieve message cmdcode:12639
2026-05-01 16:33:49	INFO	pool-14-thread-30	Thread.getStackTrace(1559)	unregister slip, view id : 7067781
2026-05-01 16:33:49	INFO	pool-14-thread-30	Thread.getStackTrace(1559)	unregister slip progress, view id : 7067781
2026-05-01 16:38:48	INFO	AWT-EventQueue-0	Thread.getStackTrace(1559)	create new SvTablePanel instance, view id :25489913
2026-05-01 16:38:48	INFO	AWT-EventQueue-0	Thread.getStackTrace(1559)	register slip progress, view id : 25489913
2026-05-01 16:38:48	INFO	SlipWinThread_com.huawei.u2000.ucbb.table.slip.SlipTableMsgService	Thread.getStackTrace(1559)	register slip , return result/ view id : 1 / 25489913
2026-05-01 16:38:57	INFO	AWT-EventQueue-0	Thread.getStackTrace(1559)	unregister slip, view id : 25489913
2026-05-01 16:38:57	INFO	AWT-EventQueue-0	Thread.getStackTrace(1559)	unregister slip progress, view id : 25489913
2026-05-01 16:38:57	INFO	AWT-EventQueue-0	Thread.getStackTrace(1559)	create new SvTablePanel instance, view id :32891279
2026-05-01 16:38:57	INFO	AWT-EventQueue-0	Thread.getStackTrace(1559)	register slip progress, view id : 32891279
2026-05-01 16:38:57	INFO	SlipWinThread_com.huawei.u2000.ucbb.table.slip.SlipTableMsgService	Thread.getStackTrace(1559)	register slip , return result/ view id : 1 / 32891279
2026-05-01 16:39:04	INFO	SvTableMsgReceiver Thread-74712	Thread.getStackTrace(1559)	recieve message cmdcode:12639
2026-05-01 16:39:04	INFO	SvTableMsgReceiver Thread-74712	Thread.getStackTrace(1559)	can not find SvTablePanel : 25489913
2026-05-01 16:40:16	INFO	AWT-EventQueue-0	Thread.getStackTrace(1559)	unregister slip, view id : 32891279
2026-05-01 16:40:16	INFO	AWT-EventQueue-0	Thread.getStackTrace(1559)	unregister slip progress, view id : 32891279
2026-05-01 16:40:16	INFO	AWT-EventQueue-0	Thread.getStackTrace(1559)	create new SvTablePanel instance, view id :16386471
2026-05-01 16:40:16	INFO	AWT-EventQueue-0	Thread.getStackTrace(1559)	register slip progress, view id : 16386471
2026-05-01 16:40:16	INFO	SlipWinThread_com.huawei.u2000.ucbb.table.slip.SlipTableMsgService	Thread.getStackTrace(1559)	register slip , return result/ view id : 1 / 16386471
2026-05-01 16:40:17	INFO	SvTableMsgReceiver Thread-76015	Thread.getStackTrace(1559)	recieve message cmdcode:12639
2026-05-01 16:44:24	INFO	SvTableMsgReceiver Thread-76015	Thread.getStackTrace(1559)	recieve message cmdcode:12639
2026-05-01 16:44:24	INFO	SvTableMsgReceiver Thread-76015	Thread.getStackTrace(1559)	can not find SvTablePanel : 9393098
2026-05-01 16:44:26	INFO	SvTableMsgReceiver Thread-76015	Thread.getStackTrace(1559)	recieve message cmdcode:12639
2026-05-01 16:44:26	INFO	SvTableMsgReceiver Thread-76015	Thread.getStackTrace(1559)	can not find SvTablePanel : 32114517
2026-05-01 16:44:29	INFO	AWT-EventQueue-0	Thread.getStackTrace(1559)	unregister slip, view id : 16386471
2026-05-01 16:44:29	INFO	AWT-EventQueue-0	Thread.getStackTrace(1559)	unregister slip progress, view id : 16386471
2026-05-03 06:02:40	INFO	AWT-EventQueue-0	Thread.getStackTrace(1559)	create new SvTablePanel instance, view id :11846573
2026-05-03 06:02:40	INFO	AWT-EventQueue-0	Thread.getStackTrace(1559)	create new SvTablePanel instance, view id :32178033
2026-05-03 06:02:41	INFO	AWT-EventQueue-0	Thread.getStackTrace(1559)	create new SvTablePanel instance, view id :25369879
2026-05-03 06:02:41	INFO	AWT-EventQueue-0	Thread.getStackTrace(1559)	register slip progress, view id : 11846573
2026-05-03 06:02:41	INFO	SlipWinThread_com.huawei.u2000.pf.frame.ui.slipTable.SlipTableMsgService	Thread.getStackTrace(1559)	register slip , return result/ view id : 1 / 11846573
2026-05-03 06:02:43	INFO	AWT-EventQueue-0	Thread.getStackTrace(1559)	create new SvTablePanel instance, view id :1750700
2026-05-03 06:02:43	INFO	AWT-EventQueue-0	Thread.getStackTrace(1559)	create new SvTablePanel instance, view id :29828660
2026-05-03 06:02:43	INFO	AWT-EventQueue-0	Thread.getStackTrace(1559)	create new SvTablePanel instance, view id :7653275
2026-05-03 06:02:43	INFO	AWT-EventQueue-0	Thread.getStackTrace(1559)	register slip progress, view id : 1750700
2026-05-03 06:02:43	INFO	SlipWinThread_com.huawei.u2000.pf.frame.ui.slipTable.SlipTableMsgService	Thread.getStackTrace(1559)	register slip , return result/ view id : 1 / 1750700
2026-05-03 06:02:43	INFO	pool-14-thread-32	Thread.getStackTrace(1559)	unregister slip, view id : 11846573
2026-05-03 06:02:43	INFO	pool-14-thread-32	Thread.getStackTrace(1559)	unregister slip progress, view id : 11846573
2026-05-03 06:02:44	INFO	SvTableMsgReceiver Thread-134674	Thread.getStackTrace(1559)	recieve message cmdcode:12639
2026-05-03 06:02:48	INFO	SvTableMsgReceiver Thread-134674	Thread.getStackTrace(1559)	recieve message cmdcode:12639
2026-05-03 06:02:48	INFO	SvTableMsgReceiver Thread-134674	Thread.getStackTrace(1559)	can not find SvTablePanel : 13784929
2026-05-03 06:02:51	INFO	pool-14-thread-32	Thread.getStackTrace(1559)	unregister slip, view id : 1750700
2026-05-03 06:02:51	INFO	pool-14-thread-32	Thread.getStackTrace(1559)	unregister slip progress, view id : 1750700
2026-05-03 06:03:03	INFO	AWT-EventQueue-0	Thread.getStackTrace(1559)	create new SvTablePanel instance, view id :2551934
2026-05-03 06:03:03	INFO	AWT-EventQueue-0	Thread.getStackTrace(1559)	create new SvTablePanel instance, view id :20003896
2026-05-03 06:03:03	INFO	AWT-EventQueue-0	Thread.getStackTrace(1559)	create new SvTablePanel instance, view id :392303
2026-05-03 06:03:03	INFO	AWT-EventQueue-0	Thread.getStackTrace(1559)	register slip progress, view id : 2551934
2026-05-03 06:03:03	INFO	SlipWinThread_com.huawei.u2000.pf.frame.ui.slipTable.SlipTableMsgService	Thread.getStackTrace(1559)	register slip , return result/ view id : 1 / 2551934
2026-05-03 06:03:04	INFO	SvTableMsgReceiver Thread-135402	Thread.getStackTrace(1559)	recieve message cmdcode:12639
2026-05-03 06:03:34	INFO	AWT-EventQueue-0	Thread.getStackTrace(1559)	register slip progress, view id : 20003896
2026-05-03 06:03:34	INFO	SlipWinThread_com.huawei.u2000.pf.frame.ui.slipTable.SlipTableMsgService	Thread.getStackTrace(1559)	register slip , return result/ view id : 1 / 20003896
2026-05-03 06:03:35	INFO	SvTableMsgReceiver Thread-135402	Thread.getStackTrace(1559)	recieve message cmdcode:12639
2026-05-03 06:03:35	INFO	SvTableMsgReceiver Thread-135403	Thread.getStackTrace(1559)	recieve message cmdcode:12639
2026-05-03 06:03:36	INFO	AWT-EventQueue-0	Thread.getStackTrace(1559)	register slip progress, view id : 392303
2026-05-03 06:03:36	INFO	SlipWinThread_com.huawei.u2000.pf.frame.ui.slipTable.SlipTableMsgService	Thread.getStackTrace(1559)	register slip , return result/ view id : 1 / 392303
2026-05-03 06:03:37	INFO	SvTableMsgReceiver Thread-135403	Thread.getStackTrace(1559)	recieve message cmdcode:12639
2026-05-03 06:03:37	INFO	SvTableMsgReceiver Thread-135404	Thread.getStackTrace(1559)	recieve message cmdcode:12639
2026-05-03 06:03:37	INFO	SvTableMsgReceiver Thread-135402	Thread.getStackTrace(1559)	recieve message cmdcode:12639
2026-05-03 06:03:43	INFO	AWT-EventQueue-0	Thread.getStackTrace(1559)	create new SvTablePanel instance, view id :20979054
2026-05-03 06:03:43	INFO	AWT-EventQueue-0	Thread.getStackTrace(1559)	create new SvTablePanel instance, view id :33441676
2026-05-03 06:03:43	INFO	AWT-EventQueue-0	Thread.getStackTrace(1559)	create new SvTablePanel instance, view id :6325200
2026-05-03 06:03:43	INFO	AWT-EventQueue-0	Thread.getStackTrace(1559)	register slip progress, view id : 20979054
2026-05-03 06:03:43	INFO	SlipWinThread_com.huawei.u2000.pf.frame.ui.slipTable.SlipTableMsgService	Thread.getStackTrace(1559)	register slip , return result/ view id : 1 / 20979054
2026-05-03 06:03:44	INFO	SvTableMsgReceiver Thread-135402	Thread.getStackTrace(1559)	recieve message cmdcode:12639
2026-05-03 06:03:44	INFO	SvTableMsgReceiver Thread-135403	Thread.getStackTrace(1559)	recieve message cmdcode:12639
2026-05-03 06:03:44	INFO	SvTableMsgReceiver Thread-135404	Thread.getStackTrace(1559)	recieve message cmdcode:12639
2026-05-03 06:03:44	INFO	SvTableMsgReceiver Thread-138341	Thread.getStackTrace(1559)	recieve message cmdcode:12639
2026-05-04 03:08:19	INFO	pool-14-thread-32	Thread.getStackTrace(1559)	unregister slip, view id : 20003896
2026-05-04 03:08:19	INFO	pool-14-thread-32	Thread.getStackTrace(1559)	unregister slip progress, view id : 20003896
2026-05-04 03:08:19	INFO	pool-14-thread-29	Thread.getStackTrace(1559)	unregister slip, view id : 2551934
2026-05-04 03:08:19	INFO	pool-14-thread-25	Thread.getStackTrace(1559)	unregister slip, view id : 392303
2026-05-04 03:08:19	INFO	pool-14-thread-28	Thread.getStackTrace(1559)	unregister slip, view id : 20979054
2026-05-04 03:08:19	INFO	pool-14-thread-25	Thread.getStackTrace(1559)	unregister slip progress, view id : 392303
2026-05-04 03:08:19	INFO	pool-14-thread-29	Thread.getStackTrace(1559)	unregister slip progress, view id : 2551934
2026-05-04 03:08:19	INFO	pool-14-thread-28	Thread.getStackTrace(1559)	unregister slip progress, view id : 20979054
2026-05-06 05:43:53	INFO	AWT-EventQueue-0	Thread.getStackTrace(1559)	start slip view
2026-05-06 05:43:53	INFO	AWT-EventQueue-0	Thread.getStackTrace(1559)	create new SvTablePanel instance, view id :17585381
2026-05-06 05:43:54	INFO	AWT-EventQueue-0	Thread.getStackTrace(1559)	register slip progress, view id : 17585381
2026-05-06 05:43:54	INFO	SlipWinThread_com.huawei.u2000.pf.frame.ui.slipTable.SlipTableMsgService	Thread.getStackTrace(1559)	register slip , return result/ view id : 1 / 17585381
2026-05-06 05:43:55	INFO	SvTableMsgReceiver Thread-4420	Thread.getStackTrace(1559)	recieve message cmdcode:12639
2026-05-06 05:43:57	INFO	pool-14-thread-15	Thread.getStackTrace(1559)	unregister slip, view id : 17585381
2026-05-06 05:43:57	INFO	pool-14-thread-15	Thread.getStackTrace(1559)	unregister slip progress, view id : 17585381
2026-05-06 05:43:58	INFO	AWT-EventQueue-0	Thread.getStackTrace(1559)	create new SvTablePanel instance, view id :24237865
2026-05-06 05:43:58	INFO	AWT-EventQueue-0	Thread.getStackTrace(1559)	register slip progress, view id : 24237865
2026-05-06 05:43:58	INFO	SlipWinThread_com.huawei.u2000.pf.frame.ui.slipTable.SlipTableMsgService	Thread.getStackTrace(1559)	register slip , return result/ view id : 1 / 24237865
2026-05-06 05:43:59	INFO	SvTableMsgReceiver Thread-4817	Thread.getStackTrace(1559)	recieve message cmdcode:12639
2026-05-06 05:44:04	INFO	pool-14-thread-15	Thread.getStackTrace(1559)	unregister slip, view id : 24237865
2026-05-06 05:44:04	INFO	pool-14-thread-15	Thread.getStackTrace(1559)	unregister slip progress, view id : 24237865
2026-05-06 05:44:36	INFO	AWT-EventQueue-0	Thread.getStackTrace(1559)	create new SvTablePanel instance, view id :6512206
2026-05-06 05:44:36	INFO	AWT-EventQueue-0	Thread.getStackTrace(1559)	register slip progress, view id : 6512206
2026-05-06 05:44:36	INFO	SlipWinThread_com.huawei.u2000.pf.frame.ui.slipTable.SlipTableMsgService	Thread.getStackTrace(1559)	register slip , return result/ view id : 1 / 6512206
2026-05-06 05:44:37	INFO	SvTableMsgReceiver Thread-7133	Thread.getStackTrace(1559)	recieve message cmdcode:12639
2026-05-06 05:44:37	INFO	pool-14-thread-15	Thread.getStackTrace(1559)	unregister slip, view id : 6512206
2026-05-06 05:44:37	INFO	pool-14-thread-15	Thread.getStackTrace(1559)	unregister slip progress, view id : 6512206
2026-05-08 12:15:50	INFO	AWT-EventQueue-0	Thread.getStackTrace(1559)	create new SvTablePanel instance, view id :5786515
2026-05-08 12:15:50	INFO	AWT-EventQueue-0	Thread.getStackTrace(1559)	register slip progress, view id : 5786515
2026-05-08 12:15:51	INFO	SlipWinThread_com.huawei.u2000.ucbb.table.slip.SlipTableMsgService	Thread.getStackTrace(1559)	register slip , return result/ view id : 1 / 5786515
2026-05-08 12:15:52	INFO	SvTableMsgReceiver Thread-28105	Thread.getStackTrace(1559)	recieve message cmdcode:12639
2026-05-08 12:18:53	INFO	SvTableMsgReceiver Thread-28105	Thread.getStackTrace(1559)	recieve message cmdcode:12639
2026-05-08 12:20:36	INFO	SvTableMsgReceiver Thread-28105	Thread.getStackTrace(1559)	recieve message cmdcode:12639
2026-05-08 12:45:17	INFO	SvTableMsgReceiver Thread-28105	Thread.getStackTrace(1559)	recieve message cmdcode:12639
2026-05-09 12:02:44	INFO	AWT-EventQueue-0	Thread.getStackTrace(1559)	unregister slip, view id : 5786515
2026-05-09 12:02:44	INFO	AWT-EventQueue-0	Thread.getStackTrace(1559)	unregister slip progress, view id : 5786515
2026-05-18 10:01:22	INFO	AWT-EventQueue-0	Thread.getStackTrace(1559)	start slip view
2026-05-18 10:01:22	INFO	AWT-EventQueue-0	Thread.getStackTrace(1559)	create new SvTablePanel instance, view id :18338348
2026-05-18 10:01:22	INFO	AWT-EventQueue-0	Thread.getStackTrace(1559)	register slip progress, view id : 18338348
2026-05-18 10:01:22	INFO	SlipWinThread_com.huawei.u2000.ucbb.table.slip.SlipTableMsgService	Thread.getStackTrace(1559)	register slip , return result/ view id : 1 / 18338348
2026-05-18 10:01:36	INFO	AWT-EventQueue-0	Thread.getStackTrace(1559)	create new SvTablePanel instance, view id :6955865
2026-05-18 10:01:36	INFO	AWT-EventQueue-0	Thread.getStackTrace(1559)	register slip progress, view id : 6955865
2026-05-18 10:01:36	INFO	SlipWinThread_com.huawei.u2000.ucbb.table.slip.SlipTableMsgService	Thread.getStackTrace(1559)	register slip , return result/ view id : 1 / 6955865
2026-05-18 10:01:36	INFO	AWT-EventQueue-0	Thread.getStackTrace(1559)	unregister slip, view id : 18338348
2026-05-18 10:01:36	INFO	AWT-EventQueue-0	Thread.getStackTrace(1559)	unregister slip progress, view id : 18338348
2026-05-18 10:03:17	INFO	AWT-EventQueue-0	Thread.getStackTrace(1559)	create new SvTablePanel instance, view id :7503727
2026-05-18 10:03:17	INFO	AWT-EventQueue-0	Thread.getStackTrace(1559)	register slip progress, view id : 7503727
2026-05-18 10:03:17	INFO	SlipWinThread_com.huawei.u2000.ucbb.table.slip.SlipTableMsgService	Thread.getStackTrace(1559)	register slip , return result/ view id : 1 / 7503727
2026-05-18 10:03:18	INFO	SvTableMsgReceiver Thread-3506	Thread.getStackTrace(1559)	recieve message cmdcode:12639
2026-05-18 10:03:18	INFO	SvTableMsgReceiver Thread-12366	Thread.getStackTrace(1559)	recieve message cmdcode:12639
2026-05-18 13:15:35	INFO	AWT-EventQueue-0	Thread.getStackTrace(1559)	unregister slip, view id : 7503727
2026-05-18 13:15:35	INFO	AWT-EventQueue-0	Thread.getStackTrace(1559)	unregister slip progress, view id : 7503727
2026-05-18 13:15:59	INFO	AWT-EventQueue-0	Thread.getStackTrace(1559)	create new SvTablePanel instance, view id :29142176
2026-05-18 13:15:59	INFO	AWT-EventQueue-0	Thread.getStackTrace(1559)	register slip progress, view id : 29142176
2026-05-18 13:15:59	INFO	SlipWinThread_com.huawei.u2000.ucbb.table.slip.SlipTableMsgService	Thread.getStackTrace(1559)	register slip , return result/ view id : 1 / 29142176
2026-05-18 13:16:00	INFO	SvTableMsgReceiver Thread-3506	Thread.getStackTrace(1559)	recieve message cmdcode:12639
2026-05-18 13:16:00	INFO	SvTableMsgReceiver Thread-18618	Thread.getStackTrace(1559)	recieve message cmdcode:12639
2026-05-19 06:51:20	INFO	AWT-EventQueue-0	Thread.getStackTrace(1559)	start slip view
2026-05-19 06:51:20	INFO	AWT-EventQueue-0	Thread.getStackTrace(1559)	create new SvTablePanel instance, view id :19790493
2026-05-19 06:51:20	INFO	AWT-EventQueue-0	Thread.getStackTrace(1559)	register slip progress, view id : 19790493
2026-05-19 06:51:20	INFO	SlipWinThread_com.huawei.u2000.ucbb.table.slip.SlipTableMsgService	Thread.getStackTrace(1559)	register slip , return result/ view id : 1 / 19790493
2026-05-19 06:51:22	INFO	SvTableMsgReceiver Thread-2418	Thread.getStackTrace(1559)	recieve message cmdcode:12639
2026-05-19 06:51:47	INFO	SvTableMsgReceiver Thread-2418	Thread.getStackTrace(1559)	recieve message cmdcode:12639
2026-05-19 09:50:53	INFO	AWT-EventQueue-0	Thread.getStackTrace(1559)	create new SvTablePanel instance, view id :17292284
2026-05-19 09:50:53	INFO	AWT-EventQueue-0	Thread.getStackTrace(1559)	register slip progress, view id : 17292284
2026-05-19 09:50:53	INFO	SlipWinThread_com.huawei.u2000.ucbb.table.slip.SlipTableMsgService	Thread.getStackTrace(1559)	register slip , return result/ view id : 1 / 17292284
2026-05-19 09:50:54	INFO	SvTableMsgReceiver Thread-2418	Thread.getStackTrace(1559)	recieve message cmdcode:12639
2026-05-19 09:50:54	INFO	SvTableMsgReceiver Thread-5880	Thread.getStackTrace(1559)	recieve message cmdcode:12639
2026-05-20 08:03:15	INFO	AWT-EventQueue-0	Thread.getStackTrace(1559)	start slip view
2026-05-20 08:03:15	INFO	AWT-EventQueue-0	Thread.getStackTrace(1559)	create new SvTablePanel instance, view id :19834099
2026-05-20 08:03:15	INFO	AWT-EventQueue-0	Thread.getStackTrace(1559)	register slip progress, view id : 19834099
2026-05-20 08:03:15	INFO	SlipWinThread_com.huawei.u2000.ucbb.table.slip.SlipTableMsgService	Thread.getStackTrace(1559)	register slip , return result/ view id : 1 / 19834099
2026-05-20 08:03:16	INFO	SvTableMsgReceiver Thread-6279	Thread.getStackTrace(1559)	recieve message cmdcode:12639
2026-05-20 08:03:19	INFO	SvTableMsgReceiver Thread-6279	Thread.getStackTrace(1559)	recieve message cmdcode:12639
2026-05-21 10:04:14	INFO	AWT-EventQueue-0	Thread.getStackTrace(1559)	start slip view
2026-05-21 10:04:14	INFO	AWT-EventQueue-0	Thread.getStackTrace(1559)	create new SvTablePanel instance, view id :11992164
2026-05-21 10:04:14	INFO	AWT-EventQueue-0	Thread.getStackTrace(1559)	register slip progress, view id : 11992164
2026-05-21 10:04:14	INFO	SlipWinThread_com.huawei.u2000.ucbb.table.slip.SlipTableMsgService	Thread.getStackTrace(1559)	register slip , return result/ view id : 1 / 11992164
2026-05-21 10:04:40	INFO	AWT-EventQueue-0	Thread.getStackTrace(1559)	create new SvTablePanel instance, view id :11107990
2026-05-21 10:04:40	INFO	AWT-EventQueue-0	Thread.getStackTrace(1559)	register slip progress, view id : 11107990
2026-05-21 10:04:40	INFO	SlipWinThread_com.huawei.u2000.ucbb.table.slip.SlipTableMsgService	Thread.getStackTrace(1559)	register slip , return result/ view id : 1 / 11107990
2026-05-21 10:04:41	INFO	SvTableMsgReceiver Thread-6198	Thread.getStackTrace(1559)	recieve message cmdcode:12639
2026-05-21 10:04:41	INFO	SvTableMsgReceiver Thread-4541	Thread.getStackTrace(1559)	recieve message cmdcode:12639
2026-05-21 10:11:00	INFO	SvTableMsgReceiver Thread-4541	Thread.getStackTrace(1559)	recieve message cmdcode:12639
2026-05-21 10:11:00	INFO	SvTableMsgReceiver Thread-6198	Thread.getStackTrace(1559)	recieve message cmdcode:12639
2026-05-21 10:21:09	INFO	SvTableMsgReceiver Thread-4541	Thread.getStackTrace(1559)	recieve message cmdcode:12639
2026-05-21 10:21:09	INFO	SvTableMsgReceiver Thread-6198	Thread.getStackTrace(1559)	recieve message cmdcode:12639
2026-05-21 10:30:11	INFO	AWT-EventQueue-0	Thread.getStackTrace(1559)	unregister slip, view id : 11107990
2026-05-21 10:30:11	INFO	AWT-EventQueue-0	Thread.getStackTrace(1559)	unregister slip progress, view id : 11107990
2026-05-22 11:23:14	INFO	AWT-EventQueue-0	Thread.getStackTrace(1559)	start slip view
2026-05-22 11:23:14	INFO	AWT-EventQueue-0	Thread.getStackTrace(1559)	create new SvTablePanel instance, view id :21279280
2026-05-22 11:23:14	INFO	AWT-EventQueue-0	Thread.getStackTrace(1559)	register slip progress, view id : 21279280
2026-05-22 11:23:14	INFO	SlipWinThread_com.huawei.u2000.ucbb.table.slip.SlipTableMsgService	Thread.getStackTrace(1559)	register slip , return result/ view id : 1 / 21279280
2026-05-22 11:23:15	INFO	SvTableMsgReceiver Thread-7257	Thread.getStackTrace(1559)	recieve message cmdcode:12639
2026-05-22 11:23:57	INFO	AWT-EventQueue-0	Thread.getStackTrace(1559)	unregister slip, view id : 21279280
2026-05-22 11:23:57	INFO	AWT-EventQueue-0	Thread.getStackTrace(1559)	unregister slip progress, view id : 21279280
2026-05-22 11:23:57	INFO	AWT-EventQueue-0	Thread.getStackTrace(1559)	create new SvTablePanel instance, view id :8528905
2026-05-22 11:23:57	INFO	AWT-EventQueue-0	Thread.getStackTrace(1559)	register slip progress, view id : 8528905
2026-05-22 11:23:57	INFO	SlipWinThread_com.huawei.u2000.ucbb.table.slip.SlipTableMsgService	Thread.getStackTrace(1559)	register slip , return result/ view id : 1 / 8528905
2026-05-22 11:23:59	INFO	SvTableMsgReceiver Thread-9254	Thread.getStackTrace(1559)	recieve message cmdcode:12639
2026-05-22 13:02:43	INFO	AWT-EventQueue-0	Thread.getStackTrace(1559)	unregister slip, view id : 8528905
2026-05-22 13:02:43	INFO	AWT-EventQueue-0	Thread.getStackTrace(1559)	unregister slip progress, view id : 8528905
2026-05-25 07:25:06	INFO	AWT-EventQueue-0	Thread.getStackTrace(1559)	start slip view
2026-05-25 07:25:06	INFO	AWT-EventQueue-0	Thread.getStackTrace(1559)	create new SvTablePanel instance, view id :30998954
2026-05-25 07:25:06	INFO	AWT-EventQueue-0	Thread.getStackTrace(1559)	register slip progress, view id : 30998954
2026-05-25 07:25:06	INFO	SlipWinThread_com.huawei.u2000.ucbb.table.slip.SlipTableMsgService	Thread.getStackTrace(1559)	register slip , return result/ view id : 1 / 30998954
2026-05-25 07:25:08	INFO	SvTableMsgReceiver Thread-5780	Thread.getStackTrace(1559)	recieve message cmdcode:12639
2026-05-25 07:26:28	INFO	AWT-EventQueue-0	Thread.getStackTrace(1559)	unregister slip, view id : 30998954
2026-05-25 07:26:28	INFO	AWT-EventQueue-0	Thread.getStackTrace(1559)	unregister slip progress, view id : 30998954
2026-05-25 07:26:28	INFO	AWT-EventQueue-0	Thread.getStackTrace(1559)	create new SvTablePanel instance, view id :23003721
2026-05-25 07:26:29	INFO	AWT-EventQueue-0	Thread.getStackTrace(1559)	register slip progress, view id : 23003721
2026-05-25 07:26:29	INFO	SlipWinThread_com.huawei.u2000.ucbb.table.slip.SlipTableMsgService	Thread.getStackTrace(1559)	register slip , return result/ view id : 1 / 23003721
2026-05-25 07:26:30	INFO	SvTableMsgReceiver Thread-9161	Thread.getStackTrace(1559)	recieve message cmdcode:12639
2026-05-25 07:27:05	INFO	AWT-EventQueue-0	Thread.getStackTrace(1559)	unregister slip, view id : 23003721
2026-05-25 07:27:05	INFO	AWT-EventQueue-0	Thread.getStackTrace(1559)	unregister slip progress, view id : 23003721
2026-05-25 07:27:53	INFO	AWT-EventQueue-0	Thread.getStackTrace(1559)	create new SvTablePanel instance, view id :4748692
2026-05-25 07:27:53	INFO	AWT-EventQueue-0	Thread.getStackTrace(1559)	register slip progress, view id : 4748692
2026-05-25 07:27:53	INFO	SlipWinThread_com.huawei.u2000.ucbb.table.slip.SlipTableMsgService	Thread.getStackTrace(1559)	register slip , return result/ view id : 1 / 4748692
2026-05-25 07:27:55	INFO	SvTableMsgReceiver Thread-12690	Thread.getStackTrace(1559)	recieve message cmdcode:12639
2026-05-25 07:27:59	INFO	SvTableMsgReceiver Thread-12690	Thread.getStackTrace(1559)	recieve message cmdcode:12639
2026-05-25 07:28:39	INFO	AWT-EventQueue-0	Thread.getStackTrace(1559)	unregister slip, view id : 4748692
2026-05-25 07:28:39	INFO	AWT-EventQueue-0	Thread.getStackTrace(1559)	unregister slip progress, view id : 4748692
2026-05-25 07:28:45	INFO	AWT-EventQueue-0	Thread.getStackTrace(1559)	create new SvTablePanel instance, view id :11844634
2026-05-25 07:28:45	INFO	AWT-EventQueue-0	Thread.getStackTrace(1559)	register slip progress, view id : 11844634
2026-05-25 07:28:45	INFO	SlipWinThread_com.huawei.u2000.ucbb.table.slip.SlipTableMsgService	Thread.getStackTrace(1559)	register slip , return result/ view id : 1 / 11844634
2026-05-25 07:28:46	INFO	SvTableMsgReceiver Thread-14496	Thread.getStackTrace(1559)	recieve message cmdcode:12639
2026-05-25 07:29:14	INFO	AWT-EventQueue-0	Thread.getStackTrace(1559)	unregister slip, view id : 11844634
2026-05-25 07:29:14	INFO	AWT-EventQueue-0	Thread.getStackTrace(1559)	unregister slip progress, view id : 11844634
2026-05-25 07:29:14	INFO	AWT-EventQueue-0	Thread.getStackTrace(1559)	create new SvTablePanel instance, view id :28106396
2026-05-25 07:29:14	INFO	AWT-EventQueue-0	Thread.getStackTrace(1559)	register slip progress, view id : 28106396
2026-05-25 07:29:14	INFO	SlipWinThread_com.huawei.u2000.ucbb.table.slip.SlipTableMsgService	Thread.getStackTrace(1559)	register slip , return result/ view id : 1 / 28106396
2026-05-25 07:29:15	INFO	SvTableMsgReceiver Thread-16990	Thread.getStackTrace(1559)	recieve message cmdcode:12639
2026-05-25 07:29:46	INFO	SvTableMsgReceiver Thread-16990	Thread.getStackTrace(1559)	recieve message cmdcode:12639
2026-05-25 07:29:49	INFO	SvTableMsgReceiver Thread-16990	Thread.getStackTrace(1559)	recieve message cmdcode:12639
2026-05-25 07:29:51	INFO	SvTableMsgReceiver Thread-16990	Thread.getStackTrace(1559)	recieve message cmdcode:12639
2026-05-25 07:29:52	INFO	SvTableMsgReceiver Thread-16990	Thread.getStackTrace(1559)	recieve message cmdcode:12639
2026-05-25 07:29:54	INFO	SvTableMsgReceiver Thread-16990	Thread.getStackTrace(1559)	recieve message cmdcode:12639
2026-05-25 07:29:55	INFO	SvTableMsgReceiver Thread-16990	Thread.getStackTrace(1559)	recieve message cmdcode:12639
2026-05-25 07:29:57	INFO	SvTableMsgReceiver Thread-16990	Thread.getStackTrace(1559)	recieve message cmdcode:12639
2026-05-25 07:30:01	INFO	SvTableMsgReceiver Thread-16990	Thread.getStackTrace(1559)	recieve message cmdcode:12639
2026-05-25 07:30:05	INFO	SvTableMsgReceiver Thread-16990	Thread.getStackTrace(1559)	recieve message cmdcode:12639
2026-05-25 07:30:07	INFO	SvTableMsgReceiver Thread-16990	Thread.getStackTrace(1559)	recieve message cmdcode:12639
2026-05-25 07:30:21	INFO	SvTableMsgReceiver Thread-16990	Thread.getStackTrace(1559)	recieve message cmdcode:12639
2026-05-25 07:30:49	INFO	SvTableMsgReceiver Thread-16990	Thread.getStackTrace(1559)	recieve message cmdcode:12639
2026-05-25 07:30:58	INFO	SvTableMsgReceiver Thread-16990	Thread.getStackTrace(1559)	recieve message cmdcode:12639
2026-05-25 07:31:42	INFO	AWT-EventQueue-0	Thread.getStackTrace(1559)	unregister slip, view id : 28106396
2026-05-25 07:31:42	INFO	AWT-EventQueue-0	Thread.getStackTrace(1559)	unregister slip progress, view id : 28106396
2026-05-25 07:31:46	INFO	AWT-EventQueue-0	Thread.getStackTrace(1559)	create new SvTablePanel instance, view id :23086901
2026-05-25 07:31:46	INFO	AWT-EventQueue-0	Thread.getStackTrace(1559)	register slip progress, view id : 23086901
2026-05-25 07:31:46	INFO	SlipWinThread_com.huawei.u2000.ucbb.table.slip.SlipTableMsgService	Thread.getStackTrace(1559)	register slip , return result/ view id : 1 / 23086901
2026-05-25 07:31:47	INFO	SvTableMsgReceiver Thread-23944	Thread.getStackTrace(1559)	recieve message cmdcode:12639
2026-05-25 07:32:06	INFO	AWT-EventQueue-0	Thread.getStackTrace(1559)	unregister slip, view id : 23086901
2026-05-25 07:32:06	INFO	AWT-EventQueue-0	Thread.getStackTrace(1559)	unregister slip progress, view id : 23086901
2026-05-25 07:32:10	INFO	AWT-EventQueue-0	Thread.getStackTrace(1559)	create new SvTablePanel instance, view id :23341310
2026-05-25 07:32:10	INFO	AWT-EventQueue-0	Thread.getStackTrace(1559)	register slip progress, view id : 23341310
2026-05-25 07:32:10	INFO	SlipWinThread_com.huawei.u2000.ucbb.table.slip.SlipTableMsgService	Thread.getStackTrace(1559)	register slip , return result/ view id : 1 / 23341310
2026-05-25 07:32:11	INFO	SvTableMsgReceiver Thread-25282	Thread.getStackTrace(1559)	recieve message cmdcode:12639
2026-05-25 07:35:10	INFO	AWT-EventQueue-0	Thread.getStackTrace(1559)	unregister slip, view id : 23341310
2026-05-25 07:35:10	INFO	AWT-EventQueue-0	Thread.getStackTrace(1559)	unregister slip progress, view id : 23341310
2026-05-25 07:57:59	INFO	AWT-EventQueue-0	Thread.getStackTrace(1559)	create new SvTablePanel instance, view id :33475653
2026-05-25 07:58:00	INFO	AWT-EventQueue-0	Thread.getStackTrace(1559)	register slip progress, view id : 33475653
2026-05-25 07:58:00	INFO	SlipWinThread_com.huawei.u2000.ucbb.table.slip.SlipTableMsgService	Thread.getStackTrace(1559)	register slip , return result/ view id : 1 / 33475653
2026-05-25 07:58:01	INFO	SvTableMsgReceiver Thread-39116	Thread.getStackTrace(1559)	recieve message cmdcode:12639
2026-05-25 07:58:23	INFO	AWT-EventQueue-0	Thread.getStackTrace(1559)	unregister slip, view id : 33475653
2026-05-25 07:58:23	INFO	AWT-EventQueue-0	Thread.getStackTrace(1559)	unregister slip progress, view id : 33475653
2026-05-25 07:58:23	INFO	AWT-EventQueue-0	Thread.getStackTrace(1559)	create new SvTablePanel instance, view id :6908975
2026-05-25 07:58:23	INFO	AWT-EventQueue-0	Thread.getStackTrace(1559)	register slip progress, view id : 6908975
2026-05-25 07:58:23	INFO	SlipWinThread_com.huawei.u2000.ucbb.table.slip.SlipTableMsgService	Thread.getStackTrace(1559)	register slip , return result/ view id : 1 / 6908975
2026-05-25 07:58:25	INFO	SvTableMsgReceiver Thread-41111	Thread.getStackTrace(1559)	recieve message cmdcode:12639
2026-05-25 07:58:54	INFO	SvTableMsgReceiver Thread-41111	Thread.getStackTrace(1559)	recieve message cmdcode:12639
2026-05-25 07:58:57	INFO	SvTableMsgReceiver Thread-41111	Thread.getStackTrace(1559)	recieve message cmdcode:12639
2026-05-25 07:58:59	INFO	SvTableMsgReceiver Thread-41111	Thread.getStackTrace(1559)	recieve message cmdcode:12639
2026-05-25 07:59:01	INFO	SvTableMsgReceiver Thread-41111	Thread.getStackTrace(1559)	recieve message cmdcode:12639
2026-05-25 07:59:02	INFO	SvTableMsgReceiver Thread-41111	Thread.getStackTrace(1559)	recieve message cmdcode:12639
2026-05-25 07:59:03	INFO	SvTableMsgReceiver Thread-41111	Thread.getStackTrace(1559)	recieve message cmdcode:12639
2026-05-25 07:59:05	INFO	SvTableMsgReceiver Thread-41111	Thread.getStackTrace(1559)	recieve message cmdcode:12639
2026-05-25 07:59:15	INFO	SvTableMsgReceiver Thread-41111	Thread.getStackTrace(1559)	recieve message cmdcode:12639
2026-05-25 07:59:19	INFO	SvTableMsgReceiver Thread-41111	Thread.getStackTrace(1559)	recieve message cmdcode:12639
2026-05-25 07:59:41	INFO	SvTableMsgReceiver Thread-41111	Thread.getStackTrace(1559)	recieve message cmdcode:12639
2026-05-25 08:00:18	INFO	AWT-EventQueue-0	Thread.getStackTrace(1559)	unregister slip, view id : 6908975
2026-05-25 08:00:18	INFO	AWT-EventQueue-0	Thread.getStackTrace(1559)	unregister slip progress, view id : 6908975
2026-05-26 10:11:05	INFO	AWT-EventQueue-0	Thread.getStackTrace(1559)	create new SvTablePanel instance, view id :14518854
2026-05-26 10:11:06	INFO	AWT-EventQueue-0	Thread.getStackTrace(1559)	register slip progress, view id : 14518854
2026-05-26 10:11:06	INFO	SlipWinThread_com.huawei.u2000.ucbb.table.slip.SlipTableMsgService	Thread.getStackTrace(1559)	register slip , return result/ view id : 1 / 14518854
2026-05-26 10:11:07	INFO	SvTableMsgReceiver Thread-54419	Thread.getStackTrace(1559)	recieve message cmdcode:12639
2026-05-26 10:17:41	INFO	AWT-EventQueue-0	Thread.getStackTrace(1559)	create new SvTablePanel instance, view id :28751028
2026-05-26 10:17:41	INFO	AWT-EventQueue-0	Thread.getStackTrace(1559)	register slip progress, view id : 28751028
2026-05-26 10:17:41	INFO	SlipWinThread_com.huawei.u2000.pf.frame.ui.slipTable.SlipTableMsgService	Thread.getStackTrace(1559)	register slip , return result/ view id : 1 / 28751028
2026-05-26 10:17:42	INFO	SvTableMsgReceiver Thread-54419	Thread.getStackTrace(1559)	recieve message cmdcode:12639
2026-05-26 10:17:42	INFO	SvTableMsgReceiver Thread-62889	Thread.getStackTrace(1559)	recieve message cmdcode:12639
2026-05-26 10:17:57	INFO	pool-14-thread-15	Thread.getStackTrace(1559)	unregister slip, view id : 28751028
2026-05-26 10:17:57	INFO	pool-14-thread-15	Thread.getStackTrace(1559)	unregister slip progress, view id : 28751028
2026-05-26 10:17:58	INFO	AWT-EventQueue-0	Thread.getStackTrace(1559)	create new SvTablePanel instance, view id :30444266
2026-05-26 10:17:58	INFO	AWT-EventQueue-0	Thread.getStackTrace(1559)	register slip progress, view id : 30444266
2026-05-26 10:17:58	INFO	SlipWinThread_com.huawei.u2000.pf.frame.ui.slipTable.SlipTableMsgService	Thread.getStackTrace(1559)	register slip , return result/ view id : 1 / 30444266
2026-05-26 10:17:59	INFO	SvTableMsgReceiver Thread-54419	Thread.getStackTrace(1559)	recieve message cmdcode:12639
2026-05-26 10:17:59	INFO	SvTableMsgReceiver Thread-63805	Thread.getStackTrace(1559)	recieve message cmdcode:12639
2026-05-26 10:18:05	INFO	pool-14-thread-15	Thread.getStackTrace(1559)	unregister slip, view id : 30444266
2026-05-26 10:18:05	INFO	pool-14-thread-15	Thread.getStackTrace(1559)	unregister slip progress, view id : 30444266
2026-05-26 10:18:15	INFO	SvTableMsgReceiver Thread-54419	Thread.getStackTrace(1559)	recieve message cmdcode:12639
2026-05-26 10:18:15	INFO	SvTableMsgReceiver Thread-54419	Thread.getStackTrace(1559)	can not find SvTablePanel : 32984083
2026-05-26 10:18:17	INFO	SvTableMsgReceiver Thread-54419	Thread.getStackTrace(1559)	recieve message cmdcode:12639
2026-05-26 10:18:17	INFO	SvTableMsgReceiver Thread-54419	Thread.getStackTrace(1559)	can not find SvTablePanel : 27093306
2026-05-26 10:18:51	INFO	AWT-EventQueue-0	Thread.getStackTrace(1559)	create new SvTablePanel instance, view id :27867026
2026-05-26 10:18:51	INFO	AWT-EventQueue-0	Thread.getStackTrace(1559)	register slip progress, view id : 27867026
2026-05-26 10:18:51	INFO	SlipWinThread_com.huawei.u2000.ucbb.table.slip.SlipTableMsgService	Thread.getStackTrace(1559)	register slip , return result/ view id : 1 / 27867026
2026-05-26 10:19:08	INFO	AWT-EventQueue-0	Thread.getStackTrace(1559)	unregister slip, view id : 27867026
2026-05-26 10:19:08	INFO	AWT-EventQueue-0	Thread.getStackTrace(1559)	unregister slip progress, view id : 27867026
2026-05-26 10:19:08	INFO	AWT-EventQueue-0	Thread.getStackTrace(1559)	create new SvTablePanel instance, view id :788256
2026-05-26 10:19:08	INFO	AWT-EventQueue-0	Thread.getStackTrace(1559)	register slip progress, view id : 788256
2026-05-26 10:19:08	INFO	SlipWinThread_com.huawei.u2000.ucbb.table.slip.SlipTableMsgService	Thread.getStackTrace(1559)	register slip , return result/ view id : 1 / 788256
2026-05-26 10:19:27	INFO	SvTableMsgReceiver Thread-54419	Thread.getStackTrace(1559)	recieve message cmdcode:12639
2026-05-26 10:19:27	INFO	SvTableMsgReceiver Thread-67793	Thread.getStackTrace(1559)	recieve message cmdcode:12639
2026-05-26 10:19:38	INFO	SvTableMsgReceiver Thread-54419	Thread.getStackTrace(1559)	recieve message cmdcode:12639
2026-05-26 10:19:38	INFO	SvTableMsgReceiver Thread-67793	Thread.getStackTrace(1559)	recieve message cmdcode:12639
2026-05-26 10:19:39	INFO	AWT-EventQueue-0	Thread.getStackTrace(1559)	unregister slip, view id : 788256
2026-05-26 10:19:39	INFO	AWT-EventQueue-0	Thread.getStackTrace(1559)	unregister slip progress, view id : 788256
2026-05-26 10:19:44	INFO	AWT-EventQueue-0	Thread.getStackTrace(1559)	create new SvTablePanel instance, view id :7265734
2026-05-26 10:19:44	INFO	AWT-EventQueue-0	Thread.getStackTrace(1559)	register slip progress, view id : 7265734
2026-05-26 10:19:44	INFO	SlipWinThread_com.huawei.u2000.ucbb.table.slip.SlipTableMsgService	Thread.getStackTrace(1559)	register slip , return result/ view id : 1 / 7265734
2026-05-26 10:19:46	INFO	SvTableMsgReceiver Thread-54419	Thread.getStackTrace(1559)	recieve message cmdcode:12639
2026-05-26 10:19:46	INFO	SvTableMsgReceiver Thread-70424	Thread.getStackTrace(1559)	recieve message cmdcode:12639
2026-05-26 10:20:10	INFO	AWT-EventQueue-0	Thread.getStackTrace(1559)	unregister slip, view id : 7265734
2026-05-26 10:20:10	INFO	AWT-EventQueue-0	Thread.getStackTrace(1559)	unregister slip progress, view id : 7265734
2026-05-26 10:20:10	INFO	AWT-EventQueue-0	Thread.getStackTrace(1559)	create new SvTablePanel instance, view id :7026614
2026-05-26 10:20:10	INFO	AWT-EventQueue-0	Thread.getStackTrace(1559)	register slip progress, view id : 7026614
2026-05-26 10:20:10	INFO	SlipWinThread_com.huawei.u2000.ucbb.table.slip.SlipTableMsgService	Thread.getStackTrace(1559)	register slip , return result/ view id : 1 / 7026614
2026-05-26 10:20:12	INFO	SvTableMsgReceiver Thread-54419	Thread.getStackTrace(1559)	recieve message cmdcode:12639
2026-05-26 10:20:12	INFO	SvTableMsgReceiver Thread-72219	Thread.getStackTrace(1559)	recieve message cmdcode:12639
2026-05-26 10:20:30	INFO	SvTableMsgReceiver Thread-54419	Thread.getStackTrace(1559)	recieve message cmdcode:12639
2026-05-26 10:20:30	INFO	SvTableMsgReceiver Thread-72219	Thread.getStackTrace(1559)	recieve message cmdcode:12639
2026-05-26 10:20:32	INFO	AWT-EventQueue-0	Thread.getStackTrace(1559)	unregister slip, view id : 7026614
2026-05-26 10:20:32	INFO	AWT-EventQueue-0	Thread.getStackTrace(1559)	unregister slip progress, view id : 7026614
2026-05-26 10:20:38	INFO	AWT-EventQueue-0	Thread.getStackTrace(1559)	create new SvTablePanel instance, view id :17505569
2026-05-26 10:20:38	INFO	AWT-EventQueue-0	Thread.getStackTrace(1559)	register slip progress, view id : 17505569
2026-05-26 10:20:38	INFO	SlipWinThread_com.huawei.u2000.ucbb.table.slip.SlipTableMsgService	Thread.getStackTrace(1559)	register slip , return result/ view id : 1 / 17505569
2026-05-26 10:20:39	INFO	SvTableMsgReceiver Thread-54419	Thread.getStackTrace(1559)	recieve message cmdcode:12639
2026-05-26 10:20:39	INFO	SvTableMsgReceiver Thread-73196	Thread.getStackTrace(1559)	recieve message cmdcode:12639
2026-05-26 10:22:07	INFO	AWT-EventQueue-0	Thread.getStackTrace(1559)	unregister slip, view id : 17505569
2026-05-26 10:22:07	INFO	AWT-EventQueue-0	Thread.getStackTrace(1559)	unregister slip progress, view id : 17505569
2026-05-26 10:22:12	INFO	AWT-EventQueue-0	Thread.getStackTrace(1559)	create new SvTablePanel instance, view id :26065798
2026-05-26 10:22:12	INFO	AWT-EventQueue-0	Thread.getStackTrace(1559)	register slip progress, view id : 26065798
2026-05-26 10:22:12	INFO	SlipWinThread_com.huawei.u2000.ucbb.table.slip.SlipTableMsgService	Thread.getStackTrace(1559)	register slip , return result/ view id : 1 / 26065798
2026-05-26 10:22:13	INFO	SvTableMsgReceiver Thread-54419	Thread.getStackTrace(1559)	recieve message cmdcode:12639
2026-05-26 10:22:13	INFO	SvTableMsgReceiver Thread-75137	Thread.getStackTrace(1559)	recieve message cmdcode:12639
2026-05-26 10:23:32	INFO	SvTableMsgReceiver Thread-54419	Thread.getStackTrace(1559)	recieve message cmdcode:12639
2026-05-26 10:23:32	INFO	SvTableMsgReceiver Thread-75137	Thread.getStackTrace(1559)	recieve message cmdcode:12639
2026-05-26 10:24:11	INFO	SvTableMsgReceiver Thread-54419	Thread.getStackTrace(1559)	recieve message cmdcode:12639
2026-05-26 10:24:11	INFO	SvTableMsgReceiver Thread-75137	Thread.getStackTrace(1559)	recieve message cmdcode:12639
2026-05-26 10:34:41	INFO	SvTableMsgReceiver Thread-54419	Thread.getStackTrace(1559)	recieve message cmdcode:12639
2026-05-26 10:34:41	INFO	SvTableMsgReceiver Thread-75137	Thread.getStackTrace(1559)	recieve message cmdcode:12639
2026-05-26 10:34:59	INFO	AWT-EventQueue-0	Thread.getStackTrace(1559)	unregister slip, view id : 26065798
2026-05-26 10:34:59	INFO	AWT-EventQueue-0	Thread.getStackTrace(1559)	unregister slip progress, view id : 26065798
2026-05-26 10:35:06	INFO	AWT-EventQueue-0	Thread.getStackTrace(1559)	create new SvTablePanel instance, view id :11754943
2026-05-26 10:35:06	INFO	AWT-EventQueue-0	Thread.getStackTrace(1559)	register slip progress, view id : 11754943
2026-05-26 10:35:06	INFO	SlipWinThread_com.huawei.u2000.ucbb.table.slip.SlipTableMsgService	Thread.getStackTrace(1559)	register slip , return result/ view id : 1 / 11754943
2026-05-26 10:35:07	INFO	SvTableMsgReceiver Thread-54419	Thread.getStackTrace(1559)	recieve message cmdcode:12639
2026-05-26 10:35:07	INFO	SvTableMsgReceiver Thread-80391	Thread.getStackTrace(1559)	recieve message cmdcode:12639
2026-05-26 10:35:29	INFO	SvTableMsgReceiver Thread-54419	Thread.getStackTrace(1559)	recieve message cmdcode:12639
2026-05-26 10:35:29	INFO	SvTableMsgReceiver Thread-80391	Thread.getStackTrace(1559)	recieve message cmdcode:12639
2026-05-26 10:37:20	INFO	AWT-EventQueue-0	Thread.getStackTrace(1559)	unregister slip, view id : 11754943
2026-05-26 10:37:20	INFO	AWT-EventQueue-0	Thread.getStackTrace(1559)	unregister slip progress, view id : 11754943
2026-05-26 10:37:25	INFO	AWT-EventQueue-0	Thread.getStackTrace(1559)	create new SvTablePanel instance, view id :6683592
2026-05-26 10:37:25	INFO	AWT-EventQueue-0	Thread.getStackTrace(1559)	register slip progress, view id : 6683592
2026-05-26 10:37:26	INFO	SlipWinThread_com.huawei.u2000.ucbb.table.slip.SlipTableMsgService	Thread.getStackTrace(1559)	register slip , return result/ view id : 1 / 6683592
2026-05-26 10:37:27	INFO	SvTableMsgReceiver Thread-54419	Thread.getStackTrace(1559)	recieve message cmdcode:12639
2026-05-26 10:37:27	INFO	SvTableMsgReceiver Thread-85094	Thread.getStackTrace(1559)	recieve message cmdcode:12639
2026-05-26 10:38:28	INFO	AWT-EventQueue-0	Thread.getStackTrace(1559)	unregister slip, view id : 6683592
2026-05-26 10:38:28	INFO	AWT-EventQueue-0	Thread.getStackTrace(1559)	unregister slip progress, view id : 6683592
2026-05-26 10:40:44	INFO	AWT-EventQueue-0	Thread.getStackTrace(1559)	create new SvTablePanel instance, view id :9441743
2026-05-26 10:40:44	INFO	AWT-EventQueue-0	Thread.getStackTrace(1559)	register slip progress, view id : 9441743
2026-05-26 10:40:44	INFO	SlipWinThread_com.huawei.u2000.pf.frame.ui.slipTable.SlipTableMsgService	Thread.getStackTrace(1559)	register slip , return result/ view id : 1 / 9441743
2026-05-26 10:40:45	INFO	SvTableMsgReceiver Thread-54419	Thread.getStackTrace(1559)	recieve message cmdcode:12639
2026-05-26 10:40:45	INFO	SvTableMsgReceiver Thread-93378	Thread.getStackTrace(1559)	recieve message cmdcode:12639
2026-05-26 10:40:49	INFO	pool-14-thread-9	Thread.getStackTrace(1559)	unregister slip, view id : 9441743
2026-05-26 10:40:49	INFO	pool-14-thread-9	Thread.getStackTrace(1559)	unregister slip progress, view id : 9441743
2026-05-26 10:41:01	INFO	AWT-EventQueue-0	Thread.getStackTrace(1559)	create new SvTablePanel instance, view id :30277274
2026-05-26 10:41:01	INFO	AWT-EventQueue-0	Thread.getStackTrace(1559)	register slip progress, view id : 30277274
2026-05-26 10:41:01	INFO	SlipWinThread_com.huawei.u2000.ucbb.table.slip.SlipTableMsgService	Thread.getStackTrace(1559)	register slip , return result/ view id : 1 / 30277274
2026-05-26 10:41:02	INFO	SvTableMsgReceiver Thread-54419	Thread.getStackTrace(1559)	recieve message cmdcode:12639
2026-05-26 10:41:02	INFO	SvTableMsgReceiver Thread-94586	Thread.getStackTrace(1559)	recieve message cmdcode:12639
2026-05-26 10:41:19	INFO	AWT-EventQueue-0	Thread.getStackTrace(1559)	unregister slip, view id : 30277274
2026-05-26 10:41:19	INFO	AWT-EventQueue-0	Thread.getStackTrace(1559)	unregister slip progress, view id : 30277274
2026-05-26 10:41:19	INFO	AWT-EventQueue-0	Thread.getStackTrace(1559)	create new SvTablePanel instance, view id :6637599
2026-05-26 10:41:19	INFO	AWT-EventQueue-0	Thread.getStackTrace(1559)	register slip progress, view id : 6637599
2026-05-26 10:41:19	INFO	SlipWinThread_com.huawei.u2000.ucbb.table.slip.SlipTableMsgService	Thread.getStackTrace(1559)	register slip , return result/ view id : 1 / 6637599
2026-05-26 10:41:20	INFO	SvTableMsgReceiver Thread-54419	Thread.getStackTrace(1559)	recieve message cmdcode:12639
2026-05-26 10:41:20	INFO	SvTableMsgReceiver Thread-96260	Thread.getStackTrace(1559)	recieve message cmdcode:12639
2026-05-26 10:42:17	INFO	SvTableMsgReceiver Thread-54419	Thread.getStackTrace(1559)	recieve message cmdcode:12639
2026-05-26 10:42:17	INFO	SvTableMsgReceiver Thread-96260	Thread.getStackTrace(1559)	recieve message cmdcode:12639
2026-05-26 10:42:40	INFO	AWT-EventQueue-0	Thread.getStackTrace(1559)	unregister slip, view id : 6637599
2026-05-26 10:42:40	INFO	AWT-EventQueue-0	Thread.getStackTrace(1559)	unregister slip progress, view id : 6637599
2026-05-26 10:43:51	INFO	AWT-EventQueue-0	Thread.getStackTrace(1559)	create new SvTablePanel instance, view id :28587855
2026-05-26 10:43:51	INFO	AWT-EventQueue-0	Thread.getStackTrace(1559)	register slip progress, view id : 28587855
2026-05-26 10:43:51	INFO	SlipWinThread_com.huawei.u2000.ucbb.table.slip.SlipTableMsgService	Thread.getStackTrace(1559)	register slip , return result/ view id : 1 / 28587855
2026-05-26 10:43:52	INFO	SvTableMsgReceiver Thread-54419	Thread.getStackTrace(1559)	recieve message cmdcode:12639
2026-05-26 10:43:52	INFO	SvTableMsgReceiver Thread-104295	Thread.getStackTrace(1559)	recieve message cmdcode:12639
2026-05-26 11:26:46	INFO	AWT-EventQueue-0	Thread.getStackTrace(1559)	unregister slip, view id : 28587855
2026-05-26 11:26:46	INFO	AWT-EventQueue-0	Thread.getStackTrace(1559)	unregister slip progress, view id : 28587855
2026-05-26 11:32:51	INFO	AWT-EventQueue-0	Thread.getStackTrace(1559)	create new SvTablePanel instance, view id :27094110
2026-05-26 11:32:51	INFO	AWT-EventQueue-0	Thread.getStackTrace(1559)	register slip progress, view id : 27094110
2026-05-26 11:32:51	INFO	SlipWinThread_com.huawei.u2000.ucbb.table.slip.SlipTableMsgService	Thread.getStackTrace(1559)	register slip , return result/ view id : 1 / 27094110
2026-05-26 11:32:52	INFO	SvTableMsgReceiver Thread-54419	Thread.getStackTrace(1559)	recieve message cmdcode:12639
2026-05-26 11:32:52	INFO	SvTableMsgReceiver Thread-120628	Thread.getStackTrace(1559)	recieve message cmdcode:12639
2026-05-26 12:40:26	INFO	AWT-EventQueue-0	Thread.getStackTrace(1559)	unregister slip, view id : 27094110
2026-05-26 12:40:26	INFO	AWT-EventQueue-0	Thread.getStackTrace(1559)	unregister slip progress, view id : 27094110
2026-05-26 12:40:48	INFO	AWT-EventQueue-0	Thread.getStackTrace(1559)	create new SvTablePanel instance, view id :22609976
2026-05-26 12:40:48	INFO	AWT-EventQueue-0	Thread.getStackTrace(1559)	register slip progress, view id : 22609976
2026-05-26 12:40:48	INFO	SlipWinThread_com.huawei.u2000.ucbb.table.slip.SlipTableMsgService	Thread.getStackTrace(1559)	register slip , return result/ view id : 1 / 22609976
2026-05-26 12:40:49	INFO	SvTableMsgReceiver Thread-54419	Thread.getStackTrace(1559)	recieve message cmdcode:12639
2026-05-26 12:40:49	INFO	SvTableMsgReceiver Thread-133827	Thread.getStackTrace(1559)	recieve message cmdcode:12639
2026-05-26 16:13:43	INFO	AWT-EventQueue-0	Thread.getStackTrace(1559)	unregister slip, view id : 14518854
2026-05-26 16:13:43	INFO	AWT-EventQueue-0	Thread.getStackTrace(1559)	unregister slip progress, view id : 14518854
2026-05-26 16:13:43	INFO	AWT-EventQueue-0	Thread.getStackTrace(1559)	unregister slip, view id : 22609976
2026-05-26 16:13:43	INFO	AWT-EventQueue-0	Thread.getStackTrace(1559)	unregister slip progress, view id : 22609976
2026-05-26 16:14:44	INFO	AWT-EventQueue-0	Thread.getStackTrace(1559)	create new SvTablePanel instance, view id :20863469
2026-05-26 16:14:44	INFO	AWT-EventQueue-0	Thread.getStackTrace(1559)	register slip progress, view id : 20863469
2026-05-26 16:14:44	INFO	SlipWinThread_com.huawei.u2000.ucbb.table.slip.SlipTableMsgService	Thread.getStackTrace(1559)	register slip , return result/ view id : 1 / 20863469
2026-05-26 16:14:45	INFO	SvTableMsgReceiver Thread-137418	Thread.getStackTrace(1559)	recieve message cmdcode:12639
2026-05-26 16:15:55	INFO	AWT-EventQueue-0	Thread.getStackTrace(1559)	unregister slip, view id : 20863469
2026-05-26 16:15:55	INFO	AWT-EventQueue-0	Thread.getStackTrace(1559)	unregister slip progress, view id : 20863469
2026-05-27 10:02:43	INFO	AWT-EventQueue-0	Thread.getStackTrace(1559)	start slip view
2026-05-27 10:02:43	INFO	AWT-EventQueue-0	Thread.getStackTrace(1559)	create new SvTablePanel instance, view id :14749542
2026-05-27 10:02:43	INFO	AWT-EventQueue-0	Thread.getStackTrace(1559)	register slip progress, view id : 14749542
2026-05-27 10:02:43	INFO	SlipWinThread_com.huawei.u2000.ucbb.table.slip.SlipTableMsgService	Thread.getStackTrace(1559)	register slip , return result/ view id : 1 / 14749542
2026-05-27 10:02:44	INFO	SvTableMsgReceiver Thread-9192	Thread.getStackTrace(1559)	recieve message cmdcode:12639
2026-05-27 10:03:01	INFO	AWT-EventQueue-0	Thread.getStackTrace(1559)	unregister slip, view id : 14749542
2026-05-27 10:03:01	INFO	AWT-EventQueue-0	Thread.getStackTrace(1559)	unregister slip progress, view id : 14749542
2026-05-27 10:09:00	INFO	AWT-EventQueue-0	Thread.getStackTrace(1559)	create new SvTablePanel instance, view id :30668588
2026-05-27 10:09:00	INFO	AWT-EventQueue-0	Thread.getStackTrace(1559)	register slip progress, view id : 30668588
2026-05-27 10:09:00	INFO	SlipWinThread_com.huawei.u2000.ucbb.table.slip.SlipTableMsgService	Thread.getStackTrace(1559)	register slip , return result/ view id : 1 / 30668588
2026-05-27 10:09:01	INFO	SvTableMsgReceiver Thread-13679	Thread.getStackTrace(1559)	recieve message cmdcode:12639
2026-05-27 10:17:33	INFO	AWT-EventQueue-0	Thread.getStackTrace(1559)	unregister slip, view id : 30668588
2026-05-27 10:17:33	INFO	AWT-EventQueue-0	Thread.getStackTrace(1559)	unregister slip progress, view id : 30668588
2026-05-27 10:24:11	INFO	AWT-EventQueue-0	Thread.getStackTrace(1559)	create new SvTablePanel instance, view id :28129978
2026-05-27 10:24:11	INFO	AWT-EventQueue-0	Thread.getStackTrace(1559)	register slip progress, view id : 28129978
2026-05-27 10:24:11	INFO	SlipWinThread_com.huawei.u2000.ucbb.table.slip.SlipTableMsgService	Thread.getStackTrace(1559)	register slip , return result/ view id : 1 / 28129978
2026-05-27 10:24:12	INFO	SvTableMsgReceiver Thread-19321	Thread.getStackTrace(1559)	recieve message cmdcode:12639
2026-05-27 10:24:18	INFO	SvTableMsgReceiver Thread-19321	Thread.getStackTrace(1559)	recieve message cmdcode:12639
2026-05-27 10:25:48	INFO	SvTableMsgReceiver Thread-19321	Thread.getStackTrace(1559)	recieve message cmdcode:12639
2026-05-27 10:27:17	INFO	SvTableMsgReceiver Thread-19321	Thread.getStackTrace(1559)	recieve message cmdcode:12639
2026-05-27 10:27:20	INFO	SvTableMsgReceiver Thread-19321	Thread.getStackTrace(1559)	recieve message cmdcode:12639
2026-05-27 10:27:23	INFO	SvTableMsgReceiver Thread-19321	Thread.getStackTrace(1559)	recieve message cmdcode:12639
2026-05-27 10:30:05	INFO	AWT-EventQueue-0	Thread.getStackTrace(1559)	unregister slip, view id : 28129978
2026-05-27 10:30:05	INFO	AWT-EventQueue-0	Thread.getStackTrace(1559)	unregister slip progress, view id : 28129978
2026-05-27 10:30:42	INFO	AWT-EventQueue-0	Thread.getStackTrace(1559)	create new SvTablePanel instance, view id :3056498
2026-05-27 10:30:42	INFO	AWT-EventQueue-0	Thread.getStackTrace(1559)	register slip progress, view id : 3056498
2026-05-27 10:30:42	INFO	SlipWinThread_com.huawei.u2000.ucbb.table.slip.SlipTableMsgService	Thread.getStackTrace(1559)	register slip , return result/ view id : 1 / 3056498
2026-05-27 10:30:46	INFO	SvTableMsgReceiver Thread-25607	Thread.getStackTrace(1559)	recieve message cmdcode:12639
2026-05-27 10:30:51	INFO	SvTableMsgReceiver Thread-25607	Thread.getStackTrace(1559)	recieve message cmdcode:12639
2026-05-27 10:30:53	INFO	SvTableMsgReceiver Thread-25607	Thread.getStackTrace(1559)	recieve message cmdcode:12639
2026-05-27 10:30:54	INFO	AWT-EventQueue-0	Thread.getStackTrace(1559)	unregister slip, view id : 3056498
2026-05-27 10:30:54	INFO	AWT-EventQueue-0	Thread.getStackTrace(1559)	unregister slip progress, view id : 3056498
2026-05-27 10:31:13	INFO	AWT-EventQueue-0	Thread.getStackTrace(1559)	create new SvTablePanel instance, view id :22211201
2026-05-27 10:31:13	INFO	AWT-EventQueue-0	Thread.getStackTrace(1559)	register slip progress, view id : 22211201
2026-05-27 10:31:13	INFO	SlipWinThread_com.huawei.u2000.ucbb.table.slip.SlipTableMsgService	Thread.getStackTrace(1559)	register slip , return result/ view id : 1 / 22211201
2026-05-27 10:31:14	INFO	SvTableMsgReceiver Thread-27670	Thread.getStackTrace(1559)	recieve message cmdcode:12639
2026-05-27 10:31:55	INFO	SvTableMsgReceiver Thread-27670	Thread.getStackTrace(1559)	recieve message cmdcode:12639
2026-05-27 10:54:59	INFO	AWT-EventQueue-0	Thread.getStackTrace(1559)	unregister slip, view id : 22211201
2026-05-27 10:54:59	INFO	AWT-EventQueue-0	Thread.getStackTrace(1559)	unregister slip progress, view id : 22211201
2026-05-27 10:55:51	INFO	AWT-EventQueue-0	Thread.getStackTrace(1559)	create new SvTablePanel instance, view id :17180360
2026-05-27 10:55:51	INFO	AWT-EventQueue-0	Thread.getStackTrace(1559)	register slip progress, view id : 17180360
2026-05-27 10:55:51	INFO	SlipWinThread_com.huawei.u2000.ucbb.table.slip.SlipTableMsgService	Thread.getStackTrace(1559)	register slip , return result/ view id : 1 / 17180360
2026-05-27 10:55:52	INFO	SvTableMsgReceiver Thread-33318	Thread.getStackTrace(1559)	recieve message cmdcode:12639
2026-05-27 11:21:39	INFO	AWT-EventQueue-0	Thread.getStackTrace(1559)	unregister slip, view id : 17180360
2026-05-27 11:21:39	INFO	AWT-EventQueue-0	Thread.getStackTrace(1559)	unregister slip progress, view id : 17180360
2026-05-27 13:36:55	INFO	AWT-EventQueue-0	Thread.getStackTrace(1559)	create new SvTablePanel instance, view id :27099662
2026-05-27 13:36:55	INFO	AWT-EventQueue-0	Thread.getStackTrace(1559)	register slip progress, view id : 27099662
2026-05-27 13:36:55	INFO	SlipWinThread_com.huawei.u2000.ucbb.table.slip.SlipTableMsgService	Thread.getStackTrace(1559)	register slip , return result/ view id : 1 / 27099662
2026-05-27 13:36:56	INFO	SvTableMsgReceiver Thread-41056	Thread.getStackTrace(1559)	recieve message cmdcode:12639
2026-05-27 13:38:54	INFO	AWT-EventQueue-0	Thread.getStackTrace(1559)	unregister slip, view id : 27099662
2026-05-27 13:38:54	INFO	AWT-EventQueue-0	Thread.getStackTrace(1559)	unregister slip progress, view id : 27099662
2026-05-27 13:39:01	INFO	AWT-EventQueue-0	Thread.getStackTrace(1559)	create new SvTablePanel instance, view id :11060534
2026-05-27 13:39:01	INFO	AWT-EventQueue-0	Thread.getStackTrace(1559)	register slip progress, view id : 11060534
2026-05-27 13:39:01	INFO	SlipWinThread_com.huawei.u2000.ucbb.table.slip.SlipTableMsgService	Thread.getStackTrace(1559)	register slip , return result/ view id : 1 / 11060534
2026-05-27 13:39:02	INFO	SvTableMsgReceiver Thread-45035	Thread.getStackTrace(1559)	recieve message cmdcode:12639
2026-05-27 13:39:20	INFO	AWT-EventQueue-0	Thread.getStackTrace(1559)	unregister slip, view id : 11060534
2026-05-27 13:39:20	INFO	AWT-EventQueue-0	Thread.getStackTrace(1559)	unregister slip progress, view id : 11060534
2026-05-27 13:39:20	INFO	AWT-EventQueue-0	Thread.getStackTrace(1559)	create new SvTablePanel instance, view id :6514387
2026-05-27 13:39:20	INFO	AWT-EventQueue-0	Thread.getStackTrace(1559)	register slip progress, view id : 6514387
2026-05-27 13:39:20	INFO	SlipWinThread_com.huawei.u2000.ucbb.table.slip.SlipTableMsgService	Thread.getStackTrace(1559)	register slip , return result/ view id : 1 / 6514387
2026-05-27 13:39:21	INFO	SvTableMsgReceiver Thread-46640	Thread.getStackTrace(1559)	recieve message cmdcode:12639
2026-05-27 13:39:58	INFO	SvTableMsgReceiver Thread-46640	Thread.getStackTrace(1559)	recieve message cmdcode:12639
2026-05-27 13:40:01	INFO	SvTableMsgReceiver Thread-46640	Thread.getStackTrace(1559)	recieve message cmdcode:12639
2026-05-27 13:40:03	INFO	SvTableMsgReceiver Thread-46640	Thread.getStackTrace(1559)	recieve message cmdcode:12639
2026-05-27 13:40:05	INFO	SvTableMsgReceiver Thread-46640	Thread.getStackTrace(1559)	recieve message cmdcode:12639
2026-05-27 13:40:07	INFO	SvTableMsgReceiver Thread-46640	Thread.getStackTrace(1559)	recieve message cmdcode:12639
2026-05-27 13:40:08	INFO	AWT-EventQueue-0	Thread.getStackTrace(1559)	unregister slip, view id : 6514387
2026-05-27 13:40:08	INFO	AWT-EventQueue-0	Thread.getStackTrace(1559)	unregister slip progress, view id : 6514387
2026-05-27 13:41:48	INFO	AWT-EventQueue-0	Thread.getStackTrace(1559)	create new SvTablePanel instance, view id :4360995
2026-05-27 13:41:48	INFO	AWT-EventQueue-0	Thread.getStackTrace(1559)	register slip progress, view id : 4360995
2026-05-27 13:41:48	INFO	SlipWinThread_com.huawei.u2000.ucbb.table.slip.SlipTableMsgService	Thread.getStackTrace(1559)	register slip , return result/ view id : 1 / 4360995
2026-05-27 13:41:49	INFO	SvTableMsgReceiver Thread-49677	Thread.getStackTrace(1559)	recieve message cmdcode:12639
2026-05-27 13:42:21	INFO	SvTableMsgReceiver Thread-49677	Thread.getStackTrace(1559)	recieve message cmdcode:12639
2026-05-27 13:42:21	INFO	SvTableMsgReceiver Thread-49677	Thread.getStackTrace(1559)	can not find SvTablePanel : 32479459
2026-05-27 13:42:24	INFO	SvTableMsgReceiver Thread-49677	Thread.getStackTrace(1559)	recieve message cmdcode:12639
2026-05-27 13:42:24	INFO	SvTableMsgReceiver Thread-49677	Thread.getStackTrace(1559)	can not find SvTablePanel : 21462422
2026-05-27 13:42:27	INFO	AWT-EventQueue-0	Thread.getStackTrace(1559)	unregister slip, view id : 4360995
2026-05-27 13:42:27	INFO	AWT-EventQueue-0	Thread.getStackTrace(1559)	unregister slip progress, view id : 4360995
2026-05-27 13:43:23	INFO	AWT-EventQueue-0	Thread.getStackTrace(1559)	create new SvTablePanel instance, view id :7392921
2026-05-27 13:43:23	INFO	AWT-EventQueue-0	Thread.getStackTrace(1559)	register slip progress, view id : 7392921
2026-05-27 13:43:23	INFO	SlipWinThread_com.huawei.u2000.ucbb.table.slip.SlipTableMsgService	Thread.getStackTrace(1559)	register slip , return result/ view id : 1 / 7392921
2026-05-27 13:43:24	INFO	SvTableMsgReceiver Thread-54273	Thread.getStackTrace(1559)	recieve message cmdcode:12639
2026-05-27 13:43:27	INFO	SvTableMsgReceiver Thread-54273	Thread.getStackTrace(1559)	recieve message cmdcode:12639
2026-05-27 13:43:27	INFO	AWT-EventQueue-0	Thread.getStackTrace(1559)	unregister slip, view id : 7392921
2026-05-27 13:43:27	INFO	AWT-EventQueue-0	Thread.getStackTrace(1559)	unregister slip progress, view id : 7392921
2026-05-27 13:44:58	INFO	AWT-EventQueue-0	Thread.getStackTrace(1559)	create new SvTablePanel instance, view id :17612218
2026-05-27 13:44:58	INFO	AWT-EventQueue-0	Thread.getStackTrace(1559)	register slip progress, view id : 17612218
2026-05-27 13:44:58	INFO	SlipWinThread_com.huawei.u2000.ucbb.table.slip.SlipTableMsgService	Thread.getStackTrace(1559)	register slip , return result/ view id : 1 / 17612218
2026-05-27 13:44:59	INFO	SvTableMsgReceiver Thread-59367	Thread.getStackTrace(1559)	recieve message cmdcode:12639
2026-05-28 05:56:36	INFO	AWT-EventQueue-0	Thread.getStackTrace(1559)	start slip view
2026-05-28 05:56:36	INFO	AWT-EventQueue-0	Thread.getStackTrace(1559)	create new SvTablePanel instance, view id :29412382
2026-05-28 05:56:36	INFO	AWT-EventQueue-0	Thread.getStackTrace(1559)	create new SvTablePanel instance, view id :13390194
2026-05-28 05:56:36	INFO	AWT-EventQueue-0	Thread.getStackTrace(1559)	create new SvTablePanel instance, view id :535175
2026-05-28 05:56:36	INFO	AWT-EventQueue-0	Thread.getStackTrace(1559)	register slip progress, view id : 29412382
2026-05-28 05:56:36	INFO	SlipWinThread_com.huawei.u2000.pf.frame.ui.slipTable.SlipTableMsgService	Thread.getStackTrace(1559)	register slip , return result/ view id : 1 / 29412382
2026-05-28 05:56:40	INFO	AWT-EventQueue-0	Thread.getStackTrace(1559)	create new SvTablePanel instance, view id :6172095
2026-05-28 05:56:40	INFO	AWT-EventQueue-0	Thread.getStackTrace(1559)	create new SvTablePanel instance, view id :7724808
2026-05-28 05:56:40	INFO	AWT-EventQueue-0	Thread.getStackTrace(1559)	create new SvTablePanel instance, view id :9240051
2026-05-28 05:56:40	INFO	AWT-EventQueue-0	Thread.getStackTrace(1559)	register slip progress, view id : 6172095
2026-05-28 05:56:40	INFO	SlipWinThread_com.huawei.u2000.pf.frame.ui.slipTable.SlipTableMsgService	Thread.getStackTrace(1559)	register slip , return result/ view id : 1 / 6172095
2026-05-28 05:56:40	INFO	pool-15-thread-15	Thread.getStackTrace(1559)	unregister slip, view id : 29412382
2026-05-28 05:56:40	INFO	pool-15-thread-15	Thread.getStackTrace(1559)	unregister slip progress, view id : 29412382
2026-05-28 05:56:41	INFO	SvTableMsgReceiver Thread-7261	Thread.getStackTrace(1559)	recieve message cmdcode:12639
2026-05-28 05:56:42	INFO	AWT-EventQueue-0	Thread.getStackTrace(1559)	create new SvTablePanel instance, view id :31556380
2026-05-28 05:56:42	INFO	AWT-EventQueue-0	Thread.getStackTrace(1559)	create new SvTablePanel instance, view id :3570759
2026-05-28 05:56:42	INFO	AWT-EventQueue-0	Thread.getStackTrace(1559)	create new SvTablePanel instance, view id :3650978
2026-05-28 05:56:42	INFO	AWT-EventQueue-0	Thread.getStackTrace(1559)	register slip progress, view id : 31556380
2026-05-28 05:56:42	INFO	SlipWinThread_com.huawei.u2000.pf.frame.ui.slipTable.SlipTableMsgService	Thread.getStackTrace(1559)	register slip , return result/ view id : 1 / 31556380
2026-05-28 05:56:43	INFO	SvTableMsgReceiver Thread-7261	Thread.getStackTrace(1559)	recieve message cmdcode:12639
2026-05-28 05:56:43	INFO	SvTableMsgReceiver Thread-7422	Thread.getStackTrace(1559)	recieve message cmdcode:12639
2026-05-28 05:56:44	INFO	AWT-EventQueue-0	Thread.getStackTrace(1559)	create new SvTablePanel instance, view id :16130649
2026-05-28 05:56:44	INFO	AWT-EventQueue-0	Thread.getStackTrace(1559)	create new SvTablePanel instance, view id :7206989
2026-05-28 05:56:44	INFO	AWT-EventQueue-0	Thread.getStackTrace(1559)	create new SvTablePanel instance, view id :5950413
2026-05-28 05:56:44	INFO	AWT-EventQueue-0	Thread.getStackTrace(1559)	register slip progress, view id : 16130649
2026-05-28 05:56:44	INFO	SlipWinThread_com.huawei.u2000.pf.frame.ui.slipTable.SlipTableMsgService	Thread.getStackTrace(1559)	register slip , return result/ view id : 1 / 16130649
2026-05-28 05:56:45	INFO	SvTableMsgReceiver Thread-7261	Thread.getStackTrace(1559)	recieve message cmdcode:12639
2026-05-28 05:56:45	INFO	SvTableMsgReceiver Thread-7422	Thread.getStackTrace(1559)	recieve message cmdcode:12639
2026-05-28 05:56:45	INFO	SvTableMsgReceiver Thread-7614	Thread.getStackTrace(1559)	recieve message cmdcode:12639
2026-05-28 05:57:08	INFO	AWT-EventQueue-0	Thread.getStackTrace(1559)	register slip progress, view id : 7206989
2026-05-28 05:57:08	INFO	SlipWinThread_com.huawei.u2000.pf.frame.ui.slipTable.SlipTableMsgService	Thread.getStackTrace(1559)	register slip , return result/ view id : 1 / 7206989
2026-05-28 05:57:09	INFO	SvTableMsgReceiver Thread-7261	Thread.getStackTrace(1559)	recieve message cmdcode:12639
2026-05-28 05:57:09	INFO	SvTableMsgReceiver Thread-7422	Thread.getStackTrace(1559)	recieve message cmdcode:12639
2026-05-28 05:57:09	INFO	SvTableMsgReceiver Thread-7614	Thread.getStackTrace(1559)	recieve message cmdcode:12639
2026-05-28 05:57:09	INFO	SvTableMsgReceiver Thread-7615	Thread.getStackTrace(1559)	recieve message cmdcode:12639
2026-05-28 05:57:10	INFO	AWT-EventQueue-0	Thread.getStackTrace(1559)	register slip progress, view id : 5950413
2026-05-28 05:57:10	INFO	SlipWinThread_com.huawei.u2000.pf.frame.ui.slipTable.SlipTableMsgService	Thread.getStackTrace(1559)	register slip , return result/ view id : 1 / 5950413
2026-05-28 05:57:13	INFO	SvTableMsgReceiver Thread-7261	Thread.getStackTrace(1559)	recieve message cmdcode:12639
2026-05-28 05:57:13	INFO	SvTableMsgReceiver Thread-7422	Thread.getStackTrace(1559)	recieve message cmdcode:12639
2026-05-28 05:57:13	INFO	SvTableMsgReceiver Thread-7614	Thread.getStackTrace(1559)	recieve message cmdcode:12639
2026-05-28 05:57:13	INFO	SvTableMsgReceiver Thread-7616	Thread.getStackTrace(1559)	recieve message cmdcode:12639
2026-05-28 05:57:13	INFO	SvTableMsgReceiver Thread-7615	Thread.getStackTrace(1559)	recieve message cmdcode:12639
2026-05-28 05:57:25	INFO	SvTableMsgReceiver Thread-7261	Thread.getStackTrace(1559)	recieve message cmdcode:12639
2026-05-28 05:57:25	INFO	SvTableMsgReceiver Thread-7422	Thread.getStackTrace(1559)	recieve message cmdcode:12639
2026-05-28 05:57:25	INFO	SvTableMsgReceiver Thread-7614	Thread.getStackTrace(1559)	recieve message cmdcode:12639
2026-05-28 05:57:25	INFO	SvTableMsgReceiver Thread-7616	Thread.getStackTrace(1559)	recieve message cmdcode:12639
2026-05-28 05:57:25	INFO	SvTableMsgReceiver Thread-7615	Thread.getStackTrace(1559)	recieve message cmdcode:12639
2026-05-28 05:57:29	INFO	SvTableMsgReceiver Thread-7261	Thread.getStackTrace(1559)	recieve message cmdcode:12639
2026-05-28 05:57:29	INFO	SvTableMsgReceiver Thread-7422	Thread.getStackTrace(1559)	recieve message cmdcode:12639
2026-05-28 05:57:29	INFO	SvTableMsgReceiver Thread-7614	Thread.getStackTrace(1559)	recieve message cmdcode:12639
2026-05-28 05:57:29	INFO	SvTableMsgReceiver Thread-7615	Thread.getStackTrace(1559)	recieve message cmdcode:12639
2026-05-28 05:57:29	INFO	SvTableMsgReceiver Thread-7616	Thread.getStackTrace(1559)	recieve message cmdcode:12639
2026-05-28 06:14:15	INFO	SvTableMsgReceiver Thread-7261	Thread.getStackTrace(1559)	recieve message cmdcode:12639
2026-05-28 06:14:15	INFO	SvTableMsgReceiver Thread-7614	Thread.getStackTrace(1559)	recieve message cmdcode:12639
2026-05-28 06:14:15	INFO	SvTableMsgReceiver Thread-7616	Thread.getStackTrace(1559)	recieve message cmdcode:12639
2026-05-28 06:14:15	INFO	SvTableMsgReceiver Thread-7615	Thread.getStackTrace(1559)	recieve message cmdcode:12639
2026-05-28 06:14:15	INFO	SvTableMsgReceiver Thread-7422	Thread.getStackTrace(1559)	recieve message cmdcode:12639
2026-05-28 06:14:16	INFO	SvTableMsgReceiver Thread-7261	Thread.getStackTrace(1559)	recieve message cmdcode:12639
2026-05-28 06:14:16	INFO	SvTableMsgReceiver Thread-7614	Thread.getStackTrace(1559)	recieve message cmdcode:12639
2026-05-28 06:14:16	INFO	SvTableMsgReceiver Thread-7616	Thread.getStackTrace(1559)	recieve message cmdcode:12639
2026-05-28 06:14:16	INFO	SvTableMsgReceiver Thread-7615	Thread.getStackTrace(1559)	recieve message cmdcode:12639
2026-05-28 06:14:16	INFO	SvTableMsgReceiver Thread-7422	Thread.getStackTrace(1559)	recieve message cmdcode:12639
2026-05-28 06:14:27	INFO	AWT-EventQueue-0	Thread.getStackTrace(1559)	create new SvTablePanel instance, view id :16922787
2026-05-28 06:14:27	INFO	AWT-EventQueue-0	Thread.getStackTrace(1559)	create new SvTablePanel instance, view id :23158448
2026-05-28 06:14:27	INFO	AWT-EventQueue-0	Thread.getStackTrace(1559)	create new SvTablePanel instance, view id :12720946
2026-05-28 06:14:27	INFO	AWT-EventQueue-0	Thread.getStackTrace(1559)	register slip progress, view id : 16922787
2026-05-28 06:14:27	INFO	SlipWinThread_com.huawei.u2000.pf.frame.ui.slipTable.SlipTableMsgService	Thread.getStackTrace(1559)	register slip , return result/ view id : 1 / 16922787
2026-05-28 06:14:29	INFO	AWT-EventQueue-0	Thread.getStackTrace(1559)	create new SvTablePanel instance, view id :21678516
2026-05-28 06:14:29	INFO	AWT-EventQueue-0	Thread.getStackTrace(1559)	create new SvTablePanel instance, view id :32131574
2026-05-28 06:14:29	INFO	AWT-EventQueue-0	Thread.getStackTrace(1559)	create new SvTablePanel instance, view id :33440936
2026-05-28 06:14:29	INFO	AWT-EventQueue-0	Thread.getStackTrace(1559)	register slip progress, view id : 21678516
2026-05-28 06:14:29	INFO	SlipWinThread_com.huawei.u2000.pf.frame.ui.slipTable.SlipTableMsgService	Thread.getStackTrace(1559)	register slip , return result/ view id : 1 / 21678516
2026-05-28 06:14:46	INFO	SvTableMsgReceiver Thread-7261	Thread.getStackTrace(1559)	recieve message cmdcode:12639
2026-05-28 06:14:46	INFO	SvTableMsgReceiver Thread-7422	Thread.getStackTrace(1559)	recieve message cmdcode:12639
2026-05-28 06:14:46	INFO	SvTableMsgReceiver Thread-14037	Thread.getStackTrace(1559)	recieve message cmdcode:12639
2026-05-28 06:14:46	INFO	SvTableMsgReceiver Thread-7616	Thread.getStackTrace(1559)	recieve message cmdcode:12639
2026-05-28 06:14:46	INFO	SvTableMsgReceiver Thread-7615	Thread.getStackTrace(1559)	recieve message cmdcode:12639
2026-05-28 06:14:46	INFO	SvTableMsgReceiver Thread-7614	Thread.getStackTrace(1559)	recieve message cmdcode:12639
2026-05-28 06:14:46	INFO	SvTableMsgReceiver Thread-14150	Thread.getStackTrace(1559)	recieve message cmdcode:12639
2026-05-28 06:14:48	INFO	SvTableMsgReceiver Thread-7261	Thread.getStackTrace(1559)	recieve message cmdcode:12639
2026-05-28 06:14:48	INFO	SvTableMsgReceiver Thread-7614	Thread.getStackTrace(1559)	recieve message cmdcode:12639
2026-05-28 06:14:48	INFO	SvTableMsgReceiver Thread-14037	Thread.getStackTrace(1559)	recieve message cmdcode:12639
2026-05-28 06:14:48	INFO	SvTableMsgReceiver Thread-7615	Thread.getStackTrace(1559)	recieve message cmdcode:12639
2026-05-28 06:14:48	INFO	SvTableMsgReceiver Thread-7422	Thread.getStackTrace(1559)	recieve message cmdcode:12639
2026-05-28 06:14:48	INFO	SvTableMsgReceiver Thread-7616	Thread.getStackTrace(1559)	recieve message cmdcode:12639
2026-05-28 06:14:48	INFO	SvTableMsgReceiver Thread-14150	Thread.getStackTrace(1559)	recieve message cmdcode:12639
2026-05-28 07:07:52	INFO	AWT-EventQueue-0	Thread.getStackTrace(1559)	create new SvTablePanel instance, view id :23839810
2026-05-28 07:07:52	INFO	AWT-EventQueue-0	Thread.getStackTrace(1559)	register slip progress, view id : 23839810
2026-05-28 07:07:52	INFO	SlipWinThread_com.huawei.u2000.ucbb.table.slip.SlipTableMsgService	Thread.getStackTrace(1559)	register slip , return result/ view id : 1 / 23839810
2026-05-28 07:08:33	INFO	AWT-EventQueue-0	Thread.getStackTrace(1559)	unregister slip, view id : 23839810
2026-05-28 07:08:33	INFO	AWT-EventQueue-0	Thread.getStackTrace(1559)	unregister slip progress, view id : 23839810
2026-05-28 07:09:03	INFO	AWT-EventQueue-0	Thread.getStackTrace(1559)	create new SvTablePanel instance, view id :10949753
2026-05-28 07:09:03	INFO	AWT-EventQueue-0	Thread.getStackTrace(1559)	register slip progress, view id : 10949753
2026-05-28 07:09:03	INFO	SlipWinThread_com.huawei.u2000.ucbb.table.slip.SlipTableMsgService	Thread.getStackTrace(1559)	register slip , return result/ view id : 1 / 10949753
2026-05-28 07:11:27	INFO	AWT-EventQueue-0	Thread.getStackTrace(1559)	unregister slip, view id : 10949753
2026-05-28 07:11:27	INFO	AWT-EventQueue-0	Thread.getStackTrace(1559)	unregister slip progress, view id : 10949753
2026-05-28 07:11:36	INFO	AWT-EventQueue-0	Thread.getStackTrace(1559)	create new SvTablePanel instance, view id :9926971
2026-05-28 07:11:36	INFO	AWT-EventQueue-0	Thread.getStackTrace(1559)	register slip progress, view id : 9926971
2026-05-28 07:11:36	INFO	SlipWinThread_com.huawei.u2000.ucbb.table.slip.SlipTableMsgService	Thread.getStackTrace(1559)	register slip , return result/ view id : 1 / 9926971
2026-05-28 07:14:44	INFO	AWT-EventQueue-0	Thread.getStackTrace(1559)	unregister slip, view id : 9926971
2026-05-28 07:14:44	INFO	AWT-EventQueue-0	Thread.getStackTrace(1559)	unregister slip progress, view id : 9926971
2026-05-28 07:15:18	INFO	AWT-EventQueue-0	Thread.getStackTrace(1559)	create new SvTablePanel instance, view id :24456227
2026-05-28 07:15:19	INFO	AWT-EventQueue-0	Thread.getStackTrace(1559)	register slip progress, view id : 24456227
2026-05-28 07:15:19	INFO	SlipWinThread_com.huawei.u2000.ucbb.table.slip.SlipTableMsgService	Thread.getStackTrace(1559)	register slip , return result/ view id : 1 / 24456227
2026-05-28 07:38:37	INFO	AWT-EventQueue-0	Thread.getStackTrace(1559)	unregister slip, view id : 24456227
2026-05-28 07:38:37	INFO	AWT-EventQueue-0	Thread.getStackTrace(1559)	unregister slip progress, view id : 24456227
2026-05-28 07:38:37	INFO	AWT-EventQueue-0	Thread.getStackTrace(1559)	create new SvTablePanel instance, view id :1984471
2026-05-28 07:38:37	INFO	AWT-EventQueue-0	Thread.getStackTrace(1559)	register slip progress, view id : 1984471
2026-05-28 07:38:37	INFO	SlipWinThread_com.huawei.u2000.ucbb.table.slip.SlipTableMsgService	Thread.getStackTrace(1559)	register slip , return result/ view id : 1 / 1984471
2026-05-28 07:38:38	INFO	SvTableMsgReceiver Thread-7261	Thread.getStackTrace(1559)	recieve message cmdcode:12639
2026-05-28 07:38:38	INFO	SvTableMsgReceiver Thread-7422	Thread.getStackTrace(1559)	recieve message cmdcode:12639
2026-05-28 07:38:38	INFO	SvTableMsgReceiver Thread-7614	Thread.getStackTrace(1559)	recieve message cmdcode:12639
2026-05-28 07:38:38	INFO	SvTableMsgReceiver Thread-7615	Thread.getStackTrace(1559)	recieve message cmdcode:12639
2026-05-28 07:38:38	INFO	SvTableMsgReceiver Thread-14150	Thread.getStackTrace(1559)	recieve message cmdcode:12639
2026-05-28 07:38:38	INFO	SvTableMsgReceiver Thread-14037	Thread.getStackTrace(1559)	recieve message cmdcode:12639
2026-05-28 07:38:38	INFO	SvTableMsgReceiver Thread-7616	Thread.getStackTrace(1559)	recieve message cmdcode:12639
2026-05-28 07:38:38	INFO	SvTableMsgReceiver Thread-54104	Thread.getStackTrace(1559)	recieve message cmdcode:12639
2026-05-28 07:44:25	INFO	AWT-EventQueue-0	Thread.getStackTrace(1559)	create new SvTablePanel instance, view id :923894
2026-05-28 07:44:25	INFO	AWT-EventQueue-0	Thread.getStackTrace(1559)	create new SvTablePanel instance, view id :5566576
2026-05-28 07:44:25	INFO	AWT-EventQueue-0	Thread.getStackTrace(1559)	create new SvTablePanel instance, view id :12459221
2026-05-28 07:44:25	INFO	AWT-EventQueue-0	Thread.getStackTrace(1559)	register slip progress, view id : 923894
2026-05-28 07:44:25	INFO	SlipWinThread_com.huawei.u2000.pf.frame.ui.slipTable.SlipTableMsgService	Thread.getStackTrace(1559)	register slip , return result/ view id : 1 / 923894
2026-05-28 07:55:17	INFO	AWT-EventQueue-0	Thread.getStackTrace(1559)	create new SvTablePanel instance, view id :8480928
2026-05-28 07:55:17	INFO	AWT-EventQueue-0	Thread.getStackTrace(1559)	register slip progress, view id : 8480928
2026-05-28 07:55:17	INFO	SlipWinThread_com.huawei.u2000.ucbb.table.slip.SlipTableMsgService	Thread.getStackTrace(1559)	register slip , return result/ view id : 1 / 8480928
2026-05-28 07:55:18	INFO	SvTableMsgReceiver Thread-7261	Thread.getStackTrace(1559)	recieve message cmdcode:12639
2026-05-28 07:55:18	INFO	SvTableMsgReceiver Thread-7614	Thread.getStackTrace(1559)	recieve message cmdcode:12639
2026-05-28 07:55:18	INFO	SvTableMsgReceiver Thread-7616	Thread.getStackTrace(1559)	recieve message cmdcode:12639
2026-05-28 07:55:18	INFO	SvTableMsgReceiver Thread-7615	Thread.getStackTrace(1559)	recieve message cmdcode:12639
2026-05-28 07:55:18	INFO	SvTableMsgReceiver Thread-7422	Thread.getStackTrace(1559)	recieve message cmdcode:12639
2026-05-28 07:55:18	INFO	SvTableMsgReceiver Thread-54104	Thread.getStackTrace(1559)	recieve message cmdcode:12639
2026-05-28 07:55:18	INFO	SvTableMsgReceiver Thread-14150	Thread.getStackTrace(1559)	recieve message cmdcode:12639
2026-05-28 07:55:18	INFO	SvTableMsgReceiver Thread-14037	Thread.getStackTrace(1559)	recieve message cmdcode:12639
2026-05-28 07:55:18	INFO	SvTableMsgReceiver Thread-69001	Thread.getStackTrace(1559)	recieve message cmdcode:12639
2026-05-28 07:55:18	INFO	SvTableMsgReceiver Thread-63852	Thread.getStackTrace(1559)	recieve message cmdcode:12639
2026-05-28 07:56:28	INFO	AWT-EventQueue-0	Thread.getStackTrace(1559)	register slip progress, view id : 7724808
2026-05-28 07:56:28	INFO	SlipWinThread_com.huawei.u2000.pf.frame.ui.slipTable.SlipTableMsgService	Thread.getStackTrace(1559)	register slip , return result/ view id : 1 / 7724808
2026-05-28 07:56:29	INFO	SvTableMsgReceiver Thread-7261	Thread.getStackTrace(1559)	recieve message cmdcode:12639
2026-05-28 07:56:29	INFO	SvTableMsgReceiver Thread-7422	Thread.getStackTrace(1559)	recieve message cmdcode:12639
2026-05-28 07:56:29	INFO	SvTableMsgReceiver Thread-14150	Thread.getStackTrace(1559)	recieve message cmdcode:12639
2026-05-28 07:56:29	INFO	SvTableMsgReceiver Thread-7616	Thread.getStackTrace(1559)	recieve message cmdcode:12639
2026-05-28 07:56:29	INFO	SvTableMsgReceiver Thread-14037	Thread.getStackTrace(1559)	recieve message cmdcode:12639
2026-05-28 07:56:29	INFO	SvTableMsgReceiver Thread-7614	Thread.getStackTrace(1559)	recieve message cmdcode:12639
2026-05-28 07:56:29	INFO	SvTableMsgReceiver Thread-7615	Thread.getStackTrace(1559)	recieve message cmdcode:12639
2026-05-28 07:56:29	INFO	SvTableMsgReceiver Thread-7262	Thread.getStackTrace(1559)	recieve message cmdcode:12639
2026-05-28 07:56:29	INFO	SvTableMsgReceiver Thread-69001	Thread.getStackTrace(1559)	recieve message cmdcode:12639
2026-05-28 07:56:29	INFO	SvTableMsgReceiver Thread-63852	Thread.getStackTrace(1559)	recieve message cmdcode:12639
2026-05-28 07:56:29	INFO	SvTableMsgReceiver Thread-54104	Thread.getStackTrace(1559)	recieve message cmdcode:12639
2026-05-28 09:58:53	INFO	AWT-EventQueue-0	Thread.getStackTrace(1559)	unregister slip, view id : 1984471
2026-05-28 09:58:53	INFO	AWT-EventQueue-0	Thread.getStackTrace(1559)	unregister slip progress, view id : 1984471
2026-05-28 10:03:50	INFO	AWT-EventQueue-0	Thread.getStackTrace(1559)	create new SvTablePanel instance, view id :4503868
2026-05-28 10:03:50	INFO	AWT-EventQueue-0	Thread.getStackTrace(1559)	register slip progress, view id : 4503868
2026-05-28 10:03:50	INFO	SlipWinThread_com.huawei.u2000.ucbb.table.slip.SlipTableMsgService	Thread.getStackTrace(1559)	register slip , return result/ view id : 1 / 4503868
2026-05-28 10:03:51	INFO	SvTableMsgReceiver Thread-7614	Thread.getStackTrace(1559)	recieve message cmdcode:12639
2026-05-28 10:03:51	INFO	SvTableMsgReceiver Thread-7261	Thread.getStackTrace(1559)	recieve message cmdcode:12639
2026-05-28 10:03:51	INFO	SvTableMsgReceiver Thread-14150	Thread.getStackTrace(1559)	recieve message cmdcode:12639
2026-05-28 10:03:51	INFO	SvTableMsgReceiver Thread-63852	Thread.getStackTrace(1559)	recieve message cmdcode:12639
2026-05-28 10:03:51	INFO	SvTableMsgReceiver Thread-77777	Thread.getStackTrace(1559)	recieve message cmdcode:12639
2026-05-28 10:03:51	INFO	SvTableMsgReceiver Thread-14037	Thread.getStackTrace(1559)	recieve message cmdcode:12639
2026-05-28 10:03:51	INFO	SvTableMsgReceiver Thread-7616	Thread.getStackTrace(1559)	recieve message cmdcode:12639
2026-05-28 10:03:51	INFO	SvTableMsgReceiver Thread-7615	Thread.getStackTrace(1559)	recieve message cmdcode:12639
2026-05-28 10:03:51	INFO	SvTableMsgReceiver Thread-7422	Thread.getStackTrace(1559)	recieve message cmdcode:12639
2026-05-28 10:03:51	INFO	SvTableMsgReceiver Thread-7262	Thread.getStackTrace(1559)	recieve message cmdcode:12639
2026-05-28 10:03:51	INFO	SvTableMsgReceiver Thread-69001	Thread.getStackTrace(1559)	recieve message cmdcode:12639
2026-05-28 10:08:10	INFO	AWT-EventQueue-0	Thread.getStackTrace(1559)	unregister slip, view id : 4503868
2026-05-28 10:08:10	INFO	AWT-EventQueue-0	Thread.getStackTrace(1559)	unregister slip progress, view id : 4503868
2026-05-28 10:17:11	INFO	AWT-EventQueue-0	Thread.getStackTrace(1559)	create new SvTablePanel instance, view id :16045287
2026-05-28 10:17:11	INFO	AWT-EventQueue-0	Thread.getStackTrace(1559)	register slip progress, view id : 16045287
2026-05-28 10:17:11	INFO	SlipWinThread_com.huawei.u2000.ucbb.table.slip.SlipTableMsgService	Thread.getStackTrace(1559)	register slip , return result/ view id : 1 / 16045287
2026-05-28 10:17:12	INFO	SvTableMsgReceiver Thread-7422	Thread.getStackTrace(1559)	recieve message cmdcode:12639
2026-05-28 10:17:12	INFO	SvTableMsgReceiver Thread-7261	Thread.getStackTrace(1559)	recieve message cmdcode:12639
2026-05-28 10:17:12	INFO	SvTableMsgReceiver Thread-14150	Thread.getStackTrace(1559)	recieve message cmdcode:12639
2026-05-28 10:17:12	INFO	SvTableMsgReceiver Thread-14037	Thread.getStackTrace(1559)	recieve message cmdcode:12639
2026-05-28 10:17:12	INFO	SvTableMsgReceiver Thread-7616	Thread.getStackTrace(1559)	recieve message cmdcode:12639
2026-05-28 10:17:12	INFO	SvTableMsgReceiver Thread-7615	Thread.getStackTrace(1559)	recieve message cmdcode:12639
2026-05-28 10:17:12	INFO	SvTableMsgReceiver Thread-7614	Thread.getStackTrace(1559)	recieve message cmdcode:12639
2026-05-28 10:17:12	INFO	SvTableMsgReceiver Thread-81450	Thread.getStackTrace(1559)	recieve message cmdcode:12639
2026-05-28 10:17:12	INFO	SvTableMsgReceiver Thread-7262	Thread.getStackTrace(1559)	recieve message cmdcode:12639
2026-05-28 10:17:12	INFO	SvTableMsgReceiver Thread-69001	Thread.getStackTrace(1559)	recieve message cmdcode:12639
2026-05-28 10:17:12	INFO	SvTableMsgReceiver Thread-63852	Thread.getStackTrace(1559)	recieve message cmdcode:12639
2026-05-28 10:19:57	INFO	SvTableMsgReceiver Thread-7422	Thread.getStackTrace(1559)	recieve message cmdcode:12639
2026-05-28 10:19:57	INFO	SvTableMsgReceiver Thread-7614	Thread.getStackTrace(1559)	recieve message cmdcode:12639
2026-05-28 10:19:57	INFO	SvTableMsgReceiver Thread-14150	Thread.getStackTrace(1559)	recieve message cmdcode:12639
2026-05-28 10:19:57	INFO	SvTableMsgReceiver Thread-7261	Thread.getStackTrace(1559)	recieve message cmdcode:12639
2026-05-28 10:19:57	INFO	SvTableMsgReceiver Thread-7262	Thread.getStackTrace(1559)	recieve message cmdcode:12639
2026-05-28 10:19:57	INFO	SvTableMsgReceiver Thread-69001	Thread.getStackTrace(1559)	recieve message cmdcode:12639
2026-05-28 10:19:57	INFO	SvTableMsgReceiver Thread-63852	Thread.getStackTrace(1559)	recieve message cmdcode:12639
2026-05-28 10:19:57	INFO	SvTableMsgReceiver Thread-81450	Thread.getStackTrace(1559)	recieve message cmdcode:12639
2026-05-28 10:19:57	INFO	SvTableMsgReceiver Thread-7615	Thread.getStackTrace(1559)	recieve message cmdcode:12639
2026-05-28 10:19:57	INFO	SvTableMsgReceiver Thread-14037	Thread.getStackTrace(1559)	recieve message cmdcode:12639
2026-05-28 10:19:57	INFO	SvTableMsgReceiver Thread-7616	Thread.getStackTrace(1559)	recieve message cmdcode:12639
2026-05-28 10:29:08	INFO	AWT-EventQueue-0	Thread.getStackTrace(1559)	unregister slip, view id : 16045287
2026-05-28 10:29:08	INFO	AWT-EventQueue-0	Thread.getStackTrace(1559)	unregister slip progress, view id : 16045287
2026-05-28 10:29:09	INFO	SvTableMsgReceiver Thread-7422	Thread.getStackTrace(1559)	recieve message cmdcode:12639
2026-05-28 10:29:09	INFO	SvTableMsgReceiver Thread-7261	Thread.getStackTrace(1559)	recieve message cmdcode:12639
2026-05-28 10:29:09	INFO	SvTableMsgReceiver Thread-14037	Thread.getStackTrace(1559)	recieve message cmdcode:12639
2026-05-28 10:29:09	INFO	SvTableMsgReceiver Thread-14037	Thread.getStackTrace(1559)	can not find SvTablePanel : 16045287
2026-05-28 10:29:09	INFO	SvTableMsgReceiver Thread-7616	Thread.getStackTrace(1559)	recieve message cmdcode:12639
2026-05-28 10:29:09	INFO	SvTableMsgReceiver Thread-7615	Thread.getStackTrace(1559)	recieve message cmdcode:12639
2026-05-28 10:29:09	INFO	SvTableMsgReceiver Thread-7614	Thread.getStackTrace(1559)	recieve message cmdcode:12639
2026-05-28 10:29:09	INFO	SvTableMsgReceiver Thread-7614	Thread.getStackTrace(1559)	can not find SvTablePanel : 16045287
2026-05-28 10:29:09	INFO	SvTableMsgReceiver Thread-7422	Thread.getStackTrace(1559)	can not find SvTablePanel : 16045287
2026-05-28 10:29:09	INFO	SvTableMsgReceiver Thread-7615	Thread.getStackTrace(1559)	can not find SvTablePanel : 16045287
2026-05-28 10:29:09	INFO	SvTableMsgReceiver Thread-7616	Thread.getStackTrace(1559)	can not find SvTablePanel : 16045287
2026-05-28 10:29:09	INFO	SvTableMsgReceiver Thread-7262	Thread.getStackTrace(1559)	recieve message cmdcode:12639
2026-05-28 10:29:09	INFO	SvTableMsgReceiver Thread-7262	Thread.getStackTrace(1559)	can not find SvTablePanel : 16045287
2026-05-28 10:29:09	INFO	SvTableMsgReceiver Thread-63852	Thread.getStackTrace(1559)	recieve message cmdcode:12639
2026-05-28 10:29:09	INFO	SvTableMsgReceiver Thread-69001	Thread.getStackTrace(1559)	recieve message cmdcode:12639
2026-05-28 10:29:09	INFO	SvTableMsgReceiver Thread-14150	Thread.getStackTrace(1559)	recieve message cmdcode:12639
2026-05-28 10:29:09	INFO	SvTableMsgReceiver Thread-14150	Thread.getStackTrace(1559)	can not find SvTablePanel : 16045287
2026-05-28 10:29:09	INFO	SvTableMsgReceiver Thread-7261	Thread.getStackTrace(1559)	can not find SvTablePanel : 16045287
2026-05-28 10:29:09	INFO	SvTableMsgReceiver Thread-69001	Thread.getStackTrace(1559)	can not find SvTablePanel : 16045287
2026-05-28 10:29:09	INFO	SvTableMsgReceiver Thread-63852	Thread.getStackTrace(1559)	can not find SvTablePanel : 16045287
2026-05-28 10:29:31	INFO	AWT-EventQueue-0	Thread.getStackTrace(1559)	create new SvTablePanel instance, view id :1738935
2026-05-28 10:29:31	INFO	AWT-EventQueue-0	Thread.getStackTrace(1559)	register slip progress, view id : 1738935
2026-05-28 10:29:31	INFO	SlipWinThread_com.huawei.u2000.ucbb.table.slip.SlipTableMsgService	Thread.getStackTrace(1559)	register slip , return result/ view id : 1 / 1738935
2026-05-28 10:29:32	INFO	SvTableMsgReceiver Thread-7261	Thread.getStackTrace(1559)	recieve message cmdcode:12639
2026-05-28 10:29:32	INFO	SvTableMsgReceiver Thread-7422	Thread.getStackTrace(1559)	recieve message cmdcode:12639
2026-05-28 10:29:32	INFO	SvTableMsgReceiver Thread-7614	Thread.getStackTrace(1559)	recieve message cmdcode:12639
2026-05-28 10:29:32	INFO	SvTableMsgReceiver Thread-69001	Thread.getStackTrace(1559)	recieve message cmdcode:12639
2026-05-28 10:29:32	INFO	SvTableMsgReceiver Thread-7262	Thread.getStackTrace(1559)	recieve message cmdcode:12639
2026-05-28 10:29:32	INFO	SvTableMsgReceiver Thread-63852	Thread.getStackTrace(1559)	recieve message cmdcode:12639
2026-05-28 10:29:32	INFO	SvTableMsgReceiver Thread-14150	Thread.getStackTrace(1559)	recieve message cmdcode:12639
2026-05-28 10:29:32	INFO	SvTableMsgReceiver Thread-14037	Thread.getStackTrace(1559)	recieve message cmdcode:12639
2026-05-28 10:29:32	INFO	SvTableMsgReceiver Thread-7616	Thread.getStackTrace(1559)	recieve message cmdcode:12639
2026-05-28 10:29:32	INFO	SvTableMsgReceiver Thread-7615	Thread.getStackTrace(1559)	recieve message cmdcode:12639
2026-05-28 10:29:32	INFO	SvTableMsgReceiver Thread-83923	Thread.getStackTrace(1559)	recieve message cmdcode:12639
2026-05-28 10:31:48	INFO	SvTableMsgReceiver Thread-7261	Thread.getStackTrace(1559)	recieve message cmdcode:12639
2026-05-28 10:31:48	INFO	SvTableMsgReceiver Thread-7615	Thread.getStackTrace(1559)	recieve message cmdcode:12639
2026-05-28 10:31:48	INFO	SvTableMsgReceiver Thread-7262	Thread.getStackTrace(1559)	recieve message cmdcode:12639
2026-05-28 10:31:48	INFO	SvTableMsgReceiver Thread-7422	Thread.getStackTrace(1559)	recieve message cmdcode:12639
2026-05-28 10:31:48	INFO	SvTableMsgReceiver Thread-7614	Thread.getStackTrace(1559)	recieve message cmdcode:12639
2026-05-28 10:31:48	INFO	SvTableMsgReceiver Thread-69001	Thread.getStackTrace(1559)	recieve message cmdcode:12639
2026-05-28 10:31:48	INFO	SvTableMsgReceiver Thread-14150	Thread.getStackTrace(1559)	recieve message cmdcode:12639
2026-05-28 10:31:48	INFO	SvTableMsgReceiver Thread-63852	Thread.getStackTrace(1559)	recieve message cmdcode:12639
2026-05-28 10:31:48	INFO	SvTableMsgReceiver Thread-14037	Thread.getStackTrace(1559)	recieve message cmdcode:12639
2026-05-28 10:31:48	INFO	SvTableMsgReceiver Thread-7616	Thread.getStackTrace(1559)	recieve message cmdcode:12639
2026-05-28 10:31:48	INFO	SvTableMsgReceiver Thread-83923	Thread.getStackTrace(1559)	recieve message cmdcode:12639
2026-05-28 10:31:50	INFO	SvTableMsgReceiver Thread-7261	Thread.getStackTrace(1559)	recieve message cmdcode:12639
2026-05-28 10:31:50	INFO	SvTableMsgReceiver Thread-7614	Thread.getStackTrace(1559)	recieve message cmdcode:12639
2026-05-28 10:31:50	INFO	SvTableMsgReceiver Thread-7262	Thread.getStackTrace(1559)	recieve message cmdcode:12639
2026-05-28 10:31:50	INFO	SvTableMsgReceiver Thread-63852	Thread.getStackTrace(1559)	recieve message cmdcode:12639
2026-05-28 10:31:50	INFO	SvTableMsgReceiver Thread-69001	Thread.getStackTrace(1559)	recieve message cmdcode:12639
2026-05-28 10:31:50	INFO	SvTableMsgReceiver Thread-14037	Thread.getStackTrace(1559)	recieve message cmdcode:12639
2026-05-28 10:31:50	INFO	SvTableMsgReceiver Thread-14150	Thread.getStackTrace(1559)	recieve message cmdcode:12639
2026-05-28 10:31:50	INFO	SvTableMsgReceiver Thread-7616	Thread.getStackTrace(1559)	recieve message cmdcode:12639
2026-05-28 10:31:50	INFO	SvTableMsgReceiver Thread-83923	Thread.getStackTrace(1559)	recieve message cmdcode:12639
2026-05-28 10:31:50	INFO	SvTableMsgReceiver Thread-7615	Thread.getStackTrace(1559)	recieve message cmdcode:12639
2026-05-28 10:31:50	INFO	SvTableMsgReceiver Thread-7422	Thread.getStackTrace(1559)	recieve message cmdcode:12639
2026-05-28 10:31:51	INFO	SvTableMsgReceiver Thread-7261	Thread.getStackTrace(1559)	recieve message cmdcode:12639
2026-05-28 10:31:51	INFO	SvTableMsgReceiver Thread-7422	Thread.getStackTrace(1559)	recieve message cmdcode:12639
2026-05-28 10:31:51	INFO	SvTableMsgReceiver Thread-7614	Thread.getStackTrace(1559)	recieve message cmdcode:12639
2026-05-28 10:31:51	INFO	SvTableMsgReceiver Thread-7616	Thread.getStackTrace(1559)	recieve message cmdcode:12639
2026-05-28 10:31:51	INFO	SvTableMsgReceiver Thread-7262	Thread.getStackTrace(1559)	recieve message cmdcode:12639
2026-05-28 10:31:51	INFO	SvTableMsgReceiver Thread-63852	Thread.getStackTrace(1559)	recieve message cmdcode:12639
2026-05-28 10:31:51	INFO	SvTableMsgReceiver Thread-69001	Thread.getStackTrace(1559)	recieve message cmdcode:12639
2026-05-28 10:31:51	INFO	SvTableMsgReceiver Thread-14037	Thread.getStackTrace(1559)	recieve message cmdcode:12639
2026-05-28 10:31:51	INFO	SvTableMsgReceiver Thread-14150	Thread.getStackTrace(1559)	recieve message cmdcode:12639
2026-05-28 10:31:51	INFO	SvTableMsgReceiver Thread-7615	Thread.getStackTrace(1559)	recieve message cmdcode:12639
2026-05-28 10:31:51	INFO	SvTableMsgReceiver Thread-83923	Thread.getStackTrace(1559)	recieve message cmdcode:12639
2026-05-28 10:31:53	INFO	SvTableMsgReceiver Thread-7261	Thread.getStackTrace(1559)	recieve message cmdcode:12639
2026-05-28 10:31:53	INFO	SvTableMsgReceiver Thread-7614	Thread.getStackTrace(1559)	recieve message cmdcode:12639
2026-05-28 10:31:53	INFO	SvTableMsgReceiver Thread-69001	Thread.getStackTrace(1559)	recieve message cmdcode:12639
2026-05-28 10:31:53	INFO	SvTableMsgReceiver Thread-7422	Thread.getStackTrace(1559)	recieve message cmdcode:12639
2026-05-28 10:31:53	INFO	SvTableMsgReceiver Thread-7262	Thread.getStackTrace(1559)	recieve message cmdcode:12639
2026-05-28 10:31:53	INFO	SvTableMsgReceiver Thread-63852	Thread.getStackTrace(1559)	recieve message cmdcode:12639
2026-05-28 10:31:53	INFO	SvTableMsgReceiver Thread-14150	Thread.getStackTrace(1559)	recieve message cmdcode:12639
2026-05-28 10:31:53	INFO	SvTableMsgReceiver Thread-14037	Thread.getStackTrace(1559)	recieve message cmdcode:12639
2026-05-28 10:31:53	INFO	SvTableMsgReceiver Thread-7616	Thread.getStackTrace(1559)	recieve message cmdcode:12639
2026-05-28 10:31:53	INFO	SvTableMsgReceiver Thread-7615	Thread.getStackTrace(1559)	recieve message cmdcode:12639
2026-05-28 10:31:53	INFO	SvTableMsgReceiver Thread-83923	Thread.getStackTrace(1559)	recieve message cmdcode:12639
2026-05-28 10:32:33	INFO	SvTableMsgReceiver Thread-7261	Thread.getStackTrace(1559)	recieve message cmdcode:12639
2026-05-28 10:32:33	INFO	SvTableMsgReceiver Thread-7422	Thread.getStackTrace(1559)	recieve message cmdcode:12639
2026-05-28 10:32:33	INFO	SvTableMsgReceiver Thread-63852	Thread.getStackTrace(1559)	recieve message cmdcode:12639
2026-05-28 10:32:33	INFO	SvTableMsgReceiver Thread-7262	Thread.getStackTrace(1559)	recieve message cmdcode:12639
2026-05-28 10:32:33	INFO	SvTableMsgReceiver Thread-69001	Thread.getStackTrace(1559)	recieve message cmdcode:12639
2026-05-28 10:32:33	INFO	SvTableMsgReceiver Thread-14150	Thread.getStackTrace(1559)	recieve message cmdcode:12639
2026-05-28 10:32:33	INFO	SvTableMsgReceiver Thread-7615	Thread.getStackTrace(1559)	recieve message cmdcode:12639
2026-05-28 10:32:33	INFO	SvTableMsgReceiver Thread-14037	Thread.getStackTrace(1559)	recieve message cmdcode:12639
2026-05-28 10:32:33	INFO	SvTableMsgReceiver Thread-7616	Thread.getStackTrace(1559)	recieve message cmdcode:12639
2026-05-28 10:32:33	INFO	SvTableMsgReceiver Thread-7614	Thread.getStackTrace(1559)	recieve message cmdcode:12639
2026-05-28 10:32:33	INFO	SvTableMsgReceiver Thread-83923	Thread.getStackTrace(1559)	recieve message cmdcode:12639
2026-05-28 10:45:22	INFO	AWT-EventQueue-0	Thread.getStackTrace(1559)	start slip view
2026-05-28 10:45:22	INFO	AWT-EventQueue-0	Thread.getStackTrace(1559)	create new SvTablePanel instance, view id :8205615
2026-05-28 10:45:22	INFO	AWT-EventQueue-0	Thread.getStackTrace(1559)	register slip progress, view id : 8205615
2026-05-28 10:45:22	INFO	SlipWinThread_com.huawei.u2000.ucbb.table.slip.SlipTableMsgService	Thread.getStackTrace(1559)	register slip , return result/ view id : 1 / 8205615
2026-05-28 10:45:28	INFO	SvTableMsgReceiver Thread-4049	Thread.getStackTrace(1559)	recieve message cmdcode:12639
2026-05-28 10:54:09	INFO	SvTableMsgReceiver Thread-4049	Thread.getStackTrace(1559)	recieve message cmdcode:12639
2026-05-28 10:54:11	INFO	SvTableMsgReceiver Thread-4049	Thread.getStackTrace(1559)	recieve message cmdcode:12639
2026-05-28 11:45:51	INFO	AWT-EventQueue-0	Thread.getStackTrace(1559)	unregister slip, view id : 8205615
2026-05-28 11:45:51	INFO	AWT-EventQueue-0	Thread.getStackTrace(1559)	unregister slip progress, view id : 8205615
2026-06-02 10:47:26	INFO	AWT-EventQueue-0	Thread.getStackTrace(1559)	start slip view
2026-06-02 10:47:26	INFO	AWT-EventQueue-0	Thread.getStackTrace(1559)	create new SvTablePanel instance, view id :3807748
2026-06-02 10:47:26	INFO	AWT-EventQueue-0	Thread.getStackTrace(1559)	register slip progress, view id : 3807748
2026-06-02 10:47:26	INFO	SlipWinThread_com.huawei.u2000.ucbb.table.slip.SlipTableMsgService	Thread.getStackTrace(1559)	register slip , return result/ view id : 1 / 3807748
2026-06-02 10:47:27	INFO	SvTableMsgReceiver Thread-28267	Thread.getStackTrace(1559)	recieve message cmdcode:12639
2026-06-02 10:49:08	INFO	SvTableMsgReceiver Thread-28267	Thread.getStackTrace(1559)	recieve message cmdcode:12639
2026-06-02 10:49:10	INFO	SvTableMsgReceiver Thread-28267	Thread.getStackTrace(1559)	recieve message cmdcode:12639
2026-06-03 11:36:45	INFO	AWT-EventQueue-0	Thread.getStackTrace(1559)	unregister slip, view id : 3807748
2026-06-03 11:36:45	INFO	AWT-EventQueue-0	Thread.getStackTrace(1559)	unregister slip progress, view id : 3807748
2026-06-08 09:51:26	INFO	AWT-EventQueue-0	Thread.getStackTrace(1559)	start slip view
2026-06-08 09:51:26	INFO	AWT-EventQueue-0	Thread.getStackTrace(1559)	create new SvTablePanel instance, view id :10215749
2026-06-08 09:51:26	INFO	AWT-EventQueue-0	Thread.getStackTrace(1559)	register slip progress, view id : 10215749
2026-06-08 09:51:26	INFO	SlipWinThread_com.huawei.u2000.ucbb.table.slip.SlipTableMsgService	Thread.getStackTrace(1559)	register slip , return result/ view id : 1 / 10215749
2026-06-08 09:51:27	INFO	SvTableMsgReceiver Thread-5758	Thread.getStackTrace(1559)	recieve message cmdcode:12639
2026-06-08 10:32:20	INFO	AWT-EventQueue-0	Thread.getStackTrace(1559)	create new SvTablePanel instance, view id :30333001
2026-06-08 10:32:20	INFO	AWT-EventQueue-0	Thread.getStackTrace(1559)	register slip progress, view id : 30333001
2026-06-08 10:32:20	INFO	SlipWinThread_com.huawei.u2000.ucbb.table.slip.SlipTableMsgService	Thread.getStackTrace(1559)	register slip , return result/ view id : 1 / 30333001
2026-06-08 10:32:21	INFO	SvTableMsgReceiver Thread-5758	Thread.getStackTrace(1559)	recieve message cmdcode:12639
2026-06-08 10:32:21	INFO	SvTableMsgReceiver Thread-9373	Thread.getStackTrace(1559)	recieve message cmdcode:12639
2026-06-08 10:32:43	INFO	AWT-EventQueue-0	Thread.getStackTrace(1559)	create new SvTablePanel instance, view id :1265243
2026-06-08 10:32:43	INFO	AWT-EventQueue-0	Thread.getStackTrace(1559)	register slip progress, view id : 1265243
2026-06-08 10:32:43	INFO	SlipWinThread_com.huawei.u2000.ucbb.table.slip.SlipTableMsgService	Thread.getStackTrace(1559)	register slip , return result/ view id : 1 / 1265243
2026-06-08 10:32:44	INFO	SvTableMsgReceiver Thread-5758	Thread.getStackTrace(1559)	recieve message cmdcode:12639
2026-06-08 10:32:44	INFO	SvTableMsgReceiver Thread-9373	Thread.getStackTrace(1559)	recieve message cmdcode:12639
2026-06-08 10:32:44	INFO	SvTableMsgReceiver Thread-11444	Thread.getStackTrace(1559)	recieve message cmdcode:12639
2026-06-08 10:35:57	INFO	SvTableMsgReceiver Thread-5758	Thread.getStackTrace(1559)	recieve message cmdcode:12639
2026-06-08 10:35:57	INFO	SvTableMsgReceiver Thread-9373	Thread.getStackTrace(1559)	recieve message cmdcode:12639
2026-06-08 10:35:57	INFO	SvTableMsgReceiver Thread-11444	Thread.getStackTrace(1559)	recieve message cmdcode:12639
2026-06-08 10:38:00	INFO	AWT-EventQueue-0	Thread.getStackTrace(1559)	unregister slip, view id : 30333001
2026-06-08 10:38:00	INFO	AWT-EventQueue-0	Thread.getStackTrace(1559)	unregister slip progress, view id : 30333001
2026-06-08 10:38:42	INFO	AWT-EventQueue-0	Thread.getStackTrace(1559)	create new SvTablePanel instance, view id :24707281
2026-06-08 10:38:42	INFO	AWT-EventQueue-0	Thread.getStackTrace(1559)	register slip progress, view id : 24707281
2026-06-08 10:38:42	INFO	SlipWinThread_com.huawei.u2000.ucbb.table.slip.SlipTableMsgService	Thread.getStackTrace(1559)	register slip , return result/ view id : 1 / 24707281
2026-06-08 10:38:43	INFO	SvTableMsgReceiver Thread-5758	Thread.getStackTrace(1559)	recieve message cmdcode:12639
2026-06-08 10:38:43	INFO	SvTableMsgReceiver Thread-11444	Thread.getStackTrace(1559)	recieve message cmdcode:12639
2026-06-08 10:38:43	INFO	SvTableMsgReceiver Thread-17905	Thread.getStackTrace(1559)	recieve message cmdcode:12639
2026-06-08 10:38:47	INFO	AWT-EventQueue-0	Thread.getStackTrace(1559)	unregister slip, view id : 24707281
2026-06-08 10:38:47	INFO	AWT-EventQueue-0	Thread.getStackTrace(1559)	unregister slip progress, view id : 24707281
2026-06-08 10:38:51	INFO	AWT-EventQueue-0	Thread.getStackTrace(1559)	create new SvTablePanel instance, view id :18913452
2026-06-08 10:38:51	INFO	AWT-EventQueue-0	Thread.getStackTrace(1559)	register slip progress, view id : 18913452
2026-06-08 10:38:51	INFO	SlipWinThread_com.huawei.u2000.ucbb.table.slip.SlipTableMsgService	Thread.getStackTrace(1559)	register slip , return result/ view id : 1 / 18913452
2026-06-08 10:38:52	INFO	SvTableMsgReceiver Thread-5758	Thread.getStackTrace(1559)	recieve message cmdcode:12639
2026-06-08 10:38:52	INFO	SvTableMsgReceiver Thread-11444	Thread.getStackTrace(1559)	recieve message cmdcode:12639
2026-06-08 10:38:52	INFO	SvTableMsgReceiver Thread-18837	Thread.getStackTrace(1559)	recieve message cmdcode:12639
2026-06-08 10:38:57	INFO	SvTableMsgReceiver Thread-5758	Thread.getStackTrace(1559)	recieve message cmdcode:12639
2026-06-08 10:38:57	INFO	SvTableMsgReceiver Thread-11444	Thread.getStackTrace(1559)	recieve message cmdcode:12639
2026-06-08 10:38:57	INFO	SvTableMsgReceiver Thread-18837	Thread.getStackTrace(1559)	recieve message cmdcode:12639
2026-06-08 10:38:58	INFO	AWT-EventQueue-0	Thread.getStackTrace(1559)	unregister slip, view id : 1265243
2026-06-08 10:38:58	INFO	AWT-EventQueue-0	Thread.getStackTrace(1559)	unregister slip progress, view id : 1265243
2026-06-08 11:40:36	INFO	AWT-EventQueue-0	Thread.getStackTrace(1559)	create new SvTablePanel instance, view id :9426747
2026-06-08 11:40:36	INFO	AWT-EventQueue-0	Thread.getStackTrace(1559)	register slip progress, view id : 9426747
2026-06-08 11:40:36	INFO	SlipWinThread_com.huawei.u2000.ucbb.table.slip.SlipTableMsgService	Thread.getStackTrace(1559)	register slip , return result/ view id : 1 / 9426747
2026-06-08 11:40:37	INFO	SvTableMsgReceiver Thread-5758	Thread.getStackTrace(1559)	recieve message cmdcode:12639
2026-06-08 11:40:37	INFO	SvTableMsgReceiver Thread-18837	Thread.getStackTrace(1559)	recieve message cmdcode:12639
2026-06-08 11:40:37	INFO	SvTableMsgReceiver Thread-21211	Thread.getStackTrace(1559)	recieve message cmdcode:12639
2026-06-08 11:40:40	INFO	SvTableMsgReceiver Thread-5758	Thread.getStackTrace(1559)	recieve message cmdcode:12639
2026-06-08 11:40:40	INFO	SvTableMsgReceiver Thread-18837	Thread.getStackTrace(1559)	recieve message cmdcode:12639
2026-06-08 11:40:40	INFO	SvTableMsgReceiver Thread-21211	Thread.getStackTrace(1559)	recieve message cmdcode:12639
2026-06-08 12:04:36	INFO	AWT-EventQueue-0	Thread.getStackTrace(1559)	create new SvTablePanel instance, view id :14861489
2026-06-08 12:04:36	INFO	AWT-EventQueue-0	Thread.getStackTrace(1559)	register slip progress, view id : 14861489
2026-06-08 12:04:36	INFO	SlipWinThread_com.huawei.u2000.ucbb.table.slip.SlipTableMsgService	Thread.getStackTrace(1559)	register slip , return result/ view id : 1 / 14861489
2026-06-08 12:05:34	INFO	SvTableMsgReceiver Thread-5758	Thread.getStackTrace(1559)	recieve message cmdcode:12639
2026-06-08 12:05:34	INFO	SvTableMsgReceiver Thread-18837	Thread.getStackTrace(1559)	recieve message cmdcode:12639
2026-06-08 12:05:34	INFO	SvTableMsgReceiver Thread-21211	Thread.getStackTrace(1559)	recieve message cmdcode:12639
2026-06-08 12:05:34	INFO	SvTableMsgReceiver Thread-22652	Thread.getStackTrace(1559)	recieve message cmdcode:12639
2026-06-08 12:05:47	INFO	SvTableMsgReceiver Thread-5758	Thread.getStackTrace(1559)	recieve message cmdcode:12639
2026-06-08 12:05:47	INFO	SvTableMsgReceiver Thread-18837	Thread.getStackTrace(1559)	recieve message cmdcode:12639
2026-06-08 12:05:47	INFO	SvTableMsgReceiver Thread-21211	Thread.getStackTrace(1559)	recieve message cmdcode:12639
2026-06-08 12:05:47	INFO	SvTableMsgReceiver Thread-22652	Thread.getStackTrace(1559)	recieve message cmdcode:12639
2026-06-08 12:12:58	INFO	SvTableMsgReceiver Thread-5758	Thread.getStackTrace(1559)	recieve message cmdcode:12639
2026-06-08 12:12:58	INFO	SvTableMsgReceiver Thread-18837	Thread.getStackTrace(1559)	recieve message cmdcode:12639
2026-06-08 12:12:58	INFO	SvTableMsgReceiver Thread-21211	Thread.getStackTrace(1559)	recieve message cmdcode:12639
2026-06-08 12:12:58	INFO	SvTableMsgReceiver Thread-22652	Thread.getStackTrace(1559)	recieve message cmdcode:12639
2026-06-08 12:13:05	INFO	SvTableMsgReceiver Thread-5758	Thread.getStackTrace(1559)	recieve message cmdcode:12639
2026-06-08 12:13:05	INFO	SvTableMsgReceiver Thread-18837	Thread.getStackTrace(1559)	recieve message cmdcode:12639
2026-06-08 12:13:05	INFO	SvTableMsgReceiver Thread-21211	Thread.getStackTrace(1559)	recieve message cmdcode:12639
2026-06-08 12:13:05	INFO	SvTableMsgReceiver Thread-22652	Thread.getStackTrace(1559)	recieve message cmdcode:12639
2026-06-09 06:03:00	INFO	AWT-EventQueue-0	Thread.getStackTrace(1559)	unregister slip, view id : 9426747
2026-06-09 06:03:00	INFO	AWT-EventQueue-0	Thread.getStackTrace(1559)	unregister slip progress, view id : 9426747
2026-06-09 06:03:01	INFO	AWT-EventQueue-0	Thread.getStackTrace(1559)	unregister slip, view id : 18913452
2026-06-09 06:03:01	INFO	AWT-EventQueue-0	Thread.getStackTrace(1559)	unregister slip progress, view id : 18913452
2026-06-09 06:03:01	INFO	AWT-EventQueue-0	Thread.getStackTrace(1559)	unregister slip, view id : 14861489
2026-06-09 06:03:01	INFO	AWT-EventQueue-0	Thread.getStackTrace(1559)	unregister slip progress, view id : 14861489
2026-06-09 06:03:01	INFO	AWT-EventQueue-0	Thread.getStackTrace(1559)	unregister slip, view id : 10215749
2026-06-09 06:03:01	INFO	AWT-EventQueue-0	Thread.getStackTrace(1559)	unregister slip progress, view id : 10215749
2026-06-09 06:06:17	INFO	AWT-EventQueue-0	Thread.getStackTrace(1559)	start slip view
2026-06-09 06:06:17	INFO	AWT-EventQueue-0	Thread.getStackTrace(1559)	create new SvTablePanel instance, view id :4477719
2026-06-09 06:06:17	INFO	AWT-EventQueue-0	Thread.getStackTrace(1559)	register slip progress, view id : 4477719
2026-06-09 06:06:17	INFO	SlipWinThread_com.huawei.u2000.ucbb.table.slip.SlipTableMsgService	Thread.getStackTrace(1559)	register slip , return result/ view id : 1 / 4477719
2026-06-09 06:06:18	INFO	SvTableMsgReceiver Thread-2949	Thread.getStackTrace(1559)	recieve message cmdcode:12639
2026-06-09 06:23:40	INFO	SvTableMsgReceiver Thread-2949	Thread.getStackTrace(1559)	recieve message cmdcode:12639
2026-06-09 06:23:45	INFO	SvTableMsgReceiver Thread-2949	Thread.getStackTrace(1559)	recieve message cmdcode:12639
2026-06-09 09:43:21	INFO	AWT-EventQueue-0	Thread.getStackTrace(1559)	create new SvTablePanel instance, view id :22366675
2026-06-09 09:43:21	INFO	AWT-EventQueue-0	Thread.getStackTrace(1559)	register slip progress, view id : 22366675
2026-06-09 09:43:21	INFO	SlipWinThread_com.huawei.u2000.ucbb.table.slip.SlipTableMsgService	Thread.getStackTrace(1559)	register slip , return result/ view id : 1 / 22366675
2026-06-10 04:25:48	INFO	AWT-EventQueue-0	Thread.getStackTrace(1559)	unregister slip, view id : 4477719
2026-06-10 04:25:48	INFO	AWT-EventQueue-0	Thread.getStackTrace(1559)	unregister slip progress, view id : 4477719
2026-06-10 04:25:48	INFO	AWT-EventQueue-0	Thread.getStackTrace(1559)	unregister slip, view id : 22366675
2026-06-10 04:25:48	INFO	AWT-EventQueue-0	Thread.getStackTrace(1559)	unregister slip progress, view id : 22366675
2026-06-12 06:37:21	INFO	AWT-EventQueue-0	Thread.getStackTrace(1559)	start slip view
2026-06-12 06:37:21	INFO	AWT-EventQueue-0	Thread.getStackTrace(1559)	create new SvTablePanel instance, view id :31363174
2026-06-12 06:37:21	INFO	AWT-EventQueue-0	Thread.getStackTrace(1559)	register slip progress, view id : 31363174
2026-06-12 06:37:21	INFO	SlipWinThread_com.huawei.u2000.ucbb.table.slip.SlipTableMsgService	Thread.getStackTrace(1559)	register slip , return result/ view id : 1 / 31363174
2026-06-12 11:55:32	INFO	AWT-EventQueue-0	Thread.getStackTrace(1559)	create new SvTablePanel instance, view id :13109488
2026-06-12 11:55:32	INFO	AWT-EventQueue-0	Thread.getStackTrace(1559)	register slip progress, view id : 13109488
2026-06-12 11:55:32	INFO	SlipWinThread_com.huawei.u2000.ucbb.table.slip.SlipTableMsgService	Thread.getStackTrace(1559)	register slip , return result/ view id : 1 / 13109488
2026-06-12 11:55:34	INFO	AWT-EventQueue-0	Thread.getStackTrace(1559)	unregister slip, view id : 13109488
2026-06-12 11:55:34	INFO	AWT-EventQueue-0	Thread.getStackTrace(1559)	unregister slip progress, view id : 13109488
2026-06-12 12:25:24	INFO	AWT-EventQueue-0	Thread.getStackTrace(1559)	create new SvTablePanel instance, view id :30151716
2026-06-12 12:25:24	INFO	AWT-EventQueue-0	Thread.getStackTrace(1559)	register slip progress, view id : 30151716
2026-06-12 12:25:24	INFO	SlipWinThread_com.huawei.u2000.ucbb.table.slip.SlipTableMsgService	Thread.getStackTrace(1559)	register slip , return result/ view id : 1 / 30151716
2026-06-12 12:25:26	INFO	SvTableMsgReceiver Thread-60448	Thread.getStackTrace(1559)	recieve message cmdcode:12639
2026-06-12 12:25:26	INFO	SvTableMsgReceiver Thread-42992	Thread.getStackTrace(1559)	recieve message cmdcode:12639
2026-06-12 12:25:38	INFO	SvTableMsgReceiver Thread-42992	Thread.getStackTrace(1559)	recieve message cmdcode:12639
2026-06-12 12:25:38	INFO	SvTableMsgReceiver Thread-60448	Thread.getStackTrace(1559)	recieve message cmdcode:12639
2026-06-12 12:34:05	INFO	AWT-EventQueue-0	Thread.getStackTrace(1559)	unregister slip, view id : 30151716
2026-06-12 12:34:05	INFO	AWT-EventQueue-0	Thread.getStackTrace(1559)	unregister slip progress, view id : 30151716
2026-06-12 12:34:06	INFO	AWT-EventQueue-0	Thread.getStackTrace(1559)	create new SvTablePanel instance, view id :32241674
2026-06-12 12:34:06	INFO	AWT-EventQueue-0	Thread.getStackTrace(1559)	register slip progress, view id : 32241674
2026-06-12 12:34:06	INFO	SlipWinThread_com.huawei.u2000.ucbb.table.slip.SlipTableMsgService	Thread.getStackTrace(1559)	register slip , return result/ view id : 1 / 32241674
2026-06-12 12:34:07	INFO	SvTableMsgReceiver Thread-42992	Thread.getStackTrace(1559)	recieve message cmdcode:12639
2026-06-12 12:34:07	INFO	SvTableMsgReceiver Thread-63700	Thread.getStackTrace(1559)	recieve message cmdcode:12639
2026-06-12 12:35:39	INFO	SvTableMsgReceiver Thread-42992	Thread.getStackTrace(1559)	recieve message cmdcode:12639
2026-06-12 12:35:39	INFO	SvTableMsgReceiver Thread-63700	Thread.getStackTrace(1559)	recieve message cmdcode:12639
2026-06-12 14:05:37	INFO	AWT-EventQueue-0	Thread.getStackTrace(1559)	unregister slip, view id : 31363174
2026-06-12 14:05:37	INFO	AWT-EventQueue-0	Thread.getStackTrace(1559)	unregister slip progress, view id : 31363174
2026-06-12 14:05:37	INFO	AWT-EventQueue-0	Thread.getStackTrace(1559)	unregister slip, view id : 32241674
2026-06-12 14:05:37	INFO	AWT-EventQueue-0	Thread.getStackTrace(1559)	unregister slip progress, view id : 32241674
2026-06-15 07:49:52	INFO	AWT-EventQueue-0	Thread.getStackTrace(1559)	start slip view
2026-06-15 07:49:52	INFO	AWT-EventQueue-0	Thread.getStackTrace(1559)	create new SvTablePanel instance, view id :26892031
2026-06-15 07:49:52	INFO	AWT-EventQueue-0	Thread.getStackTrace(1559)	register slip progress, view id : 26892031
2026-06-15 07:49:52	INFO	SlipWinThread_com.huawei.u2000.ucbb.table.slip.SlipTableMsgService	Thread.getStackTrace(1559)	register slip , return result/ view id : 1 / 26892031
2026-06-15 07:49:56	INFO	AWT-EventQueue-0	Thread.getStackTrace(1559)	unregister slip, view id : 26892031
2026-06-15 07:49:56	INFO	AWT-EventQueue-0	Thread.getStackTrace(1559)	unregister slip progress, view id : 26892031
2026-06-15 07:50:09	INFO	AWT-EventQueue-0	Thread.getStackTrace(1559)	create new SvTablePanel instance, view id :22052055
2026-06-15 07:50:09	INFO	AWT-EventQueue-0	Thread.getStackTrace(1559)	register slip progress, view id : 22052055
2026-06-15 07:50:09	INFO	SlipWinThread_com.huawei.u2000.ucbb.table.slip.SlipTableMsgService	Thread.getStackTrace(1559)	register slip , return result/ view id : 1 / 22052055
2026-06-15 07:50:10	INFO	AWT-EventQueue-0	Thread.getStackTrace(1559)	unregister slip, view id : 22052055
2026-06-15 07:50:10	INFO	AWT-EventQueue-0	Thread.getStackTrace(1559)	unregister slip progress, view id : 22052055
2026-06-15 07:50:31	INFO	AWT-EventQueue-0	Thread.getStackTrace(1559)	create new SvTablePanel instance, view id :30219452
2026-06-15 07:50:31	INFO	AWT-EventQueue-0	Thread.getStackTrace(1559)	register slip progress, view id : 30219452
2026-06-15 07:50:31	INFO	SlipWinThread_com.huawei.u2000.ucbb.table.slip.SlipTableMsgService	Thread.getStackTrace(1559)	register slip , return result/ view id : 1 / 30219452
2026-06-17 00:19:16	INFO	AWT-EventQueue-0	Thread.getStackTrace(1559)	start slip view
2026-06-17 00:19:16	INFO	AWT-EventQueue-0	Thread.getStackTrace(1559)	create new SvTablePanel instance, view id :19039388
2026-06-17 00:19:16	INFO	AWT-EventQueue-0	Thread.getStackTrace(1559)	register slip progress, view id : 19039388
2026-06-17 00:19:16	INFO	SlipWinThread_com.huawei.u2000.ucbb.table.slip.SlipTableMsgService	Thread.getStackTrace(1559)	register slip , return result/ view id : 1 / 19039388
2026-06-17 00:19:32	INFO	AWT-EventQueue-0	Thread.getStackTrace(1559)	unregister slip, view id : 19039388
2026-06-17 00:19:32	INFO	AWT-EventQueue-0	Thread.getStackTrace(1559)	unregister slip progress, view id : 19039388
2026-06-17 00:23:11	INFO	AWT-EventQueue-0	Thread.getStackTrace(1559)	create new SvTablePanel instance, view id :30823087
2026-06-17 00:23:11	INFO	AWT-EventQueue-0	Thread.getStackTrace(1559)	register slip progress, view id : 30823087
2026-06-17 00:23:11	INFO	SlipWinThread_com.huawei.u2000.ucbb.table.slip.SlipTableMsgService	Thread.getStackTrace(1559)	register slip , return result/ view id : 1 / 30823087
2026-06-17 00:23:22	INFO	AWT-EventQueue-0	Thread.getStackTrace(1559)	unregister slip, view id : 30823087
2026-06-17 00:23:22	INFO	AWT-EventQueue-0	Thread.getStackTrace(1559)	unregister slip progress, view id : 30823087
2026-06-17 00:23:39	INFO	AWT-EventQueue-0	Thread.getStackTrace(1559)	create new SvTablePanel instance, view id :21267905
2026-06-17 00:23:39	INFO	AWT-EventQueue-0	Thread.getStackTrace(1559)	register slip progress, view id : 21267905
2026-06-17 00:23:39	INFO	SlipWinThread_com.huawei.u2000.ucbb.table.slip.SlipTableMsgService	Thread.getStackTrace(1559)	register slip , return result/ view id : 1 / 21267905
2026-06-17 00:23:58	INFO	AWT-EventQueue-0	Thread.getStackTrace(1559)	create new SvTablePanel instance, view id :12652673
2026-06-17 00:23:58	INFO	AWT-EventQueue-0	Thread.getStackTrace(1559)	register slip progress, view id : 12652673
2026-06-17 00:23:58	INFO	SlipWinThread_com.huawei.u2000.ucbb.table.slip.SlipTableMsgService	Thread.getStackTrace(1559)	register slip , return result/ view id : 1 / 12652673
2026-06-17 00:24:00	INFO	AWT-EventQueue-0	Thread.getStackTrace(1559)	unregister slip, view id : 12652673
2026-06-17 00:24:00	INFO	AWT-EventQueue-0	Thread.getStackTrace(1559)	unregister slip progress, view id : 12652673
2026-06-17 01:16:17	INFO	AWT-EventQueue-0	Thread.getStackTrace(1559)	create new SvTablePanel instance, view id :15620656
2026-06-17 01:16:17	INFO	AWT-EventQueue-0	Thread.getStackTrace(1559)	register slip progress, view id : 15620656
2026-06-17 01:16:17	INFO	SlipWinThread_com.huawei.u2000.ucbb.table.slip.SlipTableMsgService	Thread.getStackTrace(1559)	register slip , return result/ view id : 1 / 15620656
2026-06-17 01:19:47	INFO	AWT-EventQueue-0	Thread.getStackTrace(1559)	unregister slip, view id : 21267905
2026-06-17 01:19:47	INFO	AWT-EventQueue-0	Thread.getStackTrace(1559)	unregister slip progress, view id : 21267905
2026-06-17 01:25:36	INFO	AWT-EventQueue-0	Thread.getStackTrace(1559)	create new SvTablePanel instance, view id :23709242
2026-06-17 01:25:36	INFO	AWT-EventQueue-0	Thread.getStackTrace(1559)	register slip progress, view id : 23709242
2026-06-17 01:25:36	INFO	SlipWinThread_com.huawei.u2000.ucbb.table.slip.SlipTableMsgService	Thread.getStackTrace(1559)	register slip , return result/ view id : 1 / 23709242
2026-06-17 01:25:36	INFO	AWT-EventQueue-0	Thread.getStackTrace(1559)	unregister slip, view id : 15620656
2026-06-17 01:25:36	INFO	AWT-EventQueue-0	Thread.getStackTrace(1559)	unregister slip progress, view id : 15620656
2026-06-17 01:25:37	INFO	AWT-EventQueue-0	Thread.getStackTrace(1559)	create new SvTablePanel instance, view id :11487797
2026-06-17 01:25:37	INFO	AWT-EventQueue-0	Thread.getStackTrace(1559)	register slip progress, view id : 11487797
2026-06-17 01:25:37	INFO	SlipWinThread_com.huawei.u2000.ucbb.table.slip.SlipTableMsgService	Thread.getStackTrace(1559)	register slip , return result/ view id : 1 / 11487797
2026-06-17 01:25:37	INFO	AWT-EventQueue-0	Thread.getStackTrace(1559)	unregister slip, view id : 23709242
2026-06-17 01:25:37	INFO	AWT-EventQueue-0	Thread.getStackTrace(1559)	unregister slip progress, view id : 23709242
2026-06-17 01:25:39	INFO	AWT-EventQueue-0	Thread.getStackTrace(1559)	create new SvTablePanel instance, view id :18906642
2026-06-17 01:25:39	INFO	AWT-EventQueue-0	Thread.getStackTrace(1559)	register slip progress, view id : 18906642
2026-06-17 01:25:39	INFO	SlipWinThread_com.huawei.u2000.ucbb.table.slip.SlipTableMsgService	Thread.getStackTrace(1559)	register slip , return result/ view id : 1 / 18906642
2026-06-17 01:25:39	INFO	AWT-EventQueue-0	Thread.getStackTrace(1559)	unregister slip, view id : 11487797
2026-06-17 01:25:39	INFO	AWT-EventQueue-0	Thread.getStackTrace(1559)	unregister slip progress, view id : 11487797
2026-06-17 01:25:41	INFO	AWT-EventQueue-0	Thread.getStackTrace(1559)	create new SvTablePanel instance, view id :17589011
2026-06-17 01:25:41	INFO	AWT-EventQueue-0	Thread.getStackTrace(1559)	register slip progress, view id : 17589011
2026-06-17 01:25:41	INFO	SlipWinThread_com.huawei.u2000.ucbb.table.slip.SlipTableMsgService	Thread.getStackTrace(1559)	register slip , return result/ view id : 1 / 17589011
2026-06-17 01:25:41	INFO	AWT-EventQueue-0	Thread.getStackTrace(1559)	unregister slip, view id : 18906642
2026-06-17 01:25:41	INFO	AWT-EventQueue-0	Thread.getStackTrace(1559)	unregister slip progress, view id : 18906642
2026-06-17 01:25:42	INFO	AWT-EventQueue-0	Thread.getStackTrace(1559)	create new SvTablePanel instance, view id :13064690
2026-06-17 01:25:42	INFO	AWT-EventQueue-0	Thread.getStackTrace(1559)	register slip progress, view id : 13064690
2026-06-17 01:25:42	INFO	SlipWinThread_com.huawei.u2000.ucbb.table.slip.SlipTableMsgService	Thread.getStackTrace(1559)	register slip , return result/ view id : 1 / 13064690
2026-06-17 01:25:42	INFO	AWT-EventQueue-0	Thread.getStackTrace(1559)	unregister slip, view id : 17589011
2026-06-17 01:25:42	INFO	AWT-EventQueue-0	Thread.getStackTrace(1559)	unregister slip progress, view id : 17589011
2026-06-17 01:25:43	INFO	AWT-EventQueue-0	Thread.getStackTrace(1559)	create new SvTablePanel instance, view id :27661929
2026-06-17 01:25:43	INFO	AWT-EventQueue-0	Thread.getStackTrace(1559)	register slip progress, view id : 27661929
2026-06-17 01:25:43	INFO	SlipWinThread_com.huawei.u2000.ucbb.table.slip.SlipTableMsgService	Thread.getStackTrace(1559)	register slip , return result/ view id : 1 / 27661929
2026-06-17 01:25:43	INFO	AWT-EventQueue-0	Thread.getStackTrace(1559)	unregister slip, view id : 13064690
2026-06-17 01:25:43	INFO	AWT-EventQueue-0	Thread.getStackTrace(1559)	unregister slip progress, view id : 13064690
2026-06-17 01:25:56	INFO	AWT-EventQueue-0	Thread.getStackTrace(1559)	create new SvTablePanel instance, view id :17997900
2026-06-17 01:25:56	INFO	AWT-EventQueue-0	Thread.getStackTrace(1559)	register slip progress, view id : 17997900
2026-06-17 01:25:56	INFO	SlipWinThread_com.huawei.u2000.ucbb.table.slip.SlipTableMsgService	Thread.getStackTrace(1559)	register slip , return result/ view id : 1 / 17997900
2026-06-17 01:25:56	INFO	AWT-EventQueue-0	Thread.getStackTrace(1559)	unregister slip, view id : 27661929
2026-06-17 01:25:56	INFO	AWT-EventQueue-0	Thread.getStackTrace(1559)	unregister slip progress, view id : 27661929
2026-06-17 01:32:04	INFO	AWT-EventQueue-0	Thread.getStackTrace(1559)	create new SvTablePanel instance, view id :28388492
2026-06-17 01:32:04	INFO	AWT-EventQueue-0	Thread.getStackTrace(1559)	register slip progress, view id : 28388492
2026-06-17 01:32:04	INFO	SlipWinThread_com.huawei.u2000.ucbb.table.slip.SlipTableMsgService	Thread.getStackTrace(1559)	register slip , return result/ view id : 1 / 28388492
2026-06-17 01:32:04	INFO	AWT-EventQueue-0	Thread.getStackTrace(1559)	unregister slip, view id : 17997900
2026-06-17 01:32:04	INFO	AWT-EventQueue-0	Thread.getStackTrace(1559)	unregister slip progress, view id : 17997900
2026-06-17 01:32:05	INFO	AWT-EventQueue-0	Thread.getStackTrace(1559)	create new SvTablePanel instance, view id :17950438
2026-06-17 01:32:05	INFO	AWT-EventQueue-0	Thread.getStackTrace(1559)	register slip progress, view id : 17950438
2026-06-17 01:32:05	INFO	SlipWinThread_com.huawei.u2000.ucbb.table.slip.SlipTableMsgService	Thread.getStackTrace(1559)	register slip , return result/ view id : 1 / 17950438
2026-06-17 01:32:05	INFO	AWT-EventQueue-0	Thread.getStackTrace(1559)	unregister slip, view id : 28388492
2026-06-17 01:32:05	INFO	AWT-EventQueue-0	Thread.getStackTrace(1559)	unregister slip progress, view id : 28388492
2026-06-17 01:32:23	INFO	AWT-EventQueue-0	Thread.getStackTrace(1559)	create new SvTablePanel instance, view id :19338207
2026-06-17 01:32:23	INFO	AWT-EventQueue-0	Thread.getStackTrace(1559)	register slip progress, view id : 19338207
2026-06-17 01:32:23	INFO	SlipWinThread_com.huawei.u2000.ucbb.table.slip.SlipTableMsgService	Thread.getStackTrace(1559)	register slip , return result/ view id : 1 / 19338207
2026-06-17 01:32:23	INFO	AWT-EventQueue-0	Thread.getStackTrace(1559)	unregister slip, view id : 17950438
2026-06-17 01:32:23	INFO	AWT-EventQueue-0	Thread.getStackTrace(1559)	unregister slip progress, view id : 17950438
2026-06-17 01:32:24	INFO	AWT-EventQueue-0	Thread.getStackTrace(1559)	create new SvTablePanel instance, view id :20309028
2026-06-17 01:32:24	INFO	AWT-EventQueue-0	Thread.getStackTrace(1559)	register slip progress, view id : 20309028
2026-06-17 01:32:24	INFO	SlipWinThread_com.huawei.u2000.ucbb.table.slip.SlipTableMsgService	Thread.getStackTrace(1559)	register slip , return result/ view id : 1 / 20309028
2026-06-17 01:32:24	INFO	AWT-EventQueue-0	Thread.getStackTrace(1559)	unregister slip, view id : 19338207
2026-06-17 01:32:24	INFO	AWT-EventQueue-0	Thread.getStackTrace(1559)	unregister slip progress, view id : 19338207
2026-06-17 01:33:42	INFO	AWT-EventQueue-0	Thread.getStackTrace(1559)	create new SvTablePanel instance, view id :21889301
2026-06-17 01:33:42	INFO	AWT-EventQueue-0	Thread.getStackTrace(1559)	register slip progress, view id : 21889301
2026-06-17 01:33:42	INFO	SlipWinThread_com.huawei.u2000.ucbb.table.slip.SlipTableMsgService	Thread.getStackTrace(1559)	register slip , return result/ view id : 1 / 21889301
2026-06-17 01:33:42	INFO	AWT-EventQueue-0	Thread.getStackTrace(1559)	unregister slip, view id : 20309028
2026-06-17 01:33:42	INFO	AWT-EventQueue-0	Thread.getStackTrace(1559)	unregister slip progress, view id : 20309028
2026-06-17 01:33:43	INFO	AWT-EventQueue-0	Thread.getStackTrace(1559)	create new SvTablePanel instance, view id :14139415
2026-06-17 01:33:43	INFO	AWT-EventQueue-0	Thread.getStackTrace(1559)	register slip progress, view id : 14139415
2026-06-17 01:33:43	INFO	SlipWinThread_com.huawei.u2000.ucbb.table.slip.SlipTableMsgService	Thread.getStackTrace(1559)	register slip , return result/ view id : 1 / 14139415
2026-06-17 01:33:43	INFO	AWT-EventQueue-0	Thread.getStackTrace(1559)	unregister slip, view id : 21889301
2026-06-17 01:33:43	INFO	AWT-EventQueue-0	Thread.getStackTrace(1559)	unregister slip progress, view id : 21889301
2026-06-17 01:40:28	INFO	AWT-EventQueue-0	Thread.getStackTrace(1559)	create new SvTablePanel instance, view id :1716219
2026-06-17 01:40:28	INFO	AWT-EventQueue-0	Thread.getStackTrace(1559)	register slip progress, view id : 1716219
2026-06-17 01:40:28	INFO	SlipWinThread_com.huawei.u2000.ucbb.table.slip.SlipTableMsgService	Thread.getStackTrace(1559)	register slip , return result/ view id : 1 / 1716219
2026-06-17 01:40:28	INFO	AWT-EventQueue-0	Thread.getStackTrace(1559)	unregister slip, view id : 14139415
2026-06-17 01:40:28	INFO	AWT-EventQueue-0	Thread.getStackTrace(1559)	unregister slip progress, view id : 14139415
2026-06-17 01:40:29	INFO	AWT-EventQueue-0	Thread.getStackTrace(1559)	create new SvTablePanel instance, view id :27108897
2026-06-17 01:40:29	INFO	AWT-EventQueue-0	Thread.getStackTrace(1559)	register slip progress, view id : 27108897
2026-06-17 01:40:29	INFO	SlipWinThread_com.huawei.u2000.ucbb.table.slip.SlipTableMsgService	Thread.getStackTrace(1559)	register slip , return result/ view id : 1 / 27108897
2026-06-17 01:40:29	INFO	AWT-EventQueue-0	Thread.getStackTrace(1559)	unregister slip, view id : 1716219
2026-06-17 01:40:29	INFO	AWT-EventQueue-0	Thread.getStackTrace(1559)	unregister slip progress, view id : 1716219
2026-06-17 01:40:37	INFO	AWT-EventQueue-0	Thread.getStackTrace(1559)	create new SvTablePanel instance, view id :20960782
2026-06-17 01:40:37	INFO	AWT-EventQueue-0	Thread.getStackTrace(1559)	register slip progress, view id : 20960782
2026-06-17 01:40:37	INFO	SlipWinThread_com.huawei.u2000.ucbb.table.slip.SlipTableMsgService	Thread.getStackTrace(1559)	register slip , return result/ view id : 1 / 20960782
2026-06-17 01:40:37	INFO	AWT-EventQueue-0	Thread.getStackTrace(1559)	unregister slip, view id : 27108897
2026-06-17 01:40:37	INFO	AWT-EventQueue-0	Thread.getStackTrace(1559)	unregister slip progress, view id : 27108897
2026-06-17 01:41:00	INFO	AWT-EventQueue-0	Thread.getStackTrace(1559)	create new SvTablePanel instance, view id :227372
2026-06-17 01:41:00	INFO	AWT-EventQueue-0	Thread.getStackTrace(1559)	register slip progress, view id : 227372
2026-06-17 01:41:00	INFO	SlipWinThread_com.huawei.u2000.ucbb.table.slip.SlipTableMsgService	Thread.getStackTrace(1559)	register slip , return result/ view id : 1 / 227372
2026-06-17 01:41:01	INFO	AWT-EventQueue-0	Thread.getStackTrace(1559)	unregister slip, view id : 20960782
2026-06-17 01:41:01	INFO	AWT-EventQueue-0	Thread.getStackTrace(1559)	unregister slip progress, view id : 20960782
2026-06-17 01:41:01	INFO	AWT-EventQueue-0	Thread.getStackTrace(1559)	create new SvTablePanel instance, view id :6613072
2026-06-17 01:41:01	INFO	AWT-EventQueue-0	Thread.getStackTrace(1559)	register slip progress, view id : 6613072
2026-06-17 01:41:01	INFO	SlipWinThread_com.huawei.u2000.ucbb.table.slip.SlipTableMsgService	Thread.getStackTrace(1559)	register slip , return result/ view id : 1 / 6613072
2026-06-17 01:41:01	INFO	AWT-EventQueue-0	Thread.getStackTrace(1559)	unregister slip, view id : 227372
2026-06-17 01:41:01	INFO	AWT-EventQueue-0	Thread.getStackTrace(1559)	unregister slip progress, view id : 227372
2026-06-17 01:41:03	INFO	AWT-EventQueue-0	Thread.getStackTrace(1559)	create new SvTablePanel instance, view id :29367930
2026-06-17 01:41:03	INFO	AWT-EventQueue-0	Thread.getStackTrace(1559)	register slip progress, view id : 29367930
2026-06-17 01:41:03	INFO	SlipWinThread_com.huawei.u2000.ucbb.table.slip.SlipTableMsgService	Thread.getStackTrace(1559)	register slip , return result/ view id : 1 / 29367930
2026-06-17 01:41:03	INFO	AWT-EventQueue-0	Thread.getStackTrace(1559)	unregister slip, view id : 6613072
2026-06-17 01:41:03	INFO	AWT-EventQueue-0	Thread.getStackTrace(1559)	unregister slip progress, view id : 6613072
2026-06-17 01:41:17	INFO	AWT-EventQueue-0	Thread.getStackTrace(1559)	create new SvTablePanel instance, view id :9174667
2026-06-17 01:41:17	INFO	AWT-EventQueue-0	Thread.getStackTrace(1559)	register slip progress, view id : 9174667
2026-06-17 01:41:17	INFO	SlipWinThread_com.huawei.u2000.ucbb.table.slip.SlipTableMsgService	Thread.getStackTrace(1559)	register slip , return result/ view id : 1 / 9174667
2026-06-17 01:41:17	INFO	AWT-EventQueue-0	Thread.getStackTrace(1559)	unregister slip, view id : 29367930
2026-06-17 01:41:17	INFO	AWT-EventQueue-0	Thread.getStackTrace(1559)	unregister slip progress, view id : 29367930
2026-06-17 01:41:17	INFO	AWT-EventQueue-0	Thread.getStackTrace(1559)	create new SvTablePanel instance, view id :10234846
2026-06-17 01:41:17	INFO	AWT-EventQueue-0	Thread.getStackTrace(1559)	register slip progress, view id : 10234846
2026-06-17 01:41:17	INFO	SlipWinThread_com.huawei.u2000.ucbb.table.slip.SlipTableMsgService	Thread.getStackTrace(1559)	register slip , return result/ view id : 1 / 10234846
2026-06-17 01:41:18	INFO	AWT-EventQueue-0	Thread.getStackTrace(1559)	unregister slip, view id : 9174667
2026-06-17 01:41:18	INFO	AWT-EventQueue-0	Thread.getStackTrace(1559)	unregister slip progress, view id : 9174667
2026-06-17 01:45:47	INFO	AWT-EventQueue-0	Thread.getStackTrace(1559)	create new SvTablePanel instance, view id :5821467
2026-06-17 01:45:47	INFO	AWT-EventQueue-0	Thread.getStackTrace(1559)	register slip progress, view id : 5821467
2026-06-17 01:45:47	INFO	SlipWinThread_com.huawei.u2000.ucbb.table.slip.SlipTableMsgService	Thread.getStackTrace(1559)	register slip , return result/ view id : 1 / 5821467
2026-06-17 01:45:47	INFO	AWT-EventQueue-0	Thread.getStackTrace(1559)	unregister slip, view id : 10234846
2026-06-17 01:45:47	INFO	AWT-EventQueue-0	Thread.getStackTrace(1559)	unregister slip progress, view id : 10234846
2026-06-17 01:46:10	INFO	AWT-EventQueue-0	Thread.getStackTrace(1559)	create new SvTablePanel instance, view id :17474984
2026-06-17 01:46:10	INFO	AWT-EventQueue-0	Thread.getStackTrace(1559)	register slip progress, view id : 17474984
2026-06-17 01:46:10	INFO	SlipWinThread_com.huawei.u2000.ucbb.table.slip.SlipTableMsgService	Thread.getStackTrace(1559)	register slip , return result/ view id : 1 / 17474984
2026-06-17 01:46:10	INFO	AWT-EventQueue-0	Thread.getStackTrace(1559)	unregister slip, view id : 5821467
2026-06-17 01:46:10	INFO	AWT-EventQueue-0	Thread.getStackTrace(1559)	unregister slip progress, view id : 5821467
2026-06-17 01:47:48	INFO	AWT-EventQueue-0	Thread.getStackTrace(1559)	create new SvTablePanel instance, view id :17819914
2026-06-17 01:47:48	INFO	AWT-EventQueue-0	Thread.getStackTrace(1559)	register slip progress, view id : 17819914
2026-06-17 01:47:48	INFO	SlipWinThread_com.huawei.u2000.ucbb.table.slip.SlipTableMsgService	Thread.getStackTrace(1559)	register slip , return result/ view id : 1 / 17819914
2026-06-17 01:47:48	INFO	AWT-EventQueue-0	Thread.getStackTrace(1559)	unregister slip, view id : 17474984
2026-06-17 01:47:48	INFO	AWT-EventQueue-0	Thread.getStackTrace(1559)	unregister slip progress, view id : 17474984
2026-06-17 01:47:49	INFO	AWT-EventQueue-0	Thread.getStackTrace(1559)	create new SvTablePanel instance, view id :12255527
2026-06-17 01:47:49	INFO	AWT-EventQueue-0	Thread.getStackTrace(1559)	register slip progress, view id : 12255527
2026-06-17 01:47:49	INFO	SlipWinThread_com.huawei.u2000.ucbb.table.slip.SlipTableMsgService	Thread.getStackTrace(1559)	register slip , return result/ view id : 1 / 12255527
2026-06-17 01:47:49	INFO	AWT-EventQueue-0	Thread.getStackTrace(1559)	unregister slip, view id : 17819914
2026-06-17 01:47:49	INFO	AWT-EventQueue-0	Thread.getStackTrace(1559)	unregister slip progress, view id : 17819914
2026-06-17 01:48:02	INFO	AWT-EventQueue-0	Thread.getStackTrace(1559)	create new SvTablePanel instance, view id :10411121
2026-06-17 01:48:02	INFO	AWT-EventQueue-0	Thread.getStackTrace(1559)	register slip progress, view id : 10411121
2026-06-17 01:48:02	INFO	SlipWinThread_com.huawei.u2000.ucbb.table.slip.SlipTableMsgService	Thread.getStackTrace(1559)	register slip , return result/ view id : 1 / 10411121
2026-06-17 01:48:02	INFO	AWT-EventQueue-0	Thread.getStackTrace(1559)	unregister slip, view id : 12255527
2026-06-17 01:48:02	INFO	AWT-EventQueue-0	Thread.getStackTrace(1559)	unregister slip progress, view id : 12255527
2026-06-17 01:48:12	INFO	AWT-EventQueue-0	Thread.getStackTrace(1559)	create new SvTablePanel instance, view id :602194
2026-06-17 01:48:12	INFO	AWT-EventQueue-0	Thread.getStackTrace(1559)	register slip progress, view id : 602194
2026-06-17 01:48:12	INFO	SlipWinThread_com.huawei.u2000.ucbb.table.slip.SlipTableMsgService	Thread.getStackTrace(1559)	register slip , return result/ view id : 1 / 602194
2026-06-17 01:48:12	INFO	AWT-EventQueue-0	Thread.getStackTrace(1559)	unregister slip, view id : 10411121
2026-06-17 01:48:12	INFO	AWT-EventQueue-0	Thread.getStackTrace(1559)	unregister slip progress, view id : 10411121
2026-06-17 01:48:12	INFO	AWT-EventQueue-0	Thread.getStackTrace(1559)	create new SvTablePanel instance, view id :24675612
2026-06-17 01:48:12	INFO	AWT-EventQueue-0	Thread.getStackTrace(1559)	register slip progress, view id : 24675612
2026-06-17 01:48:12	INFO	SlipWinThread_com.huawei.u2000.ucbb.table.slip.SlipTableMsgService	Thread.getStackTrace(1559)	register slip , return result/ view id : 1 / 24675612
2026-06-17 01:48:12	INFO	AWT-EventQueue-0	Thread.getStackTrace(1559)	unregister slip, view id : 602194
2026-06-17 01:48:12	INFO	AWT-EventQueue-0	Thread.getStackTrace(1559)	unregister slip progress, view id : 602194
2026-06-17 01:48:17	INFO	AWT-EventQueue-0	Thread.getStackTrace(1559)	create new SvTablePanel instance, view id :2250390
2026-06-17 01:48:17	INFO	AWT-EventQueue-0	Thread.getStackTrace(1559)	register slip progress, view id : 2250390
2026-06-17 01:48:17	INFO	SlipWinThread_com.huawei.u2000.ucbb.table.slip.SlipTableMsgService	Thread.getStackTrace(1559)	register slip , return result/ view id : 1 / 2250390
2026-06-17 01:48:17	INFO	AWT-EventQueue-0	Thread.getStackTrace(1559)	unregister slip, view id : 24675612
2026-06-17 01:48:17	INFO	AWT-EventQueue-0	Thread.getStackTrace(1559)	unregister slip progress, view id : 24675612
2026-06-17 01:48:22	INFO	AWT-EventQueue-0	Thread.getStackTrace(1559)	create new SvTablePanel instance, view id :3775826
2026-06-17 01:48:22	INFO	AWT-EventQueue-0	Thread.getStackTrace(1559)	register slip progress, view id : 3775826
2026-06-17 01:48:22	INFO	SlipWinThread_com.huawei.u2000.ucbb.table.slip.SlipTableMsgService	Thread.getStackTrace(1559)	register slip , return result/ view id : 1 / 3775826
2026-06-17 01:48:22	INFO	AWT-EventQueue-0	Thread.getStackTrace(1559)	unregister slip, view id : 2250390
2026-06-17 01:48:22	INFO	AWT-EventQueue-0	Thread.getStackTrace(1559)	unregister slip progress, view id : 2250390
2026-06-17 01:48:24	INFO	AWT-EventQueue-0	Thread.getStackTrace(1559)	create new SvTablePanel instance, view id :20239582
2026-06-17 01:48:24	INFO	AWT-EventQueue-0	Thread.getStackTrace(1559)	register slip progress, view id : 20239582
2026-06-17 01:48:24	INFO	SlipWinThread_com.huawei.u2000.ucbb.table.slip.SlipTableMsgService	Thread.getStackTrace(1559)	register slip , return result/ view id : 1 / 20239582
2026-06-17 01:48:24	INFO	AWT-EventQueue-0	Thread.getStackTrace(1559)	unregister slip, view id : 3775826
2026-06-17 01:48:24	INFO	AWT-EventQueue-0	Thread.getStackTrace(1559)	unregister slip progress, view id : 3775826
2026-06-17 01:48:25	INFO	AWT-EventQueue-0	Thread.getStackTrace(1559)	create new SvTablePanel instance, view id :13610236
2026-06-17 01:48:25	INFO	AWT-EventQueue-0	Thread.getStackTrace(1559)	register slip progress, view id : 13610236
2026-06-17 01:48:25	INFO	SlipWinThread_com.huawei.u2000.ucbb.table.slip.SlipTableMsgService	Thread.getStackTrace(1559)	register slip , return result/ view id : 1 / 13610236
2026-06-17 01:48:25	INFO	AWT-EventQueue-0	Thread.getStackTrace(1559)	unregister slip, view id : 20239582
2026-06-17 01:48:25	INFO	AWT-EventQueue-0	Thread.getStackTrace(1559)	unregister slip progress, view id : 20239582
2026-06-17 01:48:27	INFO	AWT-EventQueue-0	Thread.getStackTrace(1559)	create new SvTablePanel instance, view id :4052782
2026-06-17 01:48:27	INFO	AWT-EventQueue-0	Thread.getStackTrace(1559)	register slip progress, view id : 4052782
2026-06-17 01:48:27	INFO	SlipWinThread_com.huawei.u2000.ucbb.table.slip.SlipTableMsgService	Thread.getStackTrace(1559)	register slip , return result/ view id : 1 / 4052782
2026-06-17 01:48:27	INFO	AWT-EventQueue-0	Thread.getStackTrace(1559)	unregister slip, view id : 13610236
2026-06-17 01:48:27	INFO	AWT-EventQueue-0	Thread.getStackTrace(1559)	unregister slip progress, view id : 13610236
2026-06-17 01:48:27	INFO	AWT-EventQueue-0	Thread.getStackTrace(1559)	create new SvTablePanel instance, view id :12623152
2026-06-17 01:48:27	INFO	AWT-EventQueue-0	Thread.getStackTrace(1559)	register slip progress, view id : 12623152
2026-06-17 01:48:27	INFO	SlipWinThread_com.huawei.u2000.ucbb.table.slip.SlipTableMsgService	Thread.getStackTrace(1559)	register slip , return result/ view id : 1 / 12623152
2026-06-17 01:48:27	INFO	AWT-EventQueue-0	Thread.getStackTrace(1559)	unregister slip, view id : 4052782
2026-06-17 01:48:27	INFO	AWT-EventQueue-0	Thread.getStackTrace(1559)	unregister slip progress, view id : 4052782
2026-06-17 01:48:28	INFO	AWT-EventQueue-0	Thread.getStackTrace(1559)	create new SvTablePanel instance, view id :21281819
2026-06-17 01:48:28	INFO	AWT-EventQueue-0	Thread.getStackTrace(1559)	register slip progress, view id : 21281819
2026-06-17 01:48:28	INFO	SlipWinThread_com.huawei.u2000.ucbb.table.slip.SlipTableMsgService	Thread.getStackTrace(1559)	register slip , return result/ view id : 1 / 21281819
2026-06-17 01:48:28	INFO	AWT-EventQueue-0	Thread.getStackTrace(1559)	unregister slip, view id : 12623152
2026-06-17 01:48:28	INFO	AWT-EventQueue-0	Thread.getStackTrace(1559)	unregister slip progress, view id : 12623152
2026-06-17 01:48:29	INFO	AWT-EventQueue-0	Thread.getStackTrace(1559)	create new SvTablePanel instance, view id :4617618
2026-06-17 01:48:29	INFO	AWT-EventQueue-0	Thread.getStackTrace(1559)	register slip progress, view id : 4617618
2026-06-17 01:48:29	INFO	SlipWinThread_com.huawei.u2000.ucbb.table.slip.SlipTableMsgService	Thread.getStackTrace(1559)	register slip , return result/ view id : 1 / 4617618
2026-06-17 01:48:29	INFO	AWT-EventQueue-0	Thread.getStackTrace(1559)	unregister slip, view id : 21281819
2026-06-17 01:48:29	INFO	AWT-EventQueue-0	Thread.getStackTrace(1559)	unregister slip progress, view id : 21281819
2026-06-17 01:48:30	INFO	AWT-EventQueue-0	Thread.getStackTrace(1559)	create new SvTablePanel instance, view id :20279807
2026-06-17 01:48:30	INFO	AWT-EventQueue-0	Thread.getStackTrace(1559)	register slip progress, view id : 20279807
2026-06-17 01:48:30	INFO	SlipWinThread_com.huawei.u2000.ucbb.table.slip.SlipTableMsgService	Thread.getStackTrace(1559)	register slip , return result/ view id : 1 / 20279807
2026-06-17 01:48:30	INFO	AWT-EventQueue-0	Thread.getStackTrace(1559)	unregister slip, view id : 4617618
2026-06-17 01:48:30	INFO	AWT-EventQueue-0	Thread.getStackTrace(1559)	unregister slip progress, view id : 4617618
2026-06-17 01:48:32	INFO	AWT-EventQueue-0	Thread.getStackTrace(1559)	create new SvTablePanel instance, view id :9768351
2026-06-17 01:48:32	INFO	AWT-EventQueue-0	Thread.getStackTrace(1559)	register slip progress, view id : 9768351
2026-06-17 01:48:32	INFO	SlipWinThread_com.huawei.u2000.ucbb.table.slip.SlipTableMsgService	Thread.getStackTrace(1559)	register slip , return result/ view id : 1 / 9768351
2026-06-17 01:48:32	INFO	AWT-EventQueue-0	Thread.getStackTrace(1559)	unregister slip, view id : 20279807
2026-06-17 01:48:32	INFO	AWT-EventQueue-0	Thread.getStackTrace(1559)	unregister slip progress, view id : 20279807
2026-06-17 01:48:33	INFO	AWT-EventQueue-0	Thread.getStackTrace(1559)	create new SvTablePanel instance, view id :24208501
2026-06-17 01:48:33	INFO	AWT-EventQueue-0	Thread.getStackTrace(1559)	register slip progress, view id : 24208501
2026-06-17 01:48:33	INFO	SlipWinThread_com.huawei.u2000.ucbb.table.slip.SlipTableMsgService	Thread.getStackTrace(1559)	register slip , return result/ view id : 1 / 24208501
2026-06-17 01:48:33	INFO	AWT-EventQueue-0	Thread.getStackTrace(1559)	unregister slip, view id : 9768351
2026-06-17 01:48:33	INFO	AWT-EventQueue-0	Thread.getStackTrace(1559)	unregister slip progress, view id : 9768351
2026-06-17 02:04:57	INFO	AWT-EventQueue-0	Thread.getStackTrace(1559)	create new SvTablePanel instance, view id :27092024
2026-06-17 02:04:57	INFO	AWT-EventQueue-0	Thread.getStackTrace(1559)	register slip progress, view id : 27092024
2026-06-17 02:04:57	INFO	SlipWinThread_com.huawei.u2000.ucbb.table.slip.SlipTableMsgService	Thread.getStackTrace(1559)	register slip , return result/ view id : 1 / 27092024
2026-06-17 02:04:58	INFO	AWT-EventQueue-0	Thread.getStackTrace(1559)	create new SvTablePanel instance, view id :22295466
2026-06-17 02:04:58	INFO	AWT-EventQueue-0	Thread.getStackTrace(1559)	register slip progress, view id : 22295466
2026-06-17 02:04:58	INFO	SlipWinThread_com.huawei.u2000.ucbb.table.slip.SlipTableMsgService	Thread.getStackTrace(1559)	register slip , return result/ view id : 1 / 22295466
2026-06-17 02:04:58	INFO	AWT-EventQueue-0	Thread.getStackTrace(1559)	unregister slip, view id : 27092024
2026-06-17 02:04:58	INFO	AWT-EventQueue-0	Thread.getStackTrace(1559)	unregister slip progress, view id : 27092024
2026-06-17 02:04:59	INFO	AWT-EventQueue-0	Thread.getStackTrace(1559)	create new SvTablePanel instance, view id :9788172
2026-06-17 02:04:59	INFO	AWT-EventQueue-0	Thread.getStackTrace(1559)	register slip progress, view id : 9788172
2026-06-17 02:04:59	INFO	SlipWinThread_com.huawei.u2000.ucbb.table.slip.SlipTableMsgService	Thread.getStackTrace(1559)	register slip , return result/ view id : 1 / 9788172
2026-06-17 02:04:59	INFO	AWT-EventQueue-0	Thread.getStackTrace(1559)	unregister slip, view id : 22295466
2026-06-17 02:04:59	INFO	AWT-EventQueue-0	Thread.getStackTrace(1559)	unregister slip progress, view id : 22295466
2026-06-17 02:05:04	INFO	AWT-EventQueue-0	Thread.getStackTrace(1559)	create new SvTablePanel instance, view id :1071848
2026-06-17 02:05:04	INFO	AWT-EventQueue-0	Thread.getStackTrace(1559)	register slip progress, view id : 1071848
2026-06-17 02:05:04	INFO	SlipWinThread_com.huawei.u2000.ucbb.table.slip.SlipTableMsgService	Thread.getStackTrace(1559)	register slip , return result/ view id : 1 / 1071848
2026-06-17 02:05:04	INFO	AWT-EventQueue-0	Thread.getStackTrace(1559)	unregister slip, view id : 9788172
2026-06-17 02:05:04	INFO	AWT-EventQueue-0	Thread.getStackTrace(1559)	unregister slip progress, view id : 9788172
2026-06-17 02:05:07	INFO	AWT-EventQueue-0	Thread.getStackTrace(1559)	create new SvTablePanel instance, view id :4873502
2026-06-17 02:05:08	INFO	AWT-EventQueue-0	Thread.getStackTrace(1559)	register slip progress, view id : 4873502
2026-06-17 02:05:08	INFO	SlipWinThread_com.huawei.u2000.ucbb.table.slip.SlipTableMsgService	Thread.getStackTrace(1559)	register slip , return result/ view id : 1 / 4873502
2026-06-17 02:05:08	INFO	AWT-EventQueue-0	Thread.getStackTrace(1559)	unregister slip, view id : 1071848
2026-06-17 02:05:08	INFO	AWT-EventQueue-0	Thread.getStackTrace(1559)	unregister slip progress, view id : 1071848
2026-06-17 02:05:09	INFO	AWT-EventQueue-0	Thread.getStackTrace(1559)	create new SvTablePanel instance, view id :6637137
2026-06-17 02:05:09	INFO	AWT-EventQueue-0	Thread.getStackTrace(1559)	register slip progress, view id : 6637137
2026-06-17 02:05:09	INFO	SlipWinThread_com.huawei.u2000.ucbb.table.slip.SlipTableMsgService	Thread.getStackTrace(1559)	register slip , return result/ view id : 1 / 6637137
2026-06-17 02:05:09	INFO	AWT-EventQueue-0	Thread.getStackTrace(1559)	unregister slip, view id : 4873502
2026-06-17 02:05:09	INFO	AWT-EventQueue-0	Thread.getStackTrace(1559)	unregister slip progress, view id : 4873502
2026-06-17 02:05:10	INFO	AWT-EventQueue-0	Thread.getStackTrace(1559)	create new SvTablePanel instance, view id :8412949
2026-06-17 02:05:10	INFO	AWT-EventQueue-0	Thread.getStackTrace(1559)	register slip progress, view id : 8412949
2026-06-17 02:05:10	INFO	SlipWinThread_com.huawei.u2000.ucbb.table.slip.SlipTableMsgService	Thread.getStackTrace(1559)	register slip , return result/ view id : 1 / 8412949
2026-06-17 02:05:10	INFO	AWT-EventQueue-0	Thread.getStackTrace(1559)	unregister slip, view id : 6637137
2026-06-17 02:05:10	INFO	AWT-EventQueue-0	Thread.getStackTrace(1559)	unregister slip progress, view id : 6637137
2026-06-17 02:05:19	INFO	AWT-EventQueue-0	Thread.getStackTrace(1559)	create new SvTablePanel instance, view id :30088525
2026-06-17 02:05:19	INFO	AWT-EventQueue-0	Thread.getStackTrace(1559)	register slip progress, view id : 30088525
2026-06-17 02:05:19	INFO	SlipWinThread_com.huawei.u2000.ucbb.table.slip.SlipTableMsgService	Thread.getStackTrace(1559)	register slip , return result/ view id : 1 / 30088525
2026-06-17 02:05:19	INFO	AWT-EventQueue-0	Thread.getStackTrace(1559)	unregister slip, view id : 24208501
2026-06-17 02:05:19	INFO	AWT-EventQueue-0	Thread.getStackTrace(1559)	unregister slip progress, view id : 24208501
2026-06-17 02:05:24	INFO	AWT-EventQueue-0	Thread.getStackTrace(1559)	create new SvTablePanel instance, view id :30162817
2026-06-17 02:05:24	INFO	AWT-EventQueue-0	Thread.getStackTrace(1559)	register slip progress, view id : 30162817
2026-06-17 02:05:24	INFO	SlipWinThread_com.huawei.u2000.ucbb.table.slip.SlipTableMsgService	Thread.getStackTrace(1559)	register slip , return result/ view id : 1 / 30162817
2026-06-17 02:05:24	INFO	AWT-EventQueue-0	Thread.getStackTrace(1559)	unregister slip, view id : 30088525
2026-06-17 02:05:24	INFO	AWT-EventQueue-0	Thread.getStackTrace(1559)	unregister slip progress, view id : 30088525
2026-06-17 02:05:28	INFO	AWT-EventQueue-0	Thread.getStackTrace(1559)	create new SvTablePanel instance, view id :6615509
2026-06-17 02:05:28	INFO	AWT-EventQueue-0	Thread.getStackTrace(1559)	register slip progress, view id : 6615509
2026-06-17 02:05:28	INFO	SlipWinThread_com.huawei.u2000.ucbb.table.slip.SlipTableMsgService	Thread.getStackTrace(1559)	register slip , return result/ view id : 1 / 6615509
2026-06-17 02:05:28	INFO	AWT-EventQueue-0	Thread.getStackTrace(1559)	unregister slip, view id : 30162817
2026-06-17 02:05:28	INFO	AWT-EventQueue-0	Thread.getStackTrace(1559)	unregister slip progress, view id : 30162817
2026-06-17 02:05:28	INFO	AWT-EventQueue-0	Thread.getStackTrace(1559)	create new SvTablePanel instance, view id :3518435
2026-06-17 02:05:28	INFO	AWT-EventQueue-0	Thread.getStackTrace(1559)	register slip progress, view id : 3518435
2026-06-17 02:05:28	INFO	SlipWinThread_com.huawei.u2000.ucbb.table.slip.SlipTableMsgService	Thread.getStackTrace(1559)	register slip , return result/ view id : 1 / 3518435
2026-06-17 02:05:28	INFO	AWT-EventQueue-0	Thread.getStackTrace(1559)	unregister slip, view id : 6615509
2026-06-17 02:05:28	INFO	AWT-EventQueue-0	Thread.getStackTrace(1559)	unregister slip progress, view id : 6615509
2026-06-17 02:05:42	INFO	AWT-EventQueue-0	Thread.getStackTrace(1559)	create new SvTablePanel instance, view id :10078376
2026-06-17 02:05:42	INFO	AWT-EventQueue-0	Thread.getStackTrace(1559)	register slip progress, view id : 10078376
2026-06-17 02:05:42	INFO	SlipWinThread_com.huawei.u2000.ucbb.table.slip.SlipTableMsgService	Thread.getStackTrace(1559)	register slip , return result/ view id : 1 / 10078376
2026-06-17 02:05:42	INFO	AWT-EventQueue-0	Thread.getStackTrace(1559)	unregister slip, view id : 3518435
2026-06-17 02:05:42	INFO	AWT-EventQueue-0	Thread.getStackTrace(1559)	unregister slip progress, view id : 3518435
2026-06-17 02:05:43	INFO	AWT-EventQueue-0	Thread.getStackTrace(1559)	create new SvTablePanel instance, view id :11747885
2026-06-17 02:05:43	INFO	AWT-EventQueue-0	Thread.getStackTrace(1559)	register slip progress, view id : 11747885
2026-06-17 02:05:43	INFO	SlipWinThread_com.huawei.u2000.ucbb.table.slip.SlipTableMsgService	Thread.getStackTrace(1559)	register slip , return result/ view id : 1 / 11747885
2026-06-17 02:05:43	INFO	AWT-EventQueue-0	Thread.getStackTrace(1559)	unregister slip, view id : 10078376
2026-06-17 02:05:43	INFO	AWT-EventQueue-0	Thread.getStackTrace(1559)	unregister slip progress, view id : 10078376
2026-06-17 02:05:49	INFO	AWT-EventQueue-0	Thread.getStackTrace(1559)	create new SvTablePanel instance, view id :6776517
2026-06-17 02:05:49	INFO	AWT-EventQueue-0	Thread.getStackTrace(1559)	register slip progress, view id : 6776517
2026-06-17 02:05:49	INFO	SlipWinThread_com.huawei.u2000.ucbb.table.slip.SlipTableMsgService	Thread.getStackTrace(1559)	register slip , return result/ view id : 1 / 6776517
2026-06-17 02:05:49	INFO	AWT-EventQueue-0	Thread.getStackTrace(1559)	unregister slip, view id : 11747885
2026-06-17 02:05:49	INFO	AWT-EventQueue-0	Thread.getStackTrace(1559)	unregister slip progress, view id : 11747885
2026-06-17 02:06:34	INFO	AWT-EventQueue-0	Thread.getStackTrace(1559)	unregister slip, view id : 8412949
2026-06-17 02:06:34	INFO	AWT-EventQueue-0	Thread.getStackTrace(1559)	unregister slip progress, view id : 8412949
2026-06-17 02:07:39	INFO	AWT-EventQueue-0	Thread.getStackTrace(1559)	create new SvTablePanel instance, view id :8008328
2026-06-17 02:07:39	INFO	AWT-EventQueue-0	Thread.getStackTrace(1559)	register slip progress, view id : 8008328
2026-06-17 02:07:39	INFO	SlipWinThread_com.huawei.u2000.ucbb.table.slip.SlipTableMsgService	Thread.getStackTrace(1559)	register slip , return result/ view id : 1 / 8008328
2026-06-17 02:07:39	INFO	AWT-EventQueue-0	Thread.getStackTrace(1559)	unregister slip, view id : 6776517
2026-06-17 02:07:39	INFO	AWT-EventQueue-0	Thread.getStackTrace(1559)	unregister slip progress, view id : 6776517
2026-06-17 02:07:40	INFO	AWT-EventQueue-0	Thread.getStackTrace(1559)	create new SvTablePanel instance, view id :22147197
2026-06-17 02:07:40	INFO	AWT-EventQueue-0	Thread.getStackTrace(1559)	register slip progress, view id : 22147197
2026-06-17 02:07:40	INFO	SlipWinThread_com.huawei.u2000.ucbb.table.slip.SlipTableMsgService	Thread.getStackTrace(1559)	register slip , return result/ view id : 1 / 22147197
2026-06-17 02:07:40	INFO	AWT-EventQueue-0	Thread.getStackTrace(1559)	unregister slip, view id : 8008328
2026-06-17 02:07:40	INFO	AWT-EventQueue-0	Thread.getStackTrace(1559)	unregister slip progress, view id : 8008328
2026-06-17 02:07:42	INFO	AWT-EventQueue-0	Thread.getStackTrace(1559)	create new SvTablePanel instance, view id :28488492
2026-06-17 02:07:42	INFO	AWT-EventQueue-0	Thread.getStackTrace(1559)	register slip progress, view id : 28488492
2026-06-17 02:07:42	INFO	SlipWinThread_com.huawei.u2000.ucbb.table.slip.SlipTableMsgService	Thread.getStackTrace(1559)	register slip , return result/ view id : 1 / 28488492
2026-06-17 02:07:42	INFO	AWT-EventQueue-0	Thread.getStackTrace(1559)	unregister slip, view id : 22147197
2026-06-17 02:07:42	INFO	AWT-EventQueue-0	Thread.getStackTrace(1559)	unregister slip progress, view id : 22147197
2026-06-17 02:07:42	INFO	AWT-EventQueue-0	Thread.getStackTrace(1559)	create new SvTablePanel instance, view id :32774618
2026-06-17 02:07:43	INFO	AWT-EventQueue-0	Thread.getStackTrace(1559)	register slip progress, view id : 32774618
2026-06-17 02:07:43	INFO	SlipWinThread_com.huawei.u2000.ucbb.table.slip.SlipTableMsgService	Thread.getStackTrace(1559)	register slip , return result/ view id : 1 / 32774618
2026-06-17 02:07:43	INFO	AWT-EventQueue-0	Thread.getStackTrace(1559)	unregister slip, view id : 28488492
2026-06-17 02:07:43	INFO	AWT-EventQueue-0	Thread.getStackTrace(1559)	unregister slip progress, view id : 28488492
2026-06-17 02:07:43	INFO	AWT-EventQueue-0	Thread.getStackTrace(1559)	create new SvTablePanel instance, view id :12567353
2026-06-17 02:07:43	INFO	AWT-EventQueue-0	Thread.getStackTrace(1559)	register slip progress, view id : 12567353
2026-06-17 02:07:43	INFO	SlipWinThread_com.huawei.u2000.ucbb.table.slip.SlipTableMsgService	Thread.getStackTrace(1559)	register slip , return result/ view id : 1 / 12567353
2026-06-17 02:07:43	INFO	AWT-EventQueue-0	Thread.getStackTrace(1559)	unregister slip, view id : 32774618
2026-06-17 02:07:43	INFO	AWT-EventQueue-0	Thread.getStackTrace(1559)	unregister slip progress, view id : 32774618
2026-06-17 02:11:30	INFO	AWT-EventQueue-0	Thread.getStackTrace(1559)	create new SvTablePanel instance, view id :10094711
2026-06-17 02:11:30	INFO	AWT-EventQueue-0	Thread.getStackTrace(1559)	register slip progress, view id : 10094711
2026-06-17 02:11:30	INFO	SlipWinThread_com.huawei.u2000.ucbb.table.slip.SlipTableMsgService	Thread.getStackTrace(1559)	register slip , return result/ view id : 1 / 10094711
2026-06-17 02:11:30	INFO	AWT-EventQueue-0	Thread.getStackTrace(1559)	unregister slip, view id : 12567353
2026-06-17 02:11:30	INFO	AWT-EventQueue-0	Thread.getStackTrace(1559)	unregister slip progress, view id : 12567353
2026-06-17 02:12:43	INFO	AWT-EventQueue-0	Thread.getStackTrace(1559)	create new SvTablePanel instance, view id :23807646
2026-06-17 02:12:43	INFO	AWT-EventQueue-0	Thread.getStackTrace(1559)	register slip progress, view id : 23807646
2026-06-17 02:12:43	INFO	SlipWinThread_com.huawei.u2000.ucbb.table.slip.SlipTableMsgService	Thread.getStackTrace(1559)	register slip , return result/ view id : 1 / 23807646
2026-06-17 02:12:43	INFO	AWT-EventQueue-0	Thread.getStackTrace(1559)	unregister slip, view id : 10094711
2026-06-17 02:12:43	INFO	AWT-EventQueue-0	Thread.getStackTrace(1559)	unregister slip progress, view id : 10094711
2026-06-17 02:21:29	INFO	AWT-EventQueue-0	Thread.getStackTrace(1559)	create new SvTablePanel instance, view id :27080818
2026-06-17 02:21:29	INFO	AWT-EventQueue-0	Thread.getStackTrace(1559)	register slip progress, view id : 27080818
2026-06-17 02:21:29	INFO	SlipWinThread_com.huawei.u2000.ucbb.table.slip.SlipTableMsgService	Thread.getStackTrace(1559)	register slip , return result/ view id : 1 / 27080818
2026-06-17 02:21:30	INFO	AWT-EventQueue-0	Thread.getStackTrace(1559)	unregister slip, view id : 23807646
2026-06-17 02:21:30	INFO	AWT-EventQueue-0	Thread.getStackTrace(1559)	unregister slip progress, view id : 23807646
2026-06-17 02:21:37	INFO	AWT-EventQueue-0	Thread.getStackTrace(1559)	create new SvTablePanel instance, view id :15105878
2026-06-17 02:21:37	INFO	AWT-EventQueue-0	Thread.getStackTrace(1559)	register slip progress, view id : 15105878
2026-06-17 02:21:37	INFO	SlipWinThread_com.huawei.u2000.ucbb.table.slip.SlipTableMsgService	Thread.getStackTrace(1559)	register slip , return result/ view id : 1 / 15105878
2026-06-17 02:21:37	INFO	AWT-EventQueue-0	Thread.getStackTrace(1559)	unregister slip, view id : 27080818
2026-06-17 02:21:37	INFO	AWT-EventQueue-0	Thread.getStackTrace(1559)	unregister slip progress, view id : 27080818
2026-06-17 02:22:13	INFO	AWT-EventQueue-0	Thread.getStackTrace(1559)	create new SvTablePanel instance, view id :5802040
2026-06-17 02:22:13	INFO	AWT-EventQueue-0	Thread.getStackTrace(1559)	register slip progress, view id : 5802040
2026-06-17 02:22:13	INFO	SlipWinThread_com.huawei.u2000.ucbb.table.slip.SlipTableMsgService	Thread.getStackTrace(1559)	register slip , return result/ view id : 1 / 5802040
2026-06-17 02:22:13	INFO	AWT-EventQueue-0	Thread.getStackTrace(1559)	unregister slip, view id : 15105878
2026-06-17 02:22:13	INFO	AWT-EventQueue-0	Thread.getStackTrace(1559)	unregister slip progress, view id : 15105878
2026-06-17 02:22:31	INFO	AWT-EventQueue-0	Thread.getStackTrace(1559)	create new SvTablePanel instance, view id :2382163
2026-06-17 02:22:31	INFO	AWT-EventQueue-0	Thread.getStackTrace(1559)	register slip progress, view id : 2382163
2026-06-17 02:22:31	INFO	SlipWinThread_com.huawei.u2000.ucbb.table.slip.SlipTableMsgService	Thread.getStackTrace(1559)	register slip , return result/ view id : 1 / 2382163
2026-06-17 02:22:31	INFO	AWT-EventQueue-0	Thread.getStackTrace(1559)	unregister slip, view id : 5802040
2026-06-17 02:22:31	INFO	AWT-EventQueue-0	Thread.getStackTrace(1559)	unregister slip progress, view id : 5802040
2026-06-17 02:22:33	INFO	SvTableMsgReceiver Thread-175077	Thread.getStackTrace(1559)	recieve message cmdcode:12639
2026-06-17 02:22:34	INFO	SvTableMsgReceiver Thread-175077	Thread.getStackTrace(1559)	recieve message cmdcode:12639
2026-06-17 02:23:00	INFO	AWT-EventQueue-0	Thread.getStackTrace(1559)	create new SvTablePanel instance, view id :26456616
2026-06-17 02:23:01	INFO	AWT-EventQueue-0	Thread.getStackTrace(1559)	register slip progress, view id : 26456616
2026-06-17 02:23:01	INFO	SlipWinThread_com.huawei.u2000.ucbb.table.slip.SlipTableMsgService	Thread.getStackTrace(1559)	register slip , return result/ view id : 1 / 26456616
2026-06-17 02:23:01	INFO	AWT-EventQueue-0	Thread.getStackTrace(1559)	unregister slip, view id : 2382163
2026-06-17 02:23:01	INFO	AWT-EventQueue-0	Thread.getStackTrace(1559)	unregister slip progress, view id : 2382163
2026-06-17 02:23:02	INFO	SvTableMsgReceiver Thread-176440	Thread.getStackTrace(1559)	recieve message cmdcode:12639
2026-06-17 02:23:03	INFO	SvTableMsgReceiver Thread-176440	Thread.getStackTrace(1559)	recieve message cmdcode:12639
2026-06-17 02:23:05	INFO	AWT-EventQueue-0	Thread.getStackTrace(1559)	create new SvTablePanel instance, view id :28458719
2026-06-17 02:23:05	INFO	AWT-EventQueue-0	Thread.getStackTrace(1559)	register slip progress, view id : 28458719
2026-06-17 02:23:05	INFO	SlipWinThread_com.huawei.u2000.ucbb.table.slip.SlipTableMsgService	Thread.getStackTrace(1559)	register slip , return result/ view id : 1 / 28458719
2026-06-17 02:23:05	INFO	AWT-EventQueue-0	Thread.getStackTrace(1559)	unregister slip, view id : 26456616
2026-06-17 02:23:05	INFO	AWT-EventQueue-0	Thread.getStackTrace(1559)	unregister slip progress, view id : 26456616
2026-06-17 02:23:06	INFO	AWT-EventQueue-0	Thread.getStackTrace(1559)	create new SvTablePanel instance, view id :7092284
2026-06-17 02:23:06	INFO	AWT-EventQueue-0	Thread.getStackTrace(1559)	register slip progress, view id : 7092284
2026-06-17 02:23:06	INFO	SlipWinThread_com.huawei.u2000.ucbb.table.slip.SlipTableMsgService	Thread.getStackTrace(1559)	register slip , return result/ view id : 1 / 7092284
2026-06-17 02:23:06	INFO	AWT-EventQueue-0	Thread.getStackTrace(1559)	unregister slip, view id : 28458719
2026-06-17 02:23:06	INFO	AWT-EventQueue-0	Thread.getStackTrace(1559)	unregister slip progress, view id : 28458719
2026-06-17 02:23:17	INFO	AWT-EventQueue-0	Thread.getStackTrace(1559)	create new SvTablePanel instance, view id :10983330
2026-06-17 02:23:17	INFO	AWT-EventQueue-0	Thread.getStackTrace(1559)	register slip progress, view id : 10983330
2026-06-17 02:23:17	INFO	SlipWinThread_com.huawei.u2000.ucbb.table.slip.SlipTableMsgService	Thread.getStackTrace(1559)	register slip , return result/ view id : 1 / 10983330
2026-06-17 02:23:17	INFO	AWT-EventQueue-0	Thread.getStackTrace(1559)	unregister slip, view id : 7092284
2026-06-17 02:23:17	INFO	AWT-EventQueue-0	Thread.getStackTrace(1559)	unregister slip progress, view id : 7092284
2026-06-17 02:23:21	INFO	AWT-EventQueue-0	Thread.getStackTrace(1559)	create new SvTablePanel instance, view id :5904453
2026-06-17 02:23:21	INFO	AWT-EventQueue-0	Thread.getStackTrace(1559)	register slip progress, view id : 5904453
2026-06-17 02:23:21	INFO	SlipWinThread_com.huawei.u2000.ucbb.table.slip.SlipTableMsgService	Thread.getStackTrace(1559)	register slip , return result/ view id : 1 / 5904453
2026-06-17 02:23:21	INFO	AWT-EventQueue-0	Thread.getStackTrace(1559)	unregister slip, view id : 10983330
2026-06-17 02:23:21	INFO	AWT-EventQueue-0	Thread.getStackTrace(1559)	unregister slip progress, view id : 10983330
2026-06-17 03:02:56	INFO	AWT-EventQueue-0	Thread.getStackTrace(1559)	create new SvTablePanel instance, view id :11122677
2026-06-17 03:02:56	INFO	AWT-EventQueue-0	Thread.getStackTrace(1559)	register slip progress, view id : 11122677
2026-06-17 03:02:56	INFO	SlipWinThread_com.huawei.u2000.ucbb.table.slip.SlipTableMsgService	Thread.getStackTrace(1559)	register slip , return result/ view id : 1 / 11122677
2026-06-17 03:03:01	INFO	AWT-EventQueue-0	Thread.getStackTrace(1559)	unregister slip, view id : 11122677
2026-06-17 03:03:01	INFO	AWT-EventQueue-0	Thread.getStackTrace(1559)	unregister slip progress, view id : 11122677
2026-06-17 03:05:47	INFO	AWT-EventQueue-0	Thread.getStackTrace(1559)	create new SvTablePanel instance, view id :2077999
2026-06-17 03:05:47	INFO	AWT-EventQueue-0	Thread.getStackTrace(1559)	register slip progress, view id : 2077999
2026-06-17 03:05:47	INFO	SlipWinThread_com.huawei.u2000.ucbb.table.slip.SlipTableMsgService	Thread.getStackTrace(1559)	register slip , return result/ view id : 1 / 2077999
2026-06-17 03:05:47	INFO	AWT-EventQueue-0	Thread.getStackTrace(1559)	unregister slip, view id : 5904453
2026-06-17 03:05:47	INFO	AWT-EventQueue-0	Thread.getStackTrace(1559)	unregister slip progress, view id : 5904453
2026-06-17 03:05:49	INFO	AWT-EventQueue-0	Thread.getStackTrace(1559)	create new SvTablePanel instance, view id :31881773
2026-06-17 03:05:49	INFO	AWT-EventQueue-0	Thread.getStackTrace(1559)	register slip progress, view id : 31881773
2026-06-17 03:05:49	INFO	SlipWinThread_com.huawei.u2000.ucbb.table.slip.SlipTableMsgService	Thread.getStackTrace(1559)	register slip , return result/ view id : 1 / 31881773
2026-06-17 03:05:49	INFO	AWT-EventQueue-0	Thread.getStackTrace(1559)	unregister slip, view id : 2077999
2026-06-17 03:05:49	INFO	AWT-EventQueue-0	Thread.getStackTrace(1559)	unregister slip progress, view id : 2077999
2026-06-17 03:06:18	INFO	AWT-EventQueue-0	Thread.getStackTrace(1559)	create new SvTablePanel instance, view id :29807426
2026-06-17 03:06:18	INFO	AWT-EventQueue-0	Thread.getStackTrace(1559)	register slip progress, view id : 29807426
2026-06-17 03:06:18	INFO	SlipWinThread_com.huawei.u2000.ucbb.table.slip.SlipTableMsgService	Thread.getStackTrace(1559)	register slip , return result/ view id : 1 / 29807426
2026-06-17 03:06:24	INFO	AWT-EventQueue-0	Thread.getStackTrace(1559)	create new SvTablePanel instance, view id :17041333
2026-06-17 03:06:24	INFO	AWT-EventQueue-0	Thread.getStackTrace(1559)	register slip progress, view id : 17041333
2026-06-17 03:06:24	INFO	SlipWinThread_com.huawei.u2000.ucbb.table.slip.SlipTableMsgService	Thread.getStackTrace(1559)	register slip , return result/ view id : 1 / 17041333
2026-06-17 03:06:24	INFO	AWT-EventQueue-0	Thread.getStackTrace(1559)	unregister slip, view id : 29807426
2026-06-17 03:06:24	INFO	AWT-EventQueue-0	Thread.getStackTrace(1559)	unregister slip progress, view id : 29807426
2026-06-17 03:06:25	INFO	AWT-EventQueue-0	Thread.getStackTrace(1559)	create new SvTablePanel instance, view id :6016182
2026-06-17 03:06:25	INFO	AWT-EventQueue-0	Thread.getStackTrace(1559)	register slip progress, view id : 6016182
2026-06-17 03:06:25	INFO	SlipWinThread_com.huawei.u2000.ucbb.table.slip.SlipTableMsgService	Thread.getStackTrace(1559)	register slip , return result/ view id : 1 / 6016182
2026-06-17 03:06:25	INFO	AWT-EventQueue-0	Thread.getStackTrace(1559)	unregister slip, view id : 17041333
2026-06-17 03:06:25	INFO	AWT-EventQueue-0	Thread.getStackTrace(1559)	unregister slip progress, view id : 17041333
2026-06-17 03:06:36	INFO	AWT-EventQueue-0	Thread.getStackTrace(1559)	create new SvTablePanel instance, view id :26040561
2026-06-17 03:06:36	INFO	AWT-EventQueue-0	Thread.getStackTrace(1559)	register slip progress, view id : 26040561
2026-06-17 03:06:36	INFO	SlipWinThread_com.huawei.u2000.ucbb.table.slip.SlipTableMsgService	Thread.getStackTrace(1559)	register slip , return result/ view id : 1 / 26040561
2026-06-17 03:06:36	INFO	AWT-EventQueue-0	Thread.getStackTrace(1559)	unregister slip, view id : 6016182
2026-06-17 03:06:36	INFO	AWT-EventQueue-0	Thread.getStackTrace(1559)	unregister slip progress, view id : 6016182
2026-06-17 03:06:37	INFO	AWT-EventQueue-0	Thread.getStackTrace(1559)	create new SvTablePanel instance, view id :33430068
2026-06-17 03:06:37	INFO	AWT-EventQueue-0	Thread.getStackTrace(1559)	register slip progress, view id : 33430068
2026-06-17 03:06:37	INFO	SlipWinThread_com.huawei.u2000.ucbb.table.slip.SlipTableMsgService	Thread.getStackTrace(1559)	register slip , return result/ view id : 1 / 33430068
2026-06-17 03:06:37	INFO	AWT-EventQueue-0	Thread.getStackTrace(1559)	unregister slip, view id : 26040561
2026-06-17 03:06:37	INFO	AWT-EventQueue-0	Thread.getStackTrace(1559)	unregister slip progress, view id : 26040561
2026-06-17 03:06:38	INFO	AWT-EventQueue-0	Thread.getStackTrace(1559)	create new SvTablePanel instance, view id :2049798
2026-06-17 03:06:38	INFO	AWT-EventQueue-0	Thread.getStackTrace(1559)	register slip progress, view id : 2049798
2026-06-17 03:06:38	INFO	SlipWinThread_com.huawei.u2000.ucbb.table.slip.SlipTableMsgService	Thread.getStackTrace(1559)	register slip , return result/ view id : 1 / 2049798
2026-06-17 03:06:38	INFO	AWT-EventQueue-0	Thread.getStackTrace(1559)	unregister slip, view id : 33430068
2026-06-17 03:06:38	INFO	AWT-EventQueue-0	Thread.getStackTrace(1559)	unregister slip progress, view id : 33430068
2026-06-17 03:06:38	INFO	AWT-EventQueue-0	Thread.getStackTrace(1559)	create new SvTablePanel instance, view id :4927605
2026-06-17 03:06:38	INFO	AWT-EventQueue-0	Thread.getStackTrace(1559)	register slip progress, view id : 4927605
2026-06-17 03:06:38	INFO	SlipWinThread_com.huawei.u2000.ucbb.table.slip.SlipTableMsgService	Thread.getStackTrace(1559)	register slip , return result/ view id : 1 / 4927605
2026-06-17 03:06:39	INFO	AWT-EventQueue-0	Thread.getStackTrace(1559)	unregister slip, view id : 2049798
2026-06-17 03:06:39	INFO	AWT-EventQueue-0	Thread.getStackTrace(1559)	unregister slip progress, view id : 2049798
2026-06-17 03:06:40	INFO	AWT-EventQueue-0	Thread.getStackTrace(1559)	create new SvTablePanel instance, view id :15689850
2026-06-17 03:06:40	INFO	AWT-EventQueue-0	Thread.getStackTrace(1559)	register slip progress, view id : 15689850
2026-06-17 03:06:40	INFO	SlipWinThread_com.huawei.u2000.ucbb.table.slip.SlipTableMsgService	Thread.getStackTrace(1559)	register slip , return result/ view id : 1 / 15689850
2026-06-17 03:06:40	INFO	AWT-EventQueue-0	Thread.getStackTrace(1559)	unregister slip, view id : 4927605
2026-06-17 03:06:40	INFO	AWT-EventQueue-0	Thread.getStackTrace(1559)	unregister slip progress, view id : 4927605
2026-06-17 03:06:45	INFO	AWT-EventQueue-0	Thread.getStackTrace(1559)	create new SvTablePanel instance, view id :8121073
2026-06-17 03:06:45	INFO	AWT-EventQueue-0	Thread.getStackTrace(1559)	register slip progress, view id : 8121073
2026-06-17 03:06:45	INFO	SlipWinThread_com.huawei.u2000.ucbb.table.slip.SlipTableMsgService	Thread.getStackTrace(1559)	register slip , return result/ view id : 1 / 8121073
2026-06-17 03:06:45	INFO	AWT-EventQueue-0	Thread.getStackTrace(1559)	unregister slip, view id : 15689850
2026-06-17 03:06:45	INFO	AWT-EventQueue-0	Thread.getStackTrace(1559)	unregister slip progress, view id : 15689850
2026-06-17 03:06:45	INFO	AWT-EventQueue-0	Thread.getStackTrace(1559)	create new SvTablePanel instance, view id :22976938
2026-06-17 03:06:45	INFO	AWT-EventQueue-0	Thread.getStackTrace(1559)	register slip progress, view id : 22976938
2026-06-17 03:06:45	INFO	SlipWinThread_com.huawei.u2000.ucbb.table.slip.SlipTableMsgService	Thread.getStackTrace(1559)	register slip , return result/ view id : 1 / 22976938
2026-06-17 03:06:45	INFO	AWT-EventQueue-0	Thread.getStackTrace(1559)	unregister slip, view id : 8121073
2026-06-17 03:06:45	INFO	AWT-EventQueue-0	Thread.getStackTrace(1559)	unregister slip progress, view id : 8121073
2026-06-17 03:06:47	INFO	AWT-EventQueue-0	Thread.getStackTrace(1559)	create new SvTablePanel instance, view id :15867212
2026-06-17 03:06:47	INFO	AWT-EventQueue-0	Thread.getStackTrace(1559)	register slip progress, view id : 15867212
2026-06-17 03:06:47	INFO	SlipWinThread_com.huawei.u2000.ucbb.table.slip.SlipTableMsgService	Thread.getStackTrace(1559)	register slip , return result/ view id : 1 / 15867212
2026-06-17 03:06:47	INFO	AWT-EventQueue-0	Thread.getStackTrace(1559)	unregister slip, view id : 22976938
2026-06-17 03:06:47	INFO	AWT-EventQueue-0	Thread.getStackTrace(1559)	unregister slip progress, view id : 22976938
2026-06-17 03:06:49	INFO	AWT-EventQueue-0	Thread.getStackTrace(1559)	create new SvTablePanel instance, view id :31685646
2026-06-17 03:06:49	INFO	AWT-EventQueue-0	Thread.getStackTrace(1559)	register slip progress, view id : 31685646
2026-06-17 03:06:49	INFO	SlipWinThread_com.huawei.u2000.ucbb.table.slip.SlipTableMsgService	Thread.getStackTrace(1559)	register slip , return result/ view id : 1 / 31685646
2026-06-17 03:06:49	INFO	AWT-EventQueue-0	Thread.getStackTrace(1559)	unregister slip, view id : 15867212
2026-06-17 03:06:49	INFO	AWT-EventQueue-0	Thread.getStackTrace(1559)	unregister slip progress, view id : 15867212
2026-06-17 03:06:50	INFO	AWT-EventQueue-0	Thread.getStackTrace(1559)	create new SvTablePanel instance, view id :7199425
2026-06-17 03:06:50	INFO	AWT-EventQueue-0	Thread.getStackTrace(1559)	register slip progress, view id : 7199425
2026-06-17 03:06:50	INFO	SlipWinThread_com.huawei.u2000.ucbb.table.slip.SlipTableMsgService	Thread.getStackTrace(1559)	register slip , return result/ view id : 1 / 7199425
2026-06-17 03:06:50	INFO	AWT-EventQueue-0	Thread.getStackTrace(1559)	unregister slip, view id : 31685646
2026-06-17 03:06:50	INFO	AWT-EventQueue-0	Thread.getStackTrace(1559)	unregister slip progress, view id : 31685646
2026-06-17 03:06:52	INFO	AWT-EventQueue-0	Thread.getStackTrace(1559)	create new SvTablePanel instance, view id :24461266
2026-06-17 03:06:52	INFO	AWT-EventQueue-0	Thread.getStackTrace(1559)	register slip progress, view id : 24461266
2026-06-17 03:06:52	INFO	SlipWinThread_com.huawei.u2000.ucbb.table.slip.SlipTableMsgService	Thread.getStackTrace(1559)	register slip , return result/ view id : 1 / 24461266
2026-06-17 03:06:52	INFO	AWT-EventQueue-0	Thread.getStackTrace(1559)	unregister slip, view id : 7199425
2026-06-17 03:06:52	INFO	AWT-EventQueue-0	Thread.getStackTrace(1559)	unregister slip progress, view id : 7199425
2026-06-17 03:06:53	INFO	AWT-EventQueue-0	Thread.getStackTrace(1559)	create new SvTablePanel instance, view id :27893531
2026-06-17 03:06:53	INFO	AWT-EventQueue-0	Thread.getStackTrace(1559)	register slip progress, view id : 27893531
2026-06-17 03:06:53	INFO	SlipWinThread_com.huawei.u2000.ucbb.table.slip.SlipTableMsgService	Thread.getStackTrace(1559)	register slip , return result/ view id : 1 / 27893531
2026-06-17 03:06:53	INFO	AWT-EventQueue-0	Thread.getStackTrace(1559)	unregister slip, view id : 24461266
2026-06-17 03:06:53	INFO	AWT-EventQueue-0	Thread.getStackTrace(1559)	unregister slip progress, view id : 24461266
2026-06-17 03:06:54	INFO	AWT-EventQueue-0	Thread.getStackTrace(1559)	create new SvTablePanel instance, view id :6311892
2026-06-17 03:06:54	INFO	AWT-EventQueue-0	Thread.getStackTrace(1559)	register slip progress, view id : 6311892
2026-06-17 03:06:54	INFO	SlipWinThread_com.huawei.u2000.ucbb.table.slip.SlipTableMsgService	Thread.getStackTrace(1559)	register slip , return result/ view id : 1 / 6311892
2026-06-17 03:06:54	INFO	AWT-EventQueue-0	Thread.getStackTrace(1559)	unregister slip, view id : 27893531
2026-06-17 03:06:54	INFO	AWT-EventQueue-0	Thread.getStackTrace(1559)	unregister slip progress, view id : 27893531
2026-06-17 03:06:55	INFO	AWT-EventQueue-0	Thread.getStackTrace(1559)	create new SvTablePanel instance, view id :29496924
2026-06-17 03:06:55	INFO	AWT-EventQueue-0	Thread.getStackTrace(1559)	register slip progress, view id : 29496924
2026-06-17 03:06:55	INFO	SlipWinThread_com.huawei.u2000.ucbb.table.slip.SlipTableMsgService	Thread.getStackTrace(1559)	register slip , return result/ view id : 1 / 29496924
2026-06-17 03:06:55	INFO	AWT-EventQueue-0	Thread.getStackTrace(1559)	unregister slip, view id : 6311892
2026-06-17 03:06:55	INFO	AWT-EventQueue-0	Thread.getStackTrace(1559)	unregister slip progress, view id : 6311892
2026-06-17 03:06:55	INFO	AWT-EventQueue-0	Thread.getStackTrace(1559)	create new SvTablePanel instance, view id :10808040
2026-06-17 03:06:55	INFO	AWT-EventQueue-0	Thread.getStackTrace(1559)	register slip progress, view id : 10808040
2026-06-17 03:06:55	INFO	SlipWinThread_com.huawei.u2000.ucbb.table.slip.SlipTableMsgService	Thread.getStackTrace(1559)	register slip , return result/ view id : 1 / 10808040
2026-06-17 03:06:55	INFO	AWT-EventQueue-0	Thread.getStackTrace(1559)	unregister slip, view id : 29496924
2026-06-17 03:06:55	INFO	AWT-EventQueue-0	Thread.getStackTrace(1559)	unregister slip progress, view id : 29496924
2026-06-17 03:06:57	INFO	AWT-EventQueue-0	Thread.getStackTrace(1559)	create new SvTablePanel instance, view id :14104510
2026-06-17 03:06:57	INFO	AWT-EventQueue-0	Thread.getStackTrace(1559)	register slip progress, view id : 14104510
2026-06-17 03:06:57	INFO	SlipWinThread_com.huawei.u2000.ucbb.table.slip.SlipTableMsgService	Thread.getStackTrace(1559)	register slip , return result/ view id : 1 / 14104510
2026-06-17 03:06:57	INFO	AWT-EventQueue-0	Thread.getStackTrace(1559)	unregister slip, view id : 10808040
2026-06-17 03:06:57	INFO	AWT-EventQueue-0	Thread.getStackTrace(1559)	unregister slip progress, view id : 10808040
2026-06-17 03:06:57	INFO	AWT-EventQueue-0	Thread.getStackTrace(1559)	create new SvTablePanel instance, view id :32882467
2026-06-17 03:06:57	INFO	AWT-EventQueue-0	Thread.getStackTrace(1559)	register slip progress, view id : 32882467
2026-06-17 03:06:57	INFO	AWT-EventQueue-0	Thread.getStackTrace(1559)	unregister slip, view id : 14104510
2026-06-17 03:06:57	INFO	AWT-EventQueue-0	Thread.getStackTrace(1559)	unregister slip progress, view id : 14104510
2026-06-17 03:06:57	INFO	SlipWinThread_com.huawei.u2000.ucbb.table.slip.SlipTableMsgService	Thread.getStackTrace(1559)	register slip , return result/ view id : 1 / 32882467
2026-06-17 03:06:58	INFO	AWT-EventQueue-0	Thread.getStackTrace(1559)	create new SvTablePanel instance, view id :14972262
2026-06-17 03:06:58	INFO	AWT-EventQueue-0	Thread.getStackTrace(1559)	register slip progress, view id : 14972262
2026-06-17 03:06:58	INFO	SlipWinThread_com.huawei.u2000.ucbb.table.slip.SlipTableMsgService	Thread.getStackTrace(1559)	register slip , return result/ view id : 1 / 14972262
2026-06-17 03:06:59	INFO	AWT-EventQueue-0	Thread.getStackTrace(1559)	unregister slip, view id : 32882467
2026-06-17 03:06:59	INFO	AWT-EventQueue-0	Thread.getStackTrace(1559)	unregister slip progress, view id : 32882467
2026-06-17 03:06:59	INFO	AWT-EventQueue-0	Thread.getStackTrace(1559)	create new SvTablePanel instance, view id :28697030
2026-06-17 03:06:59	INFO	AWT-EventQueue-0	Thread.getStackTrace(1559)	register slip progress, view id : 28697030
2026-06-17 03:06:59	INFO	SlipWinThread_com.huawei.u2000.ucbb.table.slip.SlipTableMsgService	Thread.getStackTrace(1559)	register slip , return result/ view id : 1 / 28697030
2026-06-17 03:06:59	INFO	AWT-EventQueue-0	Thread.getStackTrace(1559)	unregister slip, view id : 14972262
2026-06-17 03:06:59	INFO	AWT-EventQueue-0	Thread.getStackTrace(1559)	unregister slip progress, view id : 14972262
2026-06-17 03:07:02	INFO	AWT-EventQueue-0	Thread.getStackTrace(1559)	create new SvTablePanel instance, view id :25375122
2026-06-17 03:07:02	INFO	AWT-EventQueue-0	Thread.getStackTrace(1559)	register slip progress, view id : 25375122
2026-06-17 03:07:02	INFO	SlipWinThread_com.huawei.u2000.ucbb.table.slip.SlipTableMsgService	Thread.getStackTrace(1559)	register slip , return result/ view id : 1 / 25375122
2026-06-17 03:07:02	INFO	AWT-EventQueue-0	Thread.getStackTrace(1559)	unregister slip, view id : 28697030
2026-06-17 03:07:02	INFO	AWT-EventQueue-0	Thread.getStackTrace(1559)	unregister slip progress, view id : 28697030
2026-06-17 03:07:03	INFO	AWT-EventQueue-0	Thread.getStackTrace(1559)	create new SvTablePanel instance, view id :4119020
2026-06-17 03:07:03	INFO	AWT-EventQueue-0	Thread.getStackTrace(1559)	register slip progress, view id : 4119020
2026-06-17 03:07:03	INFO	SlipWinThread_com.huawei.u2000.ucbb.table.slip.SlipTableMsgService	Thread.getStackTrace(1559)	register slip , return result/ view id : 1 / 4119020
2026-06-17 03:07:04	INFO	AWT-EventQueue-0	Thread.getStackTrace(1559)	unregister slip, view id : 25375122
2026-06-17 03:07:04	INFO	AWT-EventQueue-0	Thread.getStackTrace(1559)	unregister slip progress, view id : 25375122
2026-06-17 03:07:04	INFO	AWT-EventQueue-0	Thread.getStackTrace(1559)	create new SvTablePanel instance, view id :12358561
2026-06-17 03:07:04	INFO	AWT-EventQueue-0	Thread.getStackTrace(1559)	register slip progress, view id : 12358561
2026-06-17 03:07:04	INFO	SlipWinThread_com.huawei.u2000.ucbb.table.slip.SlipTableMsgService	Thread.getStackTrace(1559)	register slip , return result/ view id : 1 / 12358561
2026-06-17 03:07:04	INFO	AWT-EventQueue-0	Thread.getStackTrace(1559)	unregister slip, view id : 4119020
2026-06-17 03:07:04	INFO	AWT-EventQueue-0	Thread.getStackTrace(1559)	unregister slip progress, view id : 4119020
2026-06-17 03:07:05	INFO	AWT-EventQueue-0	Thread.getStackTrace(1559)	create new SvTablePanel instance, view id :321850
2026-06-17 03:07:05	INFO	AWT-EventQueue-0	Thread.getStackTrace(1559)	register slip progress, view id : 321850
2026-06-17 03:07:05	INFO	SlipWinThread_com.huawei.u2000.ucbb.table.slip.SlipTableMsgService	Thread.getStackTrace(1559)	register slip , return result/ view id : 1 / 321850
2026-06-17 03:07:05	INFO	AWT-EventQueue-0	Thread.getStackTrace(1559)	unregister slip, view id : 12358561
2026-06-17 03:07:05	INFO	AWT-EventQueue-0	Thread.getStackTrace(1559)	unregister slip progress, view id : 12358561
2026-06-17 03:07:06	INFO	AWT-EventQueue-0	Thread.getStackTrace(1559)	create new SvTablePanel instance, view id :24383851
2026-06-17 03:07:06	INFO	AWT-EventQueue-0	Thread.getStackTrace(1559)	register slip progress, view id : 24383851
2026-06-17 03:07:06	INFO	SlipWinThread_com.huawei.u2000.ucbb.table.slip.SlipTableMsgService	Thread.getStackTrace(1559)	register slip , return result/ view id : 1 / 24383851
2026-06-17 03:07:06	INFO	AWT-EventQueue-0	Thread.getStackTrace(1559)	unregister slip, view id : 321850
2026-06-17 03:07:06	INFO	AWT-EventQueue-0	Thread.getStackTrace(1559)	unregister slip progress, view id : 321850
2026-06-17 03:07:07	INFO	AWT-EventQueue-0	Thread.getStackTrace(1559)	create new SvTablePanel instance, view id :25744294
2026-06-17 03:07:07	INFO	AWT-EventQueue-0	Thread.getStackTrace(1559)	register slip progress, view id : 25744294
2026-06-17 03:07:07	INFO	SlipWinThread_com.huawei.u2000.ucbb.table.slip.SlipTableMsgService	Thread.getStackTrace(1559)	register slip , return result/ view id : 1 / 25744294
2026-06-17 03:07:07	INFO	AWT-EventQueue-0	Thread.getStackTrace(1559)	unregister slip, view id : 24383851
2026-06-17 03:07:07	INFO	AWT-EventQueue-0	Thread.getStackTrace(1559)	unregister slip progress, view id : 24383851
2026-06-17 03:07:07	INFO	AWT-EventQueue-0	Thread.getStackTrace(1559)	create new SvTablePanel instance, view id :20864709
2026-06-17 03:07:07	INFO	AWT-EventQueue-0	Thread.getStackTrace(1559)	register slip progress, view id : 20864709
2026-06-17 03:07:07	INFO	SlipWinThread_com.huawei.u2000.ucbb.table.slip.SlipTableMsgService	Thread.getStackTrace(1559)	register slip , return result/ view id : 1 / 20864709
2026-06-17 03:07:07	INFO	AWT-EventQueue-0	Thread.getStackTrace(1559)	unregister slip, view id : 25744294
2026-06-17 03:07:07	INFO	AWT-EventQueue-0	Thread.getStackTrace(1559)	unregister slip progress, view id : 25744294
2026-06-17 03:07:08	INFO	AWT-EventQueue-0	Thread.getStackTrace(1559)	create new SvTablePanel instance, view id :17182011
2026-06-17 03:07:08	INFO	AWT-EventQueue-0	Thread.getStackTrace(1559)	register slip progress, view id : 17182011
2026-06-17 03:07:08	INFO	SlipWinThread_com.huawei.u2000.ucbb.table.slip.SlipTableMsgService	Thread.getStackTrace(1559)	register slip , return result/ view id : 1 / 17182011
2026-06-17 03:07:08	INFO	AWT-EventQueue-0	Thread.getStackTrace(1559)	unregister slip, view id : 20864709
2026-06-17 03:07:08	INFO	AWT-EventQueue-0	Thread.getStackTrace(1559)	unregister slip progress, view id : 20864709
2026-06-17 03:07:08	INFO	AWT-EventQueue-0	Thread.getStackTrace(1559)	create new SvTablePanel instance, view id :19097440
2026-06-17 03:07:08	INFO	AWT-EventQueue-0	Thread.getStackTrace(1559)	register slip progress, view id : 19097440
2026-06-17 03:07:08	INFO	SlipWinThread_com.huawei.u2000.ucbb.table.slip.SlipTableMsgService	Thread.getStackTrace(1559)	register slip , return result/ view id : 1 / 19097440
2026-06-17 03:07:08	INFO	AWT-EventQueue-0	Thread.getStackTrace(1559)	unregister slip, view id : 17182011
2026-06-17 03:07:08	INFO	AWT-EventQueue-0	Thread.getStackTrace(1559)	unregister slip progress, view id : 17182011
2026-06-17 03:07:09	INFO	AWT-EventQueue-0	Thread.getStackTrace(1559)	create new SvTablePanel instance, view id :31194575
2026-06-17 03:07:09	INFO	AWT-EventQueue-0	Thread.getStackTrace(1559)	register slip progress, view id : 31194575
2026-06-17 03:07:09	INFO	SlipWinThread_com.huawei.u2000.ucbb.table.slip.SlipTableMsgService	Thread.getStackTrace(1559)	register slip , return result/ view id : 1 / 31194575
2026-06-17 03:07:09	INFO	AWT-EventQueue-0	Thread.getStackTrace(1559)	unregister slip, view id : 19097440
2026-06-17 03:07:09	INFO	AWT-EventQueue-0	Thread.getStackTrace(1559)	unregister slip progress, view id : 19097440
2026-06-17 03:07:10	INFO	AWT-EventQueue-0	Thread.getStackTrace(1559)	create new SvTablePanel instance, view id :27709163
2026-06-17 03:07:10	INFO	AWT-EventQueue-0	Thread.getStackTrace(1559)	register slip progress, view id : 27709163
2026-06-17 03:07:10	INFO	SlipWinThread_com.huawei.u2000.ucbb.table.slip.SlipTableMsgService	Thread.getStackTrace(1559)	register slip , return result/ view id : 1 / 27709163
2026-06-17 03:07:10	INFO	AWT-EventQueue-0	Thread.getStackTrace(1559)	unregister slip, view id : 31194575
2026-06-17 03:07:10	INFO	AWT-EventQueue-0	Thread.getStackTrace(1559)	unregister slip progress, view id : 31194575
2026-06-17 03:07:11	INFO	AWT-EventQueue-0	Thread.getStackTrace(1559)	create new SvTablePanel instance, view id :27405802
2026-06-17 03:07:11	INFO	AWT-EventQueue-0	Thread.getStackTrace(1559)	register slip progress, view id : 27405802
2026-06-17 03:07:11	INFO	SlipWinThread_com.huawei.u2000.ucbb.table.slip.SlipTableMsgService	Thread.getStackTrace(1559)	register slip , return result/ view id : 1 / 27405802
2026-06-17 03:07:11	INFO	AWT-EventQueue-0	Thread.getStackTrace(1559)	unregister slip, view id : 27709163
2026-06-17 03:07:11	INFO	AWT-EventQueue-0	Thread.getStackTrace(1559)	unregister slip progress, view id : 27709163
2026-06-17 03:07:11	INFO	AWT-EventQueue-0	Thread.getStackTrace(1559)	create new SvTablePanel instance, view id :10377116
2026-06-17 03:07:11	INFO	AWT-EventQueue-0	Thread.getStackTrace(1559)	register slip progress, view id : 10377116
2026-06-17 03:07:11	INFO	SlipWinThread_com.huawei.u2000.ucbb.table.slip.SlipTableMsgService	Thread.getStackTrace(1559)	register slip , return result/ view id : 1 / 10377116
2026-06-17 03:07:11	INFO	AWT-EventQueue-0	Thread.getStackTrace(1559)	unregister slip, view id : 27405802
2026-06-17 03:07:11	INFO	AWT-EventQueue-0	Thread.getStackTrace(1559)	unregister slip progress, view id : 27405802
2026-06-17 03:07:19	INFO	AWT-EventQueue-0	Thread.getStackTrace(1559)	create new SvTablePanel instance, view id :32469914
2026-06-17 03:07:19	INFO	AWT-EventQueue-0	Thread.getStackTrace(1559)	register slip progress, view id : 32469914
2026-06-17 03:07:20	INFO	SlipWinThread_com.huawei.u2000.ucbb.table.slip.SlipTableMsgService	Thread.getStackTrace(1559)	register slip , return result/ view id : 1 / 32469914
2026-06-17 03:07:20	INFO	AWT-EventQueue-0	Thread.getStackTrace(1559)	unregister slip, view id : 31881773
2026-06-17 03:07:20	INFO	AWT-EventQueue-0	Thread.getStackTrace(1559)	unregister slip progress, view id : 31881773
2026-06-17 03:07:21	INFO	AWT-EventQueue-0	Thread.getStackTrace(1559)	create new SvTablePanel instance, view id :6733401
2026-06-17 03:07:21	INFO	AWT-EventQueue-0	Thread.getStackTrace(1559)	register slip progress, view id : 6733401
2026-06-17 03:07:21	INFO	SlipWinThread_com.huawei.u2000.ucbb.table.slip.SlipTableMsgService	Thread.getStackTrace(1559)	register slip , return result/ view id : 1 / 6733401
2026-06-17 03:07:21	INFO	AWT-EventQueue-0	Thread.getStackTrace(1559)	unregister slip, view id : 32469914
2026-06-17 03:07:21	INFO	AWT-EventQueue-0	Thread.getStackTrace(1559)	unregister slip progress, view id : 32469914
2026-06-17 03:07:22	INFO	AWT-EventQueue-0	Thread.getStackTrace(1559)	create new SvTablePanel instance, view id :20834292
2026-06-17 03:07:22	INFO	AWT-EventQueue-0	Thread.getStackTrace(1559)	register slip progress, view id : 20834292
2026-06-17 03:07:22	INFO	SlipWinThread_com.huawei.u2000.ucbb.table.slip.SlipTableMsgService	Thread.getStackTrace(1559)	register slip , return result/ view id : 1 / 20834292
2026-06-17 03:07:22	INFO	AWT-EventQueue-0	Thread.getStackTrace(1559)	unregister slip, view id : 6733401
2026-06-17 03:07:22	INFO	AWT-EventQueue-0	Thread.getStackTrace(1559)	unregister slip progress, view id : 6733401
2026-06-17 03:07:22	INFO	AWT-EventQueue-0	Thread.getStackTrace(1559)	create new SvTablePanel instance, view id :23148368
2026-06-17 03:07:22	INFO	AWT-EventQueue-0	Thread.getStackTrace(1559)	register slip progress, view id : 23148368
2026-06-17 03:07:22	INFO	SlipWinThread_com.huawei.u2000.ucbb.table.slip.SlipTableMsgService	Thread.getStackTrace(1559)	register slip , return result/ view id : 1 / 23148368
2026-06-17 03:07:22	INFO	AWT-EventQueue-0	Thread.getStackTrace(1559)	unregister slip, view id : 20834292
2026-06-17 03:07:22	INFO	AWT-EventQueue-0	Thread.getStackTrace(1559)	unregister slip progress, view id : 20834292
2026-06-17 03:07:23	INFO	AWT-EventQueue-0	Thread.getStackTrace(1559)	create new SvTablePanel instance, view id :14220255
2026-06-17 03:07:23	INFO	AWT-EventQueue-0	Thread.getStackTrace(1559)	register slip progress, view id : 14220255
2026-06-17 03:07:23	INFO	SlipWinThread_com.huawei.u2000.ucbb.table.slip.SlipTableMsgService	Thread.getStackTrace(1559)	register slip , return result/ view id : 1 / 14220255
2026-06-17 03:07:23	INFO	AWT-EventQueue-0	Thread.getStackTrace(1559)	unregister slip, view id : 23148368
2026-06-17 03:07:23	INFO	AWT-EventQueue-0	Thread.getStackTrace(1559)	unregister slip progress, view id : 23148368
2026-06-17 03:07:25	INFO	AWT-EventQueue-0	Thread.getStackTrace(1559)	create new SvTablePanel instance, view id :25407343
2026-06-17 03:07:25	INFO	AWT-EventQueue-0	Thread.getStackTrace(1559)	register slip progress, view id : 25407343
2026-06-17 03:07:25	INFO	SlipWinThread_com.huawei.u2000.ucbb.table.slip.SlipTableMsgService	Thread.getStackTrace(1559)	register slip , return result/ view id : 1 / 25407343
2026-06-17 03:07:25	INFO	AWT-EventQueue-0	Thread.getStackTrace(1559)	unregister slip, view id : 14220255
2026-06-17 03:07:25	INFO	AWT-EventQueue-0	Thread.getStackTrace(1559)	unregister slip progress, view id : 14220255
2026-06-17 03:07:25	INFO	AWT-EventQueue-0	Thread.getStackTrace(1559)	create new SvTablePanel instance, view id :3091492
2026-06-17 03:07:25	INFO	AWT-EventQueue-0	Thread.getStackTrace(1559)	register slip progress, view id : 3091492
2026-06-17 03:07:25	INFO	SlipWinThread_com.huawei.u2000.ucbb.table.slip.SlipTableMsgService	Thread.getStackTrace(1559)	register slip , return result/ view id : 1 / 3091492
2026-06-17 03:07:25	INFO	AWT-EventQueue-0	Thread.getStackTrace(1559)	unregister slip, view id : 25407343
2026-06-17 03:07:25	INFO	AWT-EventQueue-0	Thread.getStackTrace(1559)	unregister slip progress, view id : 25407343
2026-06-17 03:07:46	INFO	AWT-EventQueue-0	Thread.getStackTrace(1559)	create new SvTablePanel instance, view id :16661383
2026-06-17 03:07:46	INFO	AWT-EventQueue-0	Thread.getStackTrace(1559)	register slip progress, view id : 16661383
2026-06-17 03:07:46	INFO	SlipWinThread_com.huawei.u2000.ucbb.table.slip.SlipTableMsgService	Thread.getStackTrace(1559)	register slip , return result/ view id : 1 / 16661383
2026-06-17 03:07:46	INFO	AWT-EventQueue-0	Thread.getStackTrace(1559)	unregister slip, view id : 3091492
2026-06-17 03:07:46	INFO	AWT-EventQueue-0	Thread.getStackTrace(1559)	unregister slip progress, view id : 3091492
2026-06-17 03:07:49	INFO	AWT-EventQueue-0	Thread.getStackTrace(1559)	create new SvTablePanel instance, view id :30157439
2026-06-17 03:07:49	INFO	AWT-EventQueue-0	Thread.getStackTrace(1559)	register slip progress, view id : 30157439
2026-06-17 03:07:49	INFO	SlipWinThread_com.huawei.u2000.ucbb.table.slip.SlipTableMsgService	Thread.getStackTrace(1559)	register slip , return result/ view id : 1 / 30157439
2026-06-17 03:07:49	INFO	AWT-EventQueue-0	Thread.getStackTrace(1559)	unregister slip, view id : 16661383
2026-06-17 03:07:49	INFO	AWT-EventQueue-0	Thread.getStackTrace(1559)	unregister slip progress, view id : 16661383
2026-06-17 03:07:50	INFO	AWT-EventQueue-0	Thread.getStackTrace(1559)	create new SvTablePanel instance, view id :9899290
2026-06-17 03:07:50	INFO	AWT-EventQueue-0	Thread.getStackTrace(1559)	register slip progress, view id : 9899290
2026-06-17 03:07:50	INFO	SlipWinThread_com.huawei.u2000.ucbb.table.slip.SlipTableMsgService	Thread.getStackTrace(1559)	register slip , return result/ view id : 1 / 9899290
2026-06-17 03:07:50	INFO	AWT-EventQueue-0	Thread.getStackTrace(1559)	unregister slip, view id : 30157439
2026-06-17 03:07:50	INFO	AWT-EventQueue-0	Thread.getStackTrace(1559)	unregister slip progress, view id : 30157439
2026-06-17 03:07:50	INFO	AWT-EventQueue-0	Thread.getStackTrace(1559)	create new SvTablePanel instance, view id :30367152
2026-06-17 03:07:50	INFO	AWT-EventQueue-0	Thread.getStackTrace(1559)	register slip progress, view id : 30367152
2026-06-17 03:07:50	INFO	SlipWinThread_com.huawei.u2000.ucbb.table.slip.SlipTableMsgService	Thread.getStackTrace(1559)	register slip , return result/ view id : 1 / 30367152
2026-06-17 03:07:50	INFO	AWT-EventQueue-0	Thread.getStackTrace(1559)	unregister slip, view id : 9899290
2026-06-17 03:07:50	INFO	AWT-EventQueue-0	Thread.getStackTrace(1559)	unregister slip progress, view id : 9899290
2026-06-17 03:07:51	INFO	AWT-EventQueue-0	Thread.getStackTrace(1559)	create new SvTablePanel instance, view id :14235391
2026-06-17 03:07:51	INFO	AWT-EventQueue-0	Thread.getStackTrace(1559)	register slip progress, view id : 14235391
2026-06-17 03:07:51	INFO	SlipWinThread_com.huawei.u2000.ucbb.table.slip.SlipTableMsgService	Thread.getStackTrace(1559)	register slip , return result/ view id : 1 / 14235391
2026-06-17 03:07:51	INFO	AWT-EventQueue-0	Thread.getStackTrace(1559)	unregister slip, view id : 30367152
2026-06-17 03:07:51	INFO	AWT-EventQueue-0	Thread.getStackTrace(1559)	unregister slip progress, view id : 30367152
2026-06-17 03:07:52	INFO	AWT-EventQueue-0	Thread.getStackTrace(1559)	create new SvTablePanel instance, view id :8414341
2026-06-17 03:07:52	INFO	AWT-EventQueue-0	Thread.getStackTrace(1559)	register slip progress, view id : 8414341
2026-06-17 03:07:52	INFO	SlipWinThread_com.huawei.u2000.ucbb.table.slip.SlipTableMsgService	Thread.getStackTrace(1559)	register slip , return result/ view id : 1 / 8414341
2026-06-17 03:07:52	INFO	AWT-EventQueue-0	Thread.getStackTrace(1559)	unregister slip, view id : 14235391
2026-06-17 03:07:52	INFO	AWT-EventQueue-0	Thread.getStackTrace(1559)	unregister slip progress, view id : 14235391
2026-06-17 03:07:52	INFO	AWT-EventQueue-0	Thread.getStackTrace(1559)	create new SvTablePanel instance, view id :17342654
2026-06-17 03:07:52	INFO	AWT-EventQueue-0	Thread.getStackTrace(1559)	register slip progress, view id : 17342654
2026-06-17 03:07:52	INFO	SlipWinThread_com.huawei.u2000.ucbb.table.slip.SlipTableMsgService	Thread.getStackTrace(1559)	register slip , return result/ view id : 1 / 17342654
2026-06-17 03:07:52	INFO	AWT-EventQueue-0	Thread.getStackTrace(1559)	unregister slip, view id : 8414341
2026-06-17 03:07:52	INFO	AWT-EventQueue-0	Thread.getStackTrace(1559)	unregister slip progress, view id : 8414341
2026-06-17 03:07:53	INFO	AWT-EventQueue-0	Thread.getStackTrace(1559)	create new SvTablePanel instance, view id :26063874
2026-06-17 03:07:53	INFO	AWT-EventQueue-0	Thread.getStackTrace(1559)	register slip progress, view id : 26063874
2026-06-17 03:07:53	INFO	SlipWinThread_com.huawei.u2000.ucbb.table.slip.SlipTableMsgService	Thread.getStackTrace(1559)	register slip , return result/ view id : 1 / 26063874
2026-06-17 03:07:54	INFO	AWT-EventQueue-0	Thread.getStackTrace(1559)	unregister slip, view id : 17342654
2026-06-17 03:07:54	INFO	AWT-EventQueue-0	Thread.getStackTrace(1559)	unregister slip progress, view id : 17342654
2026-06-17 03:07:54	INFO	AWT-EventQueue-0	Thread.getStackTrace(1559)	create new SvTablePanel instance, view id :28096380
2026-06-17 03:07:54	INFO	AWT-EventQueue-0	Thread.getStackTrace(1559)	register slip progress, view id : 28096380
2026-06-17 03:07:54	INFO	SlipWinThread_com.huawei.u2000.ucbb.table.slip.SlipTableMsgService	Thread.getStackTrace(1559)	register slip , return result/ view id : 1 / 28096380
2026-06-17 03:07:54	INFO	AWT-EventQueue-0	Thread.getStackTrace(1559)	unregister slip, view id : 26063874
2026-06-17 03:07:54	INFO	AWT-EventQueue-0	Thread.getStackTrace(1559)	unregister slip progress, view id : 26063874
2026-06-17 03:07:54	INFO	AWT-EventQueue-0	Thread.getStackTrace(1559)	create new SvTablePanel instance, view id :7286754
2026-06-17 03:07:54	INFO	AWT-EventQueue-0	Thread.getStackTrace(1559)	register slip progress, view id : 7286754
2026-06-17 03:07:54	INFO	SlipWinThread_com.huawei.u2000.ucbb.table.slip.SlipTableMsgService	Thread.getStackTrace(1559)	register slip , return result/ view id : 1 / 7286754
2026-06-17 03:07:54	INFO	AWT-EventQueue-0	Thread.getStackTrace(1559)	unregister slip, view id : 28096380
2026-06-17 03:07:54	INFO	AWT-EventQueue-0	Thread.getStackTrace(1559)	unregister slip progress, view id : 28096380
2026-06-17 03:07:56	INFO	AWT-EventQueue-0	Thread.getStackTrace(1559)	create new SvTablePanel instance, view id :470537
2026-06-17 03:07:56	INFO	AWT-EventQueue-0	Thread.getStackTrace(1559)	register slip progress, view id : 470537
2026-06-17 03:07:56	INFO	SlipWinThread_com.huawei.u2000.ucbb.table.slip.SlipTableMsgService	Thread.getStackTrace(1559)	register slip , return result/ view id : 1 / 470537
2026-06-17 03:07:56	INFO	AWT-EventQueue-0	Thread.getStackTrace(1559)	unregister slip, view id : 7286754
2026-06-17 03:07:56	INFO	AWT-EventQueue-0	Thread.getStackTrace(1559)	unregister slip progress, view id : 7286754
2026-06-17 03:07:56	INFO	AWT-EventQueue-0	Thread.getStackTrace(1559)	create new SvTablePanel instance, view id :26419969
2026-06-17 03:07:56	INFO	AWT-EventQueue-0	Thread.getStackTrace(1559)	register slip progress, view id : 26419969
2026-06-17 03:07:56	INFO	SlipWinThread_com.huawei.u2000.ucbb.table.slip.SlipTableMsgService	Thread.getStackTrace(1559)	register slip , return result/ view id : 1 / 26419969
2026-06-17 03:07:56	INFO	AWT-EventQueue-0	Thread.getStackTrace(1559)	unregister slip, view id : 470537
2026-06-17 03:07:56	INFO	AWT-EventQueue-0	Thread.getStackTrace(1559)	unregister slip progress, view id : 470537
2026-06-17 03:07:57	INFO	AWT-EventQueue-0	Thread.getStackTrace(1559)	create new SvTablePanel instance, view id :15769745
2026-06-17 03:07:57	INFO	AWT-EventQueue-0	Thread.getStackTrace(1559)	register slip progress, view id : 15769745
2026-06-17 03:07:57	INFO	SlipWinThread_com.huawei.u2000.ucbb.table.slip.SlipTableMsgService	Thread.getStackTrace(1559)	register slip , return result/ view id : 1 / 15769745
2026-06-17 03:07:57	INFO	AWT-EventQueue-0	Thread.getStackTrace(1559)	unregister slip, view id : 26419969
2026-06-17 03:07:57	INFO	AWT-EventQueue-0	Thread.getStackTrace(1559)	unregister slip progress, view id : 26419969
2026-06-17 03:07:58	INFO	AWT-EventQueue-0	Thread.getStackTrace(1559)	create new SvTablePanel instance, view id :9302479
2026-06-17 03:07:58	INFO	AWT-EventQueue-0	Thread.getStackTrace(1559)	register slip progress, view id : 9302479
2026-06-17 03:07:58	INFO	SlipWinThread_com.huawei.u2000.ucbb.table.slip.SlipTableMsgService	Thread.getStackTrace(1559)	register slip , return result/ view id : 1 / 9302479
2026-06-17 03:07:58	INFO	AWT-EventQueue-0	Thread.getStackTrace(1559)	unregister slip, view id : 15769745
2026-06-17 03:07:58	INFO	AWT-EventQueue-0	Thread.getStackTrace(1559)	unregister slip progress, view id : 15769745
2026-06-17 03:07:58	INFO	AWT-EventQueue-0	Thread.getStackTrace(1559)	create new SvTablePanel instance, view id :25787928
2026-06-17 03:07:58	INFO	AWT-EventQueue-0	Thread.getStackTrace(1559)	register slip progress, view id : 25787928
2026-06-17 03:07:58	INFO	SlipWinThread_com.huawei.u2000.ucbb.table.slip.SlipTableMsgService	Thread.getStackTrace(1559)	register slip , return result/ view id : 1 / 25787928
2026-06-17 03:07:58	INFO	AWT-EventQueue-0	Thread.getStackTrace(1559)	unregister slip, view id : 9302479
2026-06-17 03:07:58	INFO	AWT-EventQueue-0	Thread.getStackTrace(1559)	unregister slip progress, view id : 9302479
2026-06-17 03:07:58	INFO	AWT-EventQueue-0	Thread.getStackTrace(1559)	create new SvTablePanel instance, view id :15758691
2026-06-17 03:07:58	INFO	AWT-EventQueue-0	Thread.getStackTrace(1559)	register slip progress, view id : 15758691
2026-06-17 03:07:58	INFO	SlipWinThread_com.huawei.u2000.ucbb.table.slip.SlipTableMsgService	Thread.getStackTrace(1559)	register slip , return result/ view id : 1 / 15758691
2026-06-17 03:07:58	INFO	AWT-EventQueue-0	Thread.getStackTrace(1559)	unregister slip, view id : 25787928
2026-06-17 03:07:58	INFO	AWT-EventQueue-0	Thread.getStackTrace(1559)	unregister slip progress, view id : 25787928
2026-06-17 03:08:05	INFO	AWT-EventQueue-0	Thread.getStackTrace(1559)	create new SvTablePanel instance, view id :31034036
2026-06-17 03:08:05	INFO	AWT-EventQueue-0	Thread.getStackTrace(1559)	register slip progress, view id : 31034036
2026-06-17 03:08:05	INFO	SlipWinThread_com.huawei.u2000.ucbb.table.slip.SlipTableMsgService	Thread.getStackTrace(1559)	register slip , return result/ view id : 1 / 31034036
2026-06-17 03:08:05	INFO	AWT-EventQueue-0	Thread.getStackTrace(1559)	unregister slip, view id : 15758691
2026-06-17 03:08:05	INFO	AWT-EventQueue-0	Thread.getStackTrace(1559)	unregister slip progress, view id : 15758691
2026-06-17 03:08:05	INFO	AWT-EventQueue-0	Thread.getStackTrace(1559)	create new SvTablePanel instance, view id :11978996
2026-06-17 03:08:05	INFO	AWT-EventQueue-0	Thread.getStackTrace(1559)	register slip progress, view id : 11978996
2026-06-17 03:08:05	INFO	SlipWinThread_com.huawei.u2000.ucbb.table.slip.SlipTableMsgService	Thread.getStackTrace(1559)	register slip , return result/ view id : 1 / 11978996
2026-06-17 03:08:05	INFO	AWT-EventQueue-0	Thread.getStackTrace(1559)	unregister slip, view id : 31034036
2026-06-17 03:08:05	INFO	AWT-EventQueue-0	Thread.getStackTrace(1559)	unregister slip progress, view id : 31034036
2026-06-17 03:08:06	INFO	AWT-EventQueue-0	Thread.getStackTrace(1559)	create new SvTablePanel instance, view id :17688086
2026-06-17 03:08:06	INFO	AWT-EventQueue-0	Thread.getStackTrace(1559)	register slip progress, view id : 17688086
2026-06-17 03:08:06	INFO	SlipWinThread_com.huawei.u2000.ucbb.table.slip.SlipTableMsgService	Thread.getStackTrace(1559)	register slip , return result/ view id : 1 / 17688086
2026-06-17 03:08:06	INFO	AWT-EventQueue-0	Thread.getStackTrace(1559)	unregister slip, view id : 11978996
2026-06-17 03:08:06	INFO	AWT-EventQueue-0	Thread.getStackTrace(1559)	unregister slip progress, view id : 11978996
2026-06-17 03:08:07	INFO	AWT-EventQueue-0	Thread.getStackTrace(1559)	create new SvTablePanel instance, view id :19832757
2026-06-17 03:08:07	INFO	AWT-EventQueue-0	Thread.getStackTrace(1559)	register slip progress, view id : 19832757
2026-06-17 03:08:07	INFO	SlipWinThread_com.huawei.u2000.ucbb.table.slip.SlipTableMsgService	Thread.getStackTrace(1559)	register slip , return result/ view id : 1 / 19832757
2026-06-17 03:08:07	INFO	AWT-EventQueue-0	Thread.getStackTrace(1559)	unregister slip, view id : 17688086
2026-06-17 03:08:07	INFO	AWT-EventQueue-0	Thread.getStackTrace(1559)	unregister slip progress, view id : 17688086
2026-06-17 03:08:07	INFO	AWT-EventQueue-0	Thread.getStackTrace(1559)	create new SvTablePanel instance, view id :25813494
2026-06-17 03:08:07	INFO	AWT-EventQueue-0	Thread.getStackTrace(1559)	register slip progress, view id : 25813494
2026-06-17 03:08:07	INFO	SlipWinThread_com.huawei.u2000.ucbb.table.slip.SlipTableMsgService	Thread.getStackTrace(1559)	register slip , return result/ view id : 1 / 25813494
2026-06-17 03:08:07	INFO	AWT-EventQueue-0	Thread.getStackTrace(1559)	unregister slip, view id : 19832757
2026-06-17 03:08:07	INFO	AWT-EventQueue-0	Thread.getStackTrace(1559)	unregister slip progress, view id : 19832757
2026-06-17 03:08:08	INFO	AWT-EventQueue-0	Thread.getStackTrace(1559)	create new SvTablePanel instance, view id :30864899
2026-06-17 03:08:08	INFO	AWT-EventQueue-0	Thread.getStackTrace(1559)	register slip progress, view id : 30864899
2026-06-17 03:08:08	INFO	SlipWinThread_com.huawei.u2000.ucbb.table.slip.SlipTableMsgService	Thread.getStackTrace(1559)	register slip , return result/ view id : 1 / 30864899
2026-06-17 03:08:08	INFO	AWT-EventQueue-0	Thread.getStackTrace(1559)	unregister slip, view id : 25813494
2026-06-17 03:08:08	INFO	AWT-EventQueue-0	Thread.getStackTrace(1559)	unregister slip progress, view id : 25813494
2026-06-17 03:08:09	INFO	AWT-EventQueue-0	Thread.getStackTrace(1559)	create new SvTablePanel instance, view id :26082909
2026-06-17 03:08:09	INFO	AWT-EventQueue-0	Thread.getStackTrace(1559)	register slip progress, view id : 26082909
2026-06-17 03:08:09	INFO	SlipWinThread_com.huawei.u2000.ucbb.table.slip.SlipTableMsgService	Thread.getStackTrace(1559)	register slip , return result/ view id : 1 / 26082909
2026-06-17 03:08:09	INFO	AWT-EventQueue-0	Thread.getStackTrace(1559)	unregister slip, view id : 30864899
2026-06-17 03:08:09	INFO	AWT-EventQueue-0	Thread.getStackTrace(1559)	unregister slip progress, view id : 30864899
2026-06-17 03:08:10	INFO	AWT-EventQueue-0	Thread.getStackTrace(1559)	create new SvTablePanel instance, view id :28376854
2026-06-17 03:08:10	INFO	AWT-EventQueue-0	Thread.getStackTrace(1559)	register slip progress, view id : 28376854
2026-06-17 03:08:10	INFO	SlipWinThread_com.huawei.u2000.ucbb.table.slip.SlipTableMsgService	Thread.getStackTrace(1559)	register slip , return result/ view id : 1 / 28376854
2026-06-17 03:08:10	INFO	AWT-EventQueue-0	Thread.getStackTrace(1559)	unregister slip, view id : 26082909
2026-06-17 03:08:10	INFO	AWT-EventQueue-0	Thread.getStackTrace(1559)	unregister slip progress, view id : 26082909
2026-06-17 03:08:10	INFO	AWT-EventQueue-0	Thread.getStackTrace(1559)	create new SvTablePanel instance, view id :22404892
2026-06-17 03:08:10	INFO	AWT-EventQueue-0	Thread.getStackTrace(1559)	register slip progress, view id : 22404892
2026-06-17 03:08:10	INFO	SlipWinThread_com.huawei.u2000.ucbb.table.slip.SlipTableMsgService	Thread.getStackTrace(1559)	register slip , return result/ view id : 1 / 22404892
2026-06-17 03:08:10	INFO	AWT-EventQueue-0	Thread.getStackTrace(1559)	unregister slip, view id : 28376854
2026-06-17 03:08:10	INFO	AWT-EventQueue-0	Thread.getStackTrace(1559)	unregister slip progress, view id : 28376854
2026-06-17 03:08:11	INFO	AWT-EventQueue-0	Thread.getStackTrace(1559)	create new SvTablePanel instance, view id :2998056
2026-06-17 03:08:12	INFO	AWT-EventQueue-0	Thread.getStackTrace(1559)	register slip progress, view id : 2998056
2026-06-17 03:08:12	INFO	SlipWinThread_com.huawei.u2000.ucbb.table.slip.SlipTableMsgService	Thread.getStackTrace(1559)	register slip , return result/ view id : 1 / 2998056
2026-06-17 03:08:12	INFO	AWT-EventQueue-0	Thread.getStackTrace(1559)	unregister slip, view id : 22404892
2026-06-17 03:08:12	INFO	AWT-EventQueue-0	Thread.getStackTrace(1559)	unregister slip progress, view id : 22404892
2026-06-17 03:08:12	INFO	AWT-EventQueue-0	Thread.getStackTrace(1559)	create new SvTablePanel instance, view id :15921805
2026-06-17 03:08:12	INFO	AWT-EventQueue-0	Thread.getStackTrace(1559)	register slip progress, view id : 15921805
2026-06-17 03:08:12	INFO	SlipWinThread_com.huawei.u2000.ucbb.table.slip.SlipTableMsgService	Thread.getStackTrace(1559)	register slip , return result/ view id : 1 / 15921805
2026-06-17 03:08:12	INFO	AWT-EventQueue-0	Thread.getStackTrace(1559)	unregister slip, view id : 2998056
2026-06-17 03:08:12	INFO	AWT-EventQueue-0	Thread.getStackTrace(1559)	unregister slip progress, view id : 2998056
2026-06-17 03:08:13	INFO	AWT-EventQueue-0	Thread.getStackTrace(1559)	create new SvTablePanel instance, view id :8405982
2026-06-17 03:08:13	INFO	AWT-EventQueue-0	Thread.getStackTrace(1559)	register slip progress, view id : 8405982
2026-06-17 03:08:13	INFO	SlipWinThread_com.huawei.u2000.ucbb.table.slip.SlipTableMsgService	Thread.getStackTrace(1559)	register slip , return result/ view id : 1 / 8405982
2026-06-17 03:08:13	INFO	AWT-EventQueue-0	Thread.getStackTrace(1559)	unregister slip, view id : 15921805
2026-06-17 03:08:13	INFO	AWT-EventQueue-0	Thread.getStackTrace(1559)	unregister slip progress, view id : 15921805
2026-06-17 03:08:14	INFO	AWT-EventQueue-0	Thread.getStackTrace(1559)	create new SvTablePanel instance, view id :8868702
2026-06-17 03:08:14	INFO	AWT-EventQueue-0	Thread.getStackTrace(1559)	register slip progress, view id : 8868702
2026-06-17 03:08:14	INFO	SlipWinThread_com.huawei.u2000.ucbb.table.slip.SlipTableMsgService	Thread.getStackTrace(1559)	register slip , return result/ view id : 1 / 8868702
2026-06-17 03:08:14	INFO	AWT-EventQueue-0	Thread.getStackTrace(1559)	unregister slip, view id : 8405982
2026-06-17 03:08:14	INFO	AWT-EventQueue-0	Thread.getStackTrace(1559)	unregister slip progress, view id : 8405982
2026-06-17 03:08:14	INFO	AWT-EventQueue-0	Thread.getStackTrace(1559)	create new SvTablePanel instance, view id :31302687
2026-06-17 03:08:14	INFO	AWT-EventQueue-0	Thread.getStackTrace(1559)	register slip progress, view id : 31302687
2026-06-17 03:08:14	INFO	SlipWinThread_com.huawei.u2000.ucbb.table.slip.SlipTableMsgService	Thread.getStackTrace(1559)	register slip , return result/ view id : 1 / 31302687
2026-06-17 03:08:14	INFO	AWT-EventQueue-0	Thread.getStackTrace(1559)	unregister slip, view id : 8868702
2026-06-17 03:08:14	INFO	AWT-EventQueue-0	Thread.getStackTrace(1559)	unregister slip progress, view id : 8868702
2026-06-17 03:08:15	INFO	AWT-EventQueue-0	Thread.getStackTrace(1559)	create new SvTablePanel instance, view id :11676515
2026-06-17 03:08:15	INFO	AWT-EventQueue-0	Thread.getStackTrace(1559)	register slip progress, view id : 11676515
2026-06-17 03:08:15	INFO	SlipWinThread_com.huawei.u2000.ucbb.table.slip.SlipTableMsgService	Thread.getStackTrace(1559)	register slip , return result/ view id : 1 / 11676515
2026-06-17 03:08:15	INFO	AWT-EventQueue-0	Thread.getStackTrace(1559)	unregister slip, view id : 31302687
2026-06-17 03:08:15	INFO	AWT-EventQueue-0	Thread.getStackTrace(1559)	unregister slip progress, view id : 31302687
2026-06-17 03:08:16	INFO	AWT-EventQueue-0	Thread.getStackTrace(1559)	create new SvTablePanel instance, view id :13720228
2026-06-17 03:08:16	INFO	AWT-EventQueue-0	Thread.getStackTrace(1559)	register slip progress, view id : 13720228
2026-06-17 03:08:16	INFO	SlipWinThread_com.huawei.u2000.ucbb.table.slip.SlipTableMsgService	Thread.getStackTrace(1559)	register slip , return result/ view id : 1 / 13720228
2026-06-17 03:08:16	INFO	AWT-EventQueue-0	Thread.getStackTrace(1559)	unregister slip, view id : 11676515
2026-06-17 03:08:16	INFO	AWT-EventQueue-0	Thread.getStackTrace(1559)	unregister slip progress, view id : 11676515
2026-06-17 03:08:16	INFO	AWT-EventQueue-0	Thread.getStackTrace(1559)	create new SvTablePanel instance, view id :5187916
2026-06-17 03:08:16	INFO	AWT-EventQueue-0	Thread.getStackTrace(1559)	register slip progress, view id : 5187916
2026-06-17 03:08:16	INFO	SlipWinThread_com.huawei.u2000.ucbb.table.slip.SlipTableMsgService	Thread.getStackTrace(1559)	register slip , return result/ view id : 1 / 5187916
2026-06-17 03:08:16	INFO	AWT-EventQueue-0	Thread.getStackTrace(1559)	unregister slip, view id : 13720228
2026-06-17 03:08:16	INFO	AWT-EventQueue-0	Thread.getStackTrace(1559)	unregister slip progress, view id : 13720228
2026-06-17 03:08:17	INFO	AWT-EventQueue-0	Thread.getStackTrace(1559)	create new SvTablePanel instance, view id :687920
2026-06-17 03:08:17	INFO	AWT-EventQueue-0	Thread.getStackTrace(1559)	register slip progress, view id : 687920
2026-06-17 03:08:17	INFO	SlipWinThread_com.huawei.u2000.ucbb.table.slip.SlipTableMsgService	Thread.getStackTrace(1559)	register slip , return result/ view id : 1 / 687920
2026-06-17 03:08:17	INFO	AWT-EventQueue-0	Thread.getStackTrace(1559)	unregister slip, view id : 5187916
2026-06-17 03:08:17	INFO	AWT-EventQueue-0	Thread.getStackTrace(1559)	unregister slip progress, view id : 5187916
2026-06-17 03:08:18	INFO	AWT-EventQueue-0	Thread.getStackTrace(1559)	create new SvTablePanel instance, view id :11472831
2026-06-17 03:08:18	INFO	AWT-EventQueue-0	Thread.getStackTrace(1559)	register slip progress, view id : 11472831
2026-06-17 03:08:18	INFO	SlipWinThread_com.huawei.u2000.ucbb.table.slip.SlipTableMsgService	Thread.getStackTrace(1559)	register slip , return result/ view id : 1 / 11472831
2026-06-17 03:08:18	INFO	AWT-EventQueue-0	Thread.getStackTrace(1559)	unregister slip, view id : 687920
2026-06-17 03:08:18	INFO	AWT-EventQueue-0	Thread.getStackTrace(1559)	unregister slip progress, view id : 687920
2026-06-17 03:08:18	INFO	AWT-EventQueue-0	Thread.getStackTrace(1559)	create new SvTablePanel instance, view id :21637024
2026-06-17 03:08:18	INFO	AWT-EventQueue-0	Thread.getStackTrace(1559)	register slip progress, view id : 21637024
2026-06-17 03:08:18	INFO	SlipWinThread_com.huawei.u2000.ucbb.table.slip.SlipTableMsgService	Thread.getStackTrace(1559)	register slip , return result/ view id : 1 / 21637024
2026-06-17 03:08:18	INFO	AWT-EventQueue-0	Thread.getStackTrace(1559)	unregister slip, view id : 11472831
2026-06-17 03:08:18	INFO	AWT-EventQueue-0	Thread.getStackTrace(1559)	unregister slip progress, view id : 11472831
2026-06-17 03:08:19	INFO	AWT-EventQueue-0	Thread.getStackTrace(1559)	create new SvTablePanel instance, view id :22229923
2026-06-17 03:08:19	INFO	AWT-EventQueue-0	Thread.getStackTrace(1559)	register slip progress, view id : 22229923
2026-06-17 03:08:19	INFO	SlipWinThread_com.huawei.u2000.ucbb.table.slip.SlipTableMsgService	Thread.getStackTrace(1559)	register slip , return result/ view id : 1 / 22229923
2026-06-17 03:08:19	INFO	AWT-EventQueue-0	Thread.getStackTrace(1559)	unregister slip, view id : 21637024
2026-06-17 03:08:19	INFO	AWT-EventQueue-0	Thread.getStackTrace(1559)	unregister slip progress, view id : 21637024
2026-06-17 03:08:20	INFO	AWT-EventQueue-0	Thread.getStackTrace(1559)	create new SvTablePanel instance, view id :21555647
2026-06-17 03:08:20	INFO	AWT-EventQueue-0	Thread.getStackTrace(1559)	register slip progress, view id : 21555647
2026-06-17 03:08:20	INFO	SlipWinThread_com.huawei.u2000.ucbb.table.slip.SlipTableMsgService	Thread.getStackTrace(1559)	register slip , return result/ view id : 1 / 21555647
2026-06-17 03:08:20	INFO	AWT-EventQueue-0	Thread.getStackTrace(1559)	unregister slip, view id : 22229923
2026-06-17 03:08:20	INFO	AWT-EventQueue-0	Thread.getStackTrace(1559)	unregister slip progress, view id : 22229923
2026-06-17 03:08:20	INFO	AWT-EventQueue-0	Thread.getStackTrace(1559)	create new SvTablePanel instance, view id :12471171
2026-06-17 03:08:20	INFO	AWT-EventQueue-0	Thread.getStackTrace(1559)	register slip progress, view id : 12471171
2026-06-17 03:08:20	INFO	SlipWinThread_com.huawei.u2000.ucbb.table.slip.SlipTableMsgService	Thread.getStackTrace(1559)	register slip , return result/ view id : 1 / 12471171
2026-06-17 03:08:20	INFO	AWT-EventQueue-0	Thread.getStackTrace(1559)	unregister slip, view id : 21555647
2026-06-17 03:08:20	INFO	AWT-EventQueue-0	Thread.getStackTrace(1559)	unregister slip progress, view id : 21555647
2026-06-17 03:08:21	INFO	AWT-EventQueue-0	Thread.getStackTrace(1559)	create new SvTablePanel instance, view id :33183241
2026-06-17 03:08:21	INFO	AWT-EventQueue-0	Thread.getStackTrace(1559)	register slip progress, view id : 33183241
2026-06-17 03:08:21	INFO	SlipWinThread_com.huawei.u2000.ucbb.table.slip.SlipTableMsgService	Thread.getStackTrace(1559)	register slip , return result/ view id : 1 / 33183241
2026-06-17 03:08:21	INFO	AWT-EventQueue-0	Thread.getStackTrace(1559)	unregister slip, view id : 12471171
2026-06-17 03:08:21	INFO	AWT-EventQueue-0	Thread.getStackTrace(1559)	unregister slip progress, view id : 12471171
2026-06-17 03:08:22	INFO	AWT-EventQueue-0	Thread.getStackTrace(1559)	create new SvTablePanel instance, view id :17130736
2026-06-17 03:08:22	INFO	AWT-EventQueue-0	Thread.getStackTrace(1559)	register slip progress, view id : 17130736
2026-06-17 03:08:22	INFO	SlipWinThread_com.huawei.u2000.ucbb.table.slip.SlipTableMsgService	Thread.getStackTrace(1559)	register slip , return result/ view id : 1 / 17130736
2026-06-17 03:08:22	INFO	AWT-EventQueue-0	Thread.getStackTrace(1559)	unregister slip, view id : 33183241
2026-06-17 03:08:22	INFO	AWT-EventQueue-0	Thread.getStackTrace(1559)	unregister slip progress, view id : 33183241
2026-06-17 03:08:23	INFO	AWT-EventQueue-0	Thread.getStackTrace(1559)	create new SvTablePanel instance, view id :21763855
2026-06-17 03:08:23	INFO	AWT-EventQueue-0	Thread.getStackTrace(1559)	register slip progress, view id : 21763855
2026-06-17 03:08:23	INFO	SlipWinThread_com.huawei.u2000.ucbb.table.slip.SlipTableMsgService	Thread.getStackTrace(1559)	register slip , return result/ view id : 1 / 21763855
2026-06-17 03:08:23	INFO	AWT-EventQueue-0	Thread.getStackTrace(1559)	unregister slip, view id : 17130736
2026-06-17 03:08:23	INFO	AWT-EventQueue-0	Thread.getStackTrace(1559)	unregister slip progress, view id : 17130736
2026-06-17 03:08:25	INFO	AWT-EventQueue-0	Thread.getStackTrace(1559)	create new SvTablePanel instance, view id :1973898
2026-06-17 03:08:25	INFO	AWT-EventQueue-0	Thread.getStackTrace(1559)	register slip progress, view id : 1973898
2026-06-17 03:08:25	INFO	SlipWinThread_com.huawei.u2000.ucbb.table.slip.SlipTableMsgService	Thread.getStackTrace(1559)	register slip , return result/ view id : 1 / 1973898
2026-06-17 03:08:25	INFO	AWT-EventQueue-0	Thread.getStackTrace(1559)	unregister slip, view id : 21763855
2026-06-17 03:08:25	INFO	AWT-EventQueue-0	Thread.getStackTrace(1559)	unregister slip progress, view id : 21763855
2026-06-17 03:08:27	INFO	AWT-EventQueue-0	Thread.getStackTrace(1559)	create new SvTablePanel instance, view id :7572189
2026-06-17 03:08:27	INFO	AWT-EventQueue-0	Thread.getStackTrace(1559)	register slip progress, view id : 7572189
2026-06-17 03:08:27	INFO	SlipWinThread_com.huawei.u2000.ucbb.table.slip.SlipTableMsgService	Thread.getStackTrace(1559)	register slip , return result/ view id : 1 / 7572189
2026-06-17 03:08:27	INFO	AWT-EventQueue-0	Thread.getStackTrace(1559)	unregister slip, view id : 1973898
2026-06-17 03:08:27	INFO	AWT-EventQueue-0	Thread.getStackTrace(1559)	unregister slip progress, view id : 1973898
2026-06-17 03:08:29	INFO	AWT-EventQueue-0	Thread.getStackTrace(1559)	create new SvTablePanel instance, view id :11276642
2026-06-17 03:08:29	INFO	AWT-EventQueue-0	Thread.getStackTrace(1559)	register slip progress, view id : 11276642
2026-06-17 03:08:29	INFO	SlipWinThread_com.huawei.u2000.ucbb.table.slip.SlipTableMsgService	Thread.getStackTrace(1559)	register slip , return result/ view id : 1 / 11276642
2026-06-17 03:08:29	INFO	AWT-EventQueue-0	Thread.getStackTrace(1559)	unregister slip, view id : 7572189
2026-06-17 03:08:29	INFO	AWT-EventQueue-0	Thread.getStackTrace(1559)	unregister slip progress, view id : 7572189
2026-06-17 03:08:30	INFO	AWT-EventQueue-0	Thread.getStackTrace(1559)	create new SvTablePanel instance, view id :19118673
2026-06-17 03:08:30	INFO	AWT-EventQueue-0	Thread.getStackTrace(1559)	register slip progress, view id : 19118673
2026-06-17 03:08:30	INFO	SlipWinThread_com.huawei.u2000.ucbb.table.slip.SlipTableMsgService	Thread.getStackTrace(1559)	register slip , return result/ view id : 1 / 19118673
2026-06-17 03:08:30	INFO	AWT-EventQueue-0	Thread.getStackTrace(1559)	unregister slip, view id : 11276642
2026-06-17 03:08:30	INFO	AWT-EventQueue-0	Thread.getStackTrace(1559)	unregister slip progress, view id : 11276642
2026-06-17 03:08:32	INFO	AWT-EventQueue-0	Thread.getStackTrace(1559)	create new SvTablePanel instance, view id :27276386
2026-06-17 03:08:32	INFO	AWT-EventQueue-0	Thread.getStackTrace(1559)	register slip progress, view id : 27276386
2026-06-17 03:08:32	INFO	SlipWinThread_com.huawei.u2000.ucbb.table.slip.SlipTableMsgService	Thread.getStackTrace(1559)	register slip , return result/ view id : 1 / 27276386
2026-06-17 03:08:32	INFO	AWT-EventQueue-0	Thread.getStackTrace(1559)	unregister slip, view id : 19118673
2026-06-17 03:08:32	INFO	AWT-EventQueue-0	Thread.getStackTrace(1559)	unregister slip progress, view id : 19118673
2026-06-17 03:08:34	INFO	AWT-EventQueue-0	Thread.getStackTrace(1559)	create new SvTablePanel instance, view id :7950651
2026-06-17 03:08:34	INFO	AWT-EventQueue-0	Thread.getStackTrace(1559)	register slip progress, view id : 7950651
2026-06-17 03:08:34	INFO	SlipWinThread_com.huawei.u2000.ucbb.table.slip.SlipTableMsgService	Thread.getStackTrace(1559)	register slip , return result/ view id : 1 / 7950651
2026-06-17 03:08:34	INFO	AWT-EventQueue-0	Thread.getStackTrace(1559)	unregister slip, view id : 27276386
2026-06-17 03:08:34	INFO	AWT-EventQueue-0	Thread.getStackTrace(1559)	unregister slip progress, view id : 27276386
2026-06-17 03:08:34	INFO	AWT-EventQueue-0	Thread.getStackTrace(1559)	create new SvTablePanel instance, view id :4577397
2026-06-17 03:08:34	INFO	AWT-EventQueue-0	Thread.getStackTrace(1559)	register slip progress, view id : 4577397
2026-06-17 03:08:34	INFO	SlipWinThread_com.huawei.u2000.ucbb.table.slip.SlipTableMsgService	Thread.getStackTrace(1559)	register slip , return result/ view id : 1 / 4577397
2026-06-17 03:08:34	INFO	AWT-EventQueue-0	Thread.getStackTrace(1559)	unregister slip, view id : 7950651
2026-06-17 03:08:34	INFO	AWT-EventQueue-0	Thread.getStackTrace(1559)	unregister slip progress, view id : 7950651
2026-06-17 03:08:41	INFO	AWT-EventQueue-0	Thread.getStackTrace(1559)	create new SvTablePanel instance, view id :22981031
2026-06-17 03:08:41	INFO	AWT-EventQueue-0	Thread.getStackTrace(1559)	register slip progress, view id : 22981031
2026-06-17 03:08:41	INFO	SlipWinThread_com.huawei.u2000.ucbb.table.slip.SlipTableMsgService	Thread.getStackTrace(1559)	register slip , return result/ view id : 1 / 22981031
2026-06-17 03:08:41	INFO	AWT-EventQueue-0	Thread.getStackTrace(1559)	unregister slip, view id : 4577397
2026-06-17 03:08:41	INFO	AWT-EventQueue-0	Thread.getStackTrace(1559)	unregister slip progress, view id : 4577397
2026-06-17 03:08:42	INFO	AWT-EventQueue-0	Thread.getStackTrace(1559)	create new SvTablePanel instance, view id :20126501
2026-06-17 03:08:42	INFO	AWT-EventQueue-0	Thread.getStackTrace(1559)	register slip progress, view id : 20126501
2026-06-17 03:08:42	INFO	SlipWinThread_com.huawei.u2000.ucbb.table.slip.SlipTableMsgService	Thread.getStackTrace(1559)	register slip , return result/ view id : 1 / 20126501
2026-06-17 03:08:42	INFO	AWT-EventQueue-0	Thread.getStackTrace(1559)	unregister slip, view id : 22981031
2026-06-17 03:08:42	INFO	AWT-EventQueue-0	Thread.getStackTrace(1559)	unregister slip progress, view id : 22981031
2026-06-17 03:08:43	INFO	AWT-EventQueue-0	Thread.getStackTrace(1559)	create new SvTablePanel instance, view id :26722340
2026-06-17 03:08:43	INFO	AWT-EventQueue-0	Thread.getStackTrace(1559)	register slip progress, view id : 26722340
2026-06-17 03:08:43	INFO	SlipWinThread_com.huawei.u2000.ucbb.table.slip.SlipTableMsgService	Thread.getStackTrace(1559)	register slip , return result/ view id : 1 / 26722340
2026-06-17 03:08:43	INFO	AWT-EventQueue-0	Thread.getStackTrace(1559)	unregister slip, view id : 20126501
2026-06-17 03:08:43	INFO	AWT-EventQueue-0	Thread.getStackTrace(1559)	unregister slip progress, view id : 20126501
2026-06-17 03:08:45	INFO	AWT-EventQueue-0	Thread.getStackTrace(1559)	create new SvTablePanel instance, view id :22194010
2026-06-17 03:08:45	INFO	AWT-EventQueue-0	Thread.getStackTrace(1559)	register slip progress, view id : 22194010
2026-06-17 03:08:45	INFO	SlipWinThread_com.huawei.u2000.ucbb.table.slip.SlipTableMsgService	Thread.getStackTrace(1559)	register slip , return result/ view id : 1 / 22194010
2026-06-17 03:08:45	INFO	AWT-EventQueue-0	Thread.getStackTrace(1559)	unregister slip, view id : 26722340
2026-06-17 03:08:45	INFO	AWT-EventQueue-0	Thread.getStackTrace(1559)	unregister slip progress, view id : 26722340
2026-06-17 03:08:45	INFO	AWT-EventQueue-0	Thread.getStackTrace(1559)	create new SvTablePanel instance, view id :26804495
2026-06-17 03:08:45	INFO	AWT-EventQueue-0	Thread.getStackTrace(1559)	register slip progress, view id : 26804495
2026-06-17 03:08:45	INFO	AWT-EventQueue-0	Thread.getStackTrace(1559)	unregister slip, view id : 22194010
2026-06-17 03:08:45	INFO	AWT-EventQueue-0	Thread.getStackTrace(1559)	unregister slip progress, view id : 22194010
2026-06-17 03:08:45	INFO	SlipWinThread_com.huawei.u2000.ucbb.table.slip.SlipTableMsgService	Thread.getStackTrace(1559)	register slip , return result/ view id : 1 / 26804495
2026-06-17 03:08:46	INFO	AWT-EventQueue-0	Thread.getStackTrace(1559)	create new SvTablePanel instance, view id :25482862
2026-06-17 03:08:46	INFO	AWT-EventQueue-0	Thread.getStackTrace(1559)	register slip progress, view id : 25482862
2026-06-17 03:08:46	INFO	SlipWinThread_com.huawei.u2000.ucbb.table.slip.SlipTableMsgService	Thread.getStackTrace(1559)	register slip , return result/ view id : 1 / 25482862
2026-06-17 03:08:46	INFO	AWT-EventQueue-0	Thread.getStackTrace(1559)	unregister slip, view id : 26804495
2026-06-17 03:08:46	INFO	AWT-EventQueue-0	Thread.getStackTrace(1559)	unregister slip progress, view id : 26804495
2026-06-17 03:09:11	INFO	AWT-EventQueue-0	Thread.getStackTrace(1559)	create new SvTablePanel instance, view id :12896428
2026-06-17 03:09:11	INFO	AWT-EventQueue-0	Thread.getStackTrace(1559)	register slip progress, view id : 12896428
2026-06-17 03:09:11	INFO	SlipWinThread_com.huawei.u2000.ucbb.table.slip.SlipTableMsgService	Thread.getStackTrace(1559)	register slip , return result/ view id : 1 / 12896428
2026-06-17 03:09:11	INFO	AWT-EventQueue-0	Thread.getStackTrace(1559)	unregister slip, view id : 25482862
2026-06-17 03:09:11	INFO	AWT-EventQueue-0	Thread.getStackTrace(1559)	unregister slip progress, view id : 25482862
2026-06-17 03:09:13	INFO	AWT-EventQueue-0	Thread.getStackTrace(1559)	create new SvTablePanel instance, view id :33182525
2026-06-17 03:09:13	INFO	AWT-EventQueue-0	Thread.getStackTrace(1559)	register slip progress, view id : 33182525
2026-06-17 03:09:13	INFO	SlipWinThread_com.huawei.u2000.ucbb.table.slip.SlipTableMsgService	Thread.getStackTrace(1559)	register slip , return result/ view id : 1 / 33182525
2026-06-17 03:09:13	INFO	AWT-EventQueue-0	Thread.getStackTrace(1559)	unregister slip, view id : 12896428
2026-06-17 03:09:13	INFO	AWT-EventQueue-0	Thread.getStackTrace(1559)	unregister slip progress, view id : 12896428
2026-06-17 03:09:14	INFO	AWT-EventQueue-0	Thread.getStackTrace(1559)	create new SvTablePanel instance, view id :1604254
2026-06-17 03:09:14	INFO	AWT-EventQueue-0	Thread.getStackTrace(1559)	register slip progress, view id : 1604254
2026-06-17 03:09:14	INFO	SlipWinThread_com.huawei.u2000.ucbb.table.slip.SlipTableMsgService	Thread.getStackTrace(1559)	register slip , return result/ view id : 1 / 1604254
2026-06-17 03:09:15	INFO	AWT-EventQueue-0	Thread.getStackTrace(1559)	unregister slip, view id : 33182525
2026-06-17 03:09:15	INFO	AWT-EventQueue-0	Thread.getStackTrace(1559)	unregister slip progress, view id : 33182525
2026-06-17 03:09:15	INFO	AWT-EventQueue-0	Thread.getStackTrace(1559)	create new SvTablePanel instance, view id :9070891
2026-06-17 03:09:15	INFO	AWT-EventQueue-0	Thread.getStackTrace(1559)	register slip progress, view id : 9070891
2026-06-17 03:09:16	INFO	AWT-EventQueue-0	Thread.getStackTrace(1559)	unregister slip, view id : 1604254
2026-06-17 03:09:16	INFO	AWT-EventQueue-0	Thread.getStackTrace(1559)	unregister slip progress, view id : 1604254
2026-06-17 03:09:16	INFO	SlipWinThread_com.huawei.u2000.ucbb.table.slip.SlipTableMsgService	Thread.getStackTrace(1559)	register slip , return result/ view id : 1 / 9070891
2026-06-17 03:09:17	INFO	AWT-EventQueue-0	Thread.getStackTrace(1559)	create new SvTablePanel instance, view id :16281479
2026-06-17 03:09:17	INFO	AWT-EventQueue-0	Thread.getStackTrace(1559)	register slip progress, view id : 16281479
2026-06-17 03:09:17	INFO	SlipWinThread_com.huawei.u2000.ucbb.table.slip.SlipTableMsgService	Thread.getStackTrace(1559)	register slip , return result/ view id : 1 / 16281479
2026-06-17 03:09:17	INFO	AWT-EventQueue-0	Thread.getStackTrace(1559)	unregister slip, view id : 9070891
2026-06-17 03:09:17	INFO	AWT-EventQueue-0	Thread.getStackTrace(1559)	unregister slip progress, view id : 9070891
2026-06-17 03:09:18	INFO	AWT-EventQueue-0	Thread.getStackTrace(1559)	create new SvTablePanel instance, view id :25926835
2026-06-17 03:09:18	INFO	AWT-EventQueue-0	Thread.getStackTrace(1559)	register slip progress, view id : 25926835
2026-06-17 03:09:18	INFO	SlipWinThread_com.huawei.u2000.ucbb.table.slip.SlipTableMsgService	Thread.getStackTrace(1559)	register slip , return result/ view id : 1 / 25926835
2026-06-17 03:09:18	INFO	AWT-EventQueue-0	Thread.getStackTrace(1559)	unregister slip, view id : 16281479
2026-06-17 03:09:18	INFO	AWT-EventQueue-0	Thread.getStackTrace(1559)	unregister slip progress, view id : 16281479
2026-06-17 03:09:19	INFO	AWT-EventQueue-0	Thread.getStackTrace(1559)	create new SvTablePanel instance, view id :28997535
2026-06-17 03:09:19	INFO	AWT-EventQueue-0	Thread.getStackTrace(1559)	register slip progress, view id : 28997535
2026-06-17 03:09:19	INFO	SlipWinThread_com.huawei.u2000.ucbb.table.slip.SlipTableMsgService	Thread.getStackTrace(1559)	register slip , return result/ view id : 1 / 28997535
2026-06-17 03:09:19	INFO	AWT-EventQueue-0	Thread.getStackTrace(1559)	unregister slip, view id : 25926835
2026-06-17 03:09:19	INFO	AWT-EventQueue-0	Thread.getStackTrace(1559)	unregister slip progress, view id : 25926835
2026-06-17 03:09:22	INFO	AWT-EventQueue-0	Thread.getStackTrace(1559)	create new SvTablePanel instance, view id :1675802
2026-06-17 03:09:22	INFO	AWT-EventQueue-0	Thread.getStackTrace(1559)	register slip progress, view id : 1675802
2026-06-17 03:09:22	INFO	SlipWinThread_com.huawei.u2000.ucbb.table.slip.SlipTableMsgService	Thread.getStackTrace(1559)	register slip , return result/ view id : 1 / 1675802
2026-06-17 03:09:23	INFO	AWT-EventQueue-0	Thread.getStackTrace(1559)	unregister slip, view id : 28997535
2026-06-17 03:09:23	INFO	AWT-EventQueue-0	Thread.getStackTrace(1559)	unregister slip progress, view id : 28997535
2026-06-17 03:09:58	INFO	AWT-EventQueue-0	Thread.getStackTrace(1559)	create new SvTablePanel instance, view id :15026265
2026-06-17 03:09:58	INFO	AWT-EventQueue-0	Thread.getStackTrace(1559)	register slip progress, view id : 15026265
2026-06-17 03:09:58	INFO	SlipWinThread_com.huawei.u2000.ucbb.table.slip.SlipTableMsgService	Thread.getStackTrace(1559)	register slip , return result/ view id : 1 / 15026265
2026-06-17 03:09:58	INFO	AWT-EventQueue-0	Thread.getStackTrace(1559)	unregister slip, view id : 1675802
2026-06-17 03:09:58	INFO	AWT-EventQueue-0	Thread.getStackTrace(1559)	unregister slip progress, view id : 1675802
2026-06-17 03:12:30	INFO	AWT-EventQueue-0	Thread.getStackTrace(1559)	create new SvTablePanel instance, view id :29839209
2026-06-17 03:12:30	INFO	AWT-EventQueue-0	Thread.getStackTrace(1559)	register slip progress, view id : 29839209
2026-06-17 03:12:30	INFO	SlipWinThread_com.huawei.u2000.ucbb.table.slip.SlipTableMsgService	Thread.getStackTrace(1559)	register slip , return result/ view id : 1 / 29839209
2026-06-17 03:12:30	INFO	AWT-EventQueue-0	Thread.getStackTrace(1559)	unregister slip, view id : 15026265
2026-06-17 03:12:30	INFO	AWT-EventQueue-0	Thread.getStackTrace(1559)	unregister slip progress, view id : 15026265
2026-06-17 03:12:31	INFO	AWT-EventQueue-0	Thread.getStackTrace(1559)	create new SvTablePanel instance, view id :10111457
2026-06-17 03:12:31	INFO	AWT-EventQueue-0	Thread.getStackTrace(1559)	register slip progress, view id : 10111457
2026-06-17 03:12:31	INFO	SlipWinThread_com.huawei.u2000.ucbb.table.slip.SlipTableMsgService	Thread.getStackTrace(1559)	register slip , return result/ view id : 1 / 10111457
2026-06-17 03:12:31	INFO	AWT-EventQueue-0	Thread.getStackTrace(1559)	unregister slip, view id : 29839209
2026-06-17 03:12:31	INFO	AWT-EventQueue-0	Thread.getStackTrace(1559)	unregister slip progress, view id : 29839209
2026-06-17 03:12:33	INFO	AWT-EventQueue-0	Thread.getStackTrace(1559)	create new SvTablePanel instance, view id :4062257
2026-06-17 03:12:33	INFO	AWT-EventQueue-0	Thread.getStackTrace(1559)	register slip progress, view id : 4062257
2026-06-17 03:12:33	INFO	SlipWinThread_com.huawei.u2000.ucbb.table.slip.SlipTableMsgService	Thread.getStackTrace(1559)	register slip , return result/ view id : 1 / 4062257
2026-06-17 03:12:33	INFO	AWT-EventQueue-0	Thread.getStackTrace(1559)	unregister slip, view id : 10111457
2026-06-17 03:12:33	INFO	AWT-EventQueue-0	Thread.getStackTrace(1559)	unregister slip progress, view id : 10111457
2026-06-17 03:12:35	INFO	AWT-EventQueue-0	Thread.getStackTrace(1559)	create new SvTablePanel instance, view id :32917769
2026-06-17 03:12:35	INFO	AWT-EventQueue-0	Thread.getStackTrace(1559)	register slip progress, view id : 32917769
2026-06-17 03:12:35	INFO	SlipWinThread_com.huawei.u2000.ucbb.table.slip.SlipTableMsgService	Thread.getStackTrace(1559)	register slip , return result/ view id : 1 / 32917769
2026-06-17 03:12:35	INFO	AWT-EventQueue-0	Thread.getStackTrace(1559)	unregister slip, view id : 4062257
2026-06-17 03:12:35	INFO	AWT-EventQueue-0	Thread.getStackTrace(1559)	unregister slip progress, view id : 4062257
2026-06-17 03:12:37	INFO	AWT-EventQueue-0	Thread.getStackTrace(1559)	create new SvTablePanel instance, view id :4332318
2026-06-17 03:12:37	INFO	AWT-EventQueue-0	Thread.getStackTrace(1559)	register slip progress, view id : 4332318
2026-06-17 03:12:37	INFO	SlipWinThread_com.huawei.u2000.ucbb.table.slip.SlipTableMsgService	Thread.getStackTrace(1559)	register slip , return result/ view id : 1 / 4332318
2026-06-17 03:12:37	INFO	AWT-EventQueue-0	Thread.getStackTrace(1559)	unregister slip, view id : 32917769
2026-06-17 03:12:37	INFO	AWT-EventQueue-0	Thread.getStackTrace(1559)	unregister slip progress, view id : 32917769
2026-06-17 03:12:42	INFO	AWT-EventQueue-0	Thread.getStackTrace(1559)	create new SvTablePanel instance, view id :6181564
2026-06-17 03:12:42	INFO	AWT-EventQueue-0	Thread.getStackTrace(1559)	register slip progress, view id : 6181564
2026-06-17 03:12:42	INFO	SlipWinThread_com.huawei.u2000.ucbb.table.slip.SlipTableMsgService	Thread.getStackTrace(1559)	register slip , return result/ view id : 1 / 6181564
2026-06-17 03:12:42	INFO	AWT-EventQueue-0	Thread.getStackTrace(1559)	unregister slip, view id : 4332318
2026-06-17 03:12:42	INFO	AWT-EventQueue-0	Thread.getStackTrace(1559)	unregister slip progress, view id : 4332318
2026-06-17 03:12:43	INFO	AWT-EventQueue-0	Thread.getStackTrace(1559)	create new SvTablePanel instance, view id :16256158
2026-06-17 03:12:43	INFO	AWT-EventQueue-0	Thread.getStackTrace(1559)	register slip progress, view id : 16256158
2026-06-17 03:12:43	INFO	SlipWinThread_com.huawei.u2000.ucbb.table.slip.SlipTableMsgService	Thread.getStackTrace(1559)	register slip , return result/ view id : 1 / 16256158
2026-06-17 03:12:43	INFO	AWT-EventQueue-0	Thread.getStackTrace(1559)	unregister slip, view id : 6181564
2026-06-17 03:12:43	INFO	AWT-EventQueue-0	Thread.getStackTrace(1559)	unregister slip progress, view id : 6181564
2026-06-17 03:12:47	INFO	AWT-EventQueue-0	Thread.getStackTrace(1559)	create new SvTablePanel instance, view id :535244
2026-06-17 03:12:47	INFO	AWT-EventQueue-0	Thread.getStackTrace(1559)	register slip progress, view id : 535244
2026-06-17 03:12:47	INFO	SlipWinThread_com.huawei.u2000.ucbb.table.slip.SlipTableMsgService	Thread.getStackTrace(1559)	register slip , return result/ view id : 1 / 535244
2026-06-17 03:12:47	INFO	AWT-EventQueue-0	Thread.getStackTrace(1559)	unregister slip, view id : 16256158
2026-06-17 03:12:47	INFO	AWT-EventQueue-0	Thread.getStackTrace(1559)	unregister slip progress, view id : 16256158
2026-06-17 03:12:49	INFO	AWT-EventQueue-0	Thread.getStackTrace(1559)	create new SvTablePanel instance, view id :9275829
2026-06-17 03:12:49	INFO	AWT-EventQueue-0	Thread.getStackTrace(1559)	register slip progress, view id : 9275829
2026-06-17 03:12:49	INFO	SlipWinThread_com.huawei.u2000.ucbb.table.slip.SlipTableMsgService	Thread.getStackTrace(1559)	register slip , return result/ view id : 1 / 9275829
2026-06-17 03:12:49	INFO	AWT-EventQueue-0	Thread.getStackTrace(1559)	unregister slip, view id : 535244
2026-06-17 03:12:49	INFO	AWT-EventQueue-0	Thread.getStackTrace(1559)	unregister slip progress, view id : 535244
2026-06-17 03:12:51	INFO	AWT-EventQueue-0	Thread.getStackTrace(1559)	create new SvTablePanel instance, view id :23134144
2026-06-17 03:12:51	INFO	AWT-EventQueue-0	Thread.getStackTrace(1559)	register slip progress, view id : 23134144
2026-06-17 03:12:51	INFO	SlipWinThread_com.huawei.u2000.ucbb.table.slip.SlipTableMsgService	Thread.getStackTrace(1559)	register slip , return result/ view id : 1 / 23134144
2026-06-17 03:12:51	INFO	AWT-EventQueue-0	Thread.getStackTrace(1559)	unregister slip, view id : 9275829
2026-06-17 03:12:51	INFO	AWT-EventQueue-0	Thread.getStackTrace(1559)	unregister slip progress, view id : 9275829
2026-06-17 03:12:52	INFO	AWT-EventQueue-0	Thread.getStackTrace(1559)	create new SvTablePanel instance, view id :15562903
2026-06-17 03:12:52	INFO	AWT-EventQueue-0	Thread.getStackTrace(1559)	register slip progress, view id : 15562903
2026-06-17 03:12:52	INFO	SlipWinThread_com.huawei.u2000.ucbb.table.slip.SlipTableMsgService	Thread.getStackTrace(1559)	register slip , return result/ view id : 1 / 15562903
2026-06-17 03:12:52	INFO	AWT-EventQueue-0	Thread.getStackTrace(1559)	unregister slip, view id : 23134144
2026-06-17 03:12:52	INFO	AWT-EventQueue-0	Thread.getStackTrace(1559)	unregister slip progress, view id : 23134144
2026-06-17 04:26:24	INFO	AWT-EventQueue-0	Thread.getStackTrace(1559)	unregister slip, view id : 10377116
2026-06-17 04:26:24	INFO	AWT-EventQueue-0	Thread.getStackTrace(1559)	unregister slip progress, view id : 10377116
2026-06-17 04:30:50	INFO	SvTableMsgReceiver Thread-206646	Thread.getStackTrace(1559)	recieve message cmdcode:12639
2026-06-17 09:35:24	INFO	AWT-EventQueue-0	Thread.getStackTrace(1559)	create new SvTablePanel instance, view id :10796634
2026-06-17 09:35:24	INFO	AWT-EventQueue-0	Thread.getStackTrace(1559)	register slip progress, view id : 10796634
2026-06-17 09:35:24	INFO	SlipWinThread_com.huawei.u2000.ucbb.table.slip.SlipTableMsgService	Thread.getStackTrace(1559)	register slip , return result/ view id : 1 / 10796634
2026-06-17 09:35:27	INFO	AWT-EventQueue-0	Thread.getStackTrace(1559)	unregister slip, view id : 10796634
2026-06-17 09:35:27	INFO	AWT-EventQueue-0	Thread.getStackTrace(1559)	unregister slip progress, view id : 10796634
2026-06-17 09:39:31	INFO	AWT-EventQueue-0	Thread.getStackTrace(1559)	create new SvTablePanel instance, view id :461193
2026-06-17 09:39:31	INFO	AWT-EventQueue-0	Thread.getStackTrace(1559)	register slip progress, view id : 461193
2026-06-17 09:39:31	INFO	SlipWinThread_com.huawei.u2000.ucbb.table.slip.SlipTableMsgService	Thread.getStackTrace(1559)	register slip , return result/ view id : 1 / 461193
2026-06-17 09:39:42	INFO	AWT-EventQueue-0	Thread.getStackTrace(1559)	create new SvTablePanel instance, view id :33052556
2026-06-17 09:39:42	INFO	AWT-EventQueue-0	Thread.getStackTrace(1559)	register slip progress, view id : 33052556
2026-06-17 09:39:42	INFO	SlipWinThread_com.huawei.u2000.ucbb.table.slip.SlipTableMsgService	Thread.getStackTrace(1559)	register slip , return result/ view id : 1 / 33052556
2026-06-17 09:39:42	INFO	AWT-EventQueue-0	Thread.getStackTrace(1559)	unregister slip, view id : 461193
2026-06-17 09:39:42	INFO	AWT-EventQueue-0	Thread.getStackTrace(1559)	unregister slip progress, view id : 461193
2026-06-17 09:39:43	INFO	AWT-EventQueue-0	Thread.getStackTrace(1559)	create new SvTablePanel instance, view id :33437611
2026-06-17 09:39:43	INFO	AWT-EventQueue-0	Thread.getStackTrace(1559)	register slip progress, view id : 33437611
2026-06-17 09:39:43	INFO	SlipWinThread_com.huawei.u2000.ucbb.table.slip.SlipTableMsgService	Thread.getStackTrace(1559)	register slip , return result/ view id : 1 / 33437611
2026-06-17 09:39:43	INFO	AWT-EventQueue-0	Thread.getStackTrace(1559)	unregister slip, view id : 33052556
2026-06-17 09:39:43	INFO	AWT-EventQueue-0	Thread.getStackTrace(1559)	unregister slip progress, view id : 33052556
2026-06-17 10:43:20	INFO	AWT-EventQueue-0	Thread.getStackTrace(1559)	unregister slip, view id : 33437611
2026-06-17 10:43:20	INFO	AWT-EventQueue-0	Thread.getStackTrace(1559)	unregister slip progress, view id : 33437611
2026-06-17 10:49:14	INFO	AWT-EventQueue-0	Thread.getStackTrace(1559)	create new SvTablePanel instance, view id :7389167
2026-06-17 10:49:14	INFO	AWT-EventQueue-0	Thread.getStackTrace(1559)	register slip progress, view id : 7389167
2026-06-17 10:49:14	INFO	SlipWinThread_com.huawei.u2000.ucbb.table.slip.SlipTableMsgService	Thread.getStackTrace(1559)	register slip , return result/ view id : 1 / 7389167
2026-06-17 10:58:43	INFO	AWT-EventQueue-0	Thread.getStackTrace(1559)	unregister slip, view id : 7389167
2026-06-17 10:58:43	INFO	AWT-EventQueue-0	Thread.getStackTrace(1559)	unregister slip progress, view id : 7389167
2026-06-18 00:17:23	INFO	AWT-EventQueue-0	Thread.getStackTrace(1559)	start slip view
2026-06-18 00:17:23	INFO	AWT-EventQueue-0	Thread.getStackTrace(1559)	create new SvTablePanel instance, view id :21506515
2026-06-18 00:17:23	INFO	AWT-EventQueue-0	Thread.getStackTrace(1559)	register slip progress, view id : 21506515
2026-06-18 00:17:23	INFO	SlipWinThread_com.huawei.u2000.ucbb.table.slip.SlipTableMsgService	Thread.getStackTrace(1559)	register slip , return result/ view id : 1 / 21506515
2026-06-18 00:19:04	INFO	AWT-EventQueue-0	Thread.getStackTrace(1559)	unregister slip, view id : 21506515
2026-06-18 00:19:04	INFO	AWT-EventQueue-0	Thread.getStackTrace(1559)	unregister slip progress, view id : 21506515
2026-06-18 00:19:34	INFO	AWT-EventQueue-0	Thread.getStackTrace(1559)	create new SvTablePanel instance, view id :18605476
2026-06-18 00:19:34	INFO	AWT-EventQueue-0	Thread.getStackTrace(1559)	register slip progress, view id : 18605476
2026-06-18 00:19:34	INFO	SlipWinThread_com.huawei.u2000.ucbb.table.slip.SlipTableMsgService	Thread.getStackTrace(1559)	register slip , return result/ view id : 1 / 18605476
2026-06-18 00:19:42	INFO	AWT-EventQueue-0	Thread.getStackTrace(1559)	create new SvTablePanel instance, view id :27661340
2026-06-18 00:19:42	INFO	AWT-EventQueue-0	Thread.getStackTrace(1559)	register slip progress, view id : 27661340
2026-06-18 00:19:42	INFO	SlipWinThread_com.huawei.u2000.ucbb.table.slip.SlipTableMsgService	Thread.getStackTrace(1559)	register slip , return result/ view id : 1 / 27661340
2026-06-18 00:19:42	INFO	AWT-EventQueue-0	Thread.getStackTrace(1559)	unregister slip, view id : 18605476
2026-06-18 00:19:42	INFO	AWT-EventQueue-0	Thread.getStackTrace(1559)	unregister slip progress, view id : 18605476
2026-06-18 00:19:44	INFO	AWT-EventQueue-0	Thread.getStackTrace(1559)	create new SvTablePanel instance, view id :7421221
2026-06-18 00:19:44	INFO	AWT-EventQueue-0	Thread.getStackTrace(1559)	register slip progress, view id : 7421221
2026-06-18 00:19:44	INFO	SlipWinThread_com.huawei.u2000.ucbb.table.slip.SlipTableMsgService	Thread.getStackTrace(1559)	register slip , return result/ view id : 1 / 7421221
2026-06-18 00:19:44	INFO	AWT-EventQueue-0	Thread.getStackTrace(1559)	unregister slip, view id : 27661340
2026-06-18 00:19:44	INFO	AWT-EventQueue-0	Thread.getStackTrace(1559)	unregister slip progress, view id : 27661340
2026-06-18 00:20:37	INFO	AWT-EventQueue-0	Thread.getStackTrace(1559)	create new SvTablePanel instance, view id :18486173
2026-06-18 00:20:37	INFO	AWT-EventQueue-0	Thread.getStackTrace(1559)	register slip progress, view id : 18486173
2026-06-18 00:20:37	INFO	SlipWinThread_com.huawei.u2000.ucbb.table.slip.SlipTableMsgService	Thread.getStackTrace(1559)	register slip , return result/ view id : 1 / 18486173
2026-06-18 00:20:37	INFO	AWT-EventQueue-0	Thread.getStackTrace(1559)	unregister slip, view id : 7421221
2026-06-18 00:20:37	INFO	AWT-EventQueue-0	Thread.getStackTrace(1559)	unregister slip progress, view id : 7421221
2026-06-18 00:20:38	INFO	AWT-EventQueue-0	Thread.getStackTrace(1559)	create new SvTablePanel instance, view id :23439984
2026-06-18 00:20:38	INFO	AWT-EventQueue-0	Thread.getStackTrace(1559)	register slip progress, view id : 23439984
2026-06-18 00:20:38	INFO	SlipWinThread_com.huawei.u2000.ucbb.table.slip.SlipTableMsgService	Thread.getStackTrace(1559)	register slip , return result/ view id : 1 / 23439984
2026-06-18 00:20:38	INFO	AWT-EventQueue-0	Thread.getStackTrace(1559)	unregister slip, view id : 18486173
2026-06-18 00:20:38	INFO	AWT-EventQueue-0	Thread.getStackTrace(1559)	unregister slip progress, view id : 18486173
2026-06-18 00:20:50	INFO	AWT-EventQueue-0	Thread.getStackTrace(1559)	create new SvTablePanel instance, view id :13042399
2026-06-18 00:20:50	INFO	AWT-EventQueue-0	Thread.getStackTrace(1559)	register slip progress, view id : 13042399
2026-06-18 00:20:50	INFO	SlipWinThread_com.huawei.u2000.ucbb.table.slip.SlipTableMsgService	Thread.getStackTrace(1559)	register slip , return result/ view id : 1 / 13042399
2026-06-18 00:20:50	INFO	AWT-EventQueue-0	Thread.getStackTrace(1559)	unregister slip, view id : 23439984
2026-06-18 00:20:50	INFO	AWT-EventQueue-0	Thread.getStackTrace(1559)	unregister slip progress, view id : 23439984
2026-06-18 00:20:51	INFO	AWT-EventQueue-0	Thread.getStackTrace(1559)	create new SvTablePanel instance, view id :1013064
2026-06-18 00:20:51	INFO	AWT-EventQueue-0	Thread.getStackTrace(1559)	register slip progress, view id : 1013064
2026-06-18 00:20:51	INFO	SlipWinThread_com.huawei.u2000.ucbb.table.slip.SlipTableMsgService	Thread.getStackTrace(1559)	register slip , return result/ view id : 1 / 1013064
2026-06-18 00:20:51	INFO	AWT-EventQueue-0	Thread.getStackTrace(1559)	unregister slip, view id : 13042399
2026-06-18 00:20:51	INFO	AWT-EventQueue-0	Thread.getStackTrace(1559)	unregister slip progress, view id : 13042399
2026-06-18 00:20:52	INFO	AWT-EventQueue-0	Thread.getStackTrace(1559)	create new SvTablePanel instance, view id :15929606
2026-06-18 00:20:52	INFO	AWT-EventQueue-0	Thread.getStackTrace(1559)	register slip progress, view id : 15929606
2026-06-18 00:20:52	INFO	SlipWinThread_com.huawei.u2000.ucbb.table.slip.SlipTableMsgService	Thread.getStackTrace(1559)	register slip , return result/ view id : 1 / 15929606
2026-06-18 00:20:52	INFO	AWT-EventQueue-0	Thread.getStackTrace(1559)	unregister slip, view id : 1013064
2026-06-18 00:20:52	INFO	AWT-EventQueue-0	Thread.getStackTrace(1559)	unregister slip progress, view id : 1013064
2026-06-18 00:21:02	INFO	AWT-EventQueue-0	Thread.getStackTrace(1559)	create new SvTablePanel instance, view id :30931278
2026-06-18 00:21:02	INFO	AWT-EventQueue-0	Thread.getStackTrace(1559)	register slip progress, view id : 30931278
2026-06-18 00:21:02	INFO	SlipWinThread_com.huawei.u2000.ucbb.table.slip.SlipTableMsgService	Thread.getStackTrace(1559)	register slip , return result/ view id : 1 / 30931278
2026-06-18 00:21:02	INFO	AWT-EventQueue-0	Thread.getStackTrace(1559)	unregister slip, view id : 15929606
2026-06-18 00:21:02	INFO	AWT-EventQueue-0	Thread.getStackTrace(1559)	unregister slip progress, view id : 15929606
2026-06-18 00:21:03	INFO	AWT-EventQueue-0	Thread.getStackTrace(1559)	create new SvTablePanel instance, view id :27051819
2026-06-18 00:21:03	INFO	AWT-EventQueue-0	Thread.getStackTrace(1559)	register slip progress, view id : 27051819
2026-06-18 00:21:03	INFO	SlipWinThread_com.huawei.u2000.ucbb.table.slip.SlipTableMsgService	Thread.getStackTrace(1559)	register slip , return result/ view id : 1 / 27051819
2026-06-18 00:21:03	INFO	AWT-EventQueue-0	Thread.getStackTrace(1559)	unregister slip, view id : 30931278
2026-06-18 00:21:03	INFO	AWT-EventQueue-0	Thread.getStackTrace(1559)	unregister slip progress, view id : 30931278
2026-06-18 00:21:04	INFO	AWT-EventQueue-0	Thread.getStackTrace(1559)	create new SvTablePanel instance, view id :9072020
2026-06-18 00:21:04	INFO	AWT-EventQueue-0	Thread.getStackTrace(1559)	register slip progress, view id : 9072020
2026-06-18 00:21:04	INFO	SlipWinThread_com.huawei.u2000.ucbb.table.slip.SlipTableMsgService	Thread.getStackTrace(1559)	register slip , return result/ view id : 1 / 9072020
2026-06-18 00:21:04	INFO	AWT-EventQueue-0	Thread.getStackTrace(1559)	unregister slip, view id : 27051819
2026-06-18 00:21:04	INFO	AWT-EventQueue-0	Thread.getStackTrace(1559)	unregister slip progress, view id : 27051819
2026-06-18 00:21:12	INFO	AWT-EventQueue-0	Thread.getStackTrace(1559)	create new SvTablePanel instance, view id :30987588
2026-06-18 00:21:12	INFO	AWT-EventQueue-0	Thread.getStackTrace(1559)	register slip progress, view id : 30987588
2026-06-18 00:21:12	INFO	SlipWinThread_com.huawei.u2000.ucbb.table.slip.SlipTableMsgService	Thread.getStackTrace(1559)	register slip , return result/ view id : 1 / 30987588
2026-06-18 00:21:12	INFO	AWT-EventQueue-0	Thread.getStackTrace(1559)	unregister slip, view id : 9072020
2026-06-18 00:21:12	INFO	AWT-EventQueue-0	Thread.getStackTrace(1559)	unregister slip progress, view id : 9072020
2026-06-18 00:21:12	INFO	AWT-EventQueue-0	Thread.getStackTrace(1559)	create new SvTablePanel instance, view id :29823751
2026-06-18 00:21:12	INFO	AWT-EventQueue-0	Thread.getStackTrace(1559)	register slip progress, view id : 29823751
2026-06-18 00:21:12	INFO	SlipWinThread_com.huawei.u2000.ucbb.table.slip.SlipTableMsgService	Thread.getStackTrace(1559)	register slip , return result/ view id : 1 / 29823751
2026-06-18 00:21:12	INFO	AWT-EventQueue-0	Thread.getStackTrace(1559)	unregister slip, view id : 30987588
2026-06-18 00:21:12	INFO	AWT-EventQueue-0	Thread.getStackTrace(1559)	unregister slip progress, view id : 30987588
2026-06-18 00:21:14	INFO	AWT-EventQueue-0	Thread.getStackTrace(1559)	create new SvTablePanel instance, view id :26964692
2026-06-18 00:21:14	INFO	AWT-EventQueue-0	Thread.getStackTrace(1559)	register slip progress, view id : 26964692
2026-06-18 00:21:14	INFO	SlipWinThread_com.huawei.u2000.ucbb.table.slip.SlipTableMsgService	Thread.getStackTrace(1559)	register slip , return result/ view id : 1 / 26964692
2026-06-18 00:21:14	INFO	AWT-EventQueue-0	Thread.getStackTrace(1559)	unregister slip, view id : 29823751
2026-06-18 00:21:14	INFO	AWT-EventQueue-0	Thread.getStackTrace(1559)	unregister slip progress, view id : 29823751
2026-06-18 00:21:59	INFO	AWT-EventQueue-0	Thread.getStackTrace(1559)	create new SvTablePanel instance, view id :28115112
2026-06-18 00:21:59	INFO	AWT-EventQueue-0	Thread.getStackTrace(1559)	register slip progress, view id : 28115112
2026-06-18 00:21:59	INFO	SlipWinThread_com.huawei.u2000.ucbb.table.slip.SlipTableMsgService	Thread.getStackTrace(1559)	register slip , return result/ view id : 1 / 28115112
2026-06-18 00:21:59	INFO	AWT-EventQueue-0	Thread.getStackTrace(1559)	unregister slip, view id : 26964692
2026-06-18 00:21:59	INFO	AWT-EventQueue-0	Thread.getStackTrace(1559)	unregister slip progress, view id : 26964692
2026-06-18 00:21:59	INFO	AWT-EventQueue-0	Thread.getStackTrace(1559)	create new SvTablePanel instance, view id :5076926
2026-06-18 00:21:59	INFO	AWT-EventQueue-0	Thread.getStackTrace(1559)	register slip progress, view id : 5076926
2026-06-18 00:21:59	INFO	SlipWinThread_com.huawei.u2000.ucbb.table.slip.SlipTableMsgService	Thread.getStackTrace(1559)	register slip , return result/ view id : 1 / 5076926
2026-06-18 00:21:59	INFO	AWT-EventQueue-0	Thread.getStackTrace(1559)	unregister slip, view id : 28115112
2026-06-18 00:21:59	INFO	AWT-EventQueue-0	Thread.getStackTrace(1559)	unregister slip progress, view id : 28115112
2026-06-18 00:22:01	INFO	AWT-EventQueue-0	Thread.getStackTrace(1559)	create new SvTablePanel instance, view id :14509126
2026-06-18 00:22:01	INFO	AWT-EventQueue-0	Thread.getStackTrace(1559)	register slip progress, view id : 14509126
2026-06-18 00:22:01	INFO	SlipWinThread_com.huawei.u2000.ucbb.table.slip.SlipTableMsgService	Thread.getStackTrace(1559)	register slip , return result/ view id : 1 / 14509126
2026-06-18 00:22:01	INFO	AWT-EventQueue-0	Thread.getStackTrace(1559)	unregister slip, view id : 5076926
2026-06-18 00:22:01	INFO	AWT-EventQueue-0	Thread.getStackTrace(1559)	unregister slip progress, view id : 5076926
2026-06-18 00:22:36	INFO	AWT-EventQueue-0	Thread.getStackTrace(1559)	create new SvTablePanel instance, view id :11277883
2026-06-18 00:22:36	INFO	AWT-EventQueue-0	Thread.getStackTrace(1559)	register slip progress, view id : 11277883
2026-06-18 00:22:36	INFO	SlipWinThread_com.huawei.u2000.ucbb.table.slip.SlipTableMsgService	Thread.getStackTrace(1559)	register slip , return result/ view id : 1 / 11277883
2026-06-18 00:22:36	INFO	AWT-EventQueue-0	Thread.getStackTrace(1559)	unregister slip, view id : 14509126
2026-06-18 00:22:36	INFO	AWT-EventQueue-0	Thread.getStackTrace(1559)	unregister slip progress, view id : 14509126
2026-06-18 00:22:37	INFO	AWT-EventQueue-0	Thread.getStackTrace(1559)	create new SvTablePanel instance, view id :23994545
2026-06-18 00:22:37	INFO	AWT-EventQueue-0	Thread.getStackTrace(1559)	register slip progress, view id : 23994545
2026-06-18 00:22:37	INFO	SlipWinThread_com.huawei.u2000.ucbb.table.slip.SlipTableMsgService	Thread.getStackTrace(1559)	register slip , return result/ view id : 1 / 23994545
2026-06-18 00:22:37	INFO	AWT-EventQueue-0	Thread.getStackTrace(1559)	unregister slip, view id : 11277883
2026-06-18 00:22:37	INFO	AWT-EventQueue-0	Thread.getStackTrace(1559)	unregister slip progress, view id : 11277883
2026-06-18 00:22:40	INFO	AWT-EventQueue-0	Thread.getStackTrace(1559)	create new SvTablePanel instance, view id :10517455
2026-06-18 00:22:40	INFO	AWT-EventQueue-0	Thread.getStackTrace(1559)	register slip progress, view id : 10517455
2026-06-18 00:22:40	INFO	SlipWinThread_com.huawei.u2000.ucbb.table.slip.SlipTableMsgService	Thread.getStackTrace(1559)	register slip , return result/ view id : 1 / 10517455
2026-06-18 00:22:40	INFO	AWT-EventQueue-0	Thread.getStackTrace(1559)	unregister slip, view id : 23994545
2026-06-18 00:22:40	INFO	AWT-EventQueue-0	Thread.getStackTrace(1559)	unregister slip progress, view id : 23994545
2026-06-18 00:22:56	INFO	AWT-EventQueue-0	Thread.getStackTrace(1559)	create new SvTablePanel instance, view id :278937
2026-06-18 00:22:56	INFO	AWT-EventQueue-0	Thread.getStackTrace(1559)	register slip progress, view id : 278937
2026-06-18 00:22:56	INFO	SlipWinThread_com.huawei.u2000.ucbb.table.slip.SlipTableMsgService	Thread.getStackTrace(1559)	register slip , return result/ view id : 1 / 278937
2026-06-18 00:22:56	INFO	AWT-EventQueue-0	Thread.getStackTrace(1559)	unregister slip, view id : 10517455
2026-06-18 00:22:56	INFO	AWT-EventQueue-0	Thread.getStackTrace(1559)	unregister slip progress, view id : 10517455
2026-06-18 00:22:57	INFO	AWT-EventQueue-0	Thread.getStackTrace(1559)	create new SvTablePanel instance, view id :9837336
2026-06-18 00:22:57	INFO	AWT-EventQueue-0	Thread.getStackTrace(1559)	register slip progress, view id : 9837336
2026-06-18 00:22:57	INFO	SlipWinThread_com.huawei.u2000.ucbb.table.slip.SlipTableMsgService	Thread.getStackTrace(1559)	register slip , return result/ view id : 1 / 9837336
2026-06-18 00:22:57	INFO	AWT-EventQueue-0	Thread.getStackTrace(1559)	unregister slip, view id : 278937
2026-06-18 00:22:57	INFO	AWT-EventQueue-0	Thread.getStackTrace(1559)	unregister slip progress, view id : 278937
2026-06-18 00:22:58	INFO	AWT-EventQueue-0	Thread.getStackTrace(1559)	create new SvTablePanel instance, view id :6551987
2026-06-18 00:22:58	INFO	AWT-EventQueue-0	Thread.getStackTrace(1559)	register slip progress, view id : 6551987
2026-06-18 00:22:58	INFO	SlipWinThread_com.huawei.u2000.ucbb.table.slip.SlipTableMsgService	Thread.getStackTrace(1559)	register slip , return result/ view id : 1 / 6551987
2026-06-18 00:22:58	INFO	AWT-EventQueue-0	Thread.getStackTrace(1559)	unregister slip, view id : 9837336
2026-06-18 00:22:58	INFO	AWT-EventQueue-0	Thread.getStackTrace(1559)	unregister slip progress, view id : 9837336
2026-06-18 00:23:07	INFO	AWT-EventQueue-0	Thread.getStackTrace(1559)	create new SvTablePanel instance, view id :13683067
2026-06-18 00:23:07	INFO	AWT-EventQueue-0	Thread.getStackTrace(1559)	register slip progress, view id : 13683067
2026-06-18 00:23:07	INFO	SlipWinThread_com.huawei.u2000.ucbb.table.slip.SlipTableMsgService	Thread.getStackTrace(1559)	register slip , return result/ view id : 1 / 13683067
2026-06-18 00:23:07	INFO	AWT-EventQueue-0	Thread.getStackTrace(1559)	unregister slip, view id : 6551987
2026-06-18 00:23:07	INFO	AWT-EventQueue-0	Thread.getStackTrace(1559)	unregister slip progress, view id : 6551987
2026-06-18 00:23:08	INFO	AWT-EventQueue-0	Thread.getStackTrace(1559)	create new SvTablePanel instance, view id :27098873
2026-06-18 00:23:08	INFO	AWT-EventQueue-0	Thread.getStackTrace(1559)	register slip progress, view id : 27098873
2026-06-18 00:23:08	INFO	SlipWinThread_com.huawei.u2000.ucbb.table.slip.SlipTableMsgService	Thread.getStackTrace(1559)	register slip , return result/ view id : 1 / 27098873
2026-06-18 00:23:08	INFO	AWT-EventQueue-0	Thread.getStackTrace(1559)	unregister slip, view id : 13683067
2026-06-18 00:23:08	INFO	AWT-EventQueue-0	Thread.getStackTrace(1559)	unregister slip progress, view id : 13683067
2026-06-18 00:23:10	INFO	AWT-EventQueue-0	Thread.getStackTrace(1559)	create new SvTablePanel instance, view id :31304166
2026-06-18 00:23:10	INFO	AWT-EventQueue-0	Thread.getStackTrace(1559)	register slip progress, view id : 31304166
2026-06-18 00:23:10	INFO	SlipWinThread_com.huawei.u2000.ucbb.table.slip.SlipTableMsgService	Thread.getStackTrace(1559)	register slip , return result/ view id : 1 / 31304166
2026-06-18 00:23:10	INFO	AWT-EventQueue-0	Thread.getStackTrace(1559)	unregister slip, view id : 27098873
2026-06-18 00:23:10	INFO	AWT-EventQueue-0	Thread.getStackTrace(1559)	unregister slip progress, view id : 27098873
2026-06-18 00:23:28	INFO	AWT-EventQueue-0	Thread.getStackTrace(1559)	create new SvTablePanel instance, view id :15072023
2026-06-18 00:23:28	INFO	AWT-EventQueue-0	Thread.getStackTrace(1559)	register slip progress, view id : 15072023
2026-06-18 00:23:28	INFO	SlipWinThread_com.huawei.u2000.ucbb.table.slip.SlipTableMsgService	Thread.getStackTrace(1559)	register slip , return result/ view id : 1 / 15072023
2026-06-18 00:23:28	INFO	AWT-EventQueue-0	Thread.getStackTrace(1559)	unregister slip, view id : 31304166
2026-06-18 00:23:28	INFO	AWT-EventQueue-0	Thread.getStackTrace(1559)	unregister slip progress, view id : 31304166
2026-06-18 00:23:29	INFO	AWT-EventQueue-0	Thread.getStackTrace(1559)	create new SvTablePanel instance, view id :7298200
2026-06-18 00:23:29	INFO	AWT-EventQueue-0	Thread.getStackTrace(1559)	register slip progress, view id : 7298200
2026-06-18 00:23:29	INFO	SlipWinThread_com.huawei.u2000.ucbb.table.slip.SlipTableMsgService	Thread.getStackTrace(1559)	register slip , return result/ view id : 1 / 7298200
2026-06-18 00:23:29	INFO	AWT-EventQueue-0	Thread.getStackTrace(1559)	unregister slip, view id : 15072023
2026-06-18 00:23:29	INFO	AWT-EventQueue-0	Thread.getStackTrace(1559)	unregister slip progress, view id : 15072023
2026-06-18 00:23:41	INFO	AWT-EventQueue-0	Thread.getStackTrace(1559)	create new SvTablePanel instance, view id :9825578
2026-06-18 00:23:41	INFO	AWT-EventQueue-0	Thread.getStackTrace(1559)	register slip progress, view id : 9825578
2026-06-18 00:23:41	INFO	SlipWinThread_com.huawei.u2000.ucbb.table.slip.SlipTableMsgService	Thread.getStackTrace(1559)	register slip , return result/ view id : 1 / 9825578
2026-06-18 00:23:41	INFO	AWT-EventQueue-0	Thread.getStackTrace(1559)	unregister slip, view id : 7298200
2026-06-18 00:23:41	INFO	AWT-EventQueue-0	Thread.getStackTrace(1559)	unregister slip progress, view id : 7298200
2026-06-18 00:24:17	INFO	AWT-EventQueue-0	Thread.getStackTrace(1559)	create new SvTablePanel instance, view id :15061093
2026-06-18 00:24:17	INFO	AWT-EventQueue-0	Thread.getStackTrace(1559)	register slip progress, view id : 15061093
2026-06-18 00:24:17	INFO	SlipWinThread_com.huawei.u2000.ucbb.table.slip.SlipTableMsgService	Thread.getStackTrace(1559)	register slip , return result/ view id : 1 / 15061093
2026-06-18 00:24:17	INFO	AWT-EventQueue-0	Thread.getStackTrace(1559)	unregister slip, view id : 9825578
2026-06-18 00:24:17	INFO	AWT-EventQueue-0	Thread.getStackTrace(1559)	unregister slip progress, view id : 9825578
2026-06-18 00:24:17	INFO	AWT-EventQueue-0	Thread.getStackTrace(1559)	create new SvTablePanel instance, view id :9964505
2026-06-18 00:24:17	INFO	AWT-EventQueue-0	Thread.getStackTrace(1559)	register slip progress, view id : 9964505
2026-06-18 00:24:17	INFO	SlipWinThread_com.huawei.u2000.ucbb.table.slip.SlipTableMsgService	Thread.getStackTrace(1559)	register slip , return result/ view id : 1 / 9964505
2026-06-18 00:24:17	INFO	AWT-EventQueue-0	Thread.getStackTrace(1559)	unregister slip, view id : 15061093
2026-06-18 00:24:17	INFO	AWT-EventQueue-0	Thread.getStackTrace(1559)	unregister slip progress, view id : 15061093
2026-06-18 00:24:19	INFO	AWT-EventQueue-0	Thread.getStackTrace(1559)	create new SvTablePanel instance, view id :17295954
2026-06-18 00:24:19	INFO	AWT-EventQueue-0	Thread.getStackTrace(1559)	register slip progress, view id : 17295954
2026-06-18 00:24:19	INFO	SlipWinThread_com.huawei.u2000.ucbb.table.slip.SlipTableMsgService	Thread.getStackTrace(1559)	register slip , return result/ view id : 1 / 17295954
2026-06-18 00:24:19	INFO	AWT-EventQueue-0	Thread.getStackTrace(1559)	unregister slip, view id : 9964505
2026-06-18 00:24:19	INFO	AWT-EventQueue-0	Thread.getStackTrace(1559)	unregister slip progress, view id : 9964505
2026-06-18 00:24:41	INFO	AWT-EventQueue-0	Thread.getStackTrace(1559)	create new SvTablePanel instance, view id :22008382
2026-06-18 00:24:41	INFO	AWT-EventQueue-0	Thread.getStackTrace(1559)	register slip progress, view id : 22008382
2026-06-18 00:24:41	INFO	SlipWinThread_com.huawei.u2000.ucbb.table.slip.SlipTableMsgService	Thread.getStackTrace(1559)	register slip , return result/ view id : 1 / 22008382
2026-06-18 00:24:41	INFO	AWT-EventQueue-0	Thread.getStackTrace(1559)	unregister slip, view id : 17295954
2026-06-18 00:24:41	INFO	AWT-EventQueue-0	Thread.getStackTrace(1559)	unregister slip progress, view id : 17295954
2026-06-18 00:24:42	INFO	AWT-EventQueue-0	Thread.getStackTrace(1559)	create new SvTablePanel instance, view id :7160854
2026-06-18 00:24:42	INFO	AWT-EventQueue-0	Thread.getStackTrace(1559)	register slip progress, view id : 7160854
2026-06-18 00:24:42	INFO	SlipWinThread_com.huawei.u2000.ucbb.table.slip.SlipTableMsgService	Thread.getStackTrace(1559)	register slip , return result/ view id : 1 / 7160854
2026-06-18 00:24:42	INFO	AWT-EventQueue-0	Thread.getStackTrace(1559)	unregister slip, view id : 22008382
2026-06-18 00:24:42	INFO	AWT-EventQueue-0	Thread.getStackTrace(1559)	unregister slip progress, view id : 22008382
2026-06-18 00:24:43	INFO	AWT-EventQueue-0	Thread.getStackTrace(1559)	create new SvTablePanel instance, view id :1648792
2026-06-18 00:24:43	INFO	AWT-EventQueue-0	Thread.getStackTrace(1559)	register slip progress, view id : 1648792
2026-06-18 00:24:43	INFO	SlipWinThread_com.huawei.u2000.ucbb.table.slip.SlipTableMsgService	Thread.getStackTrace(1559)	register slip , return result/ view id : 1 / 1648792
2026-06-18 00:24:43	INFO	AWT-EventQueue-0	Thread.getStackTrace(1559)	unregister slip, view id : 7160854
2026-06-18 00:24:43	INFO	AWT-EventQueue-0	Thread.getStackTrace(1559)	unregister slip progress, view id : 7160854
2026-06-18 00:24:55	INFO	AWT-EventQueue-0	Thread.getStackTrace(1559)	create new SvTablePanel instance, view id :6433569
2026-06-18 00:24:55	INFO	AWT-EventQueue-0	Thread.getStackTrace(1559)	register slip progress, view id : 6433569
2026-06-18 00:24:55	INFO	SlipWinThread_com.huawei.u2000.ucbb.table.slip.SlipTableMsgService	Thread.getStackTrace(1559)	register slip , return result/ view id : 1 / 6433569
2026-06-18 00:24:56	INFO	AWT-EventQueue-0	Thread.getStackTrace(1559)	unregister slip, view id : 1648792
2026-06-18 00:24:56	INFO	AWT-EventQueue-0	Thread.getStackTrace(1559)	unregister slip progress, view id : 1648792
2026-06-18 00:24:56	INFO	AWT-EventQueue-0	Thread.getStackTrace(1559)	create new SvTablePanel instance, view id :25966823
2026-06-18 00:24:56	INFO	AWT-EventQueue-0	Thread.getStackTrace(1559)	register slip progress, view id : 25966823
2026-06-18 00:24:56	INFO	SlipWinThread_com.huawei.u2000.ucbb.table.slip.SlipTableMsgService	Thread.getStackTrace(1559)	register slip , return result/ view id : 1 / 25966823
2026-06-18 00:24:56	INFO	AWT-EventQueue-0	Thread.getStackTrace(1559)	unregister slip, view id : 6433569
2026-06-18 00:24:56	INFO	AWT-EventQueue-0	Thread.getStackTrace(1559)	unregister slip progress, view id : 6433569
2026-06-18 00:24:58	INFO	AWT-EventQueue-0	Thread.getStackTrace(1559)	create new SvTablePanel instance, view id :18359782
2026-06-18 00:24:58	INFO	AWT-EventQueue-0	Thread.getStackTrace(1559)	register slip progress, view id : 18359782
2026-06-18 00:24:58	INFO	SlipWinThread_com.huawei.u2000.ucbb.table.slip.SlipTableMsgService	Thread.getStackTrace(1559)	register slip , return result/ view id : 1 / 18359782
2026-06-18 00:24:58	INFO	AWT-EventQueue-0	Thread.getStackTrace(1559)	unregister slip, view id : 25966823
2026-06-18 00:24:58	INFO	AWT-EventQueue-0	Thread.getStackTrace(1559)	unregister slip progress, view id : 25966823
2026-06-18 00:25:13	INFO	AWT-EventQueue-0	Thread.getStackTrace(1559)	create new SvTablePanel instance, view id :15276802
2026-06-18 00:25:13	INFO	AWT-EventQueue-0	Thread.getStackTrace(1559)	register slip progress, view id : 15276802
2026-06-18 00:25:13	INFO	SlipWinThread_com.huawei.u2000.ucbb.table.slip.SlipTableMsgService	Thread.getStackTrace(1559)	register slip , return result/ view id : 1 / 15276802
2026-06-18 00:25:13	INFO	AWT-EventQueue-0	Thread.getStackTrace(1559)	unregister slip, view id : 18359782
2026-06-18 00:25:13	INFO	AWT-EventQueue-0	Thread.getStackTrace(1559)	unregister slip progress, view id : 18359782
2026-06-18 00:25:14	INFO	AWT-EventQueue-0	Thread.getStackTrace(1559)	create new SvTablePanel instance, view id :19978870
2026-06-18 00:25:14	INFO	AWT-EventQueue-0	Thread.getStackTrace(1559)	register slip progress, view id : 19978870
2026-06-18 00:25:14	INFO	SlipWinThread_com.huawei.u2000.ucbb.table.slip.SlipTableMsgService	Thread.getStackTrace(1559)	register slip , return result/ view id : 1 / 19978870
2026-06-18 00:25:14	INFO	AWT-EventQueue-0	Thread.getStackTrace(1559)	unregister slip, view id : 15276802
2026-06-18 00:25:14	INFO	AWT-EventQueue-0	Thread.getStackTrace(1559)	unregister slip progress, view id : 15276802
2026-06-18 00:25:16	INFO	AWT-EventQueue-0	Thread.getStackTrace(1559)	create new SvTablePanel instance, view id :30905119
2026-06-18 00:25:16	INFO	AWT-EventQueue-0	Thread.getStackTrace(1559)	register slip progress, view id : 30905119
2026-06-18 00:25:16	INFO	SlipWinThread_com.huawei.u2000.ucbb.table.slip.SlipTableMsgService	Thread.getStackTrace(1559)	register slip , return result/ view id : 1 / 30905119
2026-06-18 00:25:16	INFO	AWT-EventQueue-0	Thread.getStackTrace(1559)	unregister slip, view id : 19978870
2026-06-18 00:25:16	INFO	AWT-EventQueue-0	Thread.getStackTrace(1559)	unregister slip progress, view id : 19978870
2026-06-18 00:25:29	INFO	AWT-EventQueue-0	Thread.getStackTrace(1559)	create new SvTablePanel instance, view id :10077384
2026-06-18 00:25:29	INFO	AWT-EventQueue-0	Thread.getStackTrace(1559)	register slip progress, view id : 10077384
2026-06-18 00:25:29	INFO	SlipWinThread_com.huawei.u2000.ucbb.table.slip.SlipTableMsgService	Thread.getStackTrace(1559)	register slip , return result/ view id : 1 / 10077384
2026-06-18 00:25:29	INFO	AWT-EventQueue-0	Thread.getStackTrace(1559)	unregister slip, view id : 30905119
2026-06-18 00:25:29	INFO	AWT-EventQueue-0	Thread.getStackTrace(1559)	unregister slip progress, view id : 30905119
2026-06-18 00:25:30	INFO	AWT-EventQueue-0	Thread.getStackTrace(1559)	create new SvTablePanel instance, view id :30382500
2026-06-18 00:25:30	INFO	AWT-EventQueue-0	Thread.getStackTrace(1559)	register slip progress, view id : 30382500
2026-06-18 00:25:30	INFO	SlipWinThread_com.huawei.u2000.ucbb.table.slip.SlipTableMsgService	Thread.getStackTrace(1559)	register slip , return result/ view id : 1 / 30382500
2026-06-18 00:25:30	INFO	AWT-EventQueue-0	Thread.getStackTrace(1559)	unregister slip, view id : 10077384
2026-06-18 00:25:30	INFO	AWT-EventQueue-0	Thread.getStackTrace(1559)	unregister slip progress, view id : 10077384
2026-06-18 00:25:31	INFO	AWT-EventQueue-0	Thread.getStackTrace(1559)	create new SvTablePanel instance, view id :5257941
2026-06-18 00:25:31	INFO	AWT-EventQueue-0	Thread.getStackTrace(1559)	register slip progress, view id : 5257941
2026-06-18 00:25:31	INFO	SlipWinThread_com.huawei.u2000.ucbb.table.slip.SlipTableMsgService	Thread.getStackTrace(1559)	register slip , return result/ view id : 1 / 5257941
2026-06-18 00:25:31	INFO	AWT-EventQueue-0	Thread.getStackTrace(1559)	unregister slip, view id : 30382500
2026-06-18 00:25:31	INFO	AWT-EventQueue-0	Thread.getStackTrace(1559)	unregister slip progress, view id : 30382500
2026-06-18 00:25:39	INFO	AWT-EventQueue-0	Thread.getStackTrace(1559)	create new SvTablePanel instance, view id :9652350
2026-06-18 00:25:39	INFO	AWT-EventQueue-0	Thread.getStackTrace(1559)	register slip progress, view id : 9652350
2026-06-18 00:25:39	INFO	SlipWinThread_com.huawei.u2000.ucbb.table.slip.SlipTableMsgService	Thread.getStackTrace(1559)	register slip , return result/ view id : 1 / 9652350
2026-06-18 00:25:39	INFO	AWT-EventQueue-0	Thread.getStackTrace(1559)	unregister slip, view id : 5257941
2026-06-18 00:25:39	INFO	AWT-EventQueue-0	Thread.getStackTrace(1559)	unregister slip progress, view id : 5257941
2026-06-18 00:25:39	INFO	AWT-EventQueue-0	Thread.getStackTrace(1559)	create new SvTablePanel instance, view id :15307766
2026-06-18 00:25:39	INFO	AWT-EventQueue-0	Thread.getStackTrace(1559)	register slip progress, view id : 15307766
2026-06-18 00:25:39	INFO	SlipWinThread_com.huawei.u2000.ucbb.table.slip.SlipTableMsgService	Thread.getStackTrace(1559)	register slip , return result/ view id : 1 / 15307766
2026-06-18 00:25:39	INFO	AWT-EventQueue-0	Thread.getStackTrace(1559)	unregister slip, view id : 9652350
2026-06-18 00:25:39	INFO	AWT-EventQueue-0	Thread.getStackTrace(1559)	unregister slip progress, view id : 9652350
2026-06-18 00:25:41	INFO	AWT-EventQueue-0	Thread.getStackTrace(1559)	create new SvTablePanel instance, view id :29370310
2026-06-18 00:25:41	INFO	AWT-EventQueue-0	Thread.getStackTrace(1559)	register slip progress, view id : 29370310
2026-06-18 00:25:41	INFO	SlipWinThread_com.huawei.u2000.ucbb.table.slip.SlipTableMsgService	Thread.getStackTrace(1559)	register slip , return result/ view id : 1 / 29370310
2026-06-18 00:25:41	INFO	AWT-EventQueue-0	Thread.getStackTrace(1559)	unregister slip, view id : 15307766
2026-06-18 00:25:41	INFO	AWT-EventQueue-0	Thread.getStackTrace(1559)	unregister slip progress, view id : 15307766
2026-06-18 00:25:53	INFO	AWT-EventQueue-0	Thread.getStackTrace(1559)	create new SvTablePanel instance, view id :17021718
2026-06-18 00:25:53	INFO	AWT-EventQueue-0	Thread.getStackTrace(1559)	register slip progress, view id : 17021718
2026-06-18 00:25:53	INFO	SlipWinThread_com.huawei.u2000.ucbb.table.slip.SlipTableMsgService	Thread.getStackTrace(1559)	register slip , return result/ view id : 1 / 17021718
2026-06-18 00:25:53	INFO	AWT-EventQueue-0	Thread.getStackTrace(1559)	unregister slip, view id : 29370310
2026-06-18 00:25:53	INFO	AWT-EventQueue-0	Thread.getStackTrace(1559)	unregister slip progress, view id : 29370310
2026-06-18 00:25:54	INFO	AWT-EventQueue-0	Thread.getStackTrace(1559)	create new SvTablePanel instance, view id :20259212
2026-06-18 00:25:54	INFO	AWT-EventQueue-0	Thread.getStackTrace(1559)	register slip progress, view id : 20259212
2026-06-18 00:25:54	INFO	SlipWinThread_com.huawei.u2000.ucbb.table.slip.SlipTableMsgService	Thread.getStackTrace(1559)	register slip , return result/ view id : 1 / 20259212
2026-06-18 00:25:54	INFO	AWT-EventQueue-0	Thread.getStackTrace(1559)	unregister slip, view id : 17021718
2026-06-18 00:25:54	INFO	AWT-EventQueue-0	Thread.getStackTrace(1559)	unregister slip progress, view id : 17021718
2026-06-18 00:25:55	INFO	AWT-EventQueue-0	Thread.getStackTrace(1559)	create new SvTablePanel instance, view id :24919961
2026-06-18 00:25:55	INFO	AWT-EventQueue-0	Thread.getStackTrace(1559)	register slip progress, view id : 24919961
2026-06-18 00:25:55	INFO	SlipWinThread_com.huawei.u2000.ucbb.table.slip.SlipTableMsgService	Thread.getStackTrace(1559)	register slip , return result/ view id : 1 / 24919961
2026-06-18 00:25:55	INFO	AWT-EventQueue-0	Thread.getStackTrace(1559)	unregister slip, view id : 20259212
2026-06-18 00:25:55	INFO	AWT-EventQueue-0	Thread.getStackTrace(1559)	unregister slip progress, view id : 20259212
2026-06-18 00:26:13	INFO	AWT-EventQueue-0	Thread.getStackTrace(1559)	create new SvTablePanel instance, view id :24439320
2026-06-18 00:26:13	INFO	AWT-EventQueue-0	Thread.getStackTrace(1559)	register slip progress, view id : 24439320
2026-06-18 00:26:13	INFO	SlipWinThread_com.huawei.u2000.ucbb.table.slip.SlipTableMsgService	Thread.getStackTrace(1559)	register slip , return result/ view id : 1 / 24439320
2026-06-18 00:26:13	INFO	AWT-EventQueue-0	Thread.getStackTrace(1559)	unregister slip, view id : 24919961
2026-06-18 00:26:13	INFO	AWT-EventQueue-0	Thread.getStackTrace(1559)	unregister slip progress, view id : 24919961
2026-06-18 00:26:14	INFO	AWT-EventQueue-0	Thread.getStackTrace(1559)	create new SvTablePanel instance, view id :14790815
2026-06-18 00:26:14	INFO	AWT-EventQueue-0	Thread.getStackTrace(1559)	register slip progress, view id : 14790815
2026-06-18 00:26:14	INFO	SlipWinThread_com.huawei.u2000.ucbb.table.slip.SlipTableMsgService	Thread.getStackTrace(1559)	register slip , return result/ view id : 1 / 14790815
2026-06-18 00:26:14	INFO	AWT-EventQueue-0	Thread.getStackTrace(1559)	unregister slip, view id : 24439320
2026-06-18 00:26:14	INFO	AWT-EventQueue-0	Thread.getStackTrace(1559)	unregister slip progress, view id : 24439320
2026-06-18 00:26:17	INFO	AWT-EventQueue-0	Thread.getStackTrace(1559)	create new SvTablePanel instance, view id :16517992
2026-06-18 00:26:17	INFO	AWT-EventQueue-0	Thread.getStackTrace(1559)	register slip progress, view id : 16517992
2026-06-18 00:26:17	INFO	SlipWinThread_com.huawei.u2000.ucbb.table.slip.SlipTableMsgService	Thread.getStackTrace(1559)	register slip , return result/ view id : 1 / 16517992
2026-06-18 00:26:17	INFO	AWT-EventQueue-0	Thread.getStackTrace(1559)	unregister slip, view id : 14790815
2026-06-18 00:26:17	INFO	AWT-EventQueue-0	Thread.getStackTrace(1559)	unregister slip progress, view id : 14790815
2026-06-18 00:26:33	INFO	AWT-EventQueue-0	Thread.getStackTrace(1559)	create new SvTablePanel instance, view id :30749485
2026-06-18 00:26:33	INFO	AWT-EventQueue-0	Thread.getStackTrace(1559)	register slip progress, view id : 30749485
2026-06-18 00:26:33	INFO	SlipWinThread_com.huawei.u2000.ucbb.table.slip.SlipTableMsgService	Thread.getStackTrace(1559)	register slip , return result/ view id : 1 / 30749485
2026-06-18 00:26:33	INFO	AWT-EventQueue-0	Thread.getStackTrace(1559)	unregister slip, view id : 16517992
2026-06-18 00:26:33	INFO	AWT-EventQueue-0	Thread.getStackTrace(1559)	unregister slip progress, view id : 16517992
2026-06-18 00:26:33	INFO	AWT-EventQueue-0	Thread.getStackTrace(1559)	create new SvTablePanel instance, view id :16096334
2026-06-18 00:26:34	INFO	AWT-EventQueue-0	Thread.getStackTrace(1559)	register slip progress, view id : 16096334
2026-06-18 00:26:34	INFO	SlipWinThread_com.huawei.u2000.ucbb.table.slip.SlipTableMsgService	Thread.getStackTrace(1559)	register slip , return result/ view id : 1 / 16096334
2026-06-18 00:26:34	INFO	AWT-EventQueue-0	Thread.getStackTrace(1559)	unregister slip, view id : 30749485
2026-06-18 00:26:34	INFO	AWT-EventQueue-0	Thread.getStackTrace(1559)	unregister slip progress, view id : 30749485
2026-06-18 00:26:36	INFO	AWT-EventQueue-0	Thread.getStackTrace(1559)	create new SvTablePanel instance, view id :21519911
2026-06-18 00:26:36	INFO	AWT-EventQueue-0	Thread.getStackTrace(1559)	register slip progress, view id : 21519911
2026-06-18 00:26:36	INFO	SlipWinThread_com.huawei.u2000.ucbb.table.slip.SlipTableMsgService	Thread.getStackTrace(1559)	register slip , return result/ view id : 1 / 21519911
2026-06-18 00:26:36	INFO	AWT-EventQueue-0	Thread.getStackTrace(1559)	unregister slip, view id : 16096334
2026-06-18 00:26:36	INFO	AWT-EventQueue-0	Thread.getStackTrace(1559)	unregister slip progress, view id : 16096334
2026-06-18 00:26:48	INFO	AWT-EventQueue-0	Thread.getStackTrace(1559)	create new SvTablePanel instance, view id :12749618
2026-06-18 00:26:48	INFO	AWT-EventQueue-0	Thread.getStackTrace(1559)	register slip progress, view id : 12749618
2026-06-18 00:26:48	INFO	SlipWinThread_com.huawei.u2000.ucbb.table.slip.SlipTableMsgService	Thread.getStackTrace(1559)	register slip , return result/ view id : 1 / 12749618
2026-06-18 00:26:48	INFO	AWT-EventQueue-0	Thread.getStackTrace(1559)	unregister slip, view id : 21519911
2026-06-18 00:26:48	INFO	AWT-EventQueue-0	Thread.getStackTrace(1559)	unregister slip progress, view id : 21519911
2026-06-18 00:26:48	INFO	AWT-EventQueue-0	Thread.getStackTrace(1559)	create new SvTablePanel instance, view id :5383113
2026-06-18 00:26:48	INFO	AWT-EventQueue-0	Thread.getStackTrace(1559)	register slip progress, view id : 5383113
2026-06-18 00:26:48	INFO	SlipWinThread_com.huawei.u2000.ucbb.table.slip.SlipTableMsgService	Thread.getStackTrace(1559)	register slip , return result/ view id : 1 / 5383113
2026-06-18 00:26:48	INFO	AWT-EventQueue-0	Thread.getStackTrace(1559)	unregister slip, view id : 12749618
2026-06-18 00:26:48	INFO	AWT-EventQueue-0	Thread.getStackTrace(1559)	unregister slip progress, view id : 12749618
2026-06-18 00:26:50	INFO	AWT-EventQueue-0	Thread.getStackTrace(1559)	create new SvTablePanel instance, view id :28265470
2026-06-18 00:26:50	INFO	AWT-EventQueue-0	Thread.getStackTrace(1559)	register slip progress, view id : 28265470
2026-06-18 00:26:50	INFO	SlipWinThread_com.huawei.u2000.ucbb.table.slip.SlipTableMsgService	Thread.getStackTrace(1559)	register slip , return result/ view id : 1 / 28265470
2026-06-18 00:26:50	INFO	AWT-EventQueue-0	Thread.getStackTrace(1559)	unregister slip, view id : 5383113
2026-06-18 00:26:50	INFO	AWT-EventQueue-0	Thread.getStackTrace(1559)	unregister slip progress, view id : 5383113
2026-06-18 00:27:00	INFO	AWT-EventQueue-0	Thread.getStackTrace(1559)	create new SvTablePanel instance, view id :24460271
2026-06-18 00:27:00	INFO	AWT-EventQueue-0	Thread.getStackTrace(1559)	register slip progress, view id : 24460271
2026-06-18 00:27:00	INFO	SlipWinThread_com.huawei.u2000.ucbb.table.slip.SlipTableMsgService	Thread.getStackTrace(1559)	register slip , return result/ view id : 1 / 24460271
2026-06-18 00:27:00	INFO	AWT-EventQueue-0	Thread.getStackTrace(1559)	unregister slip, view id : 28265470
2026-06-18 00:27:00	INFO	AWT-EventQueue-0	Thread.getStackTrace(1559)	unregister slip progress, view id : 28265470
2026-06-18 00:27:01	INFO	AWT-EventQueue-0	Thread.getStackTrace(1559)	create new SvTablePanel instance, view id :10924589
2026-06-18 00:27:01	INFO	AWT-EventQueue-0	Thread.getStackTrace(1559)	register slip progress, view id : 10924589
2026-06-18 00:27:01	INFO	SlipWinThread_com.huawei.u2000.ucbb.table.slip.SlipTableMsgService	Thread.getStackTrace(1559)	register slip , return result/ view id : 1 / 10924589
2026-06-18 00:27:01	INFO	AWT-EventQueue-0	Thread.getStackTrace(1559)	unregister slip, view id : 24460271
2026-06-18 00:27:01	INFO	AWT-EventQueue-0	Thread.getStackTrace(1559)	unregister slip progress, view id : 24460271
2026-06-18 00:27:02	INFO	AWT-EventQueue-0	Thread.getStackTrace(1559)	create new SvTablePanel instance, view id :7704585
2026-06-18 00:27:02	INFO	AWT-EventQueue-0	Thread.getStackTrace(1559)	register slip progress, view id : 7704585
2026-06-18 00:27:02	INFO	SlipWinThread_com.huawei.u2000.ucbb.table.slip.SlipTableMsgService	Thread.getStackTrace(1559)	register slip , return result/ view id : 1 / 7704585
2026-06-18 00:27:02	INFO	AWT-EventQueue-0	Thread.getStackTrace(1559)	unregister slip, view id : 10924589
2026-06-18 00:27:02	INFO	AWT-EventQueue-0	Thread.getStackTrace(1559)	unregister slip progress, view id : 10924589
2026-06-18 00:27:11	INFO	AWT-EventQueue-0	Thread.getStackTrace(1559)	create new SvTablePanel instance, view id :2766983
2026-06-18 00:27:11	INFO	AWT-EventQueue-0	Thread.getStackTrace(1559)	register slip progress, view id : 2766983
2026-06-18 00:27:11	INFO	SlipWinThread_com.huawei.u2000.ucbb.table.slip.SlipTableMsgService	Thread.getStackTrace(1559)	register slip , return result/ view id : 1 / 2766983
2026-06-18 00:27:11	INFO	AWT-EventQueue-0	Thread.getStackTrace(1559)	unregister slip, view id : 7704585
2026-06-18 00:27:11	INFO	AWT-EventQueue-0	Thread.getStackTrace(1559)	unregister slip progress, view id : 7704585
2026-06-18 00:27:11	INFO	AWT-EventQueue-0	Thread.getStackTrace(1559)	create new SvTablePanel instance, view id :10958030
2026-06-18 00:27:11	INFO	AWT-EventQueue-0	Thread.getStackTrace(1559)	register slip progress, view id : 10958030
2026-06-18 00:27:11	INFO	SlipWinThread_com.huawei.u2000.ucbb.table.slip.SlipTableMsgService	Thread.getStackTrace(1559)	register slip , return result/ view id : 1 / 10958030
2026-06-18 00:27:11	INFO	AWT-EventQueue-0	Thread.getStackTrace(1559)	unregister slip, view id : 2766983
2026-06-18 00:27:11	INFO	AWT-EventQueue-0	Thread.getStackTrace(1559)	unregister slip progress, view id : 2766983
2026-06-18 00:27:13	INFO	AWT-EventQueue-0	Thread.getStackTrace(1559)	create new SvTablePanel instance, view id :20025853
2026-06-18 00:27:13	INFO	AWT-EventQueue-0	Thread.getStackTrace(1559)	register slip progress, view id : 20025853
2026-06-18 00:27:13	INFO	SlipWinThread_com.huawei.u2000.ucbb.table.slip.SlipTableMsgService	Thread.getStackTrace(1559)	register slip , return result/ view id : 1 / 20025853
2026-06-18 00:27:13	INFO	AWT-EventQueue-0	Thread.getStackTrace(1559)	unregister slip, view id : 10958030
2026-06-18 00:27:13	INFO	AWT-EventQueue-0	Thread.getStackTrace(1559)	unregister slip progress, view id : 10958030
2026-06-18 00:27:21	INFO	AWT-EventQueue-0	Thread.getStackTrace(1559)	create new SvTablePanel instance, view id :25656687
2026-06-18 00:27:21	INFO	AWT-EventQueue-0	Thread.getStackTrace(1559)	register slip progress, view id : 25656687
2026-06-18 00:27:21	INFO	SlipWinThread_com.huawei.u2000.ucbb.table.slip.SlipTableMsgService	Thread.getStackTrace(1559)	register slip , return result/ view id : 1 / 25656687
2026-06-18 00:27:22	INFO	AWT-EventQueue-0	Thread.getStackTrace(1559)	unregister slip, view id : 20025853
2026-06-18 00:27:22	INFO	AWT-EventQueue-0	Thread.getStackTrace(1559)	unregister slip progress, view id : 20025853
2026-06-18 00:27:22	INFO	AWT-EventQueue-0	Thread.getStackTrace(1559)	create new SvTablePanel instance, view id :10486876
2026-06-18 00:27:22	INFO	AWT-EventQueue-0	Thread.getStackTrace(1559)	register slip progress, view id : 10486876
2026-06-18 00:27:22	INFO	SlipWinThread_com.huawei.u2000.ucbb.table.slip.SlipTableMsgService	Thread.getStackTrace(1559)	register slip , return result/ view id : 1 / 10486876
2026-06-18 00:27:22	INFO	AWT-EventQueue-0	Thread.getStackTrace(1559)	unregister slip, view id : 25656687
2026-06-18 00:27:22	INFO	AWT-EventQueue-0	Thread.getStackTrace(1559)	unregister slip progress, view id : 25656687
2026-06-18 00:27:23	INFO	AWT-EventQueue-0	Thread.getStackTrace(1559)	create new SvTablePanel instance, view id :188232
2026-06-18 00:27:23	INFO	AWT-EventQueue-0	Thread.getStackTrace(1559)	register slip progress, view id : 188232
2026-06-18 00:27:23	INFO	SlipWinThread_com.huawei.u2000.ucbb.table.slip.SlipTableMsgService	Thread.getStackTrace(1559)	register slip , return result/ view id : 1 / 188232
2026-06-18 00:27:23	INFO	AWT-EventQueue-0	Thread.getStackTrace(1559)	unregister slip, view id : 10486876
2026-06-18 00:27:23	INFO	AWT-EventQueue-0	Thread.getStackTrace(1559)	unregister slip progress, view id : 10486876
2026-06-18 00:42:58	INFO	AWT-EventQueue-0	Thread.getStackTrace(1559)	create new SvTablePanel instance, view id :22544755
2026-06-18 00:42:58	INFO	AWT-EventQueue-0	Thread.getStackTrace(1559)	register slip progress, view id : 22544755
2026-06-18 00:42:58	INFO	SlipWinThread_com.huawei.u2000.ucbb.table.slip.SlipTableMsgService	Thread.getStackTrace(1559)	register slip , return result/ view id : 1 / 22544755
2026-06-18 00:42:58	INFO	AWT-EventQueue-0	Thread.getStackTrace(1559)	unregister slip, view id : 188232
2026-06-18 00:42:58	INFO	AWT-EventQueue-0	Thread.getStackTrace(1559)	unregister slip progress, view id : 188232
2026-06-18 00:52:28	INFO	AWT-EventQueue-0	Thread.getStackTrace(1559)	create new SvTablePanel instance, view id :18825733
2026-06-18 00:52:28	INFO	AWT-EventQueue-0	Thread.getStackTrace(1559)	register slip progress, view id : 18825733
2026-06-18 00:52:28	INFO	SlipWinThread_com.huawei.u2000.ucbb.table.slip.SlipTableMsgService	Thread.getStackTrace(1559)	register slip , return result/ view id : 1 / 18825733
2026-06-18 00:52:28	INFO	AWT-EventQueue-0	Thread.getStackTrace(1559)	unregister slip, view id : 22544755
2026-06-18 00:52:28	INFO	AWT-EventQueue-0	Thread.getStackTrace(1559)	unregister slip progress, view id : 22544755
2026-06-18 00:52:30	INFO	AWT-EventQueue-0	Thread.getStackTrace(1559)	create new SvTablePanel instance, view id :22174745
2026-06-18 00:52:30	INFO	AWT-EventQueue-0	Thread.getStackTrace(1559)	register slip progress, view id : 22174745
2026-06-18 00:52:30	INFO	SlipWinThread_com.huawei.u2000.ucbb.table.slip.SlipTableMsgService	Thread.getStackTrace(1559)	register slip , return result/ view id : 1 / 22174745
2026-06-18 00:52:30	INFO	AWT-EventQueue-0	Thread.getStackTrace(1559)	unregister slip, view id : 18825733
2026-06-18 00:52:30	INFO	AWT-EventQueue-0	Thread.getStackTrace(1559)	unregister slip progress, view id : 18825733
2026-06-18 00:52:33	INFO	AWT-EventQueue-0	Thread.getStackTrace(1559)	create new SvTablePanel instance, view id :12491487
2026-06-18 00:52:33	INFO	AWT-EventQueue-0	Thread.getStackTrace(1559)	register slip progress, view id : 12491487
2026-06-18 00:52:33	INFO	SlipWinThread_com.huawei.u2000.ucbb.table.slip.SlipTableMsgService	Thread.getStackTrace(1559)	register slip , return result/ view id : 1 / 12491487
2026-06-18 00:52:33	INFO	AWT-EventQueue-0	Thread.getStackTrace(1559)	unregister slip, view id : 22174745
2026-06-18 00:52:33	INFO	AWT-EventQueue-0	Thread.getStackTrace(1559)	unregister slip progress, view id : 22174745
2026-06-18 00:52:35	INFO	AWT-EventQueue-0	Thread.getStackTrace(1559)	create new SvTablePanel instance, view id :3668868
2026-06-18 00:52:35	INFO	AWT-EventQueue-0	Thread.getStackTrace(1559)	register slip progress, view id : 3668868
2026-06-18 00:52:35	INFO	SlipWinThread_com.huawei.u2000.ucbb.table.slip.SlipTableMsgService	Thread.getStackTrace(1559)	register slip , return result/ view id : 1 / 3668868
2026-06-18 00:52:35	INFO	AWT-EventQueue-0	Thread.getStackTrace(1559)	unregister slip, view id : 12491487
2026-06-18 00:52:35	INFO	AWT-EventQueue-0	Thread.getStackTrace(1559)	unregister slip progress, view id : 12491487
2026-06-18 00:52:36	INFO	AWT-EventQueue-0	Thread.getStackTrace(1559)	create new SvTablePanel instance, view id :28824318
2026-06-18 00:52:36	INFO	AWT-EventQueue-0	Thread.getStackTrace(1559)	register slip progress, view id : 28824318
2026-06-18 00:52:36	INFO	SlipWinThread_com.huawei.u2000.ucbb.table.slip.SlipTableMsgService	Thread.getStackTrace(1559)	register slip , return result/ view id : 1 / 28824318
2026-06-18 00:52:36	INFO	AWT-EventQueue-0	Thread.getStackTrace(1559)	unregister slip, view id : 3668868
2026-06-18 00:52:36	INFO	AWT-EventQueue-0	Thread.getStackTrace(1559)	unregister slip progress, view id : 3668868
2026-06-18 00:52:37	INFO	AWT-EventQueue-0	Thread.getStackTrace(1559)	create new SvTablePanel instance, view id :3690328
2026-06-18 00:52:37	INFO	AWT-EventQueue-0	Thread.getStackTrace(1559)	register slip progress, view id : 3690328
2026-06-18 00:52:37	INFO	SlipWinThread_com.huawei.u2000.ucbb.table.slip.SlipTableMsgService	Thread.getStackTrace(1559)	register slip , return result/ view id : 1 / 3690328
2026-06-18 00:52:37	INFO	AWT-EventQueue-0	Thread.getStackTrace(1559)	unregister slip, view id : 28824318
2026-06-18 00:52:37	INFO	AWT-EventQueue-0	Thread.getStackTrace(1559)	unregister slip progress, view id : 28824318
2026-06-18 00:52:38	INFO	AWT-EventQueue-0	Thread.getStackTrace(1559)	create new SvTablePanel instance, view id :26104520
2026-06-18 00:52:38	INFO	AWT-EventQueue-0	Thread.getStackTrace(1559)	register slip progress, view id : 26104520
2026-06-18 00:52:38	INFO	SlipWinThread_com.huawei.u2000.ucbb.table.slip.SlipTableMsgService	Thread.getStackTrace(1559)	register slip , return result/ view id : 1 / 26104520
2026-06-18 00:52:38	INFO	AWT-EventQueue-0	Thread.getStackTrace(1559)	unregister slip, view id : 3690328
2026-06-18 00:52:38	INFO	AWT-EventQueue-0	Thread.getStackTrace(1559)	unregister slip progress, view id : 3690328
2026-06-18 00:52:38	INFO	AWT-EventQueue-0	Thread.getStackTrace(1559)	create new SvTablePanel instance, view id :1916234
2026-06-18 00:52:38	INFO	AWT-EventQueue-0	Thread.getStackTrace(1559)	register slip progress, view id : 1916234
2026-06-18 00:52:38	INFO	SlipWinThread_com.huawei.u2000.ucbb.table.slip.SlipTableMsgService	Thread.getStackTrace(1559)	register slip , return result/ view id : 1 / 1916234
2026-06-18 00:52:38	INFO	AWT-EventQueue-0	Thread.getStackTrace(1559)	unregister slip, view id : 26104520
2026-06-18 00:52:38	INFO	AWT-EventQueue-0	Thread.getStackTrace(1559)	unregister slip progress, view id : 26104520
2026-06-18 00:54:03	INFO	AWT-EventQueue-0	Thread.getStackTrace(1559)	create new SvTablePanel instance, view id :13032091
2026-06-18 00:54:03	INFO	AWT-EventQueue-0	Thread.getStackTrace(1559)	register slip progress, view id : 13032091
2026-06-18 00:54:03	INFO	SlipWinThread_com.huawei.u2000.ucbb.table.slip.SlipTableMsgService	Thread.getStackTrace(1559)	register slip , return result/ view id : 1 / 13032091
2026-06-18 00:54:03	INFO	AWT-EventQueue-0	Thread.getStackTrace(1559)	unregister slip, view id : 1916234
2026-06-18 00:54:03	INFO	AWT-EventQueue-0	Thread.getStackTrace(1559)	unregister slip progress, view id : 1916234
2026-06-18 00:54:13	INFO	AWT-EventQueue-0	Thread.getStackTrace(1559)	create new SvTablePanel instance, view id :30169052
2026-06-18 00:54:13	INFO	AWT-EventQueue-0	Thread.getStackTrace(1559)	register slip progress, view id : 30169052
2026-06-18 00:54:13	INFO	SlipWinThread_com.huawei.u2000.ucbb.table.slip.SlipTableMsgService	Thread.getStackTrace(1559)	register slip , return result/ view id : 1 / 30169052
2026-06-18 00:54:13	INFO	AWT-EventQueue-0	Thread.getStackTrace(1559)	unregister slip, view id : 13032091
2026-06-18 00:54:13	INFO	AWT-EventQueue-0	Thread.getStackTrace(1559)	unregister slip progress, view id : 13032091
2026-06-18 00:54:35	INFO	AWT-EventQueue-0	Thread.getStackTrace(1559)	create new SvTablePanel instance, view id :23480368
2026-06-18 00:54:35	INFO	AWT-EventQueue-0	Thread.getStackTrace(1559)	register slip progress, view id : 23480368
2026-06-18 00:54:35	INFO	SlipWinThread_com.huawei.u2000.ucbb.table.slip.SlipTableMsgService	Thread.getStackTrace(1559)	register slip , return result/ view id : 1 / 23480368
2026-06-18 00:54:35	INFO	AWT-EventQueue-0	Thread.getStackTrace(1559)	unregister slip, view id : 30169052
2026-06-18 00:54:35	INFO	AWT-EventQueue-0	Thread.getStackTrace(1559)	unregister slip progress, view id : 30169052
2026-06-18 00:54:37	INFO	AWT-EventQueue-0	Thread.getStackTrace(1559)	create new SvTablePanel instance, view id :33003892
2026-06-18 00:54:37	INFO	AWT-EventQueue-0	Thread.getStackTrace(1559)	register slip progress, view id : 33003892
2026-06-18 00:54:37	INFO	SlipWinThread_com.huawei.u2000.ucbb.table.slip.SlipTableMsgService	Thread.getStackTrace(1559)	register slip , return result/ view id : 1 / 33003892
2026-06-18 00:54:37	INFO	AWT-EventQueue-0	Thread.getStackTrace(1559)	unregister slip, view id : 23480368
2026-06-18 00:54:37	INFO	AWT-EventQueue-0	Thread.getStackTrace(1559)	unregister slip progress, view id : 23480368
2026-06-18 00:54:41	INFO	AWT-EventQueue-0	Thread.getStackTrace(1559)	create new SvTablePanel instance, view id :9796767
2026-06-18 00:54:41	INFO	AWT-EventQueue-0	Thread.getStackTrace(1559)	register slip progress, view id : 9796767
2026-06-18 00:54:41	INFO	SlipWinThread_com.huawei.u2000.ucbb.table.slip.SlipTableMsgService	Thread.getStackTrace(1559)	register slip , return result/ view id : 1 / 9796767
2026-06-18 00:54:41	INFO	AWT-EventQueue-0	Thread.getStackTrace(1559)	unregister slip, view id : 33003892
2026-06-18 00:54:41	INFO	AWT-EventQueue-0	Thread.getStackTrace(1559)	unregister slip progress, view id : 33003892
2026-06-18 00:55:03	INFO	AWT-EventQueue-0	Thread.getStackTrace(1559)	create new SvTablePanel instance, view id :3074611
2026-06-18 00:55:03	INFO	AWT-EventQueue-0	Thread.getStackTrace(1559)	register slip progress, view id : 3074611
2026-06-18 00:55:03	INFO	SlipWinThread_com.huawei.u2000.ucbb.table.slip.SlipTableMsgService	Thread.getStackTrace(1559)	register slip , return result/ view id : 1 / 3074611
2026-06-18 00:55:03	INFO	AWT-EventQueue-0	Thread.getStackTrace(1559)	unregister slip, view id : 9796767
2026-06-18 00:55:03	INFO	AWT-EventQueue-0	Thread.getStackTrace(1559)	unregister slip progress, view id : 9796767
2026-06-18 00:55:30	INFO	AWT-EventQueue-0	Thread.getStackTrace(1559)	create new SvTablePanel instance, view id :4567306
2026-06-18 00:55:30	INFO	AWT-EventQueue-0	Thread.getStackTrace(1559)	register slip progress, view id : 4567306
2026-06-18 00:55:30	INFO	SlipWinThread_com.huawei.u2000.ucbb.table.slip.SlipTableMsgService	Thread.getStackTrace(1559)	register slip , return result/ view id : 1 / 4567306
2026-06-18 00:55:30	INFO	AWT-EventQueue-0	Thread.getStackTrace(1559)	unregister slip, view id : 3074611
2026-06-18 00:55:30	INFO	AWT-EventQueue-0	Thread.getStackTrace(1559)	unregister slip progress, view id : 3074611
2026-06-18 00:58:44	INFO	AWT-EventQueue-0	Thread.getStackTrace(1559)	create new SvTablePanel instance, view id :21612032
2026-06-18 00:58:44	INFO	AWT-EventQueue-0	Thread.getStackTrace(1559)	register slip progress, view id : 21612032
2026-06-18 00:58:44	INFO	SlipWinThread_com.huawei.u2000.ucbb.table.slip.SlipTableMsgService	Thread.getStackTrace(1559)	register slip , return result/ view id : 1 / 21612032
2026-06-18 00:58:44	INFO	AWT-EventQueue-0	Thread.getStackTrace(1559)	unregister slip, view id : 4567306
2026-06-18 00:58:44	INFO	AWT-EventQueue-0	Thread.getStackTrace(1559)	unregister slip progress, view id : 4567306
2026-06-18 00:58:45	INFO	AWT-EventQueue-0	Thread.getStackTrace(1559)	create new SvTablePanel instance, view id :28333772
2026-06-18 00:58:45	INFO	AWT-EventQueue-0	Thread.getStackTrace(1559)	register slip progress, view id : 28333772
2026-06-18 00:58:45	INFO	SlipWinThread_com.huawei.u2000.ucbb.table.slip.SlipTableMsgService	Thread.getStackTrace(1559)	register slip , return result/ view id : 1 / 28333772
2026-06-18 00:58:45	INFO	AWT-EventQueue-0	Thread.getStackTrace(1559)	unregister slip, view id : 21612032
2026-06-18 00:58:45	INFO	AWT-EventQueue-0	Thread.getStackTrace(1559)	unregister slip progress, view id : 21612032
2026-06-18 00:58:48	INFO	AWT-EventQueue-0	Thread.getStackTrace(1559)	create new SvTablePanel instance, view id :18209824
2026-06-18 00:58:48	INFO	AWT-EventQueue-0	Thread.getStackTrace(1559)	register slip progress, view id : 18209824
2026-06-18 00:58:48	INFO	SlipWinThread_com.huawei.u2000.ucbb.table.slip.SlipTableMsgService	Thread.getStackTrace(1559)	register slip , return result/ view id : 1 / 18209824
2026-06-18 00:58:48	INFO	AWT-EventQueue-0	Thread.getStackTrace(1559)	unregister slip, view id : 28333772
2026-06-18 00:58:48	INFO	AWT-EventQueue-0	Thread.getStackTrace(1559)	unregister slip progress, view id : 28333772
2026-06-18 00:58:59	INFO	AWT-EventQueue-0	Thread.getStackTrace(1559)	create new SvTablePanel instance, view id :1716191
2026-06-18 00:58:59	INFO	AWT-EventQueue-0	Thread.getStackTrace(1559)	register slip progress, view id : 1716191
2026-06-18 00:58:59	INFO	SlipWinThread_com.huawei.u2000.ucbb.table.slip.SlipTableMsgService	Thread.getStackTrace(1559)	register slip , return result/ view id : 1 / 1716191
2026-06-18 00:58:59	INFO	AWT-EventQueue-0	Thread.getStackTrace(1559)	unregister slip, view id : 18209824
2026-06-18 00:58:59	INFO	AWT-EventQueue-0	Thread.getStackTrace(1559)	unregister slip progress, view id : 18209824
2026-06-18 00:59:00	INFO	AWT-EventQueue-0	Thread.getStackTrace(1559)	create new SvTablePanel instance, view id :23720828
2026-06-18 00:59:00	INFO	AWT-EventQueue-0	Thread.getStackTrace(1559)	register slip progress, view id : 23720828
2026-06-18 00:59:00	INFO	SlipWinThread_com.huawei.u2000.ucbb.table.slip.SlipTableMsgService	Thread.getStackTrace(1559)	register slip , return result/ view id : 1 / 23720828
2026-06-18 00:59:00	INFO	AWT-EventQueue-0	Thread.getStackTrace(1559)	unregister slip, view id : 1716191
2026-06-18 00:59:00	INFO	AWT-EventQueue-0	Thread.getStackTrace(1559)	unregister slip progress, view id : 1716191
2026-06-18 00:59:02	INFO	AWT-EventQueue-0	Thread.getStackTrace(1559)	create new SvTablePanel instance, view id :31971311
2026-06-18 00:59:02	INFO	AWT-EventQueue-0	Thread.getStackTrace(1559)	register slip progress, view id : 31971311
2026-06-18 00:59:02	INFO	SlipWinThread_com.huawei.u2000.ucbb.table.slip.SlipTableMsgService	Thread.getStackTrace(1559)	register slip , return result/ view id : 1 / 31971311
2026-06-18 00:59:02	INFO	AWT-EventQueue-0	Thread.getStackTrace(1559)	unregister slip, view id : 23720828
2026-06-18 00:59:02	INFO	AWT-EventQueue-0	Thread.getStackTrace(1559)	unregister slip progress, view id : 23720828
2026-06-18 00:59:16	INFO	AWT-EventQueue-0	Thread.getStackTrace(1559)	create new SvTablePanel instance, view id :1917007
2026-06-18 00:59:16	INFO	AWT-EventQueue-0	Thread.getStackTrace(1559)	register slip progress, view id : 1917007
2026-06-18 00:59:16	INFO	SlipWinThread_com.huawei.u2000.ucbb.table.slip.SlipTableMsgService	Thread.getStackTrace(1559)	register slip , return result/ view id : 1 / 1917007
2026-06-18 00:59:16	INFO	AWT-EventQueue-0	Thread.getStackTrace(1559)	unregister slip, view id : 31971311
2026-06-18 00:59:16	INFO	AWT-EventQueue-0	Thread.getStackTrace(1559)	unregister slip progress, view id : 31971311
2026-06-18 00:59:16	INFO	AWT-EventQueue-0	Thread.getStackTrace(1559)	create new SvTablePanel instance, view id :24746570
2026-06-18 00:59:16	INFO	AWT-EventQueue-0	Thread.getStackTrace(1559)	register slip progress, view id : 24746570
2026-06-18 00:59:16	INFO	SlipWinThread_com.huawei.u2000.ucbb.table.slip.SlipTableMsgService	Thread.getStackTrace(1559)	register slip , return result/ view id : 1 / 24746570
2026-06-18 00:59:16	INFO	AWT-EventQueue-0	Thread.getStackTrace(1559)	unregister slip, view id : 1917007
2026-06-18 00:59:16	INFO	AWT-EventQueue-0	Thread.getStackTrace(1559)	unregister slip progress, view id : 1917007
2026-06-18 00:59:18	INFO	AWT-EventQueue-0	Thread.getStackTrace(1559)	create new SvTablePanel instance, view id :18467402
2026-06-18 00:59:18	INFO	AWT-EventQueue-0	Thread.getStackTrace(1559)	register slip progress, view id : 18467402
2026-06-18 00:59:18	INFO	SlipWinThread_com.huawei.u2000.ucbb.table.slip.SlipTableMsgService	Thread.getStackTrace(1559)	register slip , return result/ view id : 1 / 18467402
2026-06-18 00:59:18	INFO	AWT-EventQueue-0	Thread.getStackTrace(1559)	unregister slip, view id : 24746570
2026-06-18 00:59:18	INFO	AWT-EventQueue-0	Thread.getStackTrace(1559)	unregister slip progress, view id : 24746570
2026-06-18 00:59:30	INFO	AWT-EventQueue-0	Thread.getStackTrace(1559)	create new SvTablePanel instance, view id :3604925
2026-06-18 00:59:30	INFO	AWT-EventQueue-0	Thread.getStackTrace(1559)	register slip progress, view id : 3604925
2026-06-18 00:59:30	INFO	SlipWinThread_com.huawei.u2000.ucbb.table.slip.SlipTableMsgService	Thread.getStackTrace(1559)	register slip , return result/ view id : 1 / 3604925
2026-06-18 00:59:30	INFO	AWT-EventQueue-0	Thread.getStackTrace(1559)	unregister slip, view id : 18467402
2026-06-18 00:59:30	INFO	AWT-EventQueue-0	Thread.getStackTrace(1559)	unregister slip progress, view id : 18467402
2026-06-18 00:59:31	INFO	AWT-EventQueue-0	Thread.getStackTrace(1559)	create new SvTablePanel instance, view id :19132026
2026-06-18 00:59:31	INFO	AWT-EventQueue-0	Thread.getStackTrace(1559)	register slip progress, view id : 19132026
2026-06-18 00:59:31	INFO	SlipWinThread_com.huawei.u2000.ucbb.table.slip.SlipTableMsgService	Thread.getStackTrace(1559)	register slip , return result/ view id : 1 / 19132026
2026-06-18 00:59:31	INFO	AWT-EventQueue-0	Thread.getStackTrace(1559)	unregister slip, view id : 3604925
2026-06-18 00:59:31	INFO	AWT-EventQueue-0	Thread.getStackTrace(1559)	unregister slip progress, view id : 3604925
2026-06-18 00:59:33	INFO	AWT-EventQueue-0	Thread.getStackTrace(1559)	create new SvTablePanel instance, view id :28393067
2026-06-18 00:59:33	INFO	AWT-EventQueue-0	Thread.getStackTrace(1559)	register slip progress, view id : 28393067
2026-06-18 00:59:33	INFO	SlipWinThread_com.huawei.u2000.ucbb.table.slip.SlipTableMsgService	Thread.getStackTrace(1559)	register slip , return result/ view id : 1 / 28393067
2026-06-18 00:59:33	INFO	AWT-EventQueue-0	Thread.getStackTrace(1559)	unregister slip, view id : 19132026
2026-06-18 00:59:33	INFO	AWT-EventQueue-0	Thread.getStackTrace(1559)	unregister slip progress, view id : 19132026
2026-06-18 00:59:44	INFO	AWT-EventQueue-0	Thread.getStackTrace(1559)	create new SvTablePanel instance, view id :4527013
2026-06-18 00:59:44	INFO	AWT-EventQueue-0	Thread.getStackTrace(1559)	register slip progress, view id : 4527013
2026-06-18 00:59:44	INFO	SlipWinThread_com.huawei.u2000.ucbb.table.slip.SlipTableMsgService	Thread.getStackTrace(1559)	register slip , return result/ view id : 1 / 4527013
2026-06-18 00:59:44	INFO	AWT-EventQueue-0	Thread.getStackTrace(1559)	unregister slip, view id : 28393067
2026-06-18 00:59:44	INFO	AWT-EventQueue-0	Thread.getStackTrace(1559)	unregister slip progress, view id : 28393067
2026-06-18 00:59:45	INFO	AWT-EventQueue-0	Thread.getStackTrace(1559)	create new SvTablePanel instance, view id :21592313
2026-06-18 00:59:45	INFO	AWT-EventQueue-0	Thread.getStackTrace(1559)	register slip progress, view id : 21592313
2026-06-18 00:59:45	INFO	SlipWinThread_com.huawei.u2000.ucbb.table.slip.SlipTableMsgService	Thread.getStackTrace(1559)	register slip , return result/ view id : 1 / 21592313
2026-06-18 00:59:45	INFO	AWT-EventQueue-0	Thread.getStackTrace(1559)	unregister slip, view id : 4527013
2026-06-18 00:59:45	INFO	AWT-EventQueue-0	Thread.getStackTrace(1559)	unregister slip progress, view id : 4527013
2026-06-18 00:59:46	INFO	AWT-EventQueue-0	Thread.getStackTrace(1559)	create new SvTablePanel instance, view id :643267
2026-06-18 00:59:47	INFO	AWT-EventQueue-0	Thread.getStackTrace(1559)	register slip progress, view id : 643267
2026-06-18 00:59:47	INFO	SlipWinThread_com.huawei.u2000.ucbb.table.slip.SlipTableMsgService	Thread.getStackTrace(1559)	register slip , return result/ view id : 1 / 643267
2026-06-18 00:59:47	INFO	AWT-EventQueue-0	Thread.getStackTrace(1559)	unregister slip, view id : 21592313
2026-06-18 00:59:47	INFO	AWT-EventQueue-0	Thread.getStackTrace(1559)	unregister slip progress, view id : 21592313
2026-06-18 00:59:58	INFO	AWT-EventQueue-0	Thread.getStackTrace(1559)	create new SvTablePanel instance, view id :12599013
2026-06-18 00:59:58	INFO	AWT-EventQueue-0	Thread.getStackTrace(1559)	register slip progress, view id : 12599013
2026-06-18 00:59:58	INFO	SlipWinThread_com.huawei.u2000.ucbb.table.slip.SlipTableMsgService	Thread.getStackTrace(1559)	register slip , return result/ view id : 1 / 12599013
2026-06-18 00:59:58	INFO	AWT-EventQueue-0	Thread.getStackTrace(1559)	unregister slip, view id : 643267
2026-06-18 00:59:58	INFO	AWT-EventQueue-0	Thread.getStackTrace(1559)	unregister slip progress, view id : 643267
2026-06-18 00:59:59	INFO	AWT-EventQueue-0	Thread.getStackTrace(1559)	create new SvTablePanel instance, view id :9690096
2026-06-18 00:59:59	INFO	AWT-EventQueue-0	Thread.getStackTrace(1559)	register slip progress, view id : 9690096
2026-06-18 00:59:59	INFO	SlipWinThread_com.huawei.u2000.ucbb.table.slip.SlipTableMsgService	Thread.getStackTrace(1559)	register slip , return result/ view id : 1 / 9690096
2026-06-18 00:59:59	INFO	AWT-EventQueue-0	Thread.getStackTrace(1559)	unregister slip, view id : 12599013
2026-06-18 00:59:59	INFO	AWT-EventQueue-0	Thread.getStackTrace(1559)	unregister slip progress, view id : 12599013
2026-06-18 01:00:01	INFO	AWT-EventQueue-0	Thread.getStackTrace(1559)	create new SvTablePanel instance, view id :9580278
2026-06-18 01:00:01	INFO	AWT-EventQueue-0	Thread.getStackTrace(1559)	register slip progress, view id : 9580278
2026-06-18 01:00:01	INFO	SlipWinThread_com.huawei.u2000.ucbb.table.slip.SlipTableMsgService	Thread.getStackTrace(1559)	register slip , return result/ view id : 1 / 9580278
2026-06-18 01:00:01	INFO	AWT-EventQueue-0	Thread.getStackTrace(1559)	unregister slip, view id : 9690096
2026-06-18 01:00:01	INFO	AWT-EventQueue-0	Thread.getStackTrace(1559)	unregister slip progress, view id : 9690096
2026-06-18 01:20:31	INFO	AWT-EventQueue-0	Thread.getStackTrace(1559)	create new SvTablePanel instance, view id :18213783
2026-06-18 01:20:31	INFO	AWT-EventQueue-0	Thread.getStackTrace(1559)	register slip progress, view id : 18213783
2026-06-18 01:20:31	INFO	SlipWinThread_com.huawei.u2000.ucbb.table.slip.SlipTableMsgService	Thread.getStackTrace(1559)	register slip , return result/ view id : 1 / 18213783
2026-06-18 01:20:31	INFO	AWT-EventQueue-0	Thread.getStackTrace(1559)	unregister slip, view id : 9580278
2026-06-18 01:20:31	INFO	AWT-EventQueue-0	Thread.getStackTrace(1559)	unregister slip progress, view id : 9580278
2026-06-18 01:20:45	INFO	AWT-EventQueue-0	Thread.getStackTrace(1559)	create new SvTablePanel instance, view id :7091720
2026-06-18 01:20:45	INFO	AWT-EventQueue-0	Thread.getStackTrace(1559)	register slip progress, view id : 7091720
2026-06-18 01:20:45	INFO	SlipWinThread_com.huawei.u2000.ucbb.table.slip.SlipTableMsgService	Thread.getStackTrace(1559)	register slip , return result/ view id : 1 / 7091720
2026-06-18 01:20:45	INFO	AWT-EventQueue-0	Thread.getStackTrace(1559)	unregister slip, view id : 18213783
2026-06-18 01:20:45	INFO	AWT-EventQueue-0	Thread.getStackTrace(1559)	unregister slip progress, view id : 18213783
2026-06-18 01:20:46	INFO	AWT-EventQueue-0	Thread.getStackTrace(1559)	create new SvTablePanel instance, view id :9155249
2026-06-18 01:20:46	INFO	AWT-EventQueue-0	Thread.getStackTrace(1559)	register slip progress, view id : 9155249
2026-06-18 01:20:46	INFO	SlipWinThread_com.huawei.u2000.ucbb.table.slip.SlipTableMsgService	Thread.getStackTrace(1559)	register slip , return result/ view id : 1 / 9155249
2026-06-18 01:20:46	INFO	AWT-EventQueue-0	Thread.getStackTrace(1559)	unregister slip, view id : 7091720
2026-06-18 01:20:46	INFO	AWT-EventQueue-0	Thread.getStackTrace(1559)	unregister slip progress, view id : 7091720
2026-06-18 01:25:06	INFO	AWT-EventQueue-0	Thread.getStackTrace(1559)	create new SvTablePanel instance, view id :6877684
2026-06-18 01:25:06	INFO	AWT-EventQueue-0	Thread.getStackTrace(1559)	register slip progress, view id : 6877684
2026-06-18 01:25:06	INFO	SlipWinThread_com.huawei.u2000.ucbb.table.slip.SlipTableMsgService	Thread.getStackTrace(1559)	register slip , return result/ view id : 1 / 6877684
2026-06-18 01:51:30	INFO	AWT-EventQueue-0	Thread.getStackTrace(1559)	create new SvTablePanel instance, view id :28092845
2026-06-18 01:51:30	INFO	AWT-EventQueue-0	Thread.getStackTrace(1559)	register slip progress, view id : 28092845
2026-06-18 01:51:30	INFO	SlipWinThread_com.huawei.u2000.ucbb.table.slip.SlipTableMsgService	Thread.getStackTrace(1559)	register slip , return result/ view id : 1 / 28092845
2026-06-18 01:51:30	INFO	AWT-EventQueue-0	Thread.getStackTrace(1559)	unregister slip, view id : 9155249
2026-06-18 01:51:30	INFO	AWT-EventQueue-0	Thread.getStackTrace(1559)	unregister slip progress, view id : 9155249
2026-06-18 01:51:31	INFO	AWT-EventQueue-0	Thread.getStackTrace(1559)	create new SvTablePanel instance, view id :3537081
2026-06-18 01:51:31	INFO	AWT-EventQueue-0	Thread.getStackTrace(1559)	register slip progress, view id : 3537081
2026-06-18 01:51:31	INFO	SlipWinThread_com.huawei.u2000.ucbb.table.slip.SlipTableMsgService	Thread.getStackTrace(1559)	register slip , return result/ view id : 1 / 3537081
2026-06-18 01:51:31	INFO	AWT-EventQueue-0	Thread.getStackTrace(1559)	unregister slip, view id : 28092845
2026-06-18 01:51:31	INFO	AWT-EventQueue-0	Thread.getStackTrace(1559)	unregister slip progress, view id : 28092845
2026-06-18 01:51:32	INFO	AWT-EventQueue-0	Thread.getStackTrace(1559)	create new SvTablePanel instance, view id :26117194
2026-06-18 01:51:32	INFO	AWT-EventQueue-0	Thread.getStackTrace(1559)	register slip progress, view id : 26117194
2026-06-18 01:51:32	INFO	SlipWinThread_com.huawei.u2000.ucbb.table.slip.SlipTableMsgService	Thread.getStackTrace(1559)	register slip , return result/ view id : 1 / 26117194
2026-06-18 01:51:32	INFO	AWT-EventQueue-0	Thread.getStackTrace(1559)	unregister slip, view id : 3537081
2026-06-18 01:51:32	INFO	AWT-EventQueue-0	Thread.getStackTrace(1559)	unregister slip progress, view id : 3537081
2026-06-18 01:51:33	INFO	AWT-EventQueue-0	Thread.getStackTrace(1559)	create new SvTablePanel instance, view id :16799421
2026-06-18 01:51:33	INFO	AWT-EventQueue-0	Thread.getStackTrace(1559)	register slip progress, view id : 16799421
2026-06-18 01:51:33	INFO	SlipWinThread_com.huawei.u2000.ucbb.table.slip.SlipTableMsgService	Thread.getStackTrace(1559)	register slip , return result/ view id : 1 / 16799421
2026-06-18 01:51:33	INFO	AWT-EventQueue-0	Thread.getStackTrace(1559)	unregister slip, view id : 26117194
2026-06-18 01:51:33	INFO	AWT-EventQueue-0	Thread.getStackTrace(1559)	unregister slip progress, view id : 26117194
2026-06-18 01:51:34	INFO	AWT-EventQueue-0	Thread.getStackTrace(1559)	create new SvTablePanel instance, view id :5747970
2026-06-18 01:51:34	INFO	AWT-EventQueue-0	Thread.getStackTrace(1559)	register slip progress, view id : 5747970
2026-06-18 01:51:34	INFO	SlipWinThread_com.huawei.u2000.ucbb.table.slip.SlipTableMsgService	Thread.getStackTrace(1559)	register slip , return result/ view id : 1 / 5747970
2026-06-18 01:51:34	INFO	AWT-EventQueue-0	Thread.getStackTrace(1559)	unregister slip, view id : 16799421
2026-06-18 01:51:34	INFO	AWT-EventQueue-0	Thread.getStackTrace(1559)	unregister slip progress, view id : 16799421
2026-06-18 01:51:35	INFO	AWT-EventQueue-0	Thread.getStackTrace(1559)	create new SvTablePanel instance, view id :22940885
2026-06-18 01:51:35	INFO	AWT-EventQueue-0	Thread.getStackTrace(1559)	register slip progress, view id : 22940885
2026-06-18 01:51:35	INFO	SlipWinThread_com.huawei.u2000.ucbb.table.slip.SlipTableMsgService	Thread.getStackTrace(1559)	register slip , return result/ view id : 1 / 22940885
2026-06-18 01:51:35	INFO	AWT-EventQueue-0	Thread.getStackTrace(1559)	unregister slip, view id : 5747970
2026-06-18 01:51:35	INFO	AWT-EventQueue-0	Thread.getStackTrace(1559)	unregister slip progress, view id : 5747970
2026-06-18 01:51:35	INFO	AWT-EventQueue-0	Thread.getStackTrace(1559)	create new SvTablePanel instance, view id :18055074
2026-06-18 01:51:35	INFO	AWT-EventQueue-0	Thread.getStackTrace(1559)	register slip progress, view id : 18055074
2026-06-18 01:51:35	INFO	SlipWinThread_com.huawei.u2000.ucbb.table.slip.SlipTableMsgService	Thread.getStackTrace(1559)	register slip , return result/ view id : 1 / 18055074
2026-06-18 01:51:35	INFO	AWT-EventQueue-0	Thread.getStackTrace(1559)	unregister slip, view id : 22940885
2026-06-18 01:51:35	INFO	AWT-EventQueue-0	Thread.getStackTrace(1559)	unregister slip progress, view id : 22940885
2026-06-18 01:51:36	INFO	AWT-EventQueue-0	Thread.getStackTrace(1559)	create new SvTablePanel instance, view id :32203743
2026-06-18 01:51:36	INFO	AWT-EventQueue-0	Thread.getStackTrace(1559)	register slip progress, view id : 32203743
2026-06-18 01:51:36	INFO	SlipWinThread_com.huawei.u2000.ucbb.table.slip.SlipTableMsgService	Thread.getStackTrace(1559)	register slip , return result/ view id : 1 / 32203743
2026-06-18 01:51:36	INFO	AWT-EventQueue-0	Thread.getStackTrace(1559)	unregister slip, view id : 18055074
2026-06-18 01:51:36	INFO	AWT-EventQueue-0	Thread.getStackTrace(1559)	unregister slip progress, view id : 18055074
2026-06-18 01:51:37	INFO	AWT-EventQueue-0	Thread.getStackTrace(1559)	create new SvTablePanel instance, view id :3067478
2026-06-18 01:51:37	INFO	AWT-EventQueue-0	Thread.getStackTrace(1559)	register slip progress, view id : 3067478
2026-06-18 01:51:37	INFO	SlipWinThread_com.huawei.u2000.ucbb.table.slip.SlipTableMsgService	Thread.getStackTrace(1559)	register slip , return result/ view id : 1 / 3067478
2026-06-18 01:51:37	INFO	AWT-EventQueue-0	Thread.getStackTrace(1559)	unregister slip, view id : 32203743
2026-06-18 01:51:37	INFO	AWT-EventQueue-0	Thread.getStackTrace(1559)	unregister slip progress, view id : 32203743
2026-06-18 01:51:37	INFO	AWT-EventQueue-0	Thread.getStackTrace(1559)	create new SvTablePanel instance, view id :12102967
2026-06-18 01:51:37	INFO	AWT-EventQueue-0	Thread.getStackTrace(1559)	register slip progress, view id : 12102967
2026-06-18 01:51:37	INFO	SlipWinThread_com.huawei.u2000.ucbb.table.slip.SlipTableMsgService	Thread.getStackTrace(1559)	register slip , return result/ view id : 1 / 12102967
2026-06-18 01:51:37	INFO	AWT-EventQueue-0	Thread.getStackTrace(1559)	unregister slip, view id : 3067478
2026-06-18 01:51:37	INFO	AWT-EventQueue-0	Thread.getStackTrace(1559)	unregister slip progress, view id : 3067478
2026-06-18 01:51:38	INFO	AWT-EventQueue-0	Thread.getStackTrace(1559)	create new SvTablePanel instance, view id :19647886
2026-06-18 01:51:38	INFO	AWT-EventQueue-0	Thread.getStackTrace(1559)	register slip progress, view id : 19647886
2026-06-18 01:51:38	INFO	SlipWinThread_com.huawei.u2000.ucbb.table.slip.SlipTableMsgService	Thread.getStackTrace(1559)	register slip , return result/ view id : 1 / 19647886
2026-06-18 01:51:38	INFO	AWT-EventQueue-0	Thread.getStackTrace(1559)	unregister slip, view id : 12102967
2026-06-18 01:51:38	INFO	AWT-EventQueue-0	Thread.getStackTrace(1559)	unregister slip progress, view id : 12102967
2026-06-18 01:51:53	INFO	AWT-EventQueue-0	Thread.getStackTrace(1559)	create new SvTablePanel instance, view id :1069007
2026-06-18 01:51:53	INFO	AWT-EventQueue-0	Thread.getStackTrace(1559)	register slip progress, view id : 1069007
2026-06-18 01:51:53	INFO	SlipWinThread_com.huawei.u2000.ucbb.table.slip.SlipTableMsgService	Thread.getStackTrace(1559)	register slip , return result/ view id : 1 / 1069007
2026-06-18 01:51:53	INFO	AWT-EventQueue-0	Thread.getStackTrace(1559)	unregister slip, view id : 19647886
2026-06-18 01:51:53	INFO	AWT-EventQueue-0	Thread.getStackTrace(1559)	unregister slip progress, view id : 19647886
2026-06-18 01:51:53	INFO	AWT-EventQueue-0	Thread.getStackTrace(1559)	create new SvTablePanel instance, view id :16115215
2026-06-18 01:51:53	INFO	AWT-EventQueue-0	Thread.getStackTrace(1559)	register slip progress, view id : 16115215
2026-06-18 01:51:53	INFO	SlipWinThread_com.huawei.u2000.ucbb.table.slip.SlipTableMsgService	Thread.getStackTrace(1559)	register slip , return result/ view id : 1 / 16115215
2026-06-18 01:51:53	INFO	AWT-EventQueue-0	Thread.getStackTrace(1559)	unregister slip, view id : 1069007
2026-06-18 01:51:53	INFO	AWT-EventQueue-0	Thread.getStackTrace(1559)	unregister slip progress, view id : 1069007
2026-06-18 01:51:54	INFO	AWT-EventQueue-0	Thread.getStackTrace(1559)	create new SvTablePanel instance, view id :25203293
2026-06-18 01:51:54	INFO	AWT-EventQueue-0	Thread.getStackTrace(1559)	register slip progress, view id : 25203293
2026-06-18 01:51:54	INFO	SlipWinThread_com.huawei.u2000.ucbb.table.slip.SlipTableMsgService	Thread.getStackTrace(1559)	register slip , return result/ view id : 1 / 25203293
2026-06-18 01:51:54	INFO	AWT-EventQueue-0	Thread.getStackTrace(1559)	unregister slip, view id : 16115215
2026-06-18 01:51:54	INFO	AWT-EventQueue-0	Thread.getStackTrace(1559)	unregister slip progress, view id : 16115215
2026-06-18 01:51:55	INFO	AWT-EventQueue-0	Thread.getStackTrace(1559)	create new SvTablePanel instance, view id :23694980
2026-06-18 01:51:55	INFO	AWT-EventQueue-0	Thread.getStackTrace(1559)	register slip progress, view id : 23694980
2026-06-18 01:51:56	INFO	SlipWinThread_com.huawei.u2000.ucbb.table.slip.SlipTableMsgService	Thread.getStackTrace(1559)	register slip , return result/ view id : 1 / 23694980
2026-06-18 01:51:56	INFO	AWT-EventQueue-0	Thread.getStackTrace(1559)	unregister slip, view id : 25203293
2026-06-18 01:51:56	INFO	AWT-EventQueue-0	Thread.getStackTrace(1559)	unregister slip progress, view id : 25203293
2026-06-18 01:58:48	INFO	AWT-EventQueue-0	Thread.getStackTrace(1559)	create new SvTablePanel instance, view id :14270141
2026-06-18 01:58:48	INFO	AWT-EventQueue-0	Thread.getStackTrace(1559)	register slip progress, view id : 14270141
2026-06-18 01:58:48	INFO	SlipWinThread_com.huawei.u2000.ucbb.table.slip.SlipTableMsgService	Thread.getStackTrace(1559)	register slip , return result/ view id : 1 / 14270141
2026-06-18 01:58:48	INFO	AWT-EventQueue-0	Thread.getStackTrace(1559)	unregister slip, view id : 23694980
2026-06-18 01:58:48	INFO	AWT-EventQueue-0	Thread.getStackTrace(1559)	unregister slip progress, view id : 23694980
2026-06-18 01:59:25	INFO	AWT-EventQueue-0	Thread.getStackTrace(1559)	unregister slip, view id : 6877684
2026-06-18 01:59:25	INFO	AWT-EventQueue-0	Thread.getStackTrace(1559)	unregister slip progress, view id : 6877684
2026-06-18 01:59:25	INFO	AWT-EventQueue-0	Thread.getStackTrace(1559)	unregister slip, view id : 14270141
2026-06-18 01:59:25	INFO	AWT-EventQueue-0	Thread.getStackTrace(1559)	unregister slip progress, view id : 14270141
2026-06-18 02:01:43	INFO	AWT-EventQueue-0	Thread.getStackTrace(1559)	create new SvTablePanel instance, view id :26254092
2026-06-18 02:01:43	INFO	AWT-EventQueue-0	Thread.getStackTrace(1559)	register slip progress, view id : 26254092
2026-06-18 02:01:43	INFO	SlipWinThread_com.huawei.u2000.ucbb.table.slip.SlipTableMsgService	Thread.getStackTrace(1559)	register slip , return result/ view id : 1 / 26254092
2026-06-18 02:01:52	INFO	AWT-EventQueue-0	Thread.getStackTrace(1559)	unregister slip, view id : 26254092
2026-06-18 02:01:52	INFO	AWT-EventQueue-0	Thread.getStackTrace(1559)	unregister slip progress, view id : 26254092
2026-06-18 02:15:16	INFO	AWT-EventQueue-0	Thread.getStackTrace(1559)	create new SvTablePanel instance, view id :22933058
2026-06-18 02:15:16	INFO	AWT-EventQueue-0	Thread.getStackTrace(1559)	register slip progress, view id : 22933058
2026-06-18 02:15:16	INFO	SlipWinThread_com.huawei.u2000.ucbb.table.slip.SlipTableMsgService	Thread.getStackTrace(1559)	register slip , return result/ view id : 1 / 22933058
2026-06-18 02:15:41	INFO	AWT-EventQueue-0	Thread.getStackTrace(1559)	create new SvTablePanel instance, view id :17166613
2026-06-18 02:15:41	INFO	AWT-EventQueue-0	Thread.getStackTrace(1559)	register slip progress, view id : 17166613
2026-06-18 02:15:41	INFO	SlipWinThread_com.huawei.u2000.ucbb.table.slip.SlipTableMsgService	Thread.getStackTrace(1559)	register slip , return result/ view id : 1 / 17166613
2026-06-18 02:15:41	INFO	AWT-EventQueue-0	Thread.getStackTrace(1559)	unregister slip, view id : 22933058
2026-06-18 02:15:41	INFO	AWT-EventQueue-0	Thread.getStackTrace(1559)	unregister slip progress, view id : 22933058
2026-06-18 02:15:41	INFO	AWT-EventQueue-0	Thread.getStackTrace(1559)	create new SvTablePanel instance, view id :29623944
2026-06-18 02:15:41	INFO	AWT-EventQueue-0	Thread.getStackTrace(1559)	register slip progress, view id : 29623944
2026-06-18 02:15:41	INFO	SlipWinThread_com.huawei.u2000.ucbb.table.slip.SlipTableMsgService	Thread.getStackTrace(1559)	register slip , return result/ view id : 1 / 29623944
2026-06-18 02:15:41	INFO	AWT-EventQueue-0	Thread.getStackTrace(1559)	unregister slip, view id : 17166613
2026-06-18 02:15:41	INFO	AWT-EventQueue-0	Thread.getStackTrace(1559)	unregister slip progress, view id : 17166613
2026-06-18 02:15:42	INFO	AWT-EventQueue-0	Thread.getStackTrace(1559)	create new SvTablePanel instance, view id :10347993
2026-06-18 02:15:42	INFO	AWT-EventQueue-0	Thread.getStackTrace(1559)	register slip progress, view id : 10347993
2026-06-18 02:15:42	INFO	SlipWinThread_com.huawei.u2000.ucbb.table.slip.SlipTableMsgService	Thread.getStackTrace(1559)	register slip , return result/ view id : 1 / 10347993
2026-06-18 02:15:42	INFO	AWT-EventQueue-0	Thread.getStackTrace(1559)	unregister slip, view id : 29623944
2026-06-18 02:15:42	INFO	AWT-EventQueue-0	Thread.getStackTrace(1559)	unregister slip progress, view id : 29623944
2026-06-18 02:15:42	INFO	AWT-EventQueue-0	Thread.getStackTrace(1559)	create new SvTablePanel instance, view id :3594521
2026-06-18 02:15:42	INFO	AWT-EventQueue-0	Thread.getStackTrace(1559)	register slip progress, view id : 3594521
2026-06-18 02:15:42	INFO	SlipWinThread_com.huawei.u2000.ucbb.table.slip.SlipTableMsgService	Thread.getStackTrace(1559)	register slip , return result/ view id : 1 / 3594521
2026-06-18 02:15:42	INFO	AWT-EventQueue-0	Thread.getStackTrace(1559)	unregister slip, view id : 10347993
2026-06-18 02:15:42	INFO	AWT-EventQueue-0	Thread.getStackTrace(1559)	unregister slip progress, view id : 10347993
2026-06-18 02:15:43	INFO	AWT-EventQueue-0	Thread.getStackTrace(1559)	create new SvTablePanel instance, view id :25727242
2026-06-18 02:15:43	INFO	AWT-EventQueue-0	Thread.getStackTrace(1559)	register slip progress, view id : 25727242
2026-06-18 02:15:43	INFO	SlipWinThread_com.huawei.u2000.ucbb.table.slip.SlipTableMsgService	Thread.getStackTrace(1559)	register slip , return result/ view id : 1 / 25727242
2026-06-18 02:15:43	INFO	AWT-EventQueue-0	Thread.getStackTrace(1559)	unregister slip, view id : 3594521
2026-06-18 02:15:43	INFO	AWT-EventQueue-0	Thread.getStackTrace(1559)	unregister slip progress, view id : 3594521
2026-06-18 02:15:43	INFO	AWT-EventQueue-0	Thread.getStackTrace(1559)	create new SvTablePanel instance, view id :15644609
2026-06-18 02:15:43	INFO	AWT-EventQueue-0	Thread.getStackTrace(1559)	register slip progress, view id : 15644609
2026-06-18 02:15:43	INFO	SlipWinThread_com.huawei.u2000.ucbb.table.slip.SlipTableMsgService	Thread.getStackTrace(1559)	register slip , return result/ view id : 1 / 15644609
2026-06-18 02:15:43	INFO	AWT-EventQueue-0	Thread.getStackTrace(1559)	unregister slip, view id : 25727242
2026-06-18 02:15:43	INFO	AWT-EventQueue-0	Thread.getStackTrace(1559)	unregister slip progress, view id : 25727242
2026-06-18 02:15:44	INFO	AWT-EventQueue-0	Thread.getStackTrace(1559)	create new SvTablePanel instance, view id :2131439
2026-06-18 02:15:44	INFO	AWT-EventQueue-0	Thread.getStackTrace(1559)	register slip progress, view id : 2131439
2026-06-18 02:15:44	INFO	SlipWinThread_com.huawei.u2000.ucbb.table.slip.SlipTableMsgService	Thread.getStackTrace(1559)	register slip , return result/ view id : 1 / 2131439
2026-06-18 02:15:44	INFO	AWT-EventQueue-0	Thread.getStackTrace(1559)	unregister slip, view id : 15644609
2026-06-18 02:15:44	INFO	AWT-EventQueue-0	Thread.getStackTrace(1559)	unregister slip progress, view id : 15644609
2026-06-18 02:15:44	INFO	AWT-EventQueue-0	Thread.getStackTrace(1559)	create new SvTablePanel instance, view id :21921533
2026-06-18 02:15:44	INFO	AWT-EventQueue-0	Thread.getStackTrace(1559)	register slip progress, view id : 21921533
2026-06-18 02:15:44	INFO	SlipWinThread_com.huawei.u2000.ucbb.table.slip.SlipTableMsgService	Thread.getStackTrace(1559)	register slip , return result/ view id : 1 / 21921533
2026-06-18 02:15:44	INFO	AWT-EventQueue-0	Thread.getStackTrace(1559)	unregister slip, view id : 2131439
2026-06-18 02:15:44	INFO	AWT-EventQueue-0	Thread.getStackTrace(1559)	unregister slip progress, view id : 2131439
2026-06-18 02:15:44	INFO	AWT-EventQueue-0	Thread.getStackTrace(1559)	create new SvTablePanel instance, view id :25784945
2026-06-18 02:15:44	INFO	AWT-EventQueue-0	Thread.getStackTrace(1559)	register slip progress, view id : 25784945
2026-06-18 02:15:44	INFO	SlipWinThread_com.huawei.u2000.ucbb.table.slip.SlipTableMsgService	Thread.getStackTrace(1559)	register slip , return result/ view id : 1 / 25784945
2026-06-18 02:15:44	INFO	AWT-EventQueue-0	Thread.getStackTrace(1559)	unregister slip, view id : 21921533
2026-06-18 02:15:44	INFO	AWT-EventQueue-0	Thread.getStackTrace(1559)	unregister slip progress, view id : 21921533
2026-06-18 02:15:45	INFO	AWT-EventQueue-0	Thread.getStackTrace(1559)	create new SvTablePanel instance, view id :22084093
2026-06-18 02:15:45	INFO	AWT-EventQueue-0	Thread.getStackTrace(1559)	register slip progress, view id : 22084093
2026-06-18 02:15:45	INFO	SlipWinThread_com.huawei.u2000.ucbb.table.slip.SlipTableMsgService	Thread.getStackTrace(1559)	register slip , return result/ view id : 1 / 22084093
2026-06-18 02:15:45	INFO	AWT-EventQueue-0	Thread.getStackTrace(1559)	unregister slip, view id : 25784945
2026-06-18 02:15:45	INFO	AWT-EventQueue-0	Thread.getStackTrace(1559)	unregister slip progress, view id : 25784945
2026-06-18 02:15:45	INFO	AWT-EventQueue-0	Thread.getStackTrace(1559)	create new SvTablePanel instance, view id :12255561
2026-06-18 02:15:45	INFO	AWT-EventQueue-0	Thread.getStackTrace(1559)	register slip progress, view id : 12255561
2026-06-18 02:15:45	INFO	SlipWinThread_com.huawei.u2000.ucbb.table.slip.SlipTableMsgService	Thread.getStackTrace(1559)	register slip , return result/ view id : 1 / 12255561
2026-06-18 02:15:45	INFO	AWT-EventQueue-0	Thread.getStackTrace(1559)	unregister slip, view id : 22084093
2026-06-18 02:15:45	INFO	AWT-EventQueue-0	Thread.getStackTrace(1559)	unregister slip progress, view id : 22084093
2026-06-18 02:15:45	INFO	AWT-EventQueue-0	Thread.getStackTrace(1559)	create new SvTablePanel instance, view id :26057162
2026-06-18 02:15:45	INFO	AWT-EventQueue-0	Thread.getStackTrace(1559)	register slip progress, view id : 26057162
2026-06-18 02:15:45	INFO	SlipWinThread_com.huawei.u2000.ucbb.table.slip.SlipTableMsgService	Thread.getStackTrace(1559)	register slip , return result/ view id : 1 / 26057162
2026-06-18 02:15:45	INFO	AWT-EventQueue-0	Thread.getStackTrace(1559)	unregister slip, view id : 12255561
2026-06-18 02:15:45	INFO	AWT-EventQueue-0	Thread.getStackTrace(1559)	unregister slip progress, view id : 12255561
2026-06-18 02:15:46	INFO	AWT-EventQueue-0	Thread.getStackTrace(1559)	create new SvTablePanel instance, view id :26115346
2026-06-18 02:15:46	INFO	AWT-EventQueue-0	Thread.getStackTrace(1559)	register slip progress, view id : 26115346
2026-06-18 02:15:46	INFO	SlipWinThread_com.huawei.u2000.ucbb.table.slip.SlipTableMsgService	Thread.getStackTrace(1559)	register slip , return result/ view id : 1 / 26115346
2026-06-18 02:15:46	INFO	AWT-EventQueue-0	Thread.getStackTrace(1559)	unregister slip, view id : 26057162
2026-06-18 02:15:46	INFO	AWT-EventQueue-0	Thread.getStackTrace(1559)	unregister slip progress, view id : 26057162
2026-06-18 02:15:46	INFO	AWT-EventQueue-0	Thread.getStackTrace(1559)	create new SvTablePanel instance, view id :3336183
2026-06-18 02:15:46	INFO	AWT-EventQueue-0	Thread.getStackTrace(1559)	register slip progress, view id : 3336183
2026-06-18 02:15:46	INFO	SlipWinThread_com.huawei.u2000.ucbb.table.slip.SlipTableMsgService	Thread.getStackTrace(1559)	register slip , return result/ view id : 1 / 3336183
2026-06-18 02:15:46	INFO	AWT-EventQueue-0	Thread.getStackTrace(1559)	unregister slip, view id : 26115346
2026-06-18 02:15:46	INFO	AWT-EventQueue-0	Thread.getStackTrace(1559)	unregister slip progress, view id : 26115346
2026-06-18 02:15:47	INFO	AWT-EventQueue-0	Thread.getStackTrace(1559)	create new SvTablePanel instance, view id :23905061
2026-06-18 02:15:47	INFO	AWT-EventQueue-0	Thread.getStackTrace(1559)	register slip progress, view id : 23905061
2026-06-18 02:15:47	INFO	SlipWinThread_com.huawei.u2000.ucbb.table.slip.SlipTableMsgService	Thread.getStackTrace(1559)	register slip , return result/ view id : 1 / 23905061
2026-06-18 02:15:47	INFO	AWT-EventQueue-0	Thread.getStackTrace(1559)	unregister slip, view id : 3336183
2026-06-18 02:15:47	INFO	AWT-EventQueue-0	Thread.getStackTrace(1559)	unregister slip progress, view id : 3336183
2026-06-18 02:15:47	INFO	AWT-EventQueue-0	Thread.getStackTrace(1559)	create new SvTablePanel instance, view id :17601150
2026-06-18 02:15:47	INFO	AWT-EventQueue-0	Thread.getStackTrace(1559)	register slip progress, view id : 17601150
2026-06-18 02:15:47	INFO	SlipWinThread_com.huawei.u2000.ucbb.table.slip.SlipTableMsgService	Thread.getStackTrace(1559)	register slip , return result/ view id : 1 / 17601150
2026-06-18 02:15:47	INFO	AWT-EventQueue-0	Thread.getStackTrace(1559)	unregister slip, view id : 23905061
2026-06-18 02:15:47	INFO	AWT-EventQueue-0	Thread.getStackTrace(1559)	unregister slip progress, view id : 23905061
2026-06-18 02:15:47	INFO	AWT-EventQueue-0	Thread.getStackTrace(1559)	create new SvTablePanel instance, view id :20727449
2026-06-18 02:15:47	INFO	AWT-EventQueue-0	Thread.getStackTrace(1559)	register slip progress, view id : 20727449
2026-06-18 02:15:47	INFO	SlipWinThread_com.huawei.u2000.ucbb.table.slip.SlipTableMsgService	Thread.getStackTrace(1559)	register slip , return result/ view id : 1 / 20727449
2026-06-18 02:15:47	INFO	AWT-EventQueue-0	Thread.getStackTrace(1559)	unregister slip, view id : 17601150
2026-06-18 02:15:47	INFO	AWT-EventQueue-0	Thread.getStackTrace(1559)	unregister slip progress, view id : 17601150
2026-06-18 02:15:47	INFO	AWT-EventQueue-0	Thread.getStackTrace(1559)	create new SvTablePanel instance, view id :6276254
2026-06-18 02:15:47	INFO	AWT-EventQueue-0	Thread.getStackTrace(1559)	register slip progress, view id : 6276254
2026-06-18 02:15:47	INFO	SlipWinThread_com.huawei.u2000.ucbb.table.slip.SlipTableMsgService	Thread.getStackTrace(1559)	register slip , return result/ view id : 1 / 6276254
2026-06-18 02:15:47	INFO	AWT-EventQueue-0	Thread.getStackTrace(1559)	unregister slip, view id : 20727449
2026-06-18 02:15:47	INFO	AWT-EventQueue-0	Thread.getStackTrace(1559)	unregister slip progress, view id : 20727449
2026-06-18 02:15:48	INFO	AWT-EventQueue-0	Thread.getStackTrace(1559)	create new SvTablePanel instance, view id :19948413
2026-06-18 02:15:48	INFO	AWT-EventQueue-0	Thread.getStackTrace(1559)	register slip progress, view id : 19948413
2026-06-18 02:15:48	INFO	SlipWinThread_com.huawei.u2000.ucbb.table.slip.SlipTableMsgService	Thread.getStackTrace(1559)	register slip , return result/ view id : 1 / 19948413
2026-06-18 02:15:48	INFO	AWT-EventQueue-0	Thread.getStackTrace(1559)	unregister slip, view id : 6276254
2026-06-18 02:15:48	INFO	AWT-EventQueue-0	Thread.getStackTrace(1559)	unregister slip progress, view id : 6276254
2026-06-18 02:15:48	INFO	AWT-EventQueue-0	Thread.getStackTrace(1559)	create new SvTablePanel instance, view id :19611266
2026-06-18 02:15:48	INFO	AWT-EventQueue-0	Thread.getStackTrace(1559)	register slip progress, view id : 19611266
2026-06-18 02:15:48	INFO	SlipWinThread_com.huawei.u2000.ucbb.table.slip.SlipTableMsgService	Thread.getStackTrace(1559)	register slip , return result/ view id : 1 / 19611266
2026-06-18 02:15:48	INFO	AWT-EventQueue-0	Thread.getStackTrace(1559)	unregister slip, view id : 19948413
2026-06-18 02:15:48	INFO	AWT-EventQueue-0	Thread.getStackTrace(1559)	unregister slip progress, view id : 19948413
2026-06-18 02:15:48	INFO	AWT-EventQueue-0	Thread.getStackTrace(1559)	create new SvTablePanel instance, view id :10413505
2026-06-18 02:15:49	INFO	AWT-EventQueue-0	Thread.getStackTrace(1559)	register slip progress, view id : 10413505
2026-06-18 02:15:49	INFO	SlipWinThread_com.huawei.u2000.ucbb.table.slip.SlipTableMsgService	Thread.getStackTrace(1559)	register slip , return result/ view id : 1 / 10413505
2026-06-18 02:15:49	INFO	AWT-EventQueue-0	Thread.getStackTrace(1559)	unregister slip, view id : 19611266
2026-06-18 02:15:49	INFO	AWT-EventQueue-0	Thread.getStackTrace(1559)	unregister slip progress, view id : 19611266
2026-06-18 02:15:49	INFO	AWT-EventQueue-0	Thread.getStackTrace(1559)	create new SvTablePanel instance, view id :7112427
2026-06-18 02:15:49	INFO	AWT-EventQueue-0	Thread.getStackTrace(1559)	register slip progress, view id : 7112427
2026-06-18 02:15:49	INFO	SlipWinThread_com.huawei.u2000.ucbb.table.slip.SlipTableMsgService	Thread.getStackTrace(1559)	register slip , return result/ view id : 1 / 7112427
2026-06-18 02:15:49	INFO	AWT-EventQueue-0	Thread.getStackTrace(1559)	unregister slip, view id : 10413505
2026-06-18 02:15:49	INFO	AWT-EventQueue-0	Thread.getStackTrace(1559)	unregister slip progress, view id : 10413505
2026-06-18 02:15:49	INFO	AWT-EventQueue-0	Thread.getStackTrace(1559)	create new SvTablePanel instance, view id :13139527
2026-06-18 02:15:49	INFO	AWT-EventQueue-0	Thread.getStackTrace(1559)	register slip progress, view id : 13139527
2026-06-18 02:15:49	INFO	SlipWinThread_com.huawei.u2000.ucbb.table.slip.SlipTableMsgService	Thread.getStackTrace(1559)	register slip , return result/ view id : 1 / 13139527
2026-06-18 02:15:49	INFO	AWT-EventQueue-0	Thread.getStackTrace(1559)	unregister slip, view id : 7112427
2026-06-18 02:15:49	INFO	AWT-EventQueue-0	Thread.getStackTrace(1559)	unregister slip progress, view id : 7112427
2026-06-18 02:15:49	INFO	AWT-EventQueue-0	Thread.getStackTrace(1559)	create new SvTablePanel instance, view id :30899759
2026-06-18 02:15:49	INFO	AWT-EventQueue-0	Thread.getStackTrace(1559)	register slip progress, view id : 30899759
2026-06-18 02:15:49	INFO	SlipWinThread_com.huawei.u2000.ucbb.table.slip.SlipTableMsgService	Thread.getStackTrace(1559)	register slip , return result/ view id : 1 / 30899759
2026-06-18 02:15:49	INFO	AWT-EventQueue-0	Thread.getStackTrace(1559)	unregister slip, view id : 13139527
2026-06-18 02:15:49	INFO	AWT-EventQueue-0	Thread.getStackTrace(1559)	unregister slip progress, view id : 13139527
2026-06-18 02:15:50	INFO	AWT-EventQueue-0	Thread.getStackTrace(1559)	create new SvTablePanel instance, view id :5804276
2026-06-18 02:15:50	INFO	AWT-EventQueue-0	Thread.getStackTrace(1559)	register slip progress, view id : 5804276
2026-06-18 02:15:50	INFO	SlipWinThread_com.huawei.u2000.ucbb.table.slip.SlipTableMsgService	Thread.getStackTrace(1559)	register slip , return result/ view id : 1 / 5804276
2026-06-18 02:15:50	INFO	AWT-EventQueue-0	Thread.getStackTrace(1559)	unregister slip, view id : 30899759
2026-06-18 02:15:50	INFO	AWT-EventQueue-0	Thread.getStackTrace(1559)	unregister slip progress, view id : 30899759
2026-06-18 02:15:50	INFO	AWT-EventQueue-0	Thread.getStackTrace(1559)	create new SvTablePanel instance, view id :25290805
2026-06-18 02:15:50	INFO	AWT-EventQueue-0	Thread.getStackTrace(1559)	register slip progress, view id : 25290805
2026-06-18 02:15:50	INFO	SlipWinThread_com.huawei.u2000.ucbb.table.slip.SlipTableMsgService	Thread.getStackTrace(1559)	register slip , return result/ view id : 1 / 25290805
2026-06-18 02:15:50	INFO	AWT-EventQueue-0	Thread.getStackTrace(1559)	unregister slip, view id : 5804276
2026-06-18 02:15:50	INFO	AWT-EventQueue-0	Thread.getStackTrace(1559)	unregister slip progress, view id : 5804276
2026-06-18 02:15:50	INFO	AWT-EventQueue-0	Thread.getStackTrace(1559)	create new SvTablePanel instance, view id :29520399
2026-06-18 02:15:50	INFO	AWT-EventQueue-0	Thread.getStackTrace(1559)	register slip progress, view id : 29520399
2026-06-18 02:15:50	INFO	SlipWinThread_com.huawei.u2000.ucbb.table.slip.SlipTableMsgService	Thread.getStackTrace(1559)	register slip , return result/ view id : 1 / 29520399
2026-06-18 02:15:50	INFO	AWT-EventQueue-0	Thread.getStackTrace(1559)	unregister slip, view id : 25290805
2026-06-18 02:15:50	INFO	AWT-EventQueue-0	Thread.getStackTrace(1559)	unregister slip progress, view id : 25290805
2026-06-18 02:15:51	INFO	AWT-EventQueue-0	Thread.getStackTrace(1559)	create new SvTablePanel instance, view id :20740123
2026-06-18 02:15:51	INFO	AWT-EventQueue-0	Thread.getStackTrace(1559)	register slip progress, view id : 20740123
2026-06-18 02:15:51	INFO	SlipWinThread_com.huawei.u2000.ucbb.table.slip.SlipTableMsgService	Thread.getStackTrace(1559)	register slip , return result/ view id : 1 / 20740123
2026-06-18 02:15:51	INFO	AWT-EventQueue-0	Thread.getStackTrace(1559)	unregister slip, view id : 29520399
2026-06-18 02:15:51	INFO	AWT-EventQueue-0	Thread.getStackTrace(1559)	unregister slip progress, view id : 29520399
2026-06-18 02:15:51	INFO	AWT-EventQueue-0	Thread.getStackTrace(1559)	create new SvTablePanel instance, view id :11264291
2026-06-18 02:15:51	INFO	AWT-EventQueue-0	Thread.getStackTrace(1559)	register slip progress, view id : 11264291
2026-06-18 02:15:51	INFO	SlipWinThread_com.huawei.u2000.ucbb.table.slip.SlipTableMsgService	Thread.getStackTrace(1559)	register slip , return result/ view id : 1 / 11264291
2026-06-18 02:15:51	INFO	AWT-EventQueue-0	Thread.getStackTrace(1559)	unregister slip, view id : 20740123
2026-06-18 02:15:51	INFO	AWT-EventQueue-0	Thread.getStackTrace(1559)	unregister slip progress, view id : 20740123
2026-06-18 02:15:51	INFO	AWT-EventQueue-0	Thread.getStackTrace(1559)	create new SvTablePanel instance, view id :19569200
2026-06-18 02:15:51	INFO	AWT-EventQueue-0	Thread.getStackTrace(1559)	register slip progress, view id : 19569200
2026-06-18 02:15:51	INFO	SlipWinThread_com.huawei.u2000.ucbb.table.slip.SlipTableMsgService	Thread.getStackTrace(1559)	register slip , return result/ view id : 1 / 19569200
2026-06-18 02:15:51	INFO	AWT-EventQueue-0	Thread.getStackTrace(1559)	unregister slip, view id : 11264291
2026-06-18 02:15:51	INFO	AWT-EventQueue-0	Thread.getStackTrace(1559)	unregister slip progress, view id : 11264291
2026-06-18 02:15:52	INFO	AWT-EventQueue-0	Thread.getStackTrace(1559)	create new SvTablePanel instance, view id :9571079
2026-06-18 02:15:52	INFO	AWT-EventQueue-0	Thread.getStackTrace(1559)	register slip progress, view id : 9571079
2026-06-18 02:15:52	INFO	SlipWinThread_com.huawei.u2000.ucbb.table.slip.SlipTableMsgService	Thread.getStackTrace(1559)	register slip , return result/ view id : 1 / 9571079
2026-06-18 02:15:52	INFO	AWT-EventQueue-0	Thread.getStackTrace(1559)	unregister slip, view id : 19569200
2026-06-18 02:15:52	INFO	AWT-EventQueue-0	Thread.getStackTrace(1559)	unregister slip progress, view id : 19569200
2026-06-18 02:15:52	INFO	AWT-EventQueue-0	Thread.getStackTrace(1559)	create new SvTablePanel instance, view id :29131617
2026-06-18 02:15:52	INFO	AWT-EventQueue-0	Thread.getStackTrace(1559)	register slip progress, view id : 29131617
2026-06-18 02:15:52	INFO	SlipWinThread_com.huawei.u2000.ucbb.table.slip.SlipTableMsgService	Thread.getStackTrace(1559)	register slip , return result/ view id : 1 / 29131617
2026-06-18 02:15:52	INFO	AWT-EventQueue-0	Thread.getStackTrace(1559)	unregister slip, view id : 9571079
2026-06-18 02:15:52	INFO	AWT-EventQueue-0	Thread.getStackTrace(1559)	unregister slip progress, view id : 9571079
2026-06-18 02:15:52	INFO	AWT-EventQueue-0	Thread.getStackTrace(1559)	create new SvTablePanel instance, view id :9071733
2026-06-18 02:15:52	INFO	AWT-EventQueue-0	Thread.getStackTrace(1559)	register slip progress, view id : 9071733
2026-06-18 02:15:52	INFO	SlipWinThread_com.huawei.u2000.ucbb.table.slip.SlipTableMsgService	Thread.getStackTrace(1559)	register slip , return result/ view id : 1 / 9071733
2026-06-18 02:15:52	INFO	AWT-EventQueue-0	Thread.getStackTrace(1559)	unregister slip, view id : 29131617
2026-06-18 02:15:52	INFO	AWT-EventQueue-0	Thread.getStackTrace(1559)	unregister slip progress, view id : 29131617
2026-06-18 02:15:52	INFO	AWT-EventQueue-0	Thread.getStackTrace(1559)	create new SvTablePanel instance, view id :23831590
2026-06-18 02:15:52	INFO	AWT-EventQueue-0	Thread.getStackTrace(1559)	register slip progress, view id : 23831590
2026-06-18 02:15:52	INFO	SlipWinThread_com.huawei.u2000.ucbb.table.slip.SlipTableMsgService	Thread.getStackTrace(1559)	register slip , return result/ view id : 1 / 23831590
2026-06-18 02:15:53	INFO	AWT-EventQueue-0	Thread.getStackTrace(1559)	unregister slip, view id : 9071733
2026-06-18 02:15:53	INFO	AWT-EventQueue-0	Thread.getStackTrace(1559)	unregister slip progress, view id : 9071733
2026-06-18 02:15:53	INFO	AWT-EventQueue-0	Thread.getStackTrace(1559)	create new SvTablePanel instance, view id :27983582
2026-06-18 02:15:53	INFO	AWT-EventQueue-0	Thread.getStackTrace(1559)	register slip progress, view id : 27983582
2026-06-18 02:15:53	INFO	SlipWinThread_com.huawei.u2000.ucbb.table.slip.SlipTableMsgService	Thread.getStackTrace(1559)	register slip , return result/ view id : 1 / 27983582
2026-06-18 02:15:53	INFO	AWT-EventQueue-0	Thread.getStackTrace(1559)	unregister slip, view id : 23831590
2026-06-18 02:15:53	INFO	AWT-EventQueue-0	Thread.getStackTrace(1559)	unregister slip progress, view id : 23831590
2026-06-18 02:15:53	INFO	AWT-EventQueue-0	Thread.getStackTrace(1559)	create new SvTablePanel instance, view id :7949182
2026-06-18 02:15:53	INFO	AWT-EventQueue-0	Thread.getStackTrace(1559)	register slip progress, view id : 7949182
2026-06-18 02:15:53	INFO	SlipWinThread_com.huawei.u2000.ucbb.table.slip.SlipTableMsgService	Thread.getStackTrace(1559)	register slip , return result/ view id : 1 / 7949182
2026-06-18 02:15:53	INFO	AWT-EventQueue-0	Thread.getStackTrace(1559)	unregister slip, view id : 27983582
2026-06-18 02:15:53	INFO	AWT-EventQueue-0	Thread.getStackTrace(1559)	unregister slip progress, view id : 27983582
2026-06-18 02:15:53	INFO	AWT-EventQueue-0	Thread.getStackTrace(1559)	create new SvTablePanel instance, view id :13336817
2026-06-18 02:15:53	INFO	AWT-EventQueue-0	Thread.getStackTrace(1559)	register slip progress, view id : 13336817
2026-06-18 02:15:53	INFO	SlipWinThread_com.huawei.u2000.ucbb.table.slip.SlipTableMsgService	Thread.getStackTrace(1559)	register slip , return result/ view id : 1 / 13336817
2026-06-18 02:15:54	INFO	AWT-EventQueue-0	Thread.getStackTrace(1559)	unregister slip, view id : 7949182
2026-06-18 02:15:54	INFO	AWT-EventQueue-0	Thread.getStackTrace(1559)	unregister slip progress, view id : 7949182
2026-06-18 02:15:54	INFO	AWT-EventQueue-0	Thread.getStackTrace(1559)	create new SvTablePanel instance, view id :15925437
2026-06-18 02:15:54	INFO	AWT-EventQueue-0	Thread.getStackTrace(1559)	register slip progress, view id : 15925437
2026-06-18 02:15:54	INFO	SlipWinThread_com.huawei.u2000.ucbb.table.slip.SlipTableMsgService	Thread.getStackTrace(1559)	register slip , return result/ view id : 1 / 15925437
2026-06-18 02:15:54	INFO	AWT-EventQueue-0	Thread.getStackTrace(1559)	unregister slip, view id : 13336817
2026-06-18 02:15:54	INFO	AWT-EventQueue-0	Thread.getStackTrace(1559)	unregister slip progress, view id : 13336817
2026-06-18 02:15:54	INFO	AWT-EventQueue-0	Thread.getStackTrace(1559)	create new SvTablePanel instance, view id :5393912
2026-06-18 02:15:54	INFO	AWT-EventQueue-0	Thread.getStackTrace(1559)	register slip progress, view id : 5393912
2026-06-18 02:15:54	INFO	SlipWinThread_com.huawei.u2000.ucbb.table.slip.SlipTableMsgService	Thread.getStackTrace(1559)	register slip , return result/ view id : 1 / 5393912
2026-06-18 02:15:54	INFO	AWT-EventQueue-0	Thread.getStackTrace(1559)	unregister slip, view id : 15925437
2026-06-18 02:15:54	INFO	AWT-EventQueue-0	Thread.getStackTrace(1559)	unregister slip progress, view id : 15925437
2026-06-18 02:15:54	INFO	AWT-EventQueue-0	Thread.getStackTrace(1559)	create new SvTablePanel instance, view id :5902964
2026-06-18 02:15:54	INFO	AWT-EventQueue-0	Thread.getStackTrace(1559)	register slip progress, view id : 5902964
2026-06-18 02:15:54	INFO	SlipWinThread_com.huawei.u2000.ucbb.table.slip.SlipTableMsgService	Thread.getStackTrace(1559)	register slip , return result/ view id : 1 / 5902964
2026-06-18 02:15:54	INFO	AWT-EventQueue-0	Thread.getStackTrace(1559)	unregister slip, view id : 5393912
2026-06-18 02:15:54	INFO	AWT-EventQueue-0	Thread.getStackTrace(1559)	unregister slip progress, view id : 5393912
2026-06-18 02:15:55	INFO	AWT-EventQueue-0	Thread.getStackTrace(1559)	create new SvTablePanel instance, view id :10335586
2026-06-18 02:15:55	INFO	AWT-EventQueue-0	Thread.getStackTrace(1559)	register slip progress, view id : 10335586
2026-06-18 02:15:55	INFO	SlipWinThread_com.huawei.u2000.ucbb.table.slip.SlipTableMsgService	Thread.getStackTrace(1559)	register slip , return result/ view id : 1 / 10335586
2026-06-18 02:15:55	INFO	AWT-EventQueue-0	Thread.getStackTrace(1559)	unregister slip, view id : 5902964
2026-06-18 02:15:55	INFO	AWT-EventQueue-0	Thread.getStackTrace(1559)	unregister slip progress, view id : 5902964
2026-06-18 02:15:55	INFO	AWT-EventQueue-0	Thread.getStackTrace(1559)	create new SvTablePanel instance, view id :26140739
2026-06-18 02:15:55	INFO	AWT-EventQueue-0	Thread.getStackTrace(1559)	register slip progress, view id : 26140739
2026-06-18 02:15:55	INFO	SlipWinThread_com.huawei.u2000.ucbb.table.slip.SlipTableMsgService	Thread.getStackTrace(1559)	register slip , return result/ view id : 1 / 26140739
2026-06-18 02:15:55	INFO	AWT-EventQueue-0	Thread.getStackTrace(1559)	unregister slip, view id : 10335586
2026-06-18 02:15:55	INFO	AWT-EventQueue-0	Thread.getStackTrace(1559)	unregister slip progress, view id : 10335586
2026-06-18 02:15:55	INFO	AWT-EventQueue-0	Thread.getStackTrace(1559)	create new SvTablePanel instance, view id :23245620
2026-06-18 02:15:55	INFO	AWT-EventQueue-0	Thread.getStackTrace(1559)	register slip progress, view id : 23245620
2026-06-18 02:15:55	INFO	SlipWinThread_com.huawei.u2000.ucbb.table.slip.SlipTableMsgService	Thread.getStackTrace(1559)	register slip , return result/ view id : 1 / 23245620
2026-06-18 02:15:55	INFO	AWT-EventQueue-0	Thread.getStackTrace(1559)	unregister slip, view id : 26140739
2026-06-18 02:15:55	INFO	AWT-EventQueue-0	Thread.getStackTrace(1559)	unregister slip progress, view id : 26140739
2026-06-18 02:15:56	INFO	AWT-EventQueue-0	Thread.getStackTrace(1559)	create new SvTablePanel instance, view id :4442341
2026-06-18 02:15:56	INFO	AWT-EventQueue-0	Thread.getStackTrace(1559)	register slip progress, view id : 4442341
2026-06-18 02:15:56	INFO	SlipWinThread_com.huawei.u2000.ucbb.table.slip.SlipTableMsgService	Thread.getStackTrace(1559)	register slip , return result/ view id : 1 / 4442341
2026-06-18 02:15:56	INFO	AWT-EventQueue-0	Thread.getStackTrace(1559)	unregister slip, view id : 23245620
2026-06-18 02:15:56	INFO	AWT-EventQueue-0	Thread.getStackTrace(1559)	unregister slip progress, view id : 23245620
2026-06-18 02:15:56	INFO	AWT-EventQueue-0	Thread.getStackTrace(1559)	create new SvTablePanel instance, view id :18622792
2026-06-18 02:15:56	INFO	AWT-EventQueue-0	Thread.getStackTrace(1559)	register slip progress, view id : 18622792
2026-06-18 02:15:56	INFO	SlipWinThread_com.huawei.u2000.ucbb.table.slip.SlipTableMsgService	Thread.getStackTrace(1559)	register slip , return result/ view id : 1 / 18622792
2026-06-18 02:15:56	INFO	AWT-EventQueue-0	Thread.getStackTrace(1559)	unregister slip, view id : 4442341
2026-06-18 02:15:56	INFO	AWT-EventQueue-0	Thread.getStackTrace(1559)	unregister slip progress, view id : 4442341
2026-06-18 02:15:56	INFO	AWT-EventQueue-0	Thread.getStackTrace(1559)	create new SvTablePanel instance, view id :21735056
2026-06-18 02:15:56	INFO	AWT-EventQueue-0	Thread.getStackTrace(1559)	register slip progress, view id : 21735056
2026-06-18 02:15:56	INFO	SlipWinThread_com.huawei.u2000.ucbb.table.slip.SlipTableMsgService	Thread.getStackTrace(1559)	register slip , return result/ view id : 1 / 21735056
2026-06-18 02:15:56	INFO	AWT-EventQueue-0	Thread.getStackTrace(1559)	unregister slip, view id : 18622792
2026-06-18 02:15:56	INFO	AWT-EventQueue-0	Thread.getStackTrace(1559)	unregister slip progress, view id : 18622792
2026-06-18 02:15:57	INFO	AWT-EventQueue-0	Thread.getStackTrace(1559)	create new SvTablePanel instance, view id :8332280
2026-06-18 02:15:57	INFO	AWT-EventQueue-0	Thread.getStackTrace(1559)	register slip progress, view id : 8332280
2026-06-18 02:15:57	INFO	SlipWinThread_com.huawei.u2000.ucbb.table.slip.SlipTableMsgService	Thread.getStackTrace(1559)	register slip , return result/ view id : 1 / 8332280
2026-06-18 02:15:57	INFO	AWT-EventQueue-0	Thread.getStackTrace(1559)	unregister slip, view id : 21735056
2026-06-18 02:15:57	INFO	AWT-EventQueue-0	Thread.getStackTrace(1559)	unregister slip progress, view id : 21735056
2026-06-18 02:15:57	INFO	AWT-EventQueue-0	Thread.getStackTrace(1559)	create new SvTablePanel instance, view id :26166003
2026-06-18 02:15:57	INFO	AWT-EventQueue-0	Thread.getStackTrace(1559)	register slip progress, view id : 26166003
2026-06-18 02:15:57	INFO	SlipWinThread_com.huawei.u2000.ucbb.table.slip.SlipTableMsgService	Thread.getStackTrace(1559)	register slip , return result/ view id : 1 / 26166003
2026-06-18 02:15:57	INFO	AWT-EventQueue-0	Thread.getStackTrace(1559)	unregister slip, view id : 8332280
2026-06-18 02:15:57	INFO	AWT-EventQueue-0	Thread.getStackTrace(1559)	unregister slip progress, view id : 8332280
2026-06-18 02:15:57	INFO	AWT-EventQueue-0	Thread.getStackTrace(1559)	create new SvTablePanel instance, view id :15611430
2026-06-18 02:15:57	INFO	AWT-EventQueue-0	Thread.getStackTrace(1559)	register slip progress, view id : 15611430
2026-06-18 02:15:57	INFO	SlipWinThread_com.huawei.u2000.ucbb.table.slip.SlipTableMsgService	Thread.getStackTrace(1559)	register slip , return result/ view id : 1 / 15611430
2026-06-18 02:15:57	INFO	AWT-EventQueue-0	Thread.getStackTrace(1559)	unregister slip, view id : 26166003
2026-06-18 02:15:57	INFO	AWT-EventQueue-0	Thread.getStackTrace(1559)	unregister slip progress, view id : 26166003
2026-06-18 02:15:58	INFO	AWT-EventQueue-0	Thread.getStackTrace(1559)	create new SvTablePanel instance, view id :24888613
2026-06-18 02:15:58	INFO	AWT-EventQueue-0	Thread.getStackTrace(1559)	register slip progress, view id : 24888613
2026-06-18 02:15:58	INFO	SlipWinThread_com.huawei.u2000.ucbb.table.slip.SlipTableMsgService	Thread.getStackTrace(1559)	register slip , return result/ view id : 1 / 24888613
2026-06-18 02:15:58	INFO	AWT-EventQueue-0	Thread.getStackTrace(1559)	unregister slip, view id : 15611430
2026-06-18 02:15:58	INFO	AWT-EventQueue-0	Thread.getStackTrace(1559)	unregister slip progress, view id : 15611430
2026-06-18 02:15:58	INFO	AWT-EventQueue-0	Thread.getStackTrace(1559)	create new SvTablePanel instance, view id :25503880
2026-06-18 02:15:58	INFO	AWT-EventQueue-0	Thread.getStackTrace(1559)	register slip progress, view id : 25503880
2026-06-18 02:15:58	INFO	SlipWinThread_com.huawei.u2000.ucbb.table.slip.SlipTableMsgService	Thread.getStackTrace(1559)	register slip , return result/ view id : 1 / 25503880
2026-06-18 02:15:58	INFO	AWT-EventQueue-0	Thread.getStackTrace(1559)	unregister slip, view id : 24888613
2026-06-18 02:15:58	INFO	AWT-EventQueue-0	Thread.getStackTrace(1559)	unregister slip progress, view id : 24888613
2026-06-18 02:15:58	INFO	AWT-EventQueue-0	Thread.getStackTrace(1559)	create new SvTablePanel instance, view id :20695598
2026-06-18 02:15:58	INFO	AWT-EventQueue-0	Thread.getStackTrace(1559)	register slip progress, view id : 20695598
2026-06-18 02:15:58	INFO	SlipWinThread_com.huawei.u2000.ucbb.table.slip.SlipTableMsgService	Thread.getStackTrace(1559)	register slip , return result/ view id : 1 / 20695598
2026-06-18 02:15:58	INFO	AWT-EventQueue-0	Thread.getStackTrace(1559)	unregister slip, view id : 25503880
2026-06-18 02:15:58	INFO	AWT-EventQueue-0	Thread.getStackTrace(1559)	unregister slip progress, view id : 25503880
2026-06-18 02:15:59	INFO	AWT-EventQueue-0	Thread.getStackTrace(1559)	create new SvTablePanel instance, view id :13727057
2026-06-18 02:15:59	INFO	AWT-EventQueue-0	Thread.getStackTrace(1559)	register slip progress, view id : 13727057
2026-06-18 02:15:59	INFO	SlipWinThread_com.huawei.u2000.ucbb.table.slip.SlipTableMsgService	Thread.getStackTrace(1559)	register slip , return result/ view id : 1 / 13727057
2026-06-18 02:15:59	INFO	AWT-EventQueue-0	Thread.getStackTrace(1559)	unregister slip, view id : 20695598
2026-06-18 02:15:59	INFO	AWT-EventQueue-0	Thread.getStackTrace(1559)	unregister slip progress, view id : 20695598
2026-06-18 02:15:59	INFO	AWT-EventQueue-0	Thread.getStackTrace(1559)	create new SvTablePanel instance, view id :27289907
2026-06-18 02:15:59	INFO	AWT-EventQueue-0	Thread.getStackTrace(1559)	register slip progress, view id : 27289907
2026-06-18 02:15:59	INFO	SlipWinThread_com.huawei.u2000.ucbb.table.slip.SlipTableMsgService	Thread.getStackTrace(1559)	register slip , return result/ view id : 1 / 27289907
2026-06-18 02:15:59	INFO	AWT-EventQueue-0	Thread.getStackTrace(1559)	unregister slip, view id : 13727057
2026-06-18 02:15:59	INFO	AWT-EventQueue-0	Thread.getStackTrace(1559)	unregister slip progress, view id : 13727057
2026-06-18 02:15:59	INFO	AWT-EventQueue-0	Thread.getStackTrace(1559)	create new SvTablePanel instance, view id :25182914
2026-06-18 02:15:59	INFO	AWT-EventQueue-0	Thread.getStackTrace(1559)	register slip progress, view id : 25182914
2026-06-18 02:15:59	INFO	SlipWinThread_com.huawei.u2000.ucbb.table.slip.SlipTableMsgService	Thread.getStackTrace(1559)	register slip , return result/ view id : 1 / 25182914
2026-06-18 02:15:59	INFO	AWT-EventQueue-0	Thread.getStackTrace(1559)	unregister slip, view id : 27289907
2026-06-18 02:15:59	INFO	AWT-EventQueue-0	Thread.getStackTrace(1559)	unregister slip progress, view id : 27289907
2026-06-18 02:15:59	INFO	AWT-EventQueue-0	Thread.getStackTrace(1559)	create new SvTablePanel instance, view id :24133998
2026-06-18 02:15:59	INFO	AWT-EventQueue-0	Thread.getStackTrace(1559)	register slip progress, view id : 24133998
2026-06-18 02:15:59	INFO	SlipWinThread_com.huawei.u2000.ucbb.table.slip.SlipTableMsgService	Thread.getStackTrace(1559)	register slip , return result/ view id : 1 / 24133998
2026-06-18 02:16:00	INFO	AWT-EventQueue-0	Thread.getStackTrace(1559)	unregister slip, view id : 25182914
2026-06-18 02:16:00	INFO	AWT-EventQueue-0	Thread.getStackTrace(1559)	unregister slip progress, view id : 25182914
2026-06-18 02:16:00	INFO	AWT-EventQueue-0	Thread.getStackTrace(1559)	create new SvTablePanel instance, view id :29882397
2026-06-18 02:16:00	INFO	AWT-EventQueue-0	Thread.getStackTrace(1559)	register slip progress, view id : 29882397
2026-06-18 02:16:00	INFO	SlipWinThread_com.huawei.u2000.ucbb.table.slip.SlipTableMsgService	Thread.getStackTrace(1559)	register slip , return result/ view id : 1 / 29882397
2026-06-18 02:16:00	INFO	AWT-EventQueue-0	Thread.getStackTrace(1559)	unregister slip, view id : 24133998
2026-06-18 02:16:00	INFO	AWT-EventQueue-0	Thread.getStackTrace(1559)	unregister slip progress, view id : 24133998
2026-06-18 02:16:00	INFO	AWT-EventQueue-0	Thread.getStackTrace(1559)	create new SvTablePanel instance, view id :12118521
2026-06-18 02:16:00	INFO	AWT-EventQueue-0	Thread.getStackTrace(1559)	register slip progress, view id : 12118521
2026-06-18 02:16:00	INFO	SlipWinThread_com.huawei.u2000.ucbb.table.slip.SlipTableMsgService	Thread.getStackTrace(1559)	register slip , return result/ view id : 1 / 12118521
2026-06-18 02:16:00	INFO	AWT-EventQueue-0	Thread.getStackTrace(1559)	unregister slip, view id : 29882397
2026-06-18 02:16:00	INFO	AWT-EventQueue-0	Thread.getStackTrace(1559)	unregister slip progress, view id : 29882397
2026-06-18 02:16:00	INFO	AWT-EventQueue-0	Thread.getStackTrace(1559)	create new SvTablePanel instance, view id :18501075
2026-06-18 02:16:00	INFO	AWT-EventQueue-0	Thread.getStackTrace(1559)	register slip progress, view id : 18501075
2026-06-18 02:16:00	INFO	SlipWinThread_com.huawei.u2000.ucbb.table.slip.SlipTableMsgService	Thread.getStackTrace(1559)	register slip , return result/ view id : 1 / 18501075
2026-06-18 02:16:00	INFO	AWT-EventQueue-0	Thread.getStackTrace(1559)	unregister slip, view id : 12118521
2026-06-18 02:16:00	INFO	AWT-EventQueue-0	Thread.getStackTrace(1559)	unregister slip progress, view id : 12118521
2026-06-18 02:16:01	INFO	AWT-EventQueue-0	Thread.getStackTrace(1559)	create new SvTablePanel instance, view id :12355334
2026-06-18 02:16:01	INFO	AWT-EventQueue-0	Thread.getStackTrace(1559)	register slip progress, view id : 12355334
2026-06-18 02:16:01	INFO	SlipWinThread_com.huawei.u2000.ucbb.table.slip.SlipTableMsgService	Thread.getStackTrace(1559)	register slip , return result/ view id : 1 / 12355334
2026-06-18 02:16:01	INFO	AWT-EventQueue-0	Thread.getStackTrace(1559)	unregister slip, view id : 18501075
2026-06-18 02:16:01	INFO	AWT-EventQueue-0	Thread.getStackTrace(1559)	unregister slip progress, view id : 18501075
2026-06-18 02:16:01	INFO	AWT-EventQueue-0	Thread.getStackTrace(1559)	create new SvTablePanel instance, view id :26535837
2026-06-18 02:16:01	INFO	AWT-EventQueue-0	Thread.getStackTrace(1559)	register slip progress, view id : 26535837
2026-06-18 02:16:01	INFO	SlipWinThread_com.huawei.u2000.ucbb.table.slip.SlipTableMsgService	Thread.getStackTrace(1559)	register slip , return result/ view id : 1 / 26535837
2026-06-18 02:16:01	INFO	AWT-EventQueue-0	Thread.getStackTrace(1559)	unregister slip, view id : 12355334
2026-06-18 02:16:01	INFO	AWT-EventQueue-0	Thread.getStackTrace(1559)	unregister slip progress, view id : 12355334
2026-06-18 02:16:01	INFO	AWT-EventQueue-0	Thread.getStackTrace(1559)	create new SvTablePanel instance, view id :6460073
2026-06-18 02:16:01	INFO	AWT-EventQueue-0	Thread.getStackTrace(1559)	register slip progress, view id : 6460073
2026-06-18 02:16:01	INFO	SlipWinThread_com.huawei.u2000.ucbb.table.slip.SlipTableMsgService	Thread.getStackTrace(1559)	register slip , return result/ view id : 1 / 6460073
2026-06-18 02:16:01	INFO	AWT-EventQueue-0	Thread.getStackTrace(1559)	unregister slip, view id : 26535837
2026-06-18 02:16:01	INFO	AWT-EventQueue-0	Thread.getStackTrace(1559)	unregister slip progress, view id : 26535837
2026-06-18 02:16:02	INFO	AWT-EventQueue-0	Thread.getStackTrace(1559)	create new SvTablePanel instance, view id :30954476
2026-06-18 02:16:02	INFO	AWT-EventQueue-0	Thread.getStackTrace(1559)	register slip progress, view id : 30954476
2026-06-18 02:16:02	INFO	SlipWinThread_com.huawei.u2000.ucbb.table.slip.SlipTableMsgService	Thread.getStackTrace(1559)	register slip , return result/ view id : 1 / 30954476
2026-06-18 02:16:02	INFO	AWT-EventQueue-0	Thread.getStackTrace(1559)	unregister slip, view id : 6460073
2026-06-18 02:16:02	INFO	AWT-EventQueue-0	Thread.getStackTrace(1559)	unregister slip progress, view id : 6460073
2026-06-18 02:16:02	INFO	AWT-EventQueue-0	Thread.getStackTrace(1559)	create new SvTablePanel instance, view id :32970680
2026-06-18 02:16:02	INFO	AWT-EventQueue-0	Thread.getStackTrace(1559)	register slip progress, view id : 32970680
2026-06-18 02:16:02	INFO	SlipWinThread_com.huawei.u2000.ucbb.table.slip.SlipTableMsgService	Thread.getStackTrace(1559)	register slip , return result/ view id : 1 / 32970680
2026-06-18 02:16:02	INFO	AWT-EventQueue-0	Thread.getStackTrace(1559)	unregister slip, view id : 30954476
2026-06-18 02:16:02	INFO	AWT-EventQueue-0	Thread.getStackTrace(1559)	unregister slip progress, view id : 30954476
2026-06-18 02:16:02	INFO	AWT-EventQueue-0	Thread.getStackTrace(1559)	create new SvTablePanel instance, view id :21970585
2026-06-18 02:16:02	INFO	AWT-EventQueue-0	Thread.getStackTrace(1559)	register slip progress, view id : 21970585
2026-06-18 02:16:02	INFO	AWT-EventQueue-0	Thread.getStackTrace(1559)	unregister slip, view id : 32970680
2026-06-18 02:16:02	INFO	AWT-EventQueue-0	Thread.getStackTrace(1559)	unregister slip progress, view id : 32970680
2026-06-18 02:16:02	INFO	SlipWinThread_com.huawei.u2000.ucbb.table.slip.SlipTableMsgService	Thread.getStackTrace(1559)	register slip , return result/ view id : 1 / 21970585
2026-06-18 02:16:02	INFO	AWT-EventQueue-0	Thread.getStackTrace(1559)	create new SvTablePanel instance, view id :11490304
2026-06-18 02:16:02	INFO	AWT-EventQueue-0	Thread.getStackTrace(1559)	register slip progress, view id : 11490304
2026-06-18 02:16:02	INFO	SlipWinThread_com.huawei.u2000.ucbb.table.slip.SlipTableMsgService	Thread.getStackTrace(1559)	register slip , return result/ view id : 1 / 11490304
2026-06-18 02:16:03	INFO	AWT-EventQueue-0	Thread.getStackTrace(1559)	unregister slip, view id : 21970585
2026-06-18 02:16:03	INFO	AWT-EventQueue-0	Thread.getStackTrace(1559)	unregister slip progress, view id : 21970585
2026-06-18 02:16:03	INFO	AWT-EventQueue-0	Thread.getStackTrace(1559)	create new SvTablePanel instance, view id :3337067
2026-06-18 02:16:03	INFO	AWT-EventQueue-0	Thread.getStackTrace(1559)	register slip progress, view id : 3337067
2026-06-18 02:16:03	INFO	SlipWinThread_com.huawei.u2000.ucbb.table.slip.SlipTableMsgService	Thread.getStackTrace(1559)	register slip , return result/ view id : 1 / 3337067
2026-06-18 02:16:03	INFO	AWT-EventQueue-0	Thread.getStackTrace(1559)	unregister slip, view id : 11490304
2026-06-18 02:16:03	INFO	AWT-EventQueue-0	Thread.getStackTrace(1559)	unregister slip progress, view id : 11490304
2026-06-18 02:16:03	INFO	AWT-EventQueue-0	Thread.getStackTrace(1559)	create new SvTablePanel instance, view id :25487862
2026-06-18 02:16:03	INFO	AWT-EventQueue-0	Thread.getStackTrace(1559)	register slip progress, view id : 25487862
2026-06-18 02:16:03	INFO	SlipWinThread_com.huawei.u2000.ucbb.table.slip.SlipTableMsgService	Thread.getStackTrace(1559)	register slip , return result/ view id : 1 / 25487862
2026-06-18 02:16:03	INFO	AWT-EventQueue-0	Thread.getStackTrace(1559)	unregister slip, view id : 3337067
2026-06-18 02:16:03	INFO	AWT-EventQueue-0	Thread.getStackTrace(1559)	unregister slip progress, view id : 3337067
2026-06-18 02:16:04	INFO	AWT-EventQueue-0	Thread.getStackTrace(1559)	create new SvTablePanel instance, view id :29657194
2026-06-18 02:16:04	INFO	AWT-EventQueue-0	Thread.getStackTrace(1559)	register slip progress, view id : 29657194
2026-06-18 02:16:04	INFO	SlipWinThread_com.huawei.u2000.ucbb.table.slip.SlipTableMsgService	Thread.getStackTrace(1559)	register slip , return result/ view id : 1 / 29657194
2026-06-18 02:16:04	INFO	AWT-EventQueue-0	Thread.getStackTrace(1559)	unregister slip, view id : 25487862
2026-06-18 02:16:04	INFO	AWT-EventQueue-0	Thread.getStackTrace(1559)	unregister slip progress, view id : 25487862
2026-06-18 03:16:22	INFO	AWT-EventQueue-0	Thread.getStackTrace(1559)	create new SvTablePanel instance, view id :14042386
2026-06-18 03:16:22	INFO	AWT-EventQueue-0	Thread.getStackTrace(1559)	register slip progress, view id : 14042386
2026-06-18 03:16:22	INFO	SlipWinThread_com.huawei.u2000.ucbb.table.slip.SlipTableMsgService	Thread.getStackTrace(1559)	register slip , return result/ view id : 1 / 14042386
2026-06-18 03:16:22	INFO	AWT-EventQueue-0	Thread.getStackTrace(1559)	unregister slip, view id : 29657194
2026-06-18 03:16:22	INFO	AWT-EventQueue-0	Thread.getStackTrace(1559)	unregister slip progress, view id : 29657194
2026-06-18 03:16:23	INFO	AWT-EventQueue-0	Thread.getStackTrace(1559)	create new SvTablePanel instance, view id :8208347
2026-06-18 03:16:23	INFO	AWT-EventQueue-0	Thread.getStackTrace(1559)	register slip progress, view id : 8208347
2026-06-18 03:16:23	INFO	SlipWinThread_com.huawei.u2000.ucbb.table.slip.SlipTableMsgService	Thread.getStackTrace(1559)	register slip , return result/ view id : 1 / 8208347
2026-06-18 03:16:23	INFO	AWT-EventQueue-0	Thread.getStackTrace(1559)	unregister slip, view id : 14042386
2026-06-18 03:16:23	INFO	AWT-EventQueue-0	Thread.getStackTrace(1559)	unregister slip progress, view id : 14042386
2026-06-18 03:16:32	INFO	AWT-EventQueue-0	Thread.getStackTrace(1559)	create new SvTablePanel instance, view id :21511017
2026-06-18 03:16:32	INFO	AWT-EventQueue-0	Thread.getStackTrace(1559)	register slip progress, view id : 21511017
2026-06-18 03:16:32	INFO	SlipWinThread_com.huawei.u2000.ucbb.table.slip.SlipTableMsgService	Thread.getStackTrace(1559)	register slip , return result/ view id : 1 / 21511017
2026-06-18 03:16:32	INFO	AWT-EventQueue-0	Thread.getStackTrace(1559)	unregister slip, view id : 8208347
2026-06-18 03:16:32	INFO	AWT-EventQueue-0	Thread.getStackTrace(1559)	unregister slip progress, view id : 8208347
2026-06-18 03:16:33	INFO	AWT-EventQueue-0	Thread.getStackTrace(1559)	create new SvTablePanel instance, view id :5437737
2026-06-18 03:16:33	INFO	AWT-EventQueue-0	Thread.getStackTrace(1559)	register slip progress, view id : 5437737
2026-06-18 03:16:33	INFO	SlipWinThread_com.huawei.u2000.ucbb.table.slip.SlipTableMsgService	Thread.getStackTrace(1559)	register slip , return result/ view id : 1 / 5437737
2026-06-18 03:16:34	INFO	AWT-EventQueue-0	Thread.getStackTrace(1559)	unregister slip, view id : 21511017
2026-06-18 03:16:34	INFO	AWT-EventQueue-0	Thread.getStackTrace(1559)	unregister slip progress, view id : 21511017
2026-06-18 03:16:35	INFO	AWT-EventQueue-0	Thread.getStackTrace(1559)	create new SvTablePanel instance, view id :27196656
2026-06-18 03:16:35	INFO	AWT-EventQueue-0	Thread.getStackTrace(1559)	register slip progress, view id : 27196656
2026-06-18 03:16:35	INFO	SlipWinThread_com.huawei.u2000.ucbb.table.slip.SlipTableMsgService	Thread.getStackTrace(1559)	register slip , return result/ view id : 1 / 27196656
2026-06-18 03:16:35	INFO	AWT-EventQueue-0	Thread.getStackTrace(1559)	unregister slip, view id : 5437737
2026-06-18 03:16:35	INFO	AWT-EventQueue-0	Thread.getStackTrace(1559)	unregister slip progress, view id : 5437737
2026-06-18 03:16:35	INFO	AWT-EventQueue-0	Thread.getStackTrace(1559)	create new SvTablePanel instance, view id :18893388
2026-06-18 03:16:35	INFO	AWT-EventQueue-0	Thread.getStackTrace(1559)	register slip progress, view id : 18893388
2026-06-18 03:16:35	INFO	SlipWinThread_com.huawei.u2000.ucbb.table.slip.SlipTableMsgService	Thread.getStackTrace(1559)	register slip , return result/ view id : 1 / 18893388
2026-06-18 03:16:36	INFO	AWT-EventQueue-0	Thread.getStackTrace(1559)	unregister slip, view id : 27196656
2026-06-18 03:16:36	INFO	AWT-EventQueue-0	Thread.getStackTrace(1559)	unregister slip progress, view id : 27196656
2026-06-18 03:16:36	INFO	AWT-EventQueue-0	Thread.getStackTrace(1559)	create new SvTablePanel instance, view id :33487953
2026-06-18 03:16:36	INFO	AWT-EventQueue-0	Thread.getStackTrace(1559)	register slip progress, view id : 33487953
2026-06-18 03:16:36	INFO	SlipWinThread_com.huawei.u2000.ucbb.table.slip.SlipTableMsgService	Thread.getStackTrace(1559)	register slip , return result/ view id : 1 / 33487953
2026-06-18 03:16:36	INFO	AWT-EventQueue-0	Thread.getStackTrace(1559)	unregister slip, view id : 18893388
2026-06-18 03:16:36	INFO	AWT-EventQueue-0	Thread.getStackTrace(1559)	unregister slip progress, view id : 18893388
2026-06-18 03:16:38	INFO	AWT-EventQueue-0	Thread.getStackTrace(1559)	create new SvTablePanel instance, view id :20299696
2026-06-18 03:16:38	INFO	AWT-EventQueue-0	Thread.getStackTrace(1559)	register slip progress, view id : 20299696
2026-06-18 03:16:38	INFO	SlipWinThread_com.huawei.u2000.ucbb.table.slip.SlipTableMsgService	Thread.getStackTrace(1559)	register slip , return result/ view id : 1 / 20299696
2026-06-18 03:16:38	INFO	AWT-EventQueue-0	Thread.getStackTrace(1559)	unregister slip, view id : 33487953
2026-06-18 03:16:38	INFO	AWT-EventQueue-0	Thread.getStackTrace(1559)	unregister slip progress, view id : 33487953
2026-06-18 03:16:40	INFO	AWT-EventQueue-0	Thread.getStackTrace(1559)	create new SvTablePanel instance, view id :2948078
2026-06-18 03:16:40	INFO	AWT-EventQueue-0	Thread.getStackTrace(1559)	register slip progress, view id : 2948078
2026-06-18 03:16:40	INFO	SlipWinThread_com.huawei.u2000.ucbb.table.slip.SlipTableMsgService	Thread.getStackTrace(1559)	register slip , return result/ view id : 1 / 2948078
2026-06-18 03:16:40	INFO	AWT-EventQueue-0	Thread.getStackTrace(1559)	unregister slip, view id : 20299696
2026-06-18 03:16:40	INFO	AWT-EventQueue-0	Thread.getStackTrace(1559)	unregister slip progress, view id : 20299696
2026-06-18 03:16:41	INFO	AWT-EventQueue-0	Thread.getStackTrace(1559)	create new SvTablePanel instance, view id :17548779
2026-06-18 03:16:41	INFO	AWT-EventQueue-0	Thread.getStackTrace(1559)	register slip progress, view id : 17548779
2026-06-18 03:16:41	INFO	SlipWinThread_com.huawei.u2000.ucbb.table.slip.SlipTableMsgService	Thread.getStackTrace(1559)	register slip , return result/ view id : 1 / 17548779
2026-06-18 03:16:41	INFO	AWT-EventQueue-0	Thread.getStackTrace(1559)	unregister slip, view id : 2948078
2026-06-18 03:16:41	INFO	AWT-EventQueue-0	Thread.getStackTrace(1559)	unregister slip progress, view id : 2948078
2026-06-18 03:16:42	INFO	AWT-EventQueue-0	Thread.getStackTrace(1559)	create new SvTablePanel instance, view id :6541522
2026-06-18 03:16:42	INFO	AWT-EventQueue-0	Thread.getStackTrace(1559)	register slip progress, view id : 6541522
2026-06-18 03:16:42	INFO	SlipWinThread_com.huawei.u2000.ucbb.table.slip.SlipTableMsgService	Thread.getStackTrace(1559)	register slip , return result/ view id : 1 / 6541522
2026-06-18 03:16:42	INFO	AWT-EventQueue-0	Thread.getStackTrace(1559)	unregister slip, view id : 17548779
2026-06-18 03:16:42	INFO	AWT-EventQueue-0	Thread.getStackTrace(1559)	unregister slip progress, view id : 17548779
2026-06-18 03:16:42	INFO	AWT-EventQueue-0	Thread.getStackTrace(1559)	create new SvTablePanel instance, view id :8223154
2026-06-18 03:16:42	INFO	AWT-EventQueue-0	Thread.getStackTrace(1559)	register slip progress, view id : 8223154
2026-06-18 03:16:42	INFO	SlipWinThread_com.huawei.u2000.ucbb.table.slip.SlipTableMsgService	Thread.getStackTrace(1559)	register slip , return result/ view id : 1 / 8223154
2026-06-18 03:16:42	INFO	AWT-EventQueue-0	Thread.getStackTrace(1559)	unregister slip, view id : 6541522
2026-06-18 03:16:42	INFO	AWT-EventQueue-0	Thread.getStackTrace(1559)	unregister slip progress, view id : 6541522
2026-06-18 03:16:43	INFO	AWT-EventQueue-0	Thread.getStackTrace(1559)	create new SvTablePanel instance, view id :26266706
2026-06-18 03:16:43	INFO	AWT-EventQueue-0	Thread.getStackTrace(1559)	register slip progress, view id : 26266706
2026-06-18 03:16:43	INFO	SlipWinThread_com.huawei.u2000.ucbb.table.slip.SlipTableMsgService	Thread.getStackTrace(1559)	register slip , return result/ view id : 1 / 26266706
2026-06-18 03:16:43	INFO	AWT-EventQueue-0	Thread.getStackTrace(1559)	unregister slip, view id : 8223154
2026-06-18 03:16:43	INFO	AWT-EventQueue-0	Thread.getStackTrace(1559)	unregister slip progress, view id : 8223154
2026-06-18 03:16:44	INFO	AWT-EventQueue-0	Thread.getStackTrace(1559)	create new SvTablePanel instance, view id :28241505
2026-06-18 03:16:44	INFO	AWT-EventQueue-0	Thread.getStackTrace(1559)	register slip progress, view id : 28241505
2026-06-18 03:16:44	INFO	SlipWinThread_com.huawei.u2000.ucbb.table.slip.SlipTableMsgService	Thread.getStackTrace(1559)	register slip , return result/ view id : 1 / 28241505
2026-06-18 03:16:44	INFO	AWT-EventQueue-0	Thread.getStackTrace(1559)	unregister slip, view id : 26266706
2026-06-18 03:16:44	INFO	AWT-EventQueue-0	Thread.getStackTrace(1559)	unregister slip progress, view id : 26266706
2026-06-18 03:16:44	INFO	AWT-EventQueue-0	Thread.getStackTrace(1559)	create new SvTablePanel instance, view id :27375082
2026-06-18 03:16:45	INFO	AWT-EventQueue-0	Thread.getStackTrace(1559)	register slip progress, view id : 27375082
2026-06-18 03:16:45	INFO	SlipWinThread_com.huawei.u2000.ucbb.table.slip.SlipTableMsgService	Thread.getStackTrace(1559)	register slip , return result/ view id : 1 / 27375082
2026-06-18 03:16:45	INFO	AWT-EventQueue-0	Thread.getStackTrace(1559)	unregister slip, view id : 28241505
2026-06-18 03:16:45	INFO	AWT-EventQueue-0	Thread.getStackTrace(1559)	unregister slip progress, view id : 28241505
2026-06-18 03:16:45	INFO	AWT-EventQueue-0	Thread.getStackTrace(1559)	create new SvTablePanel instance, view id :31046583
2026-06-18 03:16:45	INFO	AWT-EventQueue-0	Thread.getStackTrace(1559)	register slip progress, view id : 31046583
2026-06-18 03:16:45	INFO	SlipWinThread_com.huawei.u2000.ucbb.table.slip.SlipTableMsgService	Thread.getStackTrace(1559)	register slip , return result/ view id : 1 / 31046583
2026-06-18 03:16:45	INFO	AWT-EventQueue-0	Thread.getStackTrace(1559)	unregister slip, view id : 27375082
2026-06-18 03:16:45	INFO	AWT-EventQueue-0	Thread.getStackTrace(1559)	unregister slip progress, view id : 27375082
2026-06-18 03:16:49	INFO	AWT-EventQueue-0	Thread.getStackTrace(1559)	create new SvTablePanel instance, view id :12876703
2026-06-18 03:16:49	INFO	AWT-EventQueue-0	Thread.getStackTrace(1559)	register slip progress, view id : 12876703
2026-06-18 03:16:49	INFO	SlipWinThread_com.huawei.u2000.ucbb.table.slip.SlipTableMsgService	Thread.getStackTrace(1559)	register slip , return result/ view id : 1 / 12876703
2026-06-18 03:16:49	INFO	AWT-EventQueue-0	Thread.getStackTrace(1559)	unregister slip, view id : 31046583
2026-06-18 03:16:49	INFO	AWT-EventQueue-0	Thread.getStackTrace(1559)	unregister slip progress, view id : 31046583
2026-06-18 06:13:49	INFO	AWT-EventQueue-0	Thread.getStackTrace(1559)	unregister slip, view id : 12876703
2026-06-18 06:13:49	INFO	AWT-EventQueue-0	Thread.getStackTrace(1559)	unregister slip progress, view id : 12876703
2026-06-19 05:37:58	INFO	AWT-EventQueue-0	Thread.getStackTrace(1559)	start slip view
2026-06-19 05:37:58	INFO	AWT-EventQueue-0	Thread.getStackTrace(1559)	create new SvTablePanel instance, view id :12846392
2026-06-19 05:37:58	INFO	AWT-EventQueue-0	Thread.getStackTrace(1559)	register slip progress, view id : 12846392
2026-06-19 05:37:58	INFO	SlipWinThread_com.huawei.u2000.ucbb.table.slip.SlipTableMsgService	Thread.getStackTrace(1559)	register slip , return result/ view id : 1 / 12846392
2026-06-19 05:37:59	INFO	SvTableMsgReceiver Thread-23613	Thread.getStackTrace(1559)	recieve message cmdcode:12639
2026-06-19 05:42:16	INFO	AWT-EventQueue-0	Thread.getStackTrace(1559)	unregister slip, view id : 12846392
2026-06-19 05:42:16	INFO	AWT-EventQueue-0	Thread.getStackTrace(1559)	unregister slip progress, view id : 12846392
2026-06-19 05:42:17	INFO	AWT-EventQueue-0	Thread.getStackTrace(1559)	create new SvTablePanel instance, view id :1548739
2026-06-19 05:42:17	INFO	AWT-EventQueue-0	Thread.getStackTrace(1559)	register slip progress, view id : 1548739
2026-06-19 05:42:17	INFO	SlipWinThread_com.huawei.u2000.ucbb.table.slip.SlipTableMsgService	Thread.getStackTrace(1559)	register slip , return result/ view id : 1 / 1548739
2026-06-19 05:42:18	INFO	SvTableMsgReceiver Thread-29898	Thread.getStackTrace(1559)	recieve message cmdcode:12639
2026-06-19 07:32:52	INFO	AWT-EventQueue-0	Thread.getStackTrace(1559)	unregister slip, view id : 1548739
2026-06-19 07:32:52	INFO	AWT-EventQueue-0	Thread.getStackTrace(1559)	unregister slip progress, view id : 1548739
2026-06-19 07:32:52	INFO	AWT-EventQueue-0	Thread.getStackTrace(1559)	create new SvTablePanel instance, view id :20272059
2026-06-19 07:32:52	INFO	AWT-EventQueue-0	Thread.getStackTrace(1559)	register slip progress, view id : 20272059
2026-06-19 07:32:52	INFO	SlipWinThread_com.huawei.u2000.ucbb.table.slip.SlipTableMsgService	Thread.getStackTrace(1559)	register slip , return result/ view id : 1 / 20272059
2026-06-19 07:32:53	INFO	AWT-EventQueue-0	Thread.getStackTrace(1559)	unregister slip, view id : 20272059
2026-06-19 07:32:53	INFO	AWT-EventQueue-0	Thread.getStackTrace(1559)	unregister slip progress, view id : 20272059
2026-06-19 07:32:53	INFO	AWT-EventQueue-0	Thread.getStackTrace(1559)	create new SvTablePanel instance, view id :13914307
2026-06-19 07:32:53	INFO	AWT-EventQueue-0	Thread.getStackTrace(1559)	register slip progress, view id : 13914307
2026-06-19 07:32:53	INFO	SlipWinThread_com.huawei.u2000.ucbb.table.slip.SlipTableMsgService	Thread.getStackTrace(1559)	register slip , return result/ view id : 1 / 13914307
2026-06-19 07:32:53	INFO	SvTableMsgReceiver Thread-30054	Thread.getStackTrace(1559)	recieve message cmdcode:12639
2026-06-19 07:32:53	INFO	SvTableMsgReceiver Thread-30054	Thread.getStackTrace(1559)	can not find SvTablePanel : 20272059
2026-06-19 07:32:54	INFO	AWT-EventQueue-0	Thread.getStackTrace(1559)	unregister slip, view id : 13914307
2026-06-19 07:32:54	INFO	AWT-EventQueue-0	Thread.getStackTrace(1559)	unregister slip progress, view id : 13914307
2026-06-19 07:32:54	INFO	AWT-EventQueue-0	Thread.getStackTrace(1559)	create new SvTablePanel instance, view id :6487527
2026-06-19 07:32:54	INFO	AWT-EventQueue-0	Thread.getStackTrace(1559)	register slip progress, view id : 6487527
2026-06-19 07:32:54	INFO	SlipWinThread_com.huawei.u2000.ucbb.table.slip.SlipTableMsgService	Thread.getStackTrace(1559)	register slip , return result/ view id : 1 / 6487527
2026-06-19 07:32:54	INFO	SvTableMsgReceiver Thread-30056	Thread.getStackTrace(1559)	recieve message cmdcode:12639
2026-06-19 07:32:54	INFO	SvTableMsgReceiver Thread-30056	Thread.getStackTrace(1559)	can not find SvTablePanel : 13914307
2026-06-19 07:32:55	INFO	SvTableMsgReceiver Thread-30056	Thread.getStackTrace(1559)	recieve message cmdcode:12639
2026-06-19 07:33:17	INFO	AWT-EventQueue-0	Thread.getStackTrace(1559)	unregister slip, view id : 6487527
2026-06-19 07:33:17	INFO	AWT-EventQueue-0	Thread.getStackTrace(1559)	unregister slip progress, view id : 6487527
2026-06-19 07:33:17	INFO	AWT-EventQueue-0	Thread.getStackTrace(1559)	create new SvTablePanel instance, view id :5896495
2026-06-19 07:33:17	INFO	AWT-EventQueue-0	Thread.getStackTrace(1559)	register slip progress, view id : 5896495
2026-06-19 07:33:18	INFO	SlipWinThread_com.huawei.u2000.ucbb.table.slip.SlipTableMsgService	Thread.getStackTrace(1559)	register slip , return result/ view id : 1 / 5896495
2026-06-19 07:33:19	INFO	SvTableMsgReceiver Thread-30072	Thread.getStackTrace(1559)	recieve message cmdcode:12639
2026-06-19 12:42:21	INFO	AWT-EventQueue-0	Thread.getStackTrace(1559)	unregister slip, view id : 5896495
2026-06-19 12:42:21	INFO	AWT-EventQueue-0	Thread.getStackTrace(1559)	unregister slip progress, view id : 5896495
